#EventID|Time|Latitude|Longitude|Depth/Km|Author|Catalog|Contributor|ContributorID|MagType|Magnitude|MagAuthor|EventLocationName|EventType|sofiane_time|sofiane_mag_relative|sofiane_parent_id|sofiane_cluster_id|sofiane_generation
1|2015-01-01T00:00:00.000000|2.698297471|0.8597164272|0.0|SOFIANE|SPDE-ETAS|||relative_plus_offset|2.6503290521|synthetic|synthetic_data_case_01_patches|synthetic_earthquake|0.0|0.1503290521|0|1|0
2|2015-01-01T04:13:08.410811|1.650104137|3.939747053|0.0|SOFIANE|SPDE-ETAS|||relative_plus_offset|3.2999004476|synthetic|synthetic_data_case_01_patches|synthetic_earthquake|0.1757917918|0.7999004476|0|2|0
3|2015-01-01T18:45:22.768680|2.019902959|0.9483006558|0.0|SOFIANE|SPDE-ETAS|||relative_plus_offset|2.5153491391|synthetic|synthetic_data_case_01_patches|synthetic_earthquake|0.7815135264|0.0153491391|0|3|0
4|2015-01-02T05:07:40.672416|2.314345054|0.3139345735|0.0|SOFIANE|SPDE-ETAS|||relative_plus_offset|2.8798873823999998|synthetic|synthetic_data_case_01_patches|synthetic_earthquake|1.21366519|0.3798873824|0|4|0
5|2015-01-03T14:14:45.154492|2.981993878|0.1585726087|0.0|SOFIANE|SPDE-ETAS|||relative_plus_offset|2.6741635946|synthetic|synthetic_data_case_01_patches|synthetic_earthquake|2.593578177|0.1741635946|0|5|0
6|2015-01-03T16:06:59.399280|3.641092886|2.386605485|0.0|SOFIANE|SPDE-ETAS|||relative_plus_offset|2.8487670562|synthetic|synthetic_data_case_01_patches|synthetic_earthquake|2.671520825|0.3487670562|0|6|0
7|2015-01-04T00:04:20.924371|1.866300445|2.952343692|0.0|SOFIANE|SPDE-ETAS|||relative_plus_offset|3.7854665670000003|synthetic|synthetic_data_case_01_patches|synthetic_earthquake|3.003019958|1.285466567|0|7|0
8|2015-01-04T00:42:29.932185|1.869669852|2.9448736|0.0|SOFIANE|SPDE-ETAS|||relative_plus_offset|2.7219356181|synthetic|synthetic_data_case_01_patches|synthetic_earthquake|3.029513104|0.2219356181|7|7|1
9|2015-01-04T04:44:19.045996|2.7515278|2.081813371|0.0|SOFIANE|SPDE-ETAS|||relative_plus_offset|4.322582842|synthetic|synthetic_data_case_01_patches|synthetic_earthquake|3.197442662|1.822582842|0|8|0
10|2015-01-04T05:42:59.427302|1.722127566|2.944792309|0.0|SOFIANE|SPDE-ETAS|||relative_plus_offset|2.7721102836|synthetic|synthetic_data_case_01_patches|synthetic_earthquake|3.238187816|0.2721102836|7|7|1
11|2015-01-04T22:51:01.936627|2.770110758|2.078345388|0.0|SOFIANE|SPDE-ETAS|||relative_plus_offset|2.9567891601|synthetic|synthetic_data_case_01_patches|synthetic_earthquake|3.952105748|0.4567891601|9|8|1
12|2015-01-05T06:50:04.000819|2.731387655|2.123843031|0.0|SOFIANE|SPDE-ETAS|||relative_plus_offset|2.7987828722|synthetic|synthetic_data_case_01_patches|synthetic_earthquake|4.284768528|0.2987828722|9|8|1
13|2015-01-06T10:00:28.234425|4.052222498|1.410382253|0.0|SOFIANE|SPDE-ETAS|||relative_plus_offset|2.6705733238000002|synthetic|synthetic_data_case_01_patches|synthetic_earthquake|5.416993454|0.1705733238|0|9|0
14|2015-01-07T16:36:52.245849|1.644026868|0.8521079446|0.0|SOFIANE|SPDE-ETAS|||relative_plus_offset|3.4170261884|synthetic|synthetic_data_case_01_patches|synthetic_earthquake|6.692271364|0.9170261884|0|10|0
15|2015-01-09T03:01:13.840204|2.944587782|0.8397903048|0.0|SOFIANE|SPDE-ETAS|||relative_plus_offset|2.7039725701|synthetic|synthetic_data_case_01_patches|synthetic_earthquake|8.125854632|0.2039725701|0|11|0
16|2015-01-09T08:43:22.886025|3.412259556|1.505713016|0.0|SOFIANE|SPDE-ETAS|||relative_plus_offset|3.60191031|synthetic|synthetic_data_case_01_patches|synthetic_earthquake|8.363459329|1.10191031|0|12|0
17|2015-01-10T12:13:32.811283|4.449759683|0.473249777|0.0|SOFIANE|SPDE-ETAS|||relative_plus_offset|2.6167734893|synthetic|synthetic_data_case_01_patches|synthetic_earthquake|9.509407538|0.1167734893|0|13|0
18|2015-01-10T23:57:38.836396|4.717302109|2.601402639|0.0|SOFIANE|SPDE-ETAS|||relative_plus_offset|3.3741598248|synthetic|synthetic_data_case_01_patches|synthetic_earthquake|9.998366162|0.8741598248|0|14|0
19|2015-01-11T23:37:03.085536|4.134404616|1.514683191|0.0|SOFIANE|SPDE-ETAS|||relative_plus_offset|2.7143060467|synthetic|synthetic_data_case_01_patches|synthetic_earthquake|10.98406349|0.2143060467|0|15|0
20|2015-01-12T00:36:42.588288|2.682645536|2.2869675|0.0|SOFIANE|SPDE-ETAS|||relative_plus_offset|2.9915751877|synthetic|synthetic_data_case_01_patches|synthetic_earthquake|11.02549292|0.4915751877|0|16|0
21|2015-01-12T08:17:41.377056|3.74162607|0.7728390187|0.0|SOFIANE|SPDE-ETAS|||relative_plus_offset|2.8495077543|synthetic|synthetic_data_case_01_patches|synthetic_earthquake|11.34561779|0.3495077543|0|17|0
22|2015-01-13T10:54:40.852800|4.896129836|1.204416266|0.0|SOFIANE|SPDE-ETAS|||relative_plus_offset|2.7501387172|synthetic|synthetic_data_case_01_patches|synthetic_earthquake|12.4546395|0.2501387172|0|18|0
23|2015-01-13T13:52:45.076800|4.521125818|2.54533165|0.0|SOFIANE|SPDE-ETAS|||relative_plus_offset|3.0319999443|synthetic|synthetic_data_case_01_patches|synthetic_earthquake|12.5782995|0.5319999443|0|19|0
24|2015-01-13T15:22:00.666336|4.521009175|2.540632955|0.0|SOFIANE|SPDE-ETAS|||relative_plus_offset|2.506626997646|synthetic|synthetic_data_case_01_patches|synthetic_earthquake|12.64028549|0.006626997646|23|19|1
25|2015-01-15T07:23:09.122208|2.50454155|1.983905094|0.0|SOFIANE|SPDE-ETAS|||relative_plus_offset|3.1072150137|synthetic|synthetic_data_case_01_patches|synthetic_earthquake|14.30774447|0.6072150137|0|20|0
26|2015-01-15T14:46:22.389888|2.327708779|0.8000609851|0.0|SOFIANE|SPDE-ETAS|||relative_plus_offset|2.6968100911|synthetic|synthetic_data_case_01_patches|synthetic_earthquake|14.61553692|0.1968100911|0|21|0
27|2015-01-17T20:59:47.329440|3.289843957|1.889942011|0.0|SOFIANE|SPDE-ETAS|||relative_plus_offset|3.3820511021|synthetic|synthetic_data_case_01_patches|synthetic_earthquake|16.87485335|0.8820511021|0|22|0
28|2015-01-19T00:39:17.049888|2.834822848|3.690178136|0.0|SOFIANE|SPDE-ETAS|||relative_plus_offset|2.6465475233999998|synthetic|synthetic_data_case_01_patches|synthetic_earthquake|18.02728067|0.1465475234|0|23|0
29|2015-01-19T23:29:09.297312|0.6690140265|4.778746149|0.0|SOFIANE|SPDE-ETAS|||relative_plus_offset|2.9527386479|synthetic|synthetic_data_case_01_patches|synthetic_earthquake|18.97857983|0.4527386479|0|24|0
30|2015-01-20T16:51:49.934592|0.6217777037|2.513318145|0.0|SOFIANE|SPDE-ETAS|||relative_plus_offset|2.55702325499|synthetic|synthetic_data_case_01_patches|synthetic_earthquake|19.70266128|0.05702325499|0|25|0
31|2015-01-21T03:40:55.231392|2.68875065|2.278955394|0.0|SOFIANE|SPDE-ETAS|||relative_plus_offset|2.8716129923000002|synthetic|synthetic_data_case_01_patches|synthetic_earthquake|20.15341703|0.3716129923|20|16|1
32|2015-01-22T06:55:48.762912|2.726791937|0.533388391|0.0|SOFIANE|SPDE-ETAS|||relative_plus_offset|3.3978728521|synthetic|synthetic_data_case_01_patches|synthetic_earthquake|21.28875883|0.8978728521|0|26|0
33|2015-01-22T07:21:20.749824|2.744894079|0.5436047718|0.0|SOFIANE|SPDE-ETAS|||relative_plus_offset|3.0390480677|synthetic|synthetic_data_case_01_patches|synthetic_earthquake|21.30649016|0.5390480677|32|26|1
34|2015-01-22T08:14:29.463648|1.431342061|3.09129797|0.0|SOFIANE|SPDE-ETAS|||relative_plus_offset|2.7033300447|synthetic|synthetic_data_case_01_patches|synthetic_earthquake|21.34339657|0.2033300447|0|27|0
35|2015-01-22T14:34:35.394240|2.65936409|0.0401723443|0.0|SOFIANE|SPDE-ETAS|||relative_plus_offset|3.5858905549999998|synthetic|synthetic_data_case_01_patches|synthetic_earthquake|21.6073541|1.085890555|0|28|0
36|2015-01-23T22:17:30.562080|0.7875357941|1.639837821|0.0|SOFIANE|SPDE-ETAS|||relative_plus_offset|3.2568518138|synthetic|synthetic_data_case_01_patches|synthetic_earthquake|22.92882595|0.7568518138|0|29|0
37|2015-01-24T06:29:59.464896|1.456871183|3.10904661|0.0|SOFIANE|SPDE-ETAS|||relative_plus_offset|2.55547731987|synthetic|synthetic_data_case_01_patches|synthetic_earthquake|23.27082714|0.05547731987|34|27|1
38|2015-01-26T19:09:39.759840|4.839550295|1.964166474|0.0|SOFIANE|SPDE-ETAS|||relative_plus_offset|3.106405979|synthetic|synthetic_data_case_01_patches|synthetic_earthquake|25.79837685|0.606405979|0|30|0
39|2015-01-27T12:01:03.122112|4.96398278|0.2854362724|0.0|SOFIANE|SPDE-ETAS|||relative_plus_offset|2.5929165045199998|synthetic|synthetic_data_case_01_patches|synthetic_earthquake|26.50073058|0.09291650452|0|31|0
40|2015-01-28T07:11:41.710848|0.7275411172|4.952797784|0.0|SOFIANE|SPDE-ETAS|||relative_plus_offset|3.9778720940000003|synthetic|synthetic_data_case_01_patches|synthetic_earthquake|27.29978832|1.477872094|0|32|0
41|2015-01-28T09:03:04.600512|0.7223280984|4.951832379|0.0|SOFIANE|SPDE-ETAS|||relative_plus_offset|2.55782566592|synthetic|synthetic_data_case_01_patches|synthetic_earthquake|27.37713658|0.05782566592|40|32|1
42|2015-01-28T19:40:10.665696|4.211101332|2.988589615|0.0|SOFIANE|SPDE-ETAS|||relative_plus_offset|3.3347597369|synthetic|synthetic_data_case_01_patches|synthetic_earthquake|27.81956789|0.8347597369|0|33|0
43|2015-01-28T20:25:17.396256|1.912701456|4.418193434|0.0|SOFIANE|SPDE-ETAS|||relative_plus_offset|3.0012867646|synthetic|synthetic_data_case_01_patches|synthetic_earthquake|27.85089579|0.5012867646|0|34|0
44|2015-01-29T10:17:18.179232|0.7346656263|4.966171636|0.0|SOFIANE|SPDE-ETAS|||relative_plus_offset|2.7416790292|synthetic|synthetic_data_case_01_patches|synthetic_earthquake|28.42868263|0.2416790292|40|32|1
45|2015-01-29T21:29:03.185664|1.653517357|4.609112043|0.0|SOFIANE|SPDE-ETAS|||relative_plus_offset|3.643810644|synthetic|synthetic_data_case_01_patches|synthetic_earthquake|28.89517576|1.143810644|0|35|0
46|2015-01-31T00:51:05.109984|2.29029602|0.4345484282|0.0|SOFIANE|SPDE-ETAS|||relative_plus_offset|3.855448993|synthetic|synthetic_data_case_01_patches|synthetic_earthquake|30.03547581|1.355448993|0|36|0
47|2015-01-31T17:17:26.123136|0.9477234294|3.245638839|0.0|SOFIANE|SPDE-ETAS|||relative_plus_offset|2.9009510070999998|synthetic|synthetic_data_case_01_patches|synthetic_earthquake|30.72044124|0.4009510071|0|37|0
48|2015-01-31T21:41:18.382272|1.983091121|2.421034705|0.0|SOFIANE|SPDE-ETAS|||relative_plus_offset|4.04113846|synthetic|synthetic_data_case_01_patches|synthetic_earthquake|30.90368498|1.54113846|0|38|0
49|2015-01-31T22:00:23.949504|1.985016828|2.426429405|0.0|SOFIANE|SPDE-ETAS|||relative_plus_offset|2.8165901799|synthetic|synthetic_data_case_01_patches|synthetic_earthquake|30.91694386|0.3165901799|48|38|1
50|2015-02-01T04:11:27.947328|1.957837418|2.439863354|0.0|SOFIANE|SPDE-ETAS|||relative_plus_offset|2.8487033777|synthetic|synthetic_data_case_01_patches|synthetic_earthquake|31.17462902|0.3487033777|48|38|1
51|2015-02-01T09:13:02.358912|2.76315677|2.694830591|0.0|SOFIANE|SPDE-ETAS|||relative_plus_offset|2.6725668711|synthetic|synthetic_data_case_01_patches|synthetic_earthquake|31.38405508|0.1725668711|0|39|0
52|2015-02-01T13:15:39.805919|3.490743966|1.69111255|0.0|SOFIANE|SPDE-ETAS|||relative_plus_offset|2.7973419815|synthetic|synthetic_data_case_01_patches|synthetic_earthquake|31.55254405|0.2973419815|0|40|0
53|2015-02-01T14:23:24.539712|4.619638868|1.978103236|0.0|SOFIANE|SPDE-ETAS|||relative_plus_offset|2.9497577686|synthetic|synthetic_data_case_01_patches|synthetic_earthquake|31.59958958|0.4497577686|0|41|0
54|2015-02-01T17:39:00.487584|4.60965823|1.998819134|0.0|SOFIANE|SPDE-ETAS|||relative_plus_offset|2.766969115|synthetic|synthetic_data_case_01_patches|synthetic_earthquake|31.73542231|0.266969115|53|41|1
55|2015-02-02T14:59:08.634336|2.989793547|0.3223144755|0.0|SOFIANE|SPDE-ETAS|||relative_plus_offset|3.956273542|synthetic|synthetic_data_case_01_patches|synthetic_earthquake|32.62440549|1.456273542|0|42|0
56|2015-02-02T15:14:13.169760|2.975648465|0.3477470107|0.0|SOFIANE|SPDE-ETAS|||relative_plus_offset|2.6399945821|synthetic|synthetic_data_case_01_patches|synthetic_earthquake|32.63487465|0.1399945821|55|42|1
57|2015-02-03T00:24:12.693312|2.994197187|0.297385525|0.0|SOFIANE|SPDE-ETAS|||relative_plus_offset|2.8846646854999998|synthetic|synthetic_data_case_01_patches|synthetic_earthquake|33.01681358|0.3846646855|55|42|1
58|2015-02-03T04:57:19.713024|2.003329966|2.441599448|0.0|SOFIANE|SPDE-ETAS|||relative_plus_offset|2.679890929|synthetic|synthetic_data_case_01_patches|synthetic_earthquake|33.20647816|0.179890929|48|38|1
59|2015-02-03T14:09:50.853024|4.745049595|2.323557014|0.0|SOFIANE|SPDE-ETAS|||relative_plus_offset|2.6625191352|synthetic|synthetic_data_case_01_patches|synthetic_earthquake|33.59017191|0.1625191352|0|43|0
60|2015-02-05T23:21:32.650848|4.425874787|0.4494767439|0.0|SOFIANE|SPDE-ETAS|||relative_plus_offset|2.56227495378|synthetic|synthetic_data_case_01_patches|synthetic_earthquake|35.97329457|0.06227495378|0|44|0
61|2015-02-06T03:14:35.340000|4.955122494|2.67600318|0.0|SOFIANE|SPDE-ETAS|||relative_plus_offset|2.8999881176|synthetic|synthetic_data_case_01_patches|synthetic_earthquake|36.13513125|0.3999881176|0|45|0
62|2015-02-07T09:57:45.691488|0.9852964777|0.8998339782|0.0|SOFIANE|SPDE-ETAS|||relative_plus_offset|3.0439437261|synthetic|synthetic_data_case_01_patches|synthetic_earthquake|37.41511217|0.5439437261|0|46|0
63|2015-02-08T00:48:30.008160|4.35657711|1.781563526|0.0|SOFIANE|SPDE-ETAS|||relative_plus_offset|2.9697400146|synthetic|synthetic_data_case_01_patches|synthetic_earthquake|38.03368065|0.4697400146|0|47|0
64|2015-02-08T04:26:11.867712|3.300222289|0.9367859485|0.0|SOFIANE|SPDE-ETAS|||relative_plus_offset|3.4769860927|synthetic|synthetic_data_case_01_patches|synthetic_earthquake|38.18485958|0.9769860927|0|48|0
65|2015-02-09T00:28:54.254496|2.137927035|1.693843619|0.0|SOFIANE|SPDE-ETAS|||relative_plus_offset|2.57246654454|synthetic|synthetic_data_case_01_patches|synthetic_earthquake|39.02007239|0.07246654454|0|49|0
66|2015-02-09T20:54:34.411104|2.944961835|1.166808776|0.0|SOFIANE|SPDE-ETAS|||relative_plus_offset|2.6216987725|synthetic|synthetic_data_case_01_patches|synthetic_earthquake|39.87123161|0.1216987725|0|50|0
67|2015-02-12T17:31:21.082368|4.071710625|1.098359409|0.0|SOFIANE|SPDE-ETAS|||relative_plus_offset|2.7906200347|synthetic|synthetic_data_case_01_patches|synthetic_earthquake|42.73010512|0.2906200347|0|51|0
68|2015-02-13T21:21:01.663776|2.908667933|4.065063768|0.0|SOFIANE|SPDE-ETAS|||relative_plus_offset|2.6215836612|synthetic|synthetic_data_case_01_patches|synthetic_earthquake|43.88960259|0.1215836612|0|52|0
69|2015-02-14T14:03:02.878272|2.266819159|2.046717416|0.0|SOFIANE|SPDE-ETAS|||relative_plus_offset|2.7800532428|synthetic|synthetic_data_case_01_patches|synthetic_earthquake|44.58544998|0.2800532428|0|53|0
70|2015-02-15T03:54:36.846144|1.510526159|2.896711939|0.0|SOFIANE|SPDE-ETAS|||relative_plus_offset|2.52239648025|synthetic|synthetic_data_case_01_patches|synthetic_earthquake|45.16292646|0.02239648025|0|54|0
71|2015-02-16T01:00:24.851520|1.302314115|4.802551808|0.0|SOFIANE|SPDE-ETAS|||relative_plus_offset|2.8693697344|synthetic|synthetic_data_case_01_patches|synthetic_earthquake|46.0419543|0.3693697344|0|55|0
72|2015-02-17T06:54:03.316895|3.113772805|1.971334663|0.0|SOFIANE|SPDE-ETAS|||relative_plus_offset|2.8877069282|synthetic|synthetic_data_case_01_patches|synthetic_earthquake|47.28753839|0.3877069282|0|56|0
73|2015-02-17T17:27:54.475775|4.170538198|4.446685279|0.0|SOFIANE|SPDE-ETAS|||relative_plus_offset|3.01625107|synthetic|synthetic_data_case_01_patches|synthetic_earthquake|47.72771384|0.51625107|0|57|0
74|2015-02-19T10:09:29.149920|0.5731989952|0.2694871421|0.0|SOFIANE|SPDE-ETAS|||relative_plus_offset|2.6100138145|synthetic|synthetic_data_case_01_patches|synthetic_earthquake|49.42325405|0.1100138145|0|58|0
75|2015-02-20T09:06:15.444288|2.601670534|0.6576035757|0.0|SOFIANE|SPDE-ETAS|||relative_plus_offset|3.545845805|synthetic|synthetic_data_case_01_patches|synthetic_earthquake|50.37934542|1.045845805|0|59|0
76|2015-02-21T14:23:19.938048|3.020409622|1.456566811|0.0|SOFIANE|SPDE-ETAS|||relative_plus_offset|3.561025697|synthetic|synthetic_data_case_01_patches|synthetic_earthquake|51.59953632|1.061025697|0|60|0
77|2015-02-22T12:14:07.936511|4.908848806|2.396623455|0.0|SOFIANE|SPDE-ETAS|||relative_plus_offset|3.1402933955|synthetic|synthetic_data_case_01_patches|synthetic_earthquake|52.50981408|0.6402933955|0|61|0
78|2015-02-23T06:46:48.063935|4.031937072|0.5328548358|0.0|SOFIANE|SPDE-ETAS|||relative_plus_offset|3.3697700071|synthetic|synthetic_data_case_01_patches|synthetic_earthquake|53.28250074|0.8697700071|0|62|0
79|2015-02-23T09:37:35.078016|4.05231836|0.5707501608|0.0|SOFIANE|SPDE-ETAS|||relative_plus_offset|2.53049234672|synthetic|synthetic_data_case_01_patches|synthetic_earthquake|53.40110044|0.03049234672|78|62|1
80|2015-02-23T23:13:33.761568|2.03084857|3.707156095|0.0|SOFIANE|SPDE-ETAS|||relative_plus_offset|2.9206666361|synthetic|synthetic_data_case_01_patches|synthetic_earthquake|53.96775187|0.4206666361|0|63|0
81|2015-02-27T10:13:59.230272|2.042976625|1.305150403|0.0|SOFIANE|SPDE-ETAS|||relative_plus_offset|2.7647235926000002|synthetic|synthetic_data_case_01_patches|synthetic_earthquake|57.42637998|0.2647235926|0|64|0
82|2015-02-27T14:27:38.848607|3.926338171|1.816922252|0.0|SOFIANE|SPDE-ETAS|||relative_plus_offset|3.2307269202|synthetic|synthetic_data_case_01_patches|synthetic_earthquake|57.60253297|0.7307269202|0|65|0
83|2015-02-27T23:59:37.983552|3.815121294|0.7093810644|0.0|SOFIANE|SPDE-ETAS|||relative_plus_offset|2.8502980062|synthetic|synthetic_data_case_01_patches|synthetic_earthquake|57.99974518|0.3502980062|0|66|0
84|2015-02-28T09:00:29.314656|0.8866626863|1.485965637|0.0|SOFIANE|SPDE-ETAS|||relative_plus_offset|2.874804643|synthetic|synthetic_data_case_01_patches|synthetic_earthquake|58.37533929|0.374804643|0|67|0
85|2015-02-28T19:12:57.736800|3.269320124|2.858247597|0.0|SOFIANE|SPDE-ETAS|||relative_plus_offset|2.7727203752|synthetic|synthetic_data_case_01_patches|synthetic_earthquake|58.80066825|0.2727203752|0|68|0
86|2015-03-01T06:14:15.524160|3.937553344|1.630722212|0.0|SOFIANE|SPDE-ETAS|||relative_plus_offset|2.6226337241|synthetic|synthetic_data_case_01_patches|synthetic_earthquake|59.2599019|0.1226337241|0|69|0
87|2015-03-02T20:39:05.058144|1.836872231|2.800229268|0.0|SOFIANE|SPDE-ETAS|||relative_plus_offset|2.9784466716|synthetic|synthetic_data_case_01_patches|synthetic_earthquake|60.86047521|0.4784466716|0|70|0
88|2015-03-03T00:49:37.166016|2.823219309|1.041173107|0.0|SOFIANE|SPDE-ETAS|||relative_plus_offset|2.8561420192|synthetic|synthetic_data_case_01_patches|synthetic_earthquake|61.03445794|0.3561420192|0|71|0
89|2015-03-03T19:15:31.934016|2.866415501|0.389829539|0.0|SOFIANE|SPDE-ETAS|||relative_plus_offset|3.504119038|synthetic|synthetic_data_case_01_patches|synthetic_earthquake|61.80245294|1.004119038|0|72|0
90|2015-03-05T01:59:18.443904|3.167559759|1.036776614|0.0|SOFIANE|SPDE-ETAS|||relative_plus_offset|2.54866302641|synthetic|synthetic_data_case_01_patches|synthetic_earthquake|63.08285236|0.04866302641|0|73|0
91|2015-03-05T03:32:50.402975|3.720523384|0.6398753752|0.0|SOFIANE|SPDE-ETAS|||relative_plus_offset|2.6276614009|synthetic|synthetic_data_case_01_patches|synthetic_earthquake|63.14780559|0.1276614009|0|74|0
92|2015-03-05T20:04:13.092960|3.887046927|2.715655273|0.0|SOFIANE|SPDE-ETAS|||relative_plus_offset|2.6816285579|synthetic|synthetic_data_case_01_patches|synthetic_earthquake|63.83626265|0.1816285579|0|75|0
93|2015-03-05T20:56:04.756992|2.215329971|2.076534158|0.0|SOFIANE|SPDE-ETAS|||relative_plus_offset|2.8489630445|synthetic|synthetic_data_case_01_patches|synthetic_earthquake|63.87227728|0.3489630445|0|76|0
94|2015-03-06T01:13:01.013951|2.487702459|0.988201143|0.0|SOFIANE|SPDE-ETAS|||relative_plus_offset|3.156986762|synthetic|synthetic_data_case_01_patches|synthetic_earthquake|64.05070618|0.656986762|0|77|0
95|2015-03-08T03:06:47.556576|1.706967911|1.138455467|0.0|SOFIANE|SPDE-ETAS|||relative_plus_offset|2.7122838851|synthetic|synthetic_data_case_01_patches|synthetic_earthquake|66.12971709|0.2122838851|0|78|0
96|2015-03-10T20:55:36.042816|4.417014767|2.852502645|0.0|SOFIANE|SPDE-ETAS|||relative_plus_offset|2.715845432|synthetic|synthetic_data_case_01_patches|synthetic_earthquake|68.87194494|0.215845432|0|79|0
97|2015-03-12T13:39:04.869504|4.85747262|3.715825218|0.0|SOFIANE|SPDE-ETAS|||relative_plus_offset|2.8054323179000002|synthetic|synthetic_data_case_01_patches|synthetic_earthquake|70.56880636|0.3054323179|0|80|0
98|2015-03-12T20:28:11.947584|4.197125582|0.2426383784|0.0|SOFIANE|SPDE-ETAS|||relative_plus_offset|2.7057220936|synthetic|synthetic_data_case_01_patches|synthetic_earthquake|70.85291606|0.2057220936|0|81|0
99|2015-03-15T12:06:46.758240|3.448443217|3.992537133|0.0|SOFIANE|SPDE-ETAS|||relative_plus_offset|2.6846882997|synthetic|synthetic_data_case_01_patches|synthetic_earthquake|73.50470785|0.1846882997|0|82|0
100|2015-03-15T21:10:33.336192|4.574781655|3.492187369|0.0|SOFIANE|SPDE-ETAS|||relative_plus_offset|2.6001195244|synthetic|synthetic_data_case_01_patches|synthetic_earthquake|73.88233028|0.1001195244|0|83|0
101|2015-03-16T21:07:37.890624|2.323262935|1.751041109|0.0|SOFIANE|SPDE-ETAS|||relative_plus_offset|3.710291741|synthetic|synthetic_data_case_01_patches|synthetic_earthquake|74.88029966|1.210291741|0|84|0
102|2015-03-17T00:07:11.174015|2.320374052|1.729141767|0.0|SOFIANE|SPDE-ETAS|||relative_plus_offset|2.7089122488|synthetic|synthetic_data_case_01_patches|synthetic_earthquake|75.00499044|0.2089122488|101|84|1
103|2015-03-17T00:41:33.992160|2.319147776|1.720582913|0.0|SOFIANE|SPDE-ETAS|||relative_plus_offset|3.6274810779999997|synthetic|synthetic_data_case_01_patches|synthetic_earthquake|75.02886565|1.127481078|102|84|2
104|2015-03-17T03:40:47.693856|0.1282871176|3.792093475|0.0|SOFIANE|SPDE-ETAS|||relative_plus_offset|2.51471842913|synthetic|synthetic_data_case_01_patches|synthetic_earthquake|75.15332979|0.01471842913|0|85|0
105|2015-03-17T03:43:08.512031|0.1306618081|3.792002461|0.0|SOFIANE|SPDE-ETAS|||relative_plus_offset|2.6991645474|synthetic|synthetic_data_case_01_patches|synthetic_earthquake|75.15495963|0.1991645474|104|85|1
106|2015-03-17T20:41:55.327488|4.773535692|2.972574824|0.0|SOFIANE|SPDE-ETAS|||relative_plus_offset|2.6394688838|synthetic|synthetic_data_case_01_patches|synthetic_earthquake|75.86244592|0.1394688838|0|86|0
107|2015-03-17T23:18:20.545632|2.629260295|1.57806074|0.0|SOFIANE|SPDE-ETAS|||relative_plus_offset|2.6264392285|synthetic|synthetic_data_case_01_patches|synthetic_earthquake|75.97107113|0.1264392285|0|87|0
108|2015-03-18T15:15:04.625280|1.643316984|2.736372402|0.0|SOFIANE|SPDE-ETAS|||relative_plus_offset|2.6466054024|synthetic|synthetic_data_case_01_patches|synthetic_earthquake|76.6354702|0.1466054024|0|88|0
109|2015-03-18T15:52:29.840735|2.339552726|0.6480959786|0.0|SOFIANE|SPDE-ETAS|||relative_plus_offset|3.2351163393|synthetic|synthetic_data_case_01_patches|synthetic_earthquake|76.66145649|0.7351163393|0|89|0
110|2015-03-19T22:12:09.637056|0.4393299369|3.857675045|0.0|SOFIANE|SPDE-ETAS|||relative_plus_offset|2.6454889314|synthetic|synthetic_data_case_01_patches|synthetic_earthquake|77.92511154|0.1454889314|0|90|0
111|2015-03-19T23:44:37.342176|4.408723604|2.567899466|0.0|SOFIANE|SPDE-ETAS|||relative_plus_offset|3.4803652534|synthetic|synthetic_data_case_01_patches|synthetic_earthquake|77.98932109|0.9803652534|0|91|0
112|2015-03-21T08:46:44.961024|2.611235039|1.240842625|0.0|SOFIANE|SPDE-ETAS|||relative_plus_offset|3.2887014835|synthetic|synthetic_data_case_01_patches|synthetic_earthquake|79.36579816|0.7887014835|0|92|0
113|2015-03-24T03:19:46.610688|4.259941289|3.279181914|0.0|SOFIANE|SPDE-ETAS|||relative_plus_offset|2.9072587588|synthetic|synthetic_data_case_01_patches|synthetic_earthquake|82.13873392|0.4072587588|0|93|0
114|2015-03-24T06:59:41.191007|2.608562046|2.721047911|0.0|SOFIANE|SPDE-ETAS|||relative_plus_offset|3.0878682422|synthetic|synthetic_data_case_01_patches|synthetic_earthquake|82.29144897|0.5878682422|0|94|0
115|2015-03-24T07:59:50.703072|2.631620167|2.743521707|0.0|SOFIANE|SPDE-ETAS|||relative_plus_offset|3.246342585|synthetic|synthetic_data_case_01_patches|synthetic_earthquake|82.33322573|0.746342585|114|94|1
116|2015-03-24T08:36:19.744704|2.561524288|2.208536011|0.0|SOFIANE|SPDE-ETAS|||relative_plus_offset|2.56869396835|synthetic|synthetic_data_case_01_patches|synthetic_earthquake|82.35856186|0.06869396835|0|95|0
117|2015-03-24T17:44:34.321632|4.531653647|2.992808799|0.0|SOFIANE|SPDE-ETAS|||relative_plus_offset|2.59826342255|synthetic|synthetic_data_case_01_patches|synthetic_earthquake|82.73928613|0.09826342255|0|96|0
118|2015-03-28T20:31:11.485920|2.71001157|2.327427003|0.0|SOFIANE|SPDE-ETAS|||relative_plus_offset|2.6345217252|synthetic|synthetic_data_case_01_patches|synthetic_earthquake|86.85499405|0.1345217252|0|97|0
119|2015-03-29T03:08:21.938208|1.149454018|2.635184769|0.0|SOFIANE|SPDE-ETAS|||relative_plus_offset|2.6873314619|synthetic|synthetic_data_case_01_patches|synthetic_earthquake|87.13080947|0.1873314619|0|98|0
120|2015-03-29T07:10:54.611616|3.525817329|0.8543962556|0.0|SOFIANE|SPDE-ETAS|||relative_plus_offset|2.9176261496|synthetic|synthetic_data_case_01_patches|synthetic_earthquake|87.29924319|0.4176261496|0|99|0
121|2015-03-29T19:21:09.002880|2.307272303|1.203973766|0.0|SOFIANE|SPDE-ETAS|||relative_plus_offset|2.7034866088|synthetic|synthetic_data_case_01_patches|synthetic_earthquake|87.8063542|0.2034866088|0|100|0
122|2015-03-30T08:48:18.468288|4.288819164|0.6146413068|0.0|SOFIANE|SPDE-ETAS|||relative_plus_offset|3.2388591405|synthetic|synthetic_data_case_01_patches|synthetic_earthquake|88.36688042|0.7388591405|0|101|0
123|2015-04-01T13:47:29.926752|4.511047453|0.936283532|0.0|SOFIANE|SPDE-ETAS|||relative_plus_offset|2.59105712977|synthetic|synthetic_data_case_01_patches|synthetic_earthquake|90.57465193|0.09105712977|0|102|0
124|2015-04-01T21:15:59.223168|1.944396657|0.8246130447|0.0|SOFIANE|SPDE-ETAS|||relative_plus_offset|3.51341298|synthetic|synthetic_data_case_01_patches|synthetic_earthquake|90.88610212|1.01341298|0|103|0
125|2015-04-02T11:00:32.660640|1.631221632|2.116636303|0.0|SOFIANE|SPDE-ETAS|||relative_plus_offset|3.4115204782|synthetic|synthetic_data_case_01_patches|synthetic_earthquake|91.45871135|0.9115204782|0|104|0
126|2015-04-02T12:58:38.697888|1.637625471|2.136763606|0.0|SOFIANE|SPDE-ETAS|||relative_plus_offset|3.1196018359|synthetic|synthetic_data_case_01_patches|synthetic_earthquake|91.54072567|0.6196018359|125|104|1
127|2015-04-02T18:30:47.374560|4.363538346|1.615670004|0.0|SOFIANE|SPDE-ETAS|||relative_plus_offset|2.6262736018|synthetic|synthetic_data_case_01_patches|synthetic_earthquake|91.77138165|0.1262736018|0|105|0
128|2015-04-02T21:51:42.629184|3.20405257|4.515369423|0.0|SOFIANE|SPDE-ETAS|||relative_plus_offset|2.55264152143|synthetic|synthetic_data_case_01_patches|synthetic_earthquake|91.91091006|0.05264152143|0|106|0
129|2015-04-02T22:21:31.956768|0.5165979002|2.188515397|0.0|SOFIANE|SPDE-ETAS|||relative_plus_offset|2.507077328187|synthetic|synthetic_data_case_01_patches|synthetic_earthquake|91.93161987|0.007077328187|0|107|0
130|2015-04-03T11:31:12.794880|3.424716314|0.2037513383|0.0|SOFIANE|SPDE-ETAS|||relative_plus_offset|3.4619365636|synthetic|synthetic_data_case_01_patches|synthetic_earthquake|92.4800092|0.9619365636|0|108|0
131|2015-04-03T13:44:59.771328|3.438779086|0.2523830364|0.0|SOFIANE|SPDE-ETAS|||relative_plus_offset|2.9475967246|synthetic|synthetic_data_case_01_patches|synthetic_earthquake|92.57291402|0.4475967246|130|108|1
132|2015-04-06T07:29:26.246112|1.944328194|3.166945252|0.0|SOFIANE|SPDE-ETAS|||relative_plus_offset|3.2357651807|synthetic|synthetic_data_case_01_patches|synthetic_earthquake|95.31210933|0.7357651807|0|109|0
133|2015-04-06T07:56:59.759808|1.956673757|3.1874717|0.0|SOFIANE|SPDE-ETAS|||relative_plus_offset|2.7842536548|synthetic|synthetic_data_case_01_patches|synthetic_earthquake|95.33124722|0.2842536548|132|109|1
134|2015-04-06T11:47:53.646432|3.177395981|2.454338681|0.0|SOFIANE|SPDE-ETAS|||relative_plus_offset|2.9469937456|synthetic|synthetic_data_case_01_patches|synthetic_earthquake|95.49159313|0.4469937456|0|110|0
135|2015-04-06T15:26:08.369952|3.154516024|2.438198114|0.0|SOFIANE|SPDE-ETAS|||relative_plus_offset|2.7115046844|synthetic|synthetic_data_case_01_patches|synthetic_earthquake|95.64315243|0.2115046844|134|110|1
136|2015-04-06T19:46:53.134176|4.106495269|0.003062087272|0.0|SOFIANE|SPDE-ETAS|||relative_plus_offset|3.0230283161|synthetic|synthetic_data_case_01_patches|synthetic_earthquake|95.82422609|0.5230283161|0|111|0
137|2015-04-06T20:18:07.082784|1.940266074|3.193206442|0.0|SOFIANE|SPDE-ETAS|||relative_plus_offset|2.9739388784|synthetic|synthetic_data_case_01_patches|synthetic_earthquake|95.84591531|0.4739388784|133|109|2
138|2015-04-07T00:44:28.689504|1.948947965|3.184730753|0.0|SOFIANE|SPDE-ETAS|||relative_plus_offset|2.504921526006|synthetic|synthetic_data_case_01_patches|synthetic_earthquake|96.03088761|0.004921526006|133|109|2
139|2015-04-07T12:29:49.280063|3.52225205|2.061730152|0.0|SOFIANE|SPDE-ETAS|||relative_plus_offset|2.6147102531|synthetic|synthetic_data_case_01_patches|synthetic_earthquake|96.52070926|0.1147102531|0|112|0
140|2015-04-08T00:02:06.727200|2.708856241|0.048925323|0.0|SOFIANE|SPDE-ETAS|||relative_plus_offset|2.6906244647|synthetic|synthetic_data_case_01_patches|synthetic_earthquake|97.00146675|0.1906244647|0|113|0
141|2015-04-08T22:22:23.866752|2.320612643|2.630077904|0.0|SOFIANE|SPDE-ETAS|||relative_plus_offset|3.2406449065|synthetic|synthetic_data_case_01_patches|synthetic_earthquake|97.93222068|0.7406449065|0|114|0
142|2015-04-09T00:41:56.522688|3.713927936|0.8437529166|0.0|SOFIANE|SPDE-ETAS|||relative_plus_offset|2.59566991842|synthetic|synthetic_data_case_01_patches|synthetic_earthquake|98.02912642|0.09566991842|0|115|0
143|2015-04-09T05:20:12.534720|2.258760241|0.6168949213|0.0|SOFIANE|SPDE-ETAS|||relative_plus_offset|3.587877663|synthetic|synthetic_data_case_01_patches|synthetic_earthquake|98.2223673|1.087877663|0|116|0
144|2015-04-10T18:39:38.332800|1.510863579|0.4732806562|0.0|SOFIANE|SPDE-ETAS|||relative_plus_offset|2.7757009454|synthetic|synthetic_data_case_01_patches|synthetic_earthquake|99.777527|0.2757009454|0|117|0
145|2015-04-10T21:27:46.148832|3.986485645|1.079968641|0.0|SOFIANE|SPDE-ETAS|||relative_plus_offset|2.6122194732|synthetic|synthetic_data_case_01_patches|synthetic_earthquake|99.89428413|0.1122194732|0|118|0
146|2015-04-12T12:09:42.431040|4.916036231|0.7090928941|0.0|SOFIANE|SPDE-ETAS|||relative_plus_offset|2.8605324967|synthetic|synthetic_data_case_01_patches|synthetic_earthquake|101.5067411|0.3605324967|0|119|0
147|2015-04-12T18:55:46.626240|3.854702535|1.382762869|0.0|SOFIANE|SPDE-ETAS|||relative_plus_offset|2.8674037453|synthetic|synthetic_data_case_01_patches|synthetic_earthquake|101.7887341|0.3674037453|0|120|0
148|2015-04-14T08:48:21.749760|1.448144569|0.5355416312|0.0|SOFIANE|SPDE-ETAS|||relative_plus_offset|3.4035239321|synthetic|synthetic_data_case_01_patches|synthetic_earthquake|103.3669184|0.9035239321|144|117|1
149|2015-04-14T08:48:54.504000|1.440173108|0.531466897|0.0|SOFIANE|SPDE-ETAS|||relative_plus_offset|3.3231850222|synthetic|synthetic_data_case_01_patches|synthetic_earthquake|103.3672975|0.8231850222|148|117|2
150|2015-04-14T15:36:16.968960|2.954108435|2.249262997|0.0|SOFIANE|SPDE-ETAS|||relative_plus_offset|3.3256751093|synthetic|synthetic_data_case_01_patches|synthetic_earthquake|103.6501964|0.8256751093|0|121|0
151|2015-04-14T20:47:55.363200|2.293310245|0.3720939199|0.0|SOFIANE|SPDE-ETAS|||relative_plus_offset|2.51611585832|synthetic|synthetic_data_case_01_patches|synthetic_earthquake|103.866613|0.01611585832|0|122|0
152|2015-04-15T00:17:24.204480|2.399837424|2.754782336|0.0|SOFIANE|SPDE-ETAS|||relative_plus_offset|2.997201431|synthetic|synthetic_data_case_01_patches|synthetic_earthquake|104.0120857|0.497201431|0|123|0
153|2015-04-15T17:38:50.827200|2.400290428|2.743960281|0.0|SOFIANE|SPDE-ETAS|||relative_plus_offset|2.7470707403|synthetic|synthetic_data_case_01_patches|synthetic_earthquake|104.7353105|0.2470707403|152|123|1
154|2015-04-16T07:34:47.521920|1.930906766|3.807436594|0.0|SOFIANE|SPDE-ETAS|||relative_plus_offset|2.6037134053|synthetic|synthetic_data_case_01_patches|synthetic_earthquake|105.3158278|0.1037134053|0|124|0
155|2015-04-16T13:48:46.656000|2.971105741|2.267332085|0.0|SOFIANE|SPDE-ETAS|||relative_plus_offset|2.668327716|synthetic|synthetic_data_case_01_patches|synthetic_earthquake|105.57554|0.168327716|150|121|1
156|2015-04-16T14:14:51.247680|2.97398381|2.271605557|0.0|SOFIANE|SPDE-ETAS|||relative_plus_offset|2.8572386237|synthetic|synthetic_data_case_01_patches|synthetic_earthquake|105.5936487|0.3572386237|155|121|2
157|2015-04-16T16:16:15.493440|4.456476778|2.910953155|0.0|SOFIANE|SPDE-ETAS|||relative_plus_offset|3.553221351|synthetic|synthetic_data_case_01_patches|synthetic_earthquake|105.6779571|1.053221351|0|125|0
158|2015-04-17T15:47:40.246080|2.05632093|4.126061635|0.0|SOFIANE|SPDE-ETAS|||relative_plus_offset|2.6254133747|synthetic|synthetic_data_case_01_patches|synthetic_earthquake|106.6581047|0.1254133747|0|126|0
159|2015-04-18T02:54:19.920960|1.632334332|2.731346359|0.0|SOFIANE|SPDE-ETAS|||relative_plus_offset|2.9375269187|synthetic|synthetic_data_case_01_patches|synthetic_earthquake|107.1210639|0.4375269187|0|127|0
160|2015-04-20T10:24:35.904960|4.204659234|2.804358553|0.0|SOFIANE|SPDE-ETAS|||relative_plus_offset|2.6193363128|synthetic|synthetic_data_case_01_patches|synthetic_earthquake|109.4337489|0.1193363128|0|128|0
161|2015-04-20T11:42:12.856320|4.228544298|1.261818882|0.0|SOFIANE|SPDE-ETAS|||relative_plus_offset|3.60448591|synthetic|synthetic_data_case_01_patches|synthetic_earthquake|109.4876488|1.10448591|0|129|0
162|2015-04-20T13:08:15.394560|1.922537802|1.337876659|0.0|SOFIANE|SPDE-ETAS|||relative_plus_offset|2.8573421432|synthetic|synthetic_data_case_01_patches|synthetic_earthquake|109.5474004|0.3573421432|0|130|0
163|2015-04-20T16:53:13.813440|4.432983124|2.399462561|0.0|SOFIANE|SPDE-ETAS|||relative_plus_offset|2.8837953538|synthetic|synthetic_data_case_01_patches|synthetic_earthquake|109.7036321|0.3837953538|0|131|0
164|2015-04-20T22:44:07.713600|1.598039105|0.06831993676|0.0|SOFIANE|SPDE-ETAS|||relative_plus_offset|4.635668831|synthetic|synthetic_data_case_01_patches|synthetic_earthquake|109.9473115|2.135668831|0|132|0
165|2015-04-20T23:06:25.392960|1.605957706|0.10237549|0.0|SOFIANE|SPDE-ETAS|||relative_plus_offset|2.9181058335|synthetic|synthetic_data_case_01_patches|synthetic_earthquake|109.9627939|0.4181058335|164|132|1
166|2015-04-20T23:09:05.760000|1.553740299|0.05694693102|0.0|SOFIANE|SPDE-ETAS|||relative_plus_offset|3.3461318567|synthetic|synthetic_data_case_01_patches|synthetic_earthquake|109.96465|0.8461318567|164|132|1
167|2015-04-21T20:13:06.522240|4.263214496|1.265796079|0.0|SOFIANE|SPDE-ETAS|||relative_plus_offset|2.8551337212|synthetic|synthetic_data_case_01_patches|synthetic_earthquake|110.8424366|0.3551337212|161|129|1
168|2015-04-21T23:08:12.485760|2.024782699|4.420719159|0.0|SOFIANE|SPDE-ETAS|||relative_plus_offset|2.623345906|synthetic|synthetic_data_case_01_patches|synthetic_earthquake|110.9640334|0.123345906|0|133|0
169|2015-04-22T20:09:24.742080|4.187201264|1.114654468|0.0|SOFIANE|SPDE-ETAS|||relative_plus_offset|2.7799740246|synthetic|synthetic_data_case_01_patches|synthetic_earthquake|111.8398697|0.2799740246|161|129|1
170|2015-04-25T15:23:56.486400|0.9675529839|2.221690457|0.0|SOFIANE|SPDE-ETAS|||relative_plus_offset|3.1971338773999998|synthetic|synthetic_data_case_01_patches|synthetic_earthquake|114.641626|0.6971338774|0|134|0
171|2015-04-25T17:46:53.042880|2.604540854|0.7772820068|0.0|SOFIANE|SPDE-ETAS|||relative_plus_offset|2.8986191316|synthetic|synthetic_data_case_01_patches|synthetic_earthquake|114.7408917|0.3986191316|0|135|0
172|2015-04-25T17:49:22.074240|2.610536854|0.7625873355|0.0|SOFIANE|SPDE-ETAS|||relative_plus_offset|2.55901305828|synthetic|synthetic_data_case_01_patches|synthetic_earthquake|114.7426166|0.05901305828|171|135|1
173|2015-04-25T22:45:26.519040|2.998215208|1.977911485|0.0|SOFIANE|SPDE-ETAS|||relative_plus_offset|2.6665723342|synthetic|synthetic_data_case_01_patches|synthetic_earthquake|114.9482236|0.1665723342|0|136|0
174|2015-04-26T03:59:26.954880|4.573912361|0.576862312|0.0|SOFIANE|SPDE-ETAS|||relative_plus_offset|2.9560007934|synthetic|synthetic_data_case_01_patches|synthetic_earthquake|115.1662842|0.4560007934|0|137|0
175|2015-04-26T14:03:25.343999|1.850715507|0.8480032426|0.0|SOFIANE|SPDE-ETAS|||relative_plus_offset|3.3481509527|synthetic|synthetic_data_case_01_patches|synthetic_earthquake|115.58571|0.8481509527|0|138|0
176|2015-04-26T14:06:09.564480|1.883211712|0.8221682269|0.0|SOFIANE|SPDE-ETAS|||relative_plus_offset|2.9008505973|synthetic|synthetic_data_case_01_patches|synthetic_earthquake|115.5876107|0.4008505973|175|138|1
177|2015-04-27T20:41:17.992320|2.717155175|2.693270087|0.0|SOFIANE|SPDE-ETAS|||relative_plus_offset|2.52320174377|synthetic|synthetic_data_case_01_patches|synthetic_earthquake|116.8620138|0.02320174377|0|139|0
178|2015-04-28T10:28:38.930880|1.880600555|0.1223297032|0.0|SOFIANE|SPDE-ETAS|||relative_plus_offset|3.0104721649|synthetic|synthetic_data_case_01_patches|synthetic_earthquake|117.4365617|0.5104721649|0|140|0
179|2015-04-28T11:46:10.499520|3.020361293|2.97256726|0.0|SOFIANE|SPDE-ETAS|||relative_plus_offset|3.2938219917|synthetic|synthetic_data_case_01_patches|synthetic_earthquake|117.4903993|0.7938219917|0|141|0
180|2015-04-29T01:56:28.334400|4.745727934|2.568184484|0.0|SOFIANE|SPDE-ETAS|||relative_plus_offset|2.51414543696|synthetic|synthetic_data_case_01_patches|synthetic_earthquake|118.0808835|0.01414543696|0|142|0
181|2015-04-30T05:48:40.619520|2.686661142|2.812318651|0.0|SOFIANE|SPDE-ETAS|||relative_plus_offset|2.53527976696|synthetic|synthetic_data_case_01_patches|synthetic_earthquake|119.2421368|0.03527976696|0|143|0
182|2015-05-01T00:31:50.537280|2.606754681|2.530740218|0.0|SOFIANE|SPDE-ETAS|||relative_plus_offset|3.1391355338|synthetic|synthetic_data_case_01_patches|synthetic_earthquake|120.0221127|0.6391355338|0|144|0
183|2015-05-01T00:58:58.736639|2.61299244|2.534508053|0.0|SOFIANE|SPDE-ETAS|||relative_plus_offset|3.4361366504|synthetic|synthetic_data_case_01_patches|synthetic_earthquake|120.0409576|0.9361366504|182|144|1
184|2015-05-01T05:06:18.748800|2.134183405|1.573950451|0.0|SOFIANE|SPDE-ETAS|||relative_plus_offset|2.726299241|synthetic|synthetic_data_case_01_patches|synthetic_earthquake|120.212717|0.226299241|0|145|0
185|2015-05-02T14:56:56.477760|2.818219851|3.896935942|0.0|SOFIANE|SPDE-ETAS|||relative_plus_offset|2.9432131118|synthetic|synthetic_data_case_01_patches|synthetic_earthquake|121.6228759|0.4432131118|0|146|0
186|2015-05-03T01:31:36.102720|1.846512114|1.462201517|0.0|SOFIANE|SPDE-ETAS|||relative_plus_offset|2.6786998552|synthetic|synthetic_data_case_01_patches|synthetic_earthquake|122.0636123|0.1786998552|0|147|0
187|2015-05-03T06:51:59.731199|4.833291063|2.693941686|0.0|SOFIANE|SPDE-ETAS|||relative_plus_offset|3.684009396|synthetic|synthetic_data_case_01_patches|synthetic_earthquake|122.286108|1.184009396|0|148|0
188|2015-05-03T06:53:15.849600|4.886856085|2.794330762|0.0|SOFIANE|SPDE-ETAS|||relative_plus_offset|3.4728031451|synthetic|synthetic_data_case_01_patches|synthetic_earthquake|122.286989|0.9728031451|187|148|1
189|2015-05-04T13:01:42.862080|2.154334089|1.359801877|0.0|SOFIANE|SPDE-ETAS|||relative_plus_offset|3.656477163|synthetic|synthetic_data_case_01_patches|synthetic_earthquake|123.5428572|1.156477163|0|149|0
190|2015-05-04T20:09:44.786880|1.663331574|0.5262839198|0.0|SOFIANE|SPDE-ETAS|||relative_plus_offset|2.9093420024|synthetic|synthetic_data_case_01_patches|synthetic_earthquake|123.8401017|0.4093420024|124|103|1
191|2015-05-04T21:05:04.395840|4.299603058|0.3839908435|0.0|SOFIANE|SPDE-ETAS|||relative_plus_offset|2.671736687|synthetic|synthetic_data_case_01_patches|synthetic_earthquake|123.8785231|0.171736687|0|150|0
192|2015-05-04T21:25:14.790720|4.272065455|0.3934991144|0.0|SOFIANE|SPDE-ETAS|||relative_plus_offset|3.0461740946|synthetic|synthetic_data_case_01_patches|synthetic_earthquake|123.8925323|0.5461740946|191|150|1
193|2015-05-04T22:37:15.784320|1.576637154|0.1011007017|0.0|SOFIANE|SPDE-ETAS|||relative_plus_offset|2.6406964783999998|synthetic|synthetic_data_case_01_patches|synthetic_earthquake|123.9425438|0.1406964784|164|132|1
194|2015-05-05T22:42:14.158080|4.050938068|1.260141589|0.0|SOFIANE|SPDE-ETAS|||relative_plus_offset|2.503398076814|synthetic|synthetic_data_case_01_patches|synthetic_earthquake|124.9459972|0.003398076814|0|151|0
195|2015-05-06T10:19:18.333120|1.565103939|0.009549506228|0.0|SOFIANE|SPDE-ETAS|||relative_plus_offset|2.6183344897|synthetic|synthetic_data_case_01_patches|synthetic_earthquake|125.4300733|0.1183344897|0|152|0
196|2015-05-07T04:34:25.541760|2.625182399|2.544409535|0.0|SOFIANE|SPDE-ETAS|||relative_plus_offset|4.867858475|synthetic|synthetic_data_case_01_patches|synthetic_earthquake|126.1905734|2.367858475|183|144|2
197|2015-05-07T04:40:18.304320|2.612995789|2.552809374|0.0|SOFIANE|SPDE-ETAS|||relative_plus_offset|2.6370786476|synthetic|synthetic_data_case_01_patches|synthetic_earthquake|126.1946563|0.1370786476|196|144|3
198|2015-05-07T05:33:13.331520|0.5541374591|4.270708447|0.0|SOFIANE|SPDE-ETAS|||relative_plus_offset|3.854597832|synthetic|synthetic_data_case_01_patches|synthetic_earthquake|126.2314043|1.354597832|0|153|0
199|2015-05-07T06:08:52.759680|0.5813333067|4.267961744|0.0|SOFIANE|SPDE-ETAS|||relative_plus_offset|3.613605703|synthetic|synthetic_data_case_01_patches|synthetic_earthquake|126.2561662|1.113605703|198|153|1
200|2015-05-07T07:43:09.972480|4.829092723|2.710176476|0.0|SOFIANE|SPDE-ETAS|||relative_plus_offset|3.0950495132|synthetic|synthetic_data_case_01_patches|synthetic_earthquake|126.3216432|0.5950495132|187|148|1
201|2015-05-07T07:47:20.783040|2.301943258|0.5931476241|0.0|SOFIANE|SPDE-ETAS|||relative_plus_offset|2.54160271258|synthetic|synthetic_data_case_01_patches|synthetic_earthquake|126.3245461|0.04160271258|0|154|0
202|2015-05-07T08:13:28.614720|4.819834416|2.71943304|0.0|SOFIANE|SPDE-ETAS|||relative_plus_offset|2.9746457572000002|synthetic|synthetic_data_case_01_patches|synthetic_earthquake|126.3426923|0.4746457572|200|148|2
203|2015-05-07T09:31:34.121280|4.811005379|2.718583669|0.0|SOFIANE|SPDE-ETAS|||relative_plus_offset|2.6261550328|synthetic|synthetic_data_case_01_patches|synthetic_earthquake|126.3969227|0.1261550328|200|148|2
204|2015-05-07T13:38:57.658560|2.226666025|1.397090754|0.0|SOFIANE|SPDE-ETAS|||relative_plus_offset|2.8811478506|synthetic|synthetic_data_case_01_patches|synthetic_earthquake|126.5687229|0.3811478506|0|155|0
205|2015-05-07T20:55:40.342080|2.258037234|1.405307974|0.0|SOFIANE|SPDE-ETAS|||relative_plus_offset|2.8538585423000002|synthetic|synthetic_data_case_01_patches|synthetic_earthquake|126.8719947|0.3538585423|204|155|1
206|2015-05-08T15:27:56.609280|2.278642304|1.14105703|0.0|SOFIANE|SPDE-ETAS|||relative_plus_offset|2.9820835448|synthetic|synthetic_data_case_01_patches|synthetic_earthquake|127.6444052|0.4820835448|0|156|0
207|2015-05-09T08:12:02.327040|2.750946007|2.78004565|0.0|SOFIANE|SPDE-ETAS|||relative_plus_offset|2.56668529448|synthetic|synthetic_data_case_01_patches|synthetic_earthquake|128.3416936|0.06668529448|0|157|0
208|2015-05-09T14:23:16.592640|2.640671698|2.51989773|0.0|SOFIANE|SPDE-ETAS|||relative_plus_offset|3.3194161159|synthetic|synthetic_data_case_01_patches|synthetic_earthquake|128.5994976|0.8194161159|196|144|3
209|2015-05-10T02:06:26.516159|2.621716349|2.517553745|0.0|SOFIANE|SPDE-ETAS|||relative_plus_offset|2.51197378737|synthetic|synthetic_data_case_01_patches|synthetic_earthquake|129.0878069|0.01197378737|196|144|3
210|2015-05-10T18:04:27.140160|1.558961595|0.1066477162|0.0|SOFIANE|SPDE-ETAS|||relative_plus_offset|2.53369485297|synthetic|synthetic_data_case_01_patches|synthetic_earthquake|129.7530919|0.03369485297|164|132|1
211|2015-05-10T20:04:53.705280|1.546682023|0.1076276126|0.0|SOFIANE|SPDE-ETAS|||relative_plus_offset|2.59811374342|synthetic|synthetic_data_case_01_patches|synthetic_earthquake|129.8367327|0.09811374342|210|132|2
212|2015-05-10T22:47:32.386560|2.723093973|2.695252539|0.0|SOFIANE|SPDE-ETAS|||relative_plus_offset|2.9044810307|synthetic|synthetic_data_case_01_patches|synthetic_earthquake|129.9496804|0.4044810307|0|158|0
213|2015-05-10T23:01:37.784640|3.320909783|0.947469788|0.0|SOFIANE|SPDE-ETAS|||relative_plus_offset|2.8791219843|synthetic|synthetic_data_case_01_patches|synthetic_earthquake|129.9594651|0.3791219843|64|48|1
214|2015-05-12T05:37:38.631360|3.345752647|0.9505434162|0.0|SOFIANE|SPDE-ETAS|||relative_plus_offset|2.6690681733|synthetic|synthetic_data_case_01_patches|synthetic_earthquake|131.2344749|0.1690681733|213|48|2
215|2015-05-12T07:22:42.366720|2.574324645|1.624739393|0.0|SOFIANE|SPDE-ETAS|||relative_plus_offset|3.1528608187|synthetic|synthetic_data_case_01_patches|synthetic_earthquake|131.3074348|0.6528608187|0|159|0
216|2015-05-12T07:33:55.232640|0.8727684197|2.568652401|0.0|SOFIANE|SPDE-ETAS|||relative_plus_offset|2.6271572954|synthetic|synthetic_data_case_01_patches|synthetic_earthquake|131.3152226|0.1271572954|0|160|0
217|2015-05-12T18:59:19.584960|0.875488276|2.569174142|0.0|SOFIANE|SPDE-ETAS|||relative_plus_offset|3.2923964952|synthetic|synthetic_data_case_01_patches|synthetic_earthquake|131.7911989|0.7923964952|216|160|1
218|2015-05-13T04:41:19.363200|1.727016665|2.559055823|0.0|SOFIANE|SPDE-ETAS|||relative_plus_offset|3.2935671426999997|synthetic|synthetic_data_case_01_patches|synthetic_earthquake|132.195363|0.7935671427|0|161|0
219|2015-05-13T07:18:25.931520|3.642400918|1.41686644|0.0|SOFIANE|SPDE-ETAS|||relative_plus_offset|2.6762956367|synthetic|synthetic_data_case_01_patches|synthetic_earthquake|132.3044668|0.1762956367|0|162|0
220|2015-05-13T16:43:23.571840|1.790945284|2.128449068|0.0|SOFIANE|SPDE-ETAS|||relative_plus_offset|2.6725951926000002|synthetic|synthetic_data_case_01_patches|synthetic_earthquake|132.6968006|0.1725951926|0|163|0
221|2015-05-14T07:57:29.419200|3.777437424|0.4497717726|0.0|SOFIANE|SPDE-ETAS|||relative_plus_offset|3.3097490921|synthetic|synthetic_data_case_01_patches|synthetic_earthquake|133.3315905|0.8097490921|0|164|0
222|2015-05-14T11:17:18.957120|1.053104355|1.83991668|0.0|SOFIANE|SPDE-ETAS|||relative_plus_offset|2.58517299552|synthetic|synthetic_data_case_01_patches|synthetic_earthquake|133.4703583|0.08517299552|0|165|0
223|2015-05-14T11:19:43.728960|1.043309304|1.859019814|0.0|SOFIANE|SPDE-ETAS|||relative_plus_offset|3.0323165276|synthetic|synthetic_data_case_01_patches|synthetic_earthquake|133.4720339|0.5323165276|222|165|1
224|2015-05-14T12:18:31.345919|3.12589234|3.480407078|0.0|SOFIANE|SPDE-ETAS|||relative_plus_offset|2.8247211393000002|synthetic|synthetic_data_case_01_patches|synthetic_earthquake|133.5128628|0.3247211393|0|166|0
225|2015-05-14T12:21:38.021760|3.120908318|3.542811282|0.0|SOFIANE|SPDE-ETAS|||relative_plus_offset|2.54158165564|synthetic|synthetic_data_case_01_patches|synthetic_earthquake|133.5150234|0.04158165564|224|166|1
226|2015-05-14T13:20:43.048320|1.6325729|0.07734515807|0.0|SOFIANE|SPDE-ETAS|||relative_plus_offset|2.55971818455|synthetic|synthetic_data_case_01_patches|synthetic_earthquake|133.5560538|0.05971818455|164|132|1
227|2015-05-14T22:18:29.534400|0.02278168498|3.736418103|0.0|SOFIANE|SPDE-ETAS|||relative_plus_offset|2.647919146|synthetic|synthetic_data_case_01_patches|synthetic_earthquake|133.9295085|0.147919146|0|167|0
228|2015-05-15T00:38:42.406080|0.5737459624|0.433000143|0.0|SOFIANE|SPDE-ETAS|||relative_plus_offset|4.051653103|synthetic|synthetic_data_case_01_patches|synthetic_earthquake|134.0268797|1.551653103|0|168|0
229|2015-05-15T00:42:19.866240|0.5900014057|0.3603340129|0.0|SOFIANE|SPDE-ETAS|||relative_plus_offset|2.6749794905|synthetic|synthetic_data_case_01_patches|synthetic_earthquake|134.0293966|0.1749794905|228|168|1
230|2015-05-15T19:16:58.304640|0.3309637224|4.068239663|0.0|SOFIANE|SPDE-ETAS|||relative_plus_offset|2.7056697242|synthetic|synthetic_data_case_01_patches|synthetic_earthquake|134.8034526|0.2056697242|0|169|0
231|2015-05-16T01:57:18.230400|3.016257245|0.5395186836|0.0|SOFIANE|SPDE-ETAS|||relative_plus_offset|2.6438378138|synthetic|synthetic_data_case_01_patches|synthetic_earthquake|135.081461|0.1438378138|0|170|0
232|2015-05-16T05:09:17.009280|0.6839497195|4.632843912|0.0|SOFIANE|SPDE-ETAS|||relative_plus_offset|2.8691600375|synthetic|synthetic_data_case_01_patches|synthetic_earthquake|135.2147802|0.3691600375|0|171|0
233|2015-05-17T19:29:08.056320|2.149166999|0.4842094744|0.0|SOFIANE|SPDE-ETAS|||relative_plus_offset|2.924598365|synthetic|synthetic_data_case_01_patches|synthetic_earthquake|136.8118988|0.424598365|0|172|0
234|2015-05-17T22:27:20.039040|2.882035727|2.593378033|0.0|SOFIANE|SPDE-ETAS|||relative_plus_offset|2.6666590091|synthetic|synthetic_data_case_01_patches|synthetic_earthquake|136.9356486|0.1666590091|0|173|0
235|2015-05-18T05:51:33.661440|2.277037|3.937602455|0.0|SOFIANE|SPDE-ETAS|||relative_plus_offset|2.51022595163|synthetic|synthetic_data_case_01_patches|synthetic_earthquake|137.2441396|0.01022595163|0|174|0
236|2015-05-18T12:02:45.594240|3.23877833|2.926886282|0.0|SOFIANE|SPDE-ETAS|||relative_plus_offset|2.51023372887|synthetic|synthetic_data_case_01_patches|synthetic_earthquake|137.5019166|0.01023372887|0|175|0
237|2015-05-20T18:11:01.262400|0.7626267773|2.948766515|0.0|SOFIANE|SPDE-ETAS|||relative_plus_offset|2.804992658|synthetic|synthetic_data_case_01_patches|synthetic_earthquake|139.7576535|0.304992658|0|176|0
238|2015-05-21T06:25:05.736000|1.648580092|0.07482481806|0.0|SOFIANE|SPDE-ETAS|||relative_plus_offset|2.8381883275|synthetic|synthetic_data_case_01_patches|synthetic_earthquake|140.2674275|0.3381883275|226|132|2
239|2015-05-21T09:02:36.539519|4.161148231|0.3118004337|0.0|SOFIANE|SPDE-ETAS|||relative_plus_offset|3.0238174003|synthetic|synthetic_data_case_01_patches|synthetic_earthquake|140.3768118|0.5238174003|0|177|0
240|2015-05-21T09:36:22.360320|4.157517127|0.2988349833|0.0|SOFIANE|SPDE-ETAS|||relative_plus_offset|2.56818138252|synthetic|synthetic_data_case_01_patches|synthetic_earthquake|140.4002588|0.06818138252|239|177|1
241|2015-05-22T07:09:38.632320|2.827860545|1.910312185|0.0|SOFIANE|SPDE-ETAS|||relative_plus_offset|2.9825700365|synthetic|synthetic_data_case_01_patches|synthetic_earthquake|141.2983638|0.4825700365|0|178|0
242|2015-05-23T13:11:07.693440|2.775023056|1.437556959|0.0|SOFIANE|SPDE-ETAS|||relative_plus_offset|2.683327775|synthetic|synthetic_data_case_01_patches|synthetic_earthquake|142.5493946|0.183327775|0|179|0
243|2015-05-23T17:36:42.056640|4.756927618|0.8379876486|0.0|SOFIANE|SPDE-ETAS|||relative_plus_offset|2.8887851305|synthetic|synthetic_data_case_01_patches|synthetic_earthquake|142.7338201|0.3887851305|0|180|0
244|2015-05-23T23:16:08.497920|0.6287765261|0.3830983922|0.0|SOFIANE|SPDE-ETAS|||relative_plus_offset|3.0896742328|synthetic|synthetic_data_case_01_patches|synthetic_earthquake|142.9695428|0.5896742328|0|181|0
245|2015-05-24T20:22:37.107840|3.367127778|1.210739463|0.0|SOFIANE|SPDE-ETAS|||relative_plus_offset|2.8917903036|synthetic|synthetic_data_case_01_patches|synthetic_earthquake|143.8490406|0.3917903036|0|182|0
246|2015-05-24T23:44:52.091520|2.538801108|1.134833827|0.0|SOFIANE|SPDE-ETAS|||relative_plus_offset|3.3992888594|synthetic|synthetic_data_case_01_patches|synthetic_earthquake|143.9894918|0.8992888594|0|183|0
247|2015-05-26T05:13:29.876160|1.325414848|2.277177037|0.0|SOFIANE|SPDE-ETAS|||relative_plus_offset|2.7846146352|synthetic|synthetic_data_case_01_patches|synthetic_earthquake|145.2177069|0.2846146352|0|184|0
248|2015-05-26T05:13:32.157120|1.812443713|1.649193984|0.0|SOFIANE|SPDE-ETAS|||relative_plus_offset|2.55679682697|synthetic|synthetic_data_case_01_patches|synthetic_earthquake|145.2177333|0.05679682697|0|185|0
249|2015-05-26T05:16:40.094400|3.048117603|0.3883686662|0.0|SOFIANE|SPDE-ETAS|||relative_plus_offset|2.897749732|synthetic|synthetic_data_case_01_patches|synthetic_earthquake|145.2199085|0.397749732|0|186|0
250|2015-05-26T05:38:22.643520|3.036817397|0.3971707499|0.0|SOFIANE|SPDE-ETAS|||relative_plus_offset|2.959926658|synthetic|synthetic_data_case_01_patches|synthetic_earthquake|145.2349843|0.459926658|249|186|1
251|2015-05-26T22:23:56.351040|2.150110971|1.988863198|0.0|SOFIANE|SPDE-ETAS|||relative_plus_offset|2.6836626762|synthetic|synthetic_data_case_01_patches|synthetic_earthquake|145.9332911|0.1836626762|0|187|0
252|2015-05-28T17:25:14.856960|2.753513043|0.7879105958|0.0|SOFIANE|SPDE-ETAS|||relative_plus_offset|2.9564098259|synthetic|synthetic_data_case_01_patches|synthetic_earthquake|147.7258664|0.4564098259|0|188|0
253|2015-05-28T19:57:50.492160|2.747666594|0.7885332254|0.0|SOFIANE|SPDE-ETAS|||relative_plus_offset|2.9649221809|synthetic|synthetic_data_case_01_patches|synthetic_earthquake|147.8318344|0.4649221809|252|188|1
254|2015-05-29T13:32:27.821760|2.769324939|0.7881429007|0.0|SOFIANE|SPDE-ETAS|||relative_plus_offset|2.8504638312|synthetic|synthetic_data_case_01_patches|synthetic_earthquake|148.5642109|0.3504638312|252|188|1
255|2015-05-30T00:43:48.711360|4.798151816|2.619947216|0.0|SOFIANE|SPDE-ETAS|||relative_plus_offset|2.6180962777|synthetic|synthetic_data_case_01_patches|synthetic_earthquake|149.0304249|0.1180962777|187|148|1
256|2015-05-31T04:07:14.111040|3.276212229|1.217948155|0.0|SOFIANE|SPDE-ETAS|||relative_plus_offset|2.6142041601|synthetic|synthetic_data_case_01_patches|synthetic_earthquake|150.1716911|0.1142041601|0|189|0
257|2015-06-02T00:51:36.878400|3.885838435|2.459690838|0.0|SOFIANE|SPDE-ETAS|||relative_plus_offset|2.57589300269|synthetic|synthetic_data_case_01_patches|synthetic_earthquake|152.0358435|0.07589300269|0|190|0
258|2015-06-02T17:22:30.437760|4.046570371|0.1645262869|0.0|SOFIANE|SPDE-ETAS|||relative_plus_offset|2.53715327586|synthetic|synthetic_data_case_01_patches|synthetic_earthquake|152.7239634|0.03715327586|0|191|0
259|2015-06-04T00:10:37.424640|2.352000586|1.041760996|0.0|SOFIANE|SPDE-ETAS|||relative_plus_offset|2.7003364845|synthetic|synthetic_data_case_01_patches|synthetic_earthquake|154.0073776|0.2003364845|0|192|0
260|2015-06-07T07:25:00.045120|2.050527188|0.6097608196|0.0|SOFIANE|SPDE-ETAS|||relative_plus_offset|3.2365984514|synthetic|synthetic_data_case_01_patches|synthetic_earthquake|157.3090283|0.7365984514|0|193|0
261|2015-06-07T12:40:25.947840|1.474180342|0.395198307|0.0|SOFIANE|SPDE-ETAS|||relative_plus_offset|2.53956201036|synthetic|synthetic_data_case_01_patches|synthetic_earthquake|157.5280781|0.03956201036|0|194|0
262|2015-06-08T13:56:02.267520|3.307198923|1.373505237|0.0|SOFIANE|SPDE-ETAS|||relative_plus_offset|2.7469661183|synthetic|synthetic_data_case_01_patches|synthetic_earthquake|158.5805818|0.2469661183|0|195|0
263|2015-06-08T21:37:31.644480|4.870691125|2.915601986|0.0|SOFIANE|SPDE-ETAS|||relative_plus_offset|2.52071547932|synthetic|synthetic_data_case_01_patches|synthetic_earthquake|158.9010607|0.02071547932|0|196|0
264|2015-06-09T02:05:34.278720|3.629019889|0.6859238271|0.0|SOFIANE|SPDE-ETAS|||relative_plus_offset|2.6212779548|synthetic|synthetic_data_case_01_patches|synthetic_earthquake|159.0872023|0.1212779548|0|197|0
265|2015-06-09T03:25:14.350080|3.614285304|1.035959682|0.0|SOFIANE|SPDE-ETAS|||relative_plus_offset|2.8083183212|synthetic|synthetic_data_case_01_patches|synthetic_earthquake|159.1425272|0.3083183212|0|198|0
266|2015-06-09T09:21:35.654400|1.949374407|2.20358789|0.0|SOFIANE|SPDE-ETAS|||relative_plus_offset|2.7830917974|synthetic|synthetic_data_case_01_patches|synthetic_earthquake|159.389996|0.2830917974|0|199|0
267|2015-06-09T10:59:13.202880|1.936507934|2.207398623|0.0|SOFIANE|SPDE-ETAS|||relative_plus_offset|2.6609557359|synthetic|synthetic_data_case_01_patches|synthetic_earthquake|159.4577917|0.1609557359|266|199|1
268|2015-06-10T03:33:26.786880|1.52112564|1.33661506|0.0|SOFIANE|SPDE-ETAS|||relative_plus_offset|3.0528587480000002|synthetic|synthetic_data_case_01_patches|synthetic_earthquake|160.1482267|0.552858748|0|200|0
269|2015-06-13T03:26:00.159360|2.658464919|2.049576223|0.0|SOFIANE|SPDE-ETAS|||relative_plus_offset|3.2678871401|synthetic|synthetic_data_case_01_patches|synthetic_earthquake|163.1430574|0.7678871401|0|201|0
270|2015-06-14T01:20:35.903040|2.377761655|0.6821571911|0.0|SOFIANE|SPDE-ETAS|||relative_plus_offset|3.0770178093|synthetic|synthetic_data_case_01_patches|synthetic_earthquake|164.0559711|0.5770178093|0|202|0
271|2015-06-14T02:51:52.116480|4.10148816|0.7583051399|0.0|SOFIANE|SPDE-ETAS|||relative_plus_offset|2.55001203374|synthetic|synthetic_data_case_01_patches|synthetic_earthquake|164.1193532|0.05001203374|0|203|0
272|2015-06-14T15:55:53.443200|3.384466791|2.567373173|0.0|SOFIANE|SPDE-ETAS|||relative_plus_offset|2.6222496889|synthetic|synthetic_data_case_01_patches|synthetic_earthquake|164.663813|0.1222496889|0|204|0
273|2015-06-15T01:27:54.728640|1.669551044|2.28868392|0.0|SOFIANE|SPDE-ETAS|||relative_plus_offset|2.6336643359|synthetic|synthetic_data_case_01_patches|synthetic_earthquake|165.0610501|0.1336643359|0|205|0
274|2015-06-15T04:53:45.651840|1.671741253|2.272440669|0.0|SOFIANE|SPDE-ETAS|||relative_plus_offset|2.9494432231|synthetic|synthetic_data_case_01_patches|synthetic_earthquake|165.2040006|0.4494432231|273|205|1
275|2015-06-15T06:42:23.261760|0.3625703925|4.355845729|0.0|SOFIANE|SPDE-ETAS|||relative_plus_offset|2.9234758846|synthetic|synthetic_data_case_01_patches|synthetic_earthquake|165.2794359|0.4234758846|0|206|0
276|2015-06-15T12:45:57.931200|1.594778167|1.109325462|0.0|SOFIANE|SPDE-ETAS|||relative_plus_offset|2.58558151807|synthetic|synthetic_data_case_01_patches|synthetic_earthquake|165.5319205|0.08558151807|0|207|0
277|2015-06-17T01:35:04.905600|1.901513533|3.677537327|0.0|SOFIANE|SPDE-ETAS|||relative_plus_offset|3.577111959|synthetic|synthetic_data_case_01_patches|synthetic_earthquake|167.066029|1.077111959|0|208|0
278|2015-06-17T04:13:02.415360|1.947187934|3.692527013|0.0|SOFIANE|SPDE-ETAS|||relative_plus_offset|2.6236130577|synthetic|synthetic_data_case_01_patches|synthetic_earthquake|167.1757224|0.1236130577|277|208|1
279|2015-06-17T14:25:40.025280|1.594643787|2.281253165|0.0|SOFIANE|SPDE-ETAS|||relative_plus_offset|2.7572704076|synthetic|synthetic_data_case_01_patches|synthetic_earthquake|167.6011577|0.2572704076|0|209|0
280|2015-06-18T05:13:48.642240|4.146784968|1.515299899|0.0|SOFIANE|SPDE-ETAS|||relative_plus_offset|2.53224776238|synthetic|synthetic_data_case_01_patches|synthetic_earthquake|168.2179241|0.03224776238|0|210|0
281|2015-06-18T07:42:37.555200|1.429977714|3.784267522|0.0|SOFIANE|SPDE-ETAS|||relative_plus_offset|2.6923571035|synthetic|synthetic_data_case_01_patches|synthetic_earthquake|168.321268|0.1923571035|0|211|0
282|2015-06-18T08:40:01.346880|4.911419844|0.09046014993|0.0|SOFIANE|SPDE-ETAS|||relative_plus_offset|3.641800786|synthetic|synthetic_data_case_01_patches|synthetic_earthquake|168.3611267|1.141800786|0|212|0
283|2015-06-18T08:44:08.736000|4.14679028|1.516313973|0.0|SOFIANE|SPDE-ETAS|||relative_plus_offset|2.6009324312|synthetic|synthetic_data_case_01_patches|synthetic_earthquake|168.36399|0.1009324312|280|210|1
284|2015-06-18T09:57:19.955520|4.054993825|2.110616643|0.0|SOFIANE|SPDE-ETAS|||relative_plus_offset|2.754377419|synthetic|synthetic_data_case_01_patches|synthetic_earthquake|168.4148143|0.254377419|0|213|0
285|2015-06-19T14:23:22.822080|2.599892915|2.562037749|0.0|SOFIANE|SPDE-ETAS|||relative_plus_offset|3.0460655894|synthetic|synthetic_data_case_01_patches|synthetic_earthquake|169.5995697|0.5460655894|196|144|3
286|2015-06-21T04:10:04.742399|3.583742554|0.04258083202|0.0|SOFIANE|SPDE-ETAS|||relative_plus_offset|3.2542844457999998|synthetic|synthetic_data_case_01_patches|synthetic_earthquake|171.173666|0.7542844458|0|214|0
287|2015-06-21T19:17:39.405120|2.480902092|0.7530193445|0.0|SOFIANE|SPDE-ETAS|||relative_plus_offset|2.7439729207|synthetic|synthetic_data_case_01_patches|synthetic_earthquake|171.8039283|0.2439729207|0|215|0
288|2015-06-21T20:39:24.816960|2.500403868|0.767680001|0.0|SOFIANE|SPDE-ETAS|||relative_plus_offset|2.6189003977|synthetic|synthetic_data_case_01_patches|synthetic_earthquake|171.8607039|0.1189003977|287|215|1
289|2015-06-22T07:15:21.467520|3.237484781|3.203803772|0.0|SOFIANE|SPDE-ETAS|||relative_plus_offset|2.56190262628|synthetic|synthetic_data_case_01_patches|synthetic_earthquake|172.3023318|0.06190262628|0|216|0
290|2015-06-22T09:20:29.558400|4.380306807|2.11636128|0.0|SOFIANE|SPDE-ETAS|||relative_plus_offset|2.8791423118|synthetic|synthetic_data_case_01_patches|synthetic_earthquake|172.389231|0.3791423118|0|217|0
291|2015-06-23T04:45:12.660480|4.982281544|2.898926666|0.0|SOFIANE|SPDE-ETAS|||relative_plus_offset|3.557373072|synthetic|synthetic_data_case_01_patches|synthetic_earthquake|173.1980632|1.057373072|0|218|0
292|2015-06-23T05:03:56.439360|4.960062341|2.894903194|0.0|SOFIANE|SPDE-ETAS|||relative_plus_offset|3.0969300768|synthetic|synthetic_data_case_01_patches|synthetic_earthquake|173.2110699|0.5969300768|291|218|1
293|2015-06-23T06:47:24.236160|4.316070119|0.428413479|0.0|SOFIANE|SPDE-ETAS|||relative_plus_offset|3.4432803171|synthetic|synthetic_data_case_01_patches|synthetic_earthquake|173.2829194|0.9432803171|192|150|2
294|2015-06-23T23:27:00.567360|0.007657286264|4.123418569|0.0|SOFIANE|SPDE-ETAS|||relative_plus_offset|2.9355324813|synthetic|synthetic_data_case_01_patches|synthetic_earthquake|173.9770899|0.4355324813|0|219|0
295|2015-06-24T02:46:41.612160|1.927449559|1.168923282|0.0|SOFIANE|SPDE-ETAS|||relative_plus_offset|2.53082082824|synthetic|synthetic_data_case_01_patches|synthetic_earthquake|174.1157594|0.03082082824|0|220|0
296|2015-06-24T04:14:44.496960|1.064009531|2.51468169|0.0|SOFIANE|SPDE-ETAS|||relative_plus_offset|2.9446130202|synthetic|synthetic_data_case_01_patches|synthetic_earthquake|174.1769039|0.4446130202|0|221|0
297|2015-06-24T05:53:11.077440|1.069563852|2.505747271|0.0|SOFIANE|SPDE-ETAS|||relative_plus_offset|3.1836462053|synthetic|synthetic_data_case_01_patches|synthetic_earthquake|174.2452671|0.6836462053|296|221|1
298|2015-06-24T06:14:53.980800|1.197215229|2.449461887|0.0|SOFIANE|SPDE-ETAS|||relative_plus_offset|2.8498896945|synthetic|synthetic_data_case_01_patches|synthetic_earthquake|174.260347|0.3498896945|297|221|2
299|2015-06-24T06:38:11.552640|4.674745778|4.337455399|0.0|SOFIANE|SPDE-ETAS|||relative_plus_offset|2.8228275117|synthetic|synthetic_data_case_01_patches|synthetic_earthquake|174.2765226|0.3228275117|0|222|0
300|2015-06-26T21:10:10.096320|3.705434411|2.26570573|0.0|SOFIANE|SPDE-ETAS|||relative_plus_offset|3.3595712261|synthetic|synthetic_data_case_01_patches|synthetic_earthquake|176.8820613|0.8595712261|0|223|0
301|2015-06-28T03:04:12.434880|3.691350647|1.546141164|0.0|SOFIANE|SPDE-ETAS|||relative_plus_offset|2.6282762334|synthetic|synthetic_data_case_01_patches|synthetic_earthquake|178.1279217|0.1282762334|0|224|0
302|2015-06-28T13:06:00.714240|0.2212161569|1.178485455|0.0|SOFIANE|SPDE-ETAS|||relative_plus_offset|2.8450517805|synthetic|synthetic_data_case_01_patches|synthetic_earthquake|178.5458416|0.3450517805|0|225|0
303|2015-06-29T02:30:27.702720|3.959660439|1.051927225|0.0|SOFIANE|SPDE-ETAS|||relative_plus_offset|2.9051144662|synthetic|synthetic_data_case_01_patches|synthetic_earthquake|179.1044873|0.4051144662|0|226|0
304|2015-06-29T17:50:39.488640|2.063369817|1.011941374|0.0|SOFIANE|SPDE-ETAS|||relative_plus_offset|3.353886601|synthetic|synthetic_data_case_01_patches|synthetic_earthquake|179.7435126|0.853886601|0|227|0
305|2015-06-29T23:43:39.325440|0.01983817422|1.712252372|0.0|SOFIANE|SPDE-ETAS|||relative_plus_offset|2.6835155173|synthetic|synthetic_data_case_01_patches|synthetic_earthquake|179.9886496|0.1835155173|0|228|0
306|2015-06-30T11:54:16.974720|4.387211516|2.125026721|0.0|SOFIANE|SPDE-ETAS|||relative_plus_offset|2.7410559863|synthetic|synthetic_data_case_01_patches|synthetic_earthquake|180.4960298|0.2410559863|290|217|1
307|2015-06-30T15:02:26.638079|2.148786766|1.256951069|0.0|SOFIANE|SPDE-ETAS|||relative_plus_offset|2.7965525399|synthetic|synthetic_data_case_01_patches|synthetic_earthquake|180.6266972|0.2965525399|0|229|0
308|2015-07-01T18:43:00.465600|2.171011718|1.13570099|0.0|SOFIANE|SPDE-ETAS|||relative_plus_offset|2.7925540133|synthetic|synthetic_data_case_01_patches|synthetic_earthquake|181.7798665|0.2925540133|0|230|0
309|2015-07-01T23:07:43.559040|3.162625911|3.139622568|0.0|SOFIANE|SPDE-ETAS|||relative_plus_offset|2.7613677453|synthetic|synthetic_data_case_01_patches|synthetic_earthquake|181.9636986|0.2613677453|0|231|0
310|2015-07-02T00:11:40.384320|3.160750835|3.080625541|0.0|SOFIANE|SPDE-ETAS|||relative_plus_offset|2.637981287|synthetic|synthetic_data_case_01_patches|synthetic_earthquake|182.0081063|0.137981287|309|231|1
311|2015-07-02T10:41:07.146240|4.748549171|2.280365724|0.0|SOFIANE|SPDE-ETAS|||relative_plus_offset|2.953391896|synthetic|synthetic_data_case_01_patches|synthetic_earthquake|182.4452216|0.453391896|0|232|0
312|2015-07-02T18:18:51.503040|3.42800202|4.641327263|0.0|SOFIANE|SPDE-ETAS|||relative_plus_offset|3.590227487|synthetic|synthetic_data_case_01_patches|synthetic_earthquake|182.7630961|1.090227487|0|233|0
313|2015-07-02T20:30:09.031680|3.433587983|4.649766165|0.0|SOFIANE|SPDE-ETAS|||relative_plus_offset|2.6082945233|synthetic|synthetic_data_case_01_patches|synthetic_earthquake|182.8542712|0.1082945233|312|233|1
314|2015-07-03T15:57:08.974080|2.501443149|0.3009565623|0.0|SOFIANE|SPDE-ETAS|||relative_plus_offset|3.4593013656|synthetic|synthetic_data_case_01_patches|synthetic_earthquake|183.6646872|0.9593013656|0|234|0
315|2015-07-03T17:22:55.139520|0.2251893959|1.160062082|0.0|SOFIANE|SPDE-ETAS|||relative_plus_offset|2.8623607422|synthetic|synthetic_data_case_01_patches|synthetic_earthquake|183.7242493|0.3623607422|302|225|1
316|2015-07-05T09:01:49.900800|3.482154932|1.201443773|0.0|SOFIANE|SPDE-ETAS|||relative_plus_offset|2.6995206606|synthetic|synthetic_data_case_01_patches|synthetic_earthquake|185.376272|0.1995206606|0|235|0
317|2015-07-07T00:27:37.229760|2.209241517|0.4576050226|0.0|SOFIANE|SPDE-ETAS|||relative_plus_offset|3.606547179|synthetic|synthetic_data_case_01_patches|synthetic_earthquake|187.0191809|1.106547179|0|236|0
318|2015-07-07T07:37:50.672640|2.188276077|0.4505059762|0.0|SOFIANE|SPDE-ETAS|||relative_plus_offset|3.0057219931|synthetic|synthetic_data_case_01_patches|synthetic_earthquake|187.3179476|0.5057219931|317|236|1
319|2015-07-07T11:17:28.798080|4.655547905|0.6076737|0.0|SOFIANE|SPDE-ETAS|||relative_plus_offset|2.53965037342|synthetic|synthetic_data_case_01_patches|synthetic_earthquake|187.4704722|0.03965037342|0|237|0
320|2015-07-07T14:51:06.782400|4.215259921|2.557642707|0.0|SOFIANE|SPDE-ETAS|||relative_plus_offset|2.8065254404|synthetic|synthetic_data_case_01_patches|synthetic_earthquake|187.6188285|0.3065254404|0|238|0
321|2015-07-08T00:31:03.198719|2.371799853|1.949535306|0.0|SOFIANE|SPDE-ETAS|||relative_plus_offset|3.192666002|synthetic|synthetic_data_case_01_patches|synthetic_earthquake|188.0215648|0.692666002|0|239|0
322|2015-07-08T15:24:19.572480|0.8513649256|2.568933141|0.0|SOFIANE|SPDE-ETAS|||relative_plus_offset|2.51574856605|synthetic|synthetic_data_case_01_patches|synthetic_earthquake|188.6418932|0.01574856605|217|160|2
323|2015-07-09T09:31:12.149759|0.4809449217|3.903588551|0.0|SOFIANE|SPDE-ETAS|||relative_plus_offset|2.504999238056|synthetic|synthetic_data_case_01_patches|synthetic_earthquake|189.3966684|0.004999238056|0|240|0
324|2015-07-09T22:11:17.093760|1.450888988|1.570664509|0.0|SOFIANE|SPDE-ETAS|||relative_plus_offset|2.9166876864|synthetic|synthetic_data_case_01_patches|synthetic_earthquake|189.9245034|0.4166876864|0|241|0
325|2015-07-10T13:09:58.003200|4.665225703|0.6003150653|0.0|SOFIANE|SPDE-ETAS|||relative_plus_offset|3.0053105083|synthetic|synthetic_data_case_01_patches|synthetic_earthquake|190.548588|0.5053105083|319|237|1
326|2015-07-11T17:31:24.104640|1.915651589|1.637950434|0.0|SOFIANE|SPDE-ETAS|||relative_plus_offset|2.7470400884|synthetic|synthetic_data_case_01_patches|synthetic_earthquake|191.7301401|0.2470400884|0|242|0
327|2015-07-12T02:45:30.375360|1.919011516|1.637451961|0.0|SOFIANE|SPDE-ETAS|||relative_plus_offset|3.783898638|synthetic|synthetic_data_case_01_patches|synthetic_earthquake|192.1149349|1.283898638|326|242|1
328|2015-07-12T16:06:20.603520|3.649172664|3.74115451|0.0|SOFIANE|SPDE-ETAS|||relative_plus_offset|2.59376350141|synthetic|synthetic_data_case_01_patches|synthetic_earthquake|192.6710718|0.09376350141|0|243|0
329|2015-07-13T09:54:02.911680|3.174425249|0.2267796679|0.0|SOFIANE|SPDE-ETAS|||relative_plus_offset|2.6843114204|synthetic|synthetic_data_case_01_patches|synthetic_earthquake|193.4125337|0.1843114204|0|244|0
330|2015-07-14T11:01:04.226880|2.965519303|2.298392079|0.0|SOFIANE|SPDE-ETAS|||relative_plus_offset|2.52670090585|synthetic|synthetic_data_case_01_patches|synthetic_earthquake|194.4590767|0.02670090585|0|245|0
331|2015-07-16T19:46:24.908160|4.933841185|1.634464095|0.0|SOFIANE|SPDE-ETAS|||relative_plus_offset|2.508750070592|synthetic|synthetic_data_case_01_patches|synthetic_earthquake|196.8238994|0.008750070592|0|246|0
332|2015-07-18T03:30:35.930880|4.714643212|1.129654155|0.0|SOFIANE|SPDE-ETAS|||relative_plus_offset|2.6657492662|synthetic|synthetic_data_case_01_patches|synthetic_earthquake|198.1462492|0.1657492662|0|247|0
333|2015-07-18T04:44:37.158720|2.283771577|2.193441751|0.0|SOFIANE|SPDE-ETAS|||relative_plus_offset|2.8314421262|synthetic|synthetic_data_case_01_patches|synthetic_earthquake|198.1976523|0.3314421262|0|248|0
334|2015-07-18T21:44:12.531840|1.722509812|4.441102171|0.0|SOFIANE|SPDE-ETAS|||relative_plus_offset|3.0194066128|synthetic|synthetic_data_case_01_patches|synthetic_earthquake|198.9057006|0.5194066128|0|249|0
335|2015-07-20T13:08:32.138880|3.519342189|2.89727607|0.0|SOFIANE|SPDE-ETAS|||relative_plus_offset|2.52914795808|synthetic|synthetic_data_case_01_patches|synthetic_earthquake|200.5475942|0.02914795808|0|250|0
336|2015-07-20T19:25:42.476160|3.705438116|3.401931965|0.0|SOFIANE|SPDE-ETAS|||relative_plus_offset|2.58789944224|synthetic|synthetic_data_case_01_patches|synthetic_earthquake|200.8095194|0.08789944224|0|251|0
337|2015-07-21T02:16:00.514560|2.174121915|1.466085763|0.0|SOFIANE|SPDE-ETAS|||relative_plus_offset|2.6128053574|synthetic|synthetic_data_case_01_patches|synthetic_earthquake|201.0944504|0.1128053574|0|252|0
338|2015-07-22T14:41:12.203520|3.387406722|2.507912027|0.0|SOFIANE|SPDE-ETAS|||relative_plus_offset|2.9050956338000002|synthetic|synthetic_data_case_01_patches|synthetic_earthquake|202.6119468|0.4050956338|0|253|0
339|2015-07-22T19:56:19.590720|3.07960902|3.090305817|0.0|SOFIANE|SPDE-ETAS|||relative_plus_offset|2.57368484474|synthetic|synthetic_data_case_01_patches|synthetic_earthquake|202.8307823|0.07368484474|0|254|0
340|2015-07-23T01:10:41.687040|1.783189116|0.4829628342|0.0|SOFIANE|SPDE-ETAS|||relative_plus_offset|2.50750123305|synthetic|synthetic_data_case_01_patches|synthetic_earthquake|203.0490936|0.00750123305|0|255|0
341|2015-07-23T09:56:48.903360|4.111205401|2.471947332|0.0|SOFIANE|SPDE-ETAS|||relative_plus_offset|2.6700588151|synthetic|synthetic_data_case_01_patches|synthetic_earthquake|203.4144549|0.1700588151|0|256|0
342|2015-07-25T20:04:14.427840|1.686380204|3.223462494|0.0|SOFIANE|SPDE-ETAS|||relative_plus_offset|2.53189812498|synthetic|synthetic_data_case_01_patches|synthetic_earthquake|205.8362781|0.03189812498|0|257|0
343|2015-07-26T11:12:03.441600|1.994564089|2.117824601|0.0|SOFIANE|SPDE-ETAS|||relative_plus_offset|2.7648985733|synthetic|synthetic_data_case_01_patches|synthetic_earthquake|206.4667065|0.2648985733|0|258|0
344|2015-07-26T12:57:42.600960|3.81523899|2.244231207|0.0|SOFIANE|SPDE-ETAS|||relative_plus_offset|2.57604221142|synthetic|synthetic_data_case_01_patches|synthetic_earthquake|206.5400764|0.07604221142|0|259|0
345|2015-07-27T03:38:06.273600|0.867270283|3.05731755|0.0|SOFIANE|SPDE-ETAS|||relative_plus_offset|2.9464530067|synthetic|synthetic_data_case_01_patches|synthetic_earthquake|207.1514615|0.4464530067|0|260|0
346|2015-07-27T05:19:59.548800|0.8331979194|3.056181485|0.0|SOFIANE|SPDE-ETAS|||relative_plus_offset|3.767510799|synthetic|synthetic_data_case_01_patches|synthetic_earthquake|207.222217|1.267510799|345|260|1
347|2015-07-27T10:22:09.923520|3.084062505|4.408768638|0.0|SOFIANE|SPDE-ETAS|||relative_plus_offset|3.1839545535|synthetic|synthetic_data_case_01_patches|synthetic_earthquake|207.4320593|0.6839545535|0|261|0
348|2015-07-27T10:44:50.593920|3.104652348|4.425607192|0.0|SOFIANE|SPDE-ETAS|||relative_plus_offset|3.0548344589000003|synthetic|synthetic_data_case_01_patches|synthetic_earthquake|207.4478078|0.5548344589|347|261|1
349|2015-07-27T11:02:13.804800|3.079811714|4.423349559|0.0|SOFIANE|SPDE-ETAS|||relative_plus_offset|2.8049077955|synthetic|synthetic_data_case_01_patches|synthetic_earthquake|207.459882|0.3049077955|347|261|1
350|2015-07-28T00:17:49.511040|0.8710577835|3.012844232|0.0|SOFIANE|SPDE-ETAS|||relative_plus_offset|2.6785570286000002|synthetic|synthetic_data_case_01_patches|synthetic_earthquake|208.0123786|0.1785570286|345|260|1
351|2015-07-28T19:53:24.648000|3.737348826|1.016487772|0.0|SOFIANE|SPDE-ETAS|||relative_plus_offset|2.85981775|synthetic|synthetic_data_case_01_patches|synthetic_earthquake|208.8287575|0.35981775|0|262|0
352|2015-07-29T03:55:40.690559|4.174065247|1.568332796|0.0|SOFIANE|SPDE-ETAS|||relative_plus_offset|2.8475620744|synthetic|synthetic_data_case_01_patches|synthetic_earthquake|209.1636654|0.3475620744|0|263|0
353|2015-07-29T05:15:41.333760|0.8697517038|3.016939563|0.0|SOFIANE|SPDE-ETAS|||relative_plus_offset|2.5928902323|synthetic|synthetic_data_case_01_patches|synthetic_earthquake|209.2192284|0.0928902323|350|260|2
354|2015-07-30T22:21:38.093760|3.401685154|3.532372482|0.0|SOFIANE|SPDE-ETAS|||relative_plus_offset|3.2256270343|synthetic|synthetic_data_case_01_patches|synthetic_earthquake|210.9316909|0.7256270343|0|264|0
355|2015-08-01T14:32:55.982400|3.037697024|2.631679645|0.0|SOFIANE|SPDE-ETAS|||relative_plus_offset|2.9427837038|synthetic|synthetic_data_case_01_patches|synthetic_earthquake|212.6062035|0.4427837038|0|265|0
356|2015-08-02T22:04:34.400640|3.597711941|0.3316232167|0.0|SOFIANE|SPDE-ETAS|||relative_plus_offset|2.54363446191|synthetic|synthetic_data_case_01_patches|synthetic_earthquake|213.9198426|0.04363446191|0|266|0
357|2015-08-03T01:06:39.853440|1.881028821|1.211872122|0.0|SOFIANE|SPDE-ETAS|||relative_plus_offset|2.51843338354|synthetic|synthetic_data_case_01_patches|synthetic_earthquake|214.0462946|0.01843338354|0|267|0
358|2015-08-03T14:43:57.192960|4.908283201|4.303741874|0.0|SOFIANE|SPDE-ETAS|||relative_plus_offset|2.6039024339|synthetic|synthetic_data_case_01_patches|synthetic_earthquake|214.6138564|0.1039024339|0|268|0
359|2015-08-04T06:22:02.447040|2.131445383|1.099425068|0.0|SOFIANE|SPDE-ETAS|||relative_plus_offset|2.7838378166|synthetic|synthetic_data_case_01_patches|synthetic_earthquake|215.2653061|0.2838378166|0|269|0
360|2015-08-04T09:33:45.043200|0.395162879|3.859641232|0.0|SOFIANE|SPDE-ETAS|||relative_plus_offset|3.693506139|synthetic|synthetic_data_case_01_patches|synthetic_earthquake|215.398438|1.193506139|0|270|0
361|2015-08-04T09:44:22.303680|0.4098332609|3.851467863|0.0|SOFIANE|SPDE-ETAS|||relative_plus_offset|3.502245581|synthetic|synthetic_data_case_01_patches|synthetic_earthquake|215.4058137|1.002245581|360|270|1
362|2015-08-04T12:58:40.558080|4.700600349|2.50918064|0.0|SOFIANE|SPDE-ETAS|||relative_plus_offset|4.3977985010000005|synthetic|synthetic_data_case_01_patches|synthetic_earthquake|215.5407472|1.897798501|0|271|0
363|2015-08-04T13:06:36.924480|4.758084622|2.521434909|0.0|SOFIANE|SPDE-ETAS|||relative_plus_offset|2.867276286|synthetic|synthetic_data_case_01_patches|synthetic_earthquake|215.5462607|0.367276286|362|271|1
364|2015-08-04T13:18:42.053760|4.669091462|2.468934435|0.0|SOFIANE|SPDE-ETAS|||relative_plus_offset|2.9897918685000002|synthetic|synthetic_data_case_01_patches|synthetic_earthquake|215.5546534|0.4897918685|362|271|1
365|2015-08-04T13:45:14.466240|4.047258482|0.627925231|0.0|SOFIANE|SPDE-ETAS|||relative_plus_offset|2.6928026254|synthetic|synthetic_data_case_01_patches|synthetic_earthquake|215.5730841|0.1928026254|0|272|0
366|2015-08-04T16:22:14.278080|2.117744424|1.072329093|0.0|SOFIANE|SPDE-ETAS|||relative_plus_offset|2.7406230254|synthetic|synthetic_data_case_01_patches|synthetic_earthquake|215.6821097|0.2406230254|359|269|1
367|2015-08-04T16:29:38.028480|0.4141675757|3.848308296|0.0|SOFIANE|SPDE-ETAS|||relative_plus_offset|2.8662299945|synthetic|synthetic_data_case_01_patches|synthetic_earthquake|215.6872457|0.3662299945|360|270|1
368|2015-08-04T20:25:49.062720|4.70530982|2.430807781|0.0|SOFIANE|SPDE-ETAS|||relative_plus_offset|4.6433470450000005|synthetic|synthetic_data_case_01_patches|synthetic_earthquake|215.8512623|2.143347045|362|271|1
369|2015-08-04T21:58:42.847680|4.691129994|2.425663235|0.0|SOFIANE|SPDE-ETAS|||relative_plus_offset|2.56489667598|synthetic|synthetic_data_case_01_patches|synthetic_earthquake|215.9157737|0.06489667598|368|271|2
370|2015-08-05T03:49:09.739200|4.689526906|2.431790994|0.0|SOFIANE|SPDE-ETAS|||relative_plus_offset|3.393099317|synthetic|synthetic_data_case_01_patches|synthetic_earthquake|216.1591405|0.893099317|369|271|3
371|2015-08-05T06:07:44.417280|4.66869788|2.435646433|0.0|SOFIANE|SPDE-ETAS|||relative_plus_offset|3.0711348722|synthetic|synthetic_data_case_01_patches|synthetic_earthquake|216.2553752|0.5711348722|370|271|4
372|2015-08-05T08:02:44.234880|4.698951302|2.447562391|0.0|SOFIANE|SPDE-ETAS|||relative_plus_offset|2.6306695387|synthetic|synthetic_data_case_01_patches|synthetic_earthquake|216.3352342|0.1306695387|369|271|3
373|2015-08-05T13:11:02.224320|4.08116321|2.816037111|0.0|SOFIANE|SPDE-ETAS|||relative_plus_offset|3.2238632354|synthetic|synthetic_data_case_01_patches|synthetic_earthquake|216.5493313|0.7238632354|0|273|0
374|2015-08-05T13:37:42.723840|3.063929437|1.410629545|0.0|SOFIANE|SPDE-ETAS|||relative_plus_offset|2.9868752552|synthetic|synthetic_data_case_01_patches|synthetic_earthquake|216.5678556|0.4868752552|0|274|0
375|2015-08-05T13:41:26.491200|2.998773025|1.366858489|0.0|SOFIANE|SPDE-ETAS|||relative_plus_offset|2.7622250562|synthetic|synthetic_data_case_01_patches|synthetic_earthquake|216.5704455|0.2622250562|374|274|1
376|2015-08-05T21:42:31.789440|0.4105495006|3.834214761|0.0|SOFIANE|SPDE-ETAS|||relative_plus_offset|4.4524293010000005|synthetic|synthetic_data_case_01_patches|synthetic_earthquake|216.9045346|1.952429301|360|270|1
377|2015-08-05T23:07:43.256640|0.3215856195|3.872445378|0.0|SOFIANE|SPDE-ETAS|||relative_plus_offset|3.0425968243|synthetic|synthetic_data_case_01_patches|synthetic_earthquake|216.9636951|0.5425968243|376|270|2
378|2015-08-05T23:25:56.778240|0.2475222985|3.768890002|0.0|SOFIANE|SPDE-ETAS|||relative_plus_offset|2.7945388402|synthetic|synthetic_data_case_01_patches|synthetic_earthquake|216.9763516|0.2945388402|376|270|2
379|2015-08-05T23:49:25.435200|4.545621569|1.267631621|0.0|SOFIANE|SPDE-ETAS|||relative_plus_offset|2.53154008862|synthetic|synthetic_data_case_01_patches|synthetic_earthquake|216.9926555|0.03154008862|0|275|0
380|2015-08-05T23:52:46.306560|0.4085550287|3.811603154|0.0|SOFIANE|SPDE-ETAS|||relative_plus_offset|3.3489315315|synthetic|synthetic_data_case_01_patches|synthetic_earthquake|216.9949804|0.8489315315|376|270|2
381|2015-08-06T05:04:08.129280|4.683544955|2.524671291|0.0|SOFIANE|SPDE-ETAS|||relative_plus_offset|2.55697273818|synthetic|synthetic_data_case_01_patches|synthetic_earthquake|217.2112052|0.05697273818|362|271|1
382|2015-08-06T15:57:11.004480|0.5129395881|3.079018626|0.0|SOFIANE|SPDE-ETAS|||relative_plus_offset|2.56088911231|synthetic|synthetic_data_case_01_patches|synthetic_earthquake|217.6647107|0.06088911231|0|276|0
383|2015-08-07T03:56:25.886399|2.100434172|1.082031279|0.0|SOFIANE|SPDE-ETAS|||relative_plus_offset|2.6687594909|synthetic|synthetic_data_case_01_patches|synthetic_earthquake|218.1641885|0.1687594909|366|269|2
384|2015-08-07T14:50:13.776000|1.28914702|1.704852504|0.0|SOFIANE|SPDE-ETAS|||relative_plus_offset|2.8758042071|synthetic|synthetic_data_case_01_patches|synthetic_earthquake|218.618215|0.3758042071|0|277|0
385|2015-08-07T16:34:30.120960|4.716842962|2.395368335|0.0|SOFIANE|SPDE-ETAS|||relative_plus_offset|2.51223897083|synthetic|synthetic_data_case_01_patches|synthetic_earthquake|218.6906264|0.01223897083|368|271|2
386|2015-08-08T13:30:13.227840|4.784430872|2.480849261|0.0|SOFIANE|SPDE-ETAS|||relative_plus_offset|2.57800141005|synthetic|synthetic_data_case_01_patches|synthetic_earthquake|219.5626531|0.07800141005|362|271|1
387|2015-08-09T12:10:56.035200|4.310929122|4.070970555|0.0|SOFIANE|SPDE-ETAS|||relative_plus_offset|3.52616694|synthetic|synthetic_data_case_01_patches|synthetic_earthquake|220.507593|1.02616694|0|278|0
388|2015-08-10T10:23:21.307200|4.674721501|2.511303463|0.0|SOFIANE|SPDE-ETAS|||relative_plus_offset|2.8027618827|synthetic|synthetic_data_case_01_patches|synthetic_earthquake|221.4328855|0.3027618827|381|271|2
389|2015-08-10T19:25:22.846080|2.549584906|0.1908544367|0.0|SOFIANE|SPDE-ETAS|||relative_plus_offset|2.6036495329|synthetic|synthetic_data_case_01_patches|synthetic_earthquake|221.8092922|0.1036495329|0|279|0
390|2015-08-11T10:50:48.704640|2.555294245|0.1858855433|0.0|SOFIANE|SPDE-ETAS|||relative_plus_offset|2.6359981453|synthetic|synthetic_data_case_01_patches|synthetic_earthquake|222.4519526|0.1359981453|389|279|1
391|2015-08-12T00:10:02.804160|4.709391787|2.505533663|0.0|SOFIANE|SPDE-ETAS|||relative_plus_offset|3.1286595748|synthetic|synthetic_data_case_01_patches|synthetic_earthquake|223.0069769|0.6286595748|362|271|1
392|2015-08-12T00:12:03.435840|4.709114541|2.499705816|0.0|SOFIANE|SPDE-ETAS|||relative_plus_offset|3.2030969473999997|synthetic|synthetic_data_case_01_patches|synthetic_earthquake|223.0083731|0.7030969474|391|271|2
393|2015-08-12T11:13:23.715840|4.704853146|2.491868985|0.0|SOFIANE|SPDE-ETAS|||relative_plus_offset|2.54873270792|synthetic|synthetic_data_case_01_patches|synthetic_earthquake|223.4676356|0.04873270792|392|271|3
394|2015-08-13T08:52:47.308800|1.592290414|1.150918854|0.0|SOFIANE|SPDE-ETAS|||relative_plus_offset|3.4345276283|synthetic|synthetic_data_case_01_patches|synthetic_earthquake|224.369992|0.9345276283|0|280|0
395|2015-08-14T03:11:20.356800|4.23559952|1.160473463|0.0|SOFIANE|SPDE-ETAS|||relative_plus_offset|2.6490322986|synthetic|synthetic_data_case_01_patches|synthetic_earthquake|225.1328745|0.1490322986|0|281|0
396|2015-08-14T18:46:12.411839|4.227909551|1.17673662|0.0|SOFIANE|SPDE-ETAS|||relative_plus_offset|2.9254279514|synthetic|synthetic_data_case_01_patches|synthetic_earthquake|225.7820881|0.4254279514|395|281|1
397|2015-08-15T04:26:34.679040|2.27800067|1.158883804|0.0|SOFIANE|SPDE-ETAS|||relative_plus_offset|2.7188864734|synthetic|synthetic_data_case_01_patches|synthetic_earthquake|226.1851236|0.2188864734|0|282|0
398|2015-08-16T17:46:02.550720|0.9319503199|2.717267957|0.0|SOFIANE|SPDE-ETAS|||relative_plus_offset|2.7441849004|synthetic|synthetic_data_case_01_patches|synthetic_earthquake|227.7403073|0.2441849004|0|283|0
399|2015-08-17T04:29:13.801920|0.4414209687|3.842240261|0.0|SOFIANE|SPDE-ETAS|||relative_plus_offset|3.872777041|synthetic|synthetic_data_case_01_patches|synthetic_earthquake|228.1869653|1.372777041|376|270|2
400|2015-08-17T07:33:31.265280|4.596205258|0.6589602233|0.0|SOFIANE|SPDE-ETAS|||relative_plus_offset|4.1273884|synthetic|synthetic_data_case_01_patches|synthetic_earthquake|228.3149452|1.6273884|0|284|0
401|2015-08-17T07:45:33.016320|4.611158045|0.6562054701|0.0|SOFIANE|SPDE-ETAS|||relative_plus_offset|2.7262615102|synthetic|synthetic_data_case_01_patches|synthetic_earthquake|228.3232988|0.2262615102|400|284|1
402|2015-08-17T10:50:56.230080|4.570753202|0.6754392175|0.0|SOFIANE|SPDE-ETAS|||relative_plus_offset|3.2509787302|synthetic|synthetic_data_case_01_patches|synthetic_earthquake|228.4520397|0.7509787302|400|284|1
403|2015-08-17T11:28:45.707520|4.66711163|2.433219286|0.0|SOFIANE|SPDE-ETAS|||relative_plus_offset|2.9503028261|synthetic|synthetic_data_case_01_patches|synthetic_earthquake|228.4783068|0.4503028261|368|271|2
404|2015-08-17T12:45:08.026559|4.597156682|0.6785211318|0.0|SOFIANE|SPDE-ETAS|||relative_plus_offset|2.6894810851|synthetic|synthetic_data_case_01_patches|synthetic_earthquake|228.5313429|0.1894810851|402|284|2
405|2015-08-17T14:33:36.737280|4.576511721|0.672602963|0.0|SOFIANE|SPDE-ETAS|||relative_plus_offset|3.679679391|synthetic|synthetic_data_case_01_patches|synthetic_earthquake|228.6066752|1.179679391|400|284|1
406|2015-08-17T14:52:28.335360|3.034978991|4.009799842|0.0|SOFIANE|SPDE-ETAS|||relative_plus_offset|3.1128498949|synthetic|synthetic_data_case_01_patches|synthetic_earthquake|228.6197724|0.6128498949|0|285|0
407|2015-08-17T16:25:41.050560|4.634467053|0.6637706918|0.0|SOFIANE|SPDE-ETAS|||relative_plus_offset|3.5652506170000002|synthetic|synthetic_data_case_01_patches|synthetic_earthquake|228.6845029|1.065250617|400|284|1
408|2015-08-17T17:29:53.678399|4.57106652|0.7180069389|0.0|SOFIANE|SPDE-ETAS|||relative_plus_offset|3.4792059892|synthetic|synthetic_data_case_01_patches|synthetic_earthquake|228.7290935|0.9792059892|405|284|2
409|2015-08-17T20:51:44.789760|0.4114013381|3.793767901|0.0|SOFIANE|SPDE-ETAS|||relative_plus_offset|2.6608272496|synthetic|synthetic_data_case_01_patches|synthetic_earthquake|228.8692684|0.1608272496|376|270|2
410|2015-08-18T05:00:39.542400|2.541307307|0.8125637663|0.0|SOFIANE|SPDE-ETAS|||relative_plus_offset|2.56805593938|synthetic|synthetic_data_case_01_patches|synthetic_earthquake|229.208791|0.06805593938|0|286|0
411|2015-08-18T05:56:13.122240|4.598516429|0.6734552209|0.0|SOFIANE|SPDE-ETAS|||relative_plus_offset|2.8580613251|synthetic|synthetic_data_case_01_patches|synthetic_earthquake|229.2473741|0.3580613251|405|284|2
412|2015-08-18T10:10:07.248000|2.241913298|1.145503117|0.0|SOFIANE|SPDE-ETAS|||relative_plus_offset|3.004051211|synthetic|synthetic_data_case_01_patches|synthetic_earthquake|229.423695|0.504051211|0|287|0
413|2015-08-18T11:43:48.112320|2.251949787|1.139859858|0.0|SOFIANE|SPDE-ETAS|||relative_plus_offset|3.2823732558|synthetic|synthetic_data_case_01_patches|synthetic_earthquake|229.4887513|0.7823732558|412|287|1
414|2015-08-19T06:12:31.282560|1.913293959|1.583127236|0.0|SOFIANE|SPDE-ETAS|||relative_plus_offset|3.4060807109|synthetic|synthetic_data_case_01_patches|synthetic_earthquake|230.2586954|0.9060807109|327|242|2
415|2015-08-19T20:41:42.357120|1.959818783|1.958912544|0.0|SOFIANE|SPDE-ETAS|||relative_plus_offset|3.0534653163|synthetic|synthetic_data_case_01_patches|synthetic_earthquake|230.8622958|0.5534653163|0|288|0
416|2015-08-20T01:04:53.356800|2.357868495|2.990947994|0.0|SOFIANE|SPDE-ETAS|||relative_plus_offset|3.3404743310000002|synthetic|synthetic_data_case_01_patches|synthetic_earthquake|231.045062|0.840474331|0|289|0
417|2015-08-20T11:53:54.683520|1.90504346|1.596977645|0.0|SOFIANE|SPDE-ETAS|||relative_plus_offset|3.2651718591|synthetic|synthetic_data_case_01_patches|synthetic_earthquake|231.4957718|0.7651718591|414|242|3
418|2015-08-20T12:02:39.312960|1.919793836|1.593868838|0.0|SOFIANE|SPDE-ETAS|||relative_plus_offset|2.943334406|synthetic|synthetic_data_case_01_patches|synthetic_earthquake|231.5018439|0.443334406|417|242|4
419|2015-08-22T09:22:52.472640|2.661897599|0.2189753202|0.0|SOFIANE|SPDE-ETAS|||relative_plus_offset|2.7185666487|synthetic|synthetic_data_case_01_patches|synthetic_earthquake|233.3908851|0.2185666487|0|290|0
420|2015-08-22T16:26:37.582080|4.364645485|1.627385823|0.0|SOFIANE|SPDE-ETAS|||relative_plus_offset|2.8049880939|synthetic|synthetic_data_case_01_patches|synthetic_earthquake|233.6851572|0.3049880939|0|291|0
421|2015-08-23T04:11:41.830080|1.771237146|0.8917773008|0.0|SOFIANE|SPDE-ETAS|||relative_plus_offset|4.278674878|synthetic|synthetic_data_case_01_patches|synthetic_earthquake|234.1747897|1.778674878|0|292|0
422|2015-08-23T04:12:19.716480|1.794394317|0.9070140549|0.0|SOFIANE|SPDE-ETAS|||relative_plus_offset|3.945053553|synthetic|synthetic_data_case_01_patches|synthetic_earthquake|234.1752282|1.445053553|421|292|1
423|2015-08-23T04:42:03.643200|1.768733624|0.8949976951|0.0|SOFIANE|SPDE-ETAS|||relative_plus_offset|5.000893889|synthetic|synthetic_data_case_01_patches|synthetic_earthquake|234.1958755|2.500893889|421|292|1
424|2015-08-23T04:45:33.240960|1.74741414|0.9878286368|0.0|SOFIANE|SPDE-ETAS|||relative_plus_offset|3.2477066732999997|synthetic|synthetic_data_case_01_patches|synthetic_earthquake|234.1983014|0.7477066733|423|292|2
425|2015-08-23T04:46:25.055040|1.771795524|0.9010388666|0.0|SOFIANE|SPDE-ETAS|||relative_plus_offset|2.56418896959|synthetic|synthetic_data_case_01_patches|synthetic_earthquake|234.1989011|0.06418896959|421|292|1
426|2015-08-23T04:54:13.680000|1.714909218|0.9234606074|0.0|SOFIANE|SPDE-ETAS|||relative_plus_offset|3.6055104790000003|synthetic|synthetic_data_case_01_patches|synthetic_earthquake|234.204325|1.105510479|423|292|2
427|2015-08-23T05:07:35.022720|1.717568862|0.8511628919|0.0|SOFIANE|SPDE-ETAS|||relative_plus_offset|3.749192501|synthetic|synthetic_data_case_01_patches|synthetic_earthquake|234.2135998|1.249192501|421|292|1
428|2015-08-23T05:08:08.960640|1.705034651|0.8711979372|0.0|SOFIANE|SPDE-ETAS|||relative_plus_offset|2.849150755|synthetic|synthetic_data_case_01_patches|synthetic_earthquake|234.2139926|0.349150755|427|292|2
429|2015-08-23T05:12:05.774400|1.765561145|0.8674686585|0.0|SOFIANE|SPDE-ETAS|||relative_plus_offset|2.5219435931|synthetic|synthetic_data_case_01_patches|synthetic_earthquake|234.2167335|0.0219435931|421|292|1
430|2015-08-23T05:26:16.892160|1.751809452|0.9228333122|0.0|SOFIANE|SPDE-ETAS|||relative_plus_offset|2.56541940782|synthetic|synthetic_data_case_01_patches|synthetic_earthquake|234.2265844|0.06541940782|426|292|3
431|2015-08-23T06:09:02.479680|1.761966326|0.8680043641|0.0|SOFIANE|SPDE-ETAS|||relative_plus_offset|2.9603825802|synthetic|synthetic_data_case_01_patches|synthetic_earthquake|234.2562787|0.4603825802|423|292|2
432|2015-08-23T06:10:18.891840|1.438279515|1.016196751|0.0|SOFIANE|SPDE-ETAS|||relative_plus_offset|3.3775723613|synthetic|synthetic_data_case_01_patches|synthetic_earthquake|234.2571631|0.8775723613|423|292|2
433|2015-08-23T07:34:53.414400|1.741427942|0.9359571086|0.0|SOFIANE|SPDE-ETAS|||relative_plus_offset|2.6814658067|synthetic|synthetic_data_case_01_patches|synthetic_earthquake|234.315896|0.1814658067|423|292|2
434|2015-08-23T08:14:59.965440|0.5281543825|1.306641279|0.0|SOFIANE|SPDE-ETAS|||relative_plus_offset|3.0311572892000003|synthetic|synthetic_data_case_01_patches|synthetic_earthquake|234.3437496|0.5311572892|0|293|0
435|2015-08-23T16:31:55.464960|4.878692161|1.135872166|0.0|SOFIANE|SPDE-ETAS|||relative_plus_offset|3.9814355040000002|synthetic|synthetic_data_case_01_patches|synthetic_earthquake|234.6888364|1.481435504|0|294|0
436|2015-08-24T00:32:18.876480|4.669637074|2.330878151|0.0|SOFIANE|SPDE-ETAS|||relative_plus_offset|3.3637298778|synthetic|synthetic_data_case_01_patches|synthetic_earthquake|235.0224407|0.8637298778|0|295|0
437|2015-08-24T02:55:19.597440|2.641262109|2.709836592|0.0|SOFIANE|SPDE-ETAS|||relative_plus_offset|2.6227558912|synthetic|synthetic_data_case_01_patches|synthetic_earthquake|235.1217546|0.1227558912|0|296|0
438|2015-08-24T10:17:03.678720|4.882027614|1.128179938|0.0|SOFIANE|SPDE-ETAS|||relative_plus_offset|3.0927374641|synthetic|synthetic_data_case_01_patches|synthetic_earthquake|235.4285148|0.5927374641|435|294|1
439|2015-08-24T10:58:29.225280|1.789288727|0.8880599823|0.0|SOFIANE|SPDE-ETAS|||relative_plus_offset|3.0138707275|synthetic|synthetic_data_case_01_patches|synthetic_earthquake|235.4572827|0.5138707275|422|292|2
440|2015-08-27T17:14:02.336640|0.4343959752|0.3539622468|0.0|SOFIANE|SPDE-ETAS|||relative_plus_offset|3.520388941|synthetic|synthetic_data_case_01_patches|synthetic_earthquake|238.7180826|1.020388941|0|297|0
441|2015-08-29T09:46:12.999360|0.4156907134|3.813909747|0.0|SOFIANE|SPDE-ETAS|||relative_plus_offset|2.6970204908|synthetic|synthetic_data_case_01_patches|synthetic_earthquake|240.4070949|0.1970204908|376|270|2
442|2015-08-30T23:06:11.983680|3.994577962|0.09619687024|0.0|SOFIANE|SPDE-ETAS|||relative_plus_offset|2.9733119607|synthetic|synthetic_data_case_01_patches|synthetic_earthquake|241.9626387|0.4733119607|0|298|0
443|2015-08-31T10:27:05.299200|1.808692072|2.263993069|0.0|SOFIANE|SPDE-ETAS|||relative_plus_offset|2.505257166902|synthetic|synthetic_data_case_01_patches|synthetic_earthquake|242.435478|0.005257166902|0|299|0
444|2015-08-31T14:09:40.942079|0.3680634754|3.873885717|0.0|SOFIANE|SPDE-ETAS|||relative_plus_offset|3.699328261|synthetic|synthetic_data_case_01_patches|synthetic_earthquake|242.5900572|1.199328261|376|270|2
445|2015-09-01T05:45:39.395520|3.891434514|0.4237022487|0.0|SOFIANE|SPDE-ETAS|||relative_plus_offset|2.55978029648|synthetic|synthetic_data_case_01_patches|synthetic_earthquake|243.2400393|0.05978029648|0|300|0
446|2015-09-02T06:53:33.708480|0.8032771292|3.123545713|0.0|SOFIANE|SPDE-ETAS|||relative_plus_offset|2.7294402905|synthetic|synthetic_data_case_01_patches|synthetic_earthquake|244.2871957|0.2294402905|346|260|2
447|2015-09-02T07:56:44.664000|4.081351897|1.045302571|0.0|SOFIANE|SPDE-ETAS|||relative_plus_offset|3.341499659|synthetic|synthetic_data_case_01_patches|synthetic_earthquake|244.3310725|0.841499659|0|301|0
448|2015-09-02T09:09:35.156160|4.091898707|1.071468433|0.0|SOFIANE|SPDE-ETAS|||relative_plus_offset|3.692814835|synthetic|synthetic_data_case_01_patches|synthetic_earthquake|244.3816569|1.192814835|447|301|1
449|2015-09-02T09:25:45.946560|4.056459109|1.039097477|0.0|SOFIANE|SPDE-ETAS|||relative_plus_offset|3.4810556178|synthetic|synthetic_data_case_01_patches|synthetic_earthquake|244.3928929|0.9810556178|447|301|1
450|2015-09-02T11:11:06.720000|4.068027152|1.034357364|0.0|SOFIANE|SPDE-ETAS|||relative_plus_offset|4.140197902|synthetic|synthetic_data_case_01_patches|synthetic_earthquake|244.46605|1.640197902|449|301|2
451|2015-09-02T11:16:08.618880|4.060354929|1.034100977|0.0|SOFIANE|SPDE-ETAS|||relative_plus_offset|3.0394734084|synthetic|synthetic_data_case_01_patches|synthetic_earthquake|244.4695442|0.5394734084|450|301|3
452|2015-09-02T14:00:01.638720|0.6751746342|2.835396008|0.0|SOFIANE|SPDE-ETAS|||relative_plus_offset|3.781742401|synthetic|synthetic_data_case_01_patches|synthetic_earthquake|244.5833523|1.281742401|0|302|0
453|2015-09-02T14:13:52.564800|0.6571526982|2.752504739|0.0|SOFIANE|SPDE-ETAS|||relative_plus_offset|2.7127747831|synthetic|synthetic_data_case_01_patches|synthetic_earthquake|244.5929695|0.2127747831|452|302|1
454|2015-09-02T16:18:04.772160|4.249537552|1.218757346|0.0|SOFIANE|SPDE-ETAS|||relative_plus_offset|3.635130859|synthetic|synthetic_data_case_01_patches|synthetic_earthquake|244.6792219|1.135130859|0|303|0
455|2015-09-02T17:39:17.913599|4.081201309|1.050273241|0.0|SOFIANE|SPDE-ETAS|||relative_plus_offset|2.57706258025|synthetic|synthetic_data_case_01_patches|synthetic_earthquake|244.735624|0.07706258025|447|301|1
456|2015-09-02T19:07:23.926080|4.086487416|1.010319702|0.0|SOFIANE|SPDE-ETAS|||relative_plus_offset|3.3197967675999998|synthetic|synthetic_data_case_01_patches|synthetic_earthquake|244.7968047|0.8197967676|450|301|3
457|2015-09-02T20:11:52.408320|0.6798501677|2.826999298|0.0|SOFIANE|SPDE-ETAS|||relative_plus_offset|3.7628216649999997|synthetic|synthetic_data_case_01_patches|synthetic_earthquake|244.8415788|1.262821665|452|302|1
458|2015-09-02T21:23:39.180480|4.685943995|2.5598004|0.0|SOFIANE|SPDE-ETAS|||relative_plus_offset|2.8261828267|synthetic|synthetic_data_case_01_patches|synthetic_earthquake|244.8914257|0.3261828267|381|271|2
459|2015-09-03T08:01:57.190080|1.615867078|2.195648591|0.0|SOFIANE|SPDE-ETAS|||relative_plus_offset|3.1980898602|synthetic|synthetic_data_case_01_patches|synthetic_earthquake|245.3346897|0.6980898602|0|304|0
460|2015-09-03T12:44:17.352960|1.573385609|2.186267674|0.0|SOFIANE|SPDE-ETAS|||relative_plus_offset|3.2037690028|synthetic|synthetic_data_case_01_patches|synthetic_earthquake|245.5307564|0.7037690028|459|304|1
461|2015-09-03T18:47:29.808960|1.602637474|2.196303136|0.0|SOFIANE|SPDE-ETAS|||relative_plus_offset|2.9521663517|synthetic|synthetic_data_case_01_patches|synthetic_earthquake|245.7829839|0.4521663517|460|304|2
462|2015-09-04T05:26:15.915840|0.6914207421|2.809220651|0.0|SOFIANE|SPDE-ETAS|||relative_plus_offset|2.8283246191|synthetic|synthetic_data_case_01_patches|synthetic_earthquake|246.2265731|0.3283246191|452|302|1
463|2015-09-07T05:51:23.552640|4.429298602|3.805669339|0.0|SOFIANE|SPDE-ETAS|||relative_plus_offset|2.6797776587|synthetic|synthetic_data_case_01_patches|synthetic_earthquake|249.2440226|0.1797776587|0|305|0
464|2015-09-07T17:54:39.525120|3.2255733|3.0273687|0.0|SOFIANE|SPDE-ETAS|||relative_plus_offset|2.51852096738|synthetic|synthetic_data_case_01_patches|synthetic_earthquake|249.7462908|0.01852096738|0|306|0
465|2015-09-07T18:46:32.810880|3.494418273|0.6883136284|0.0|SOFIANE|SPDE-ETAS|||relative_plus_offset|3.3820657319|synthetic|synthetic_data_case_01_patches|synthetic_earthquake|249.7823242|0.8820657319|0|307|0
466|2015-09-07T18:55:33.493439|2.802591769|1.333116721|0.0|SOFIANE|SPDE-ETAS|||relative_plus_offset|3.2795009174|synthetic|synthetic_data_case_01_patches|synthetic_earthquake|249.7885821|0.7795009174|0|308|0
467|2015-09-08T02:46:44.515200|3.047898205|2.647458306|0.0|SOFIANE|SPDE-ETAS|||relative_plus_offset|2.7708721548|synthetic|synthetic_data_case_01_patches|synthetic_earthquake|250.115793|0.2708721548|0|309|0
468|2015-09-08T05:36:58.429440|3.032748854|2.67644052|0.0|SOFIANE|SPDE-ETAS|||relative_plus_offset|3.1081275113|synthetic|synthetic_data_case_01_patches|synthetic_earthquake|250.2340096|0.6081275113|467|309|1
469|2015-09-08T16:56:04.704000|1.478447681|0.8447693055|0.0|SOFIANE|SPDE-ETAS|||relative_plus_offset|2.52744611651|synthetic|synthetic_data_case_01_patches|synthetic_earthquake|250.70561|0.02744611651|0|310|0
470|2015-09-09T04:57:03.049920|3.624155235|0.08678708363|0.0|SOFIANE|SPDE-ETAS|||relative_plus_offset|2.9147701823|synthetic|synthetic_data_case_01_patches|synthetic_earthquake|251.2062853|0.4147701823|0|311|0
471|2015-09-09T13:26:26.980800|1.408997409|1.624215932|0.0|SOFIANE|SPDE-ETAS|||relative_plus_offset|2.8183370525|synthetic|synthetic_data_case_01_patches|synthetic_earthquake|251.5600345|0.3183370525|0|312|0
472|2015-09-09T16:51:14.054400|0.7687046336|3.662364638|0.0|SOFIANE|SPDE-ETAS|||relative_plus_offset|2.6855642425|synthetic|synthetic_data_case_01_patches|synthetic_earthquake|251.702246|0.1855642425|0|313|0
473|2015-09-10T02:25:14.165760|4.089646288|1.042523988|0.0|SOFIANE|SPDE-ETAS|||relative_plus_offset|3.0912855254|synthetic|synthetic_data_case_01_patches|synthetic_earthquake|252.1008584|0.5912855254|450|301|3
474|2015-09-10T08:37:31.719360|4.086820153|1.032622256|0.0|SOFIANE|SPDE-ETAS|||relative_plus_offset|2.6862029876999998|synthetic|synthetic_data_case_01_patches|synthetic_earthquake|252.3593949|0.1862029877|473|301|4
475|2015-09-10T08:46:16.296960|4.049868417|1.033643725|0.0|SOFIANE|SPDE-ETAS|||relative_plus_offset|3.547162835|synthetic|synthetic_data_case_01_patches|synthetic_earthquake|252.3654664|1.047162835|474|301|5
476|2015-09-10T09:04:49.362240|4.045464728|1.042056116|0.0|SOFIANE|SPDE-ETAS|||relative_plus_offset|2.6159669664|synthetic|synthetic_data_case_01_patches|synthetic_earthquake|252.3783491|0.1159669664|475|301|6
477|2015-09-10T09:48:38.868480|4.087168357|1.037953092|0.0|SOFIANE|SPDE-ETAS|||relative_plus_offset|2.8662203291|synthetic|synthetic_data_case_01_patches|synthetic_earthquake|252.4087832|0.3662203291|474|301|5
478|2015-09-10T16:40:14.787840|1.204876842|3.406452267|0.0|SOFIANE|SPDE-ETAS|||relative_plus_offset|2.5241401737|synthetic|synthetic_data_case_01_patches|synthetic_earthquake|252.6946156|0.0241401737|0|314|0
479|2015-09-10T17:11:37.366080|2.122619779|1.916338658|0.0|SOFIANE|SPDE-ETAS|||relative_plus_offset|2.57809644882|synthetic|synthetic_data_case_01_patches|synthetic_earthquake|252.7164047|0.07809644882|0|315|0
480|2015-09-11T16:08:45.072959|4.937291159|2.174417724|0.0|SOFIANE|SPDE-ETAS|||relative_plus_offset|2.59093423398|synthetic|synthetic_data_case_01_patches|synthetic_earthquake|253.6727439|0.09093423398|0|316|0
481|2015-09-11T17:07:11.418240|4.108332519|4.525283076|0.0|SOFIANE|SPDE-ETAS|||relative_plus_offset|2.53842775315|synthetic|synthetic_data_case_01_patches|synthetic_earthquake|253.7133266|0.03842775315|0|317|0
482|2015-09-12T00:29:41.550720|3.877109138|0.7982969607|0.0|SOFIANE|SPDE-ETAS|||relative_plus_offset|2.7072081059|synthetic|synthetic_data_case_01_patches|synthetic_earthquake|254.0206198|0.2072081059|0|318|0
483|2015-09-12T22:31:09.232320|4.11229383|0.37686658|0.0|SOFIANE|SPDE-ETAS|||relative_plus_offset|2.8330623015|synthetic|synthetic_data_case_01_patches|synthetic_earthquake|254.9383013|0.3330623015|0|319|0
484|2015-09-13T00:14:48.062400|3.02035186|2.701154644|0.0|SOFIANE|SPDE-ETAS|||relative_plus_offset|2.53161975721|synthetic|synthetic_data_case_01_patches|synthetic_earthquake|255.0102785|0.03161975721|468|309|2
485|2015-09-13T07:48:00.501120|2.303973007|2.345158054|0.0|SOFIANE|SPDE-ETAS|||relative_plus_offset|3.2199990799|synthetic|synthetic_data_case_01_patches|synthetic_earthquake|255.3250058|0.7199990799|0|320|0
486|2015-09-13T23:42:04.423680|2.244553647|2.059592428|0.0|SOFIANE|SPDE-ETAS|||relative_plus_offset|2.52871339297|synthetic|synthetic_data_case_01_patches|synthetic_earthquake|255.9875512|0.02871339297|0|321|0
487|2015-09-15T05:57:26.441280|4.716568953|2.531365429|0.0|SOFIANE|SPDE-ETAS|||relative_plus_offset|2.501662771369|synthetic|synthetic_data_case_01_patches|synthetic_earthquake|257.2482227|0.001662771369|0|322|0
488|2015-09-16T22:11:23.064000|2.378468918|0.9948660552|0.0|SOFIANE|SPDE-ETAS|||relative_plus_offset|2.8710095559|synthetic|synthetic_data_case_01_patches|synthetic_earthquake|258.9245725|0.3710095559|0|323|0
489|2015-09-19T06:43:04.612800|0.9699229688|4.120571486|0.0|SOFIANE|SPDE-ETAS|||relative_plus_offset|2.56225232084|synthetic|synthetic_data_case_01_patches|synthetic_earthquake|261.2799145|0.06225232084|0|324|0
490|2015-09-20T02:53:13.306560|1.310332684|1.081155633|0.0|SOFIANE|SPDE-ETAS|||relative_plus_offset|3.6195520290000003|synthetic|synthetic_data_case_01_patches|synthetic_earthquake|262.1202929|1.119552029|0|325|0
491|2015-09-20T05:43:44.872320|1.313191448|1.087618081|0.0|SOFIANE|SPDE-ETAS|||relative_plus_offset|2.7612942811|synthetic|synthetic_data_case_01_patches|synthetic_earthquake|262.2387138|0.2612942811|490|325|1
492|2015-09-20T23:15:02.298240|3.40206344|0.7583634059|0.0|SOFIANE|SPDE-ETAS|||relative_plus_offset|4.3587587459999995|synthetic|synthetic_data_case_01_patches|synthetic_earthquake|262.9687766|1.858758746|0|326|0
493|2015-09-21T00:41:04.076160|3.358257967|0.7986451824|0.0|SOFIANE|SPDE-ETAS|||relative_plus_offset|3.1261899093|synthetic|synthetic_data_case_01_patches|synthetic_earthquake|263.0285194|0.6261899093|492|326|1
494|2015-09-21T01:52:08.486400|3.401407155|0.7529358665|0.0|SOFIANE|SPDE-ETAS|||relative_plus_offset|2.7879312314|synthetic|synthetic_data_case_01_patches|synthetic_earthquake|263.077876|0.2879312314|492|326|1
495|2015-09-22T17:08:23.536320|1.736187369|1.561536548|0.0|SOFIANE|SPDE-ETAS|||relative_plus_offset|2.988367616|synthetic|synthetic_data_case_01_patches|synthetic_earthquake|264.7141613|0.488367616|0|327|0
496|2015-09-22T18:11:48.229440|1.730314473|1.536674889|0.0|SOFIANE|SPDE-ETAS|||relative_plus_offset|4.17564821|synthetic|synthetic_data_case_01_patches|synthetic_earthquake|264.7581971|1.67564821|495|327|1
497|2015-09-22T18:39:55.673280|1.571503202|1.567821028|0.0|SOFIANE|SPDE-ETAS|||relative_plus_offset|2.8884672122|synthetic|synthetic_data_case_01_patches|synthetic_earthquake|264.7777277|0.3884672122|496|327|2
498|2015-09-22T21:22:50.761920|3.403943693|0.7481263272|0.0|SOFIANE|SPDE-ETAS|||relative_plus_offset|2.8818264633|synthetic|synthetic_data_case_01_patches|synthetic_earthquake|264.8908653|0.3818264633|492|326|1
499|2015-09-24T06:30:23.281919|4.002850046|1.133229254|0.0|SOFIANE|SPDE-ETAS|||relative_plus_offset|2.8864510955|synthetic|synthetic_data_case_01_patches|synthetic_earthquake|266.2711028|0.3864510955|0|328|0
500|2015-09-24T12:21:05.397120|2.749190125|0.6280801324|0.0|SOFIANE|SPDE-ETAS|||relative_plus_offset|2.52934880841|synthetic|synthetic_data_case_01_patches|synthetic_earthquake|266.5146458|0.02934880841|0|329|0
501|2015-09-24T23:40:57.057600|1.638970319|2.916264783|0.0|SOFIANE|SPDE-ETAS|||relative_plus_offset|2.6073501712|synthetic|synthetic_data_case_01_patches|synthetic_earthquake|266.9867715|0.1073501712|0|330|0
502|2015-09-26T14:11:32.182079|2.362549694|2.344150509|0.0|SOFIANE|SPDE-ETAS|||relative_plus_offset|2.58640216151|synthetic|synthetic_data_case_01_patches|synthetic_earthquake|268.5913447|0.08640216151|485|320|1
503|2015-09-26T20:16:38.452800|2.341395205|2.338874952|0.0|SOFIANE|SPDE-ETAS|||relative_plus_offset|2.55408016379|synthetic|synthetic_data_case_01_patches|synthetic_earthquake|268.8448895|0.05408016379|502|320|2
504|2015-09-27T18:07:16.026240|3.866659953|0.6263673366|0.0|SOFIANE|SPDE-ETAS|||relative_plus_offset|3.2824300618|synthetic|synthetic_data_case_01_patches|synthetic_earthquake|269.7550466|0.7824300618|0|331|0
505|2015-09-28T19:06:47.568960|4.101244893|2.136738749|0.0|SOFIANE|SPDE-ETAS|||relative_plus_offset|2.8187910349|synthetic|synthetic_data_case_01_patches|synthetic_earthquake|270.7963839|0.3187910349|0|332|0
506|2015-09-28T20:51:56.272320|4.974169537|0.9400469703|0.0|SOFIANE|SPDE-ETAS|||relative_plus_offset|2.52951315323|synthetic|synthetic_data_case_01_patches|synthetic_earthquake|270.8694013|0.02951315323|0|333|0
507|2015-10-01T05:25:13.725120|1.734531493|0.9464759856|0.0|SOFIANE|SPDE-ETAS|||relative_plus_offset|3.2182390017999998|synthetic|synthetic_data_case_01_patches|synthetic_earthquake|273.2258533|0.7182390018|424|292|3
508|2015-10-01T05:44:15.812160|1.756972341|0.9605927009|0.0|SOFIANE|SPDE-ETAS|||relative_plus_offset|3.1573877166999997|synthetic|synthetic_data_case_01_patches|synthetic_earthquake|273.2390719|0.6573877167|507|292|4
509|2015-10-01T16:27:29.750399|4.885441793|1.146903667|0.0|SOFIANE|SPDE-ETAS|||relative_plus_offset|3.3337955431|synthetic|synthetic_data_case_01_patches|synthetic_earthquake|273.685761|0.8337955431|0|334|0
510|2015-10-02T09:19:24.119039|3.074356774|4.83165746|0.0|SOFIANE|SPDE-ETAS|||relative_plus_offset|2.6162816823|synthetic|synthetic_data_case_01_patches|synthetic_earthquake|274.3884736|0.1162816823|0|335|0
511|2015-10-02T18:10:01.551360|4.885363588|1.467174282|0.0|SOFIANE|SPDE-ETAS|||relative_plus_offset|3.843933283|synthetic|synthetic_data_case_01_patches|synthetic_earthquake|274.7569624|1.343933283|0|336|0
512|2015-10-02T20:01:13.428480|3.687030134|2.38071455|0.0|SOFIANE|SPDE-ETAS|||relative_plus_offset|2.96575488|synthetic|synthetic_data_case_01_patches|synthetic_earthquake|274.8341832|0.46575488|0|337|0
513|2015-10-02T21:54:38.707200|0.8907278892|0.3999932784|0.0|SOFIANE|SPDE-ETAS|||relative_plus_offset|2.6834823764999998|synthetic|synthetic_data_case_01_patches|synthetic_earthquake|274.912948|0.1834823765|0|338|0
514|2015-10-02T22:13:47.006400|3.063718004|4.821627638|0.0|SOFIANE|SPDE-ETAS|||relative_plus_offset|2.7962521863|synthetic|synthetic_data_case_01_patches|synthetic_earthquake|274.9262385|0.2962521863|510|335|1
515|2015-10-04T06:05:33.072000|4.121517518|1.132914736|0.0|SOFIANE|SPDE-ETAS|||relative_plus_offset|3.1285642918|synthetic|synthetic_data_case_01_patches|synthetic_earthquake|276.253855|0.6285642918|449|301|2
516|2015-10-04T09:00:26.870400|4.2502095|1.848219652|0.0|SOFIANE|SPDE-ETAS|||relative_plus_offset|2.52089713945|synthetic|synthetic_data_case_01_patches|synthetic_earthquake|276.375311|0.02089713945|0|339|0
517|2015-10-05T04:14:43.823040|1.578383219|0.5486908425|0.0|SOFIANE|SPDE-ETAS|||relative_plus_offset|2.9558552464|synthetic|synthetic_data_case_01_patches|synthetic_earthquake|277.1768961|0.4558552464|0|340|0
518|2015-10-05T05:42:49.723200|1.172042338|1.630845468|0.0|SOFIANE|SPDE-ETAS|||relative_plus_offset|3.3131313096|synthetic|synthetic_data_case_01_patches|synthetic_earthquake|277.2380755|0.8131313096|0|341|0
519|2015-10-05T10:30:58.017600|1.562911457|0.5340541255|0.0|SOFIANE|SPDE-ETAS|||relative_plus_offset|2.8841530505|synthetic|synthetic_data_case_01_patches|synthetic_earthquake|277.4381715|0.3841530505|517|340|1
520|2015-10-08T05:43:55.067520|4.910785548|0.09012297985|0.0|SOFIANE|SPDE-ETAS|||relative_plus_offset|2.58014229602|synthetic|synthetic_data_case_01_patches|synthetic_earthquake|280.2388318|0.08014229602|282|212|1
521|2015-10-10T21:22:58.969920|3.035896158|0.1271002999|0.0|SOFIANE|SPDE-ETAS|||relative_plus_offset|2.59220424977|synthetic|synthetic_data_case_01_patches|synthetic_earthquake|282.8909603|0.09220424977|0|342|0
522|2015-10-11T03:15:35.668800|4.792564175|0.8321340062|0.0|SOFIANE|SPDE-ETAS|||relative_plus_offset|2.9556305053|synthetic|synthetic_data_case_01_patches|synthetic_earthquake|283.1358295|0.4556305053|0|343|0
523|2015-10-11T06:09:00.544320|4.097728228|1.890536718|0.0|SOFIANE|SPDE-ETAS|||relative_plus_offset|2.634577123|synthetic|synthetic_data_case_01_patches|synthetic_earthquake|283.2562563|0.134577123|0|344|0
524|2015-10-11T08:32:42.737280|4.806962479|0.8165852889|0.0|SOFIANE|SPDE-ETAS|||relative_plus_offset|2.6312772457999998|synthetic|synthetic_data_case_01_patches|synthetic_earthquake|283.3560502|0.1312772458|522|343|1
525|2015-10-11T09:03:41.184000|4.841570604|0.7941551862|0.0|SOFIANE|SPDE-ETAS|||relative_plus_offset|3.0199660834|synthetic|synthetic_data_case_01_patches|synthetic_earthquake|283.37756|0.5199660834|524|343|2
526|2015-10-11T09:20:50.855999|4.825530548|0.7963576309|0.0|SOFIANE|SPDE-ETAS|||relative_plus_offset|3.1941836885|synthetic|synthetic_data_case_01_patches|synthetic_earthquake|283.3894775|0.6941836885|524|343|2
527|2015-10-16T00:27:02.367360|2.939763556|1.934888243|0.0|SOFIANE|SPDE-ETAS|||relative_plus_offset|3.77587864|synthetic|synthetic_data_case_01_patches|synthetic_earthquake|288.0187774|1.27587864|0|345|0
528|2015-10-16T13:14:31.295040|3.293258416|2.122047519|0.0|SOFIANE|SPDE-ETAS|||relative_plus_offset|2.9042767695|synthetic|synthetic_data_case_01_patches|synthetic_earthquake|288.5517511|0.4042767695|0|346|0
529|2015-10-19T22:20:04.850880|4.679162422|0.1787735536|0.0|SOFIANE|SPDE-ETAS|||relative_plus_offset|2.6643342435|synthetic|synthetic_data_case_01_patches|synthetic_earthquake|291.9306117|0.1643342435|0|347|0
530|2015-10-22T03:17:32.930880|2.181057125|1.402513595|0.0|SOFIANE|SPDE-ETAS|||relative_plus_offset|2.6029063038|synthetic|synthetic_data_case_01_patches|synthetic_earthquake|294.1371867|0.1029063038|0|348|0
531|2015-10-22T21:21:01.172160|2.932066197|4.84267733|0.0|SOFIANE|SPDE-ETAS|||relative_plus_offset|2.57838898517|synthetic|synthetic_data_case_01_patches|synthetic_earthquake|294.8895969|0.07838898517|0|349|0
532|2015-10-22T21:49:38.432640|2.955221312|4.85308437|0.0|SOFIANE|SPDE-ETAS|||relative_plus_offset|2.58371879372|synthetic|synthetic_data_case_01_patches|synthetic_earthquake|294.9094726|0.08371879372|531|349|1
533|2015-10-22T22:04:10.061760|2.956179608|4.862346568|0.0|SOFIANE|SPDE-ETAS|||relative_plus_offset|2.6915363999|synthetic|synthetic_data_case_01_patches|synthetic_earthquake|294.9195609|0.1915363999|532|349|2
534|2015-10-23T01:50:23.743680|3.423088899|0.2198062124|0.0|SOFIANE|SPDE-ETAS|||relative_plus_offset|2.5468932429|synthetic|synthetic_data_case_01_patches|synthetic_earthquake|295.0766637|0.0468932429|130|108|1
535|2015-10-23T04:52:23.813760|3.130961193|3.536460122|0.0|SOFIANE|SPDE-ETAS|||relative_plus_offset|2.5126718584|synthetic|synthetic_data_case_01_patches|synthetic_earthquake|295.2030534|0.0126718584|0|350|0
536|2015-10-23T11:32:58.824960|4.098200994|1.033846217|0.0|SOFIANE|SPDE-ETAS|||relative_plus_offset|2.7109289445|synthetic|synthetic_data_case_01_patches|synthetic_earthquake|295.4812364|0.2109289445|450|301|3
537|2015-10-27T23:32:22.951680|4.02438133|0.5791608838|0.0|SOFIANE|SPDE-ETAS|||relative_plus_offset|2.7071604337|synthetic|synthetic_data_case_01_patches|synthetic_earthquake|299.9808212|0.2071604337|0|351|0
538|2015-10-29T05:39:55.903680|4.981828289|2.201415267|0.0|SOFIANE|SPDE-ETAS|||relative_plus_offset|2.9452982095999998|synthetic|synthetic_data_case_01_patches|synthetic_earthquake|301.2360637|0.4452982096|0|352|0
539|2015-10-29T08:58:51.216960|3.578308624|3.050519509|0.0|SOFIANE|SPDE-ETAS|||relative_plus_offset|2.6472722692|synthetic|synthetic_data_case_01_patches|synthetic_earthquake|301.3742039|0.1472722692|0|353|0
540|2015-10-30T05:28:38.035200|2.123636079|2.778412001|0.0|SOFIANE|SPDE-ETAS|||relative_plus_offset|2.9935797868|synthetic|synthetic_data_case_01_patches|synthetic_earthquake|302.228218|0.4935797868|0|354|0
541|2015-10-31T00:41:51.552960|2.925123615|4.745098938|0.0|SOFIANE|SPDE-ETAS|||relative_plus_offset|3.192182654|synthetic|synthetic_data_case_01_patches|synthetic_earthquake|303.0290689|0.692182654|0|355|0
542|2015-10-31T07:07:11.890560|2.666798695|0.8038220155|0.0|SOFIANE|SPDE-ETAS|||relative_plus_offset|2.6810708087|synthetic|synthetic_data_case_01_patches|synthetic_earthquake|303.2966654|0.1810708087|0|356|0
543|2015-11-01T17:24:02.401920|4.653518228|1.183600989|0.0|SOFIANE|SPDE-ETAS|||relative_plus_offset|3.0055123019|synthetic|synthetic_data_case_01_patches|synthetic_earthquake|304.7250278|0.5055123019|0|357|0
544|2015-11-01T21:17:45.078720|3.922274658|3.715934254|0.0|SOFIANE|SPDE-ETAS|||relative_plus_offset|4.438741289|synthetic|synthetic_data_case_01_patches|synthetic_earthquake|304.8873273|1.938741289|0|358|0
545|2015-11-01T21:18:47.597760|3.975864977|3.614791183|0.0|SOFIANE|SPDE-ETAS|||relative_plus_offset|5.206065457999999|synthetic|synthetic_data_case_01_patches|synthetic_earthquake|304.8880509|2.706065458|544|358|1
546|2015-11-01T21:18:47.796480|3.944605241|3.660252047|0.0|SOFIANE|SPDE-ETAS|||relative_plus_offset|2.53530352477|synthetic|synthetic_data_case_01_patches|synthetic_earthquake|304.8880532|0.03530352477|545|358|2
547|2015-11-01T22:08:15.074880|3.943737468|3.599935054|0.0|SOFIANE|SPDE-ETAS|||relative_plus_offset|2.7360707273|synthetic|synthetic_data_case_01_patches|synthetic_earthquake|304.9223967|0.2360707273|545|358|2
548|2015-11-01T22:10:00.215040|3.957529527|3.614943617|0.0|SOFIANE|SPDE-ETAS|||relative_plus_offset|2.56514737631|synthetic|synthetic_data_case_01_patches|synthetic_earthquake|304.9236136|0.06514737631|545|358|2
549|2015-11-02T00:28:41.347200|3.950151062|3.632069222|0.0|SOFIANE|SPDE-ETAS|||relative_plus_offset|2.56766490678|synthetic|synthetic_data_case_01_patches|synthetic_earthquake|305.019923|0.06766490678|545|358|2
550|2015-11-02T00:32:53.885760|3.949166263|3.718439779|0.0|SOFIANE|SPDE-ETAS|||relative_plus_offset|2.8114157167|synthetic|synthetic_data_case_01_patches|synthetic_earthquake|305.0228459|0.3114157167|544|358|1
551|2015-11-02T03:41:09.769920|3.86088528|3.430346377|0.0|SOFIANE|SPDE-ETAS|||relative_plus_offset|2.6065012288|synthetic|synthetic_data_case_01_patches|synthetic_earthquake|305.1535853|0.1065012288|545|358|2
552|2015-11-02T07:58:12.005759|4.012201671|3.581659536|0.0|SOFIANE|SPDE-ETAS|||relative_plus_offset|2.54255612275|synthetic|synthetic_data_case_01_patches|synthetic_earthquake|305.3320834|0.04255612275|545|358|2
553|2015-11-03T06:13:38.510400|1.203450905|2.099789925|0.0|SOFIANE|SPDE-ETAS|||relative_plus_offset|2.508939216608|synthetic|synthetic_data_case_01_patches|synthetic_earthquake|306.2594735|0.008939216608|0|359|0
554|2015-11-03T20:31:51.821760|3.368312756|0.196218482|0.0|SOFIANE|SPDE-ETAS|||relative_plus_offset|2.7177557813|synthetic|synthetic_data_case_01_patches|synthetic_earthquake|306.8554609|0.2177557813|0|360|0
555|2015-11-04T06:03:24.482880|2.470276899|1.226787993|0.0|SOFIANE|SPDE-ETAS|||relative_plus_offset|2.9016498515|synthetic|synthetic_data_case_01_patches|synthetic_earthquake|307.2523667|0.4016498515|0|361|0
556|2015-11-04T06:07:57.385920|2.484822347|1.228743194|0.0|SOFIANE|SPDE-ETAS|||relative_plus_offset|2.6964815554|synthetic|synthetic_data_case_01_patches|synthetic_earthquake|307.2555253|0.1964815554|555|361|1
557|2015-11-04T18:34:39.164160|2.849805519|1.95196359|0.0|SOFIANE|SPDE-ETAS|||relative_plus_offset|2.506733589298|synthetic|synthetic_data_case_01_patches|synthetic_earthquake|307.7740644|0.006733589298|0|362|0
558|2015-11-04T20:12:39.772800|2.345153949|2.741632355|0.0|SOFIANE|SPDE-ETAS|||relative_plus_offset|3.6219612530000003|synthetic|synthetic_data_case_01_patches|synthetic_earthquake|307.842127|1.121961253|0|363|0
559|2015-11-04T23:19:49.120320|1.652080909|2.871224166|0.0|SOFIANE|SPDE-ETAS|||relative_plus_offset|2.8756298057|synthetic|synthetic_data_case_01_patches|synthetic_earthquake|307.9720963|0.3756298057|0|364|0
560|2015-11-05T07:18:27.123840|1.946377241|0.3268084756|0.0|SOFIANE|SPDE-ETAS|||relative_plus_offset|2.51359186909|synthetic|synthetic_data_case_01_patches|synthetic_earthquake|308.3044806|0.01359186909|0|365|0
561|2015-11-05T20:20:08.750400|3.909474976|3.623385347|0.0|SOFIANE|SPDE-ETAS|||relative_plus_offset|2.8323600284|synthetic|synthetic_data_case_01_patches|synthetic_earthquake|308.8473235|0.3323600284|545|358|2
562|2015-11-05T22:37:55.787520|1.644913795|1.55510127|0.0|SOFIANE|SPDE-ETAS|||relative_plus_offset|2.9085267325|synthetic|synthetic_data_case_01_patches|synthetic_earthquake|308.9430068|0.4085267325|0|366|0
563|2015-11-06T05:45:40.622400|2.983673336|1.957077927|0.0|SOFIANE|SPDE-ETAS|||relative_plus_offset|2.54121941442|synthetic|synthetic_data_case_01_patches|synthetic_earthquake|309.2400535|0.04121941442|527|345|1
564|2015-11-06T11:36:57.150720|3.96135596|3.595617938|0.0|SOFIANE|SPDE-ETAS|||relative_plus_offset|3.1413330261|synthetic|synthetic_data_case_01_patches|synthetic_earthquake|309.4839948|0.6413330261|545|358|2
565|2015-11-07T04:56:34.857600|4.424435824|0.5750750731|0.0|SOFIANE|SPDE-ETAS|||relative_plus_offset|2.9654538144|synthetic|synthetic_data_case_01_patches|synthetic_earthquake|310.205959|0.4654538144|0|367|0
566|2015-11-07T07:38:52.275840|4.409665831|0.5719738885|0.0|SOFIANE|SPDE-ETAS|||relative_plus_offset|2.600874466|synthetic|synthetic_data_case_01_patches|synthetic_earthquake|310.3186606|0.100874466|565|367|1
567|2015-11-09T03:10:54.091200|3.889304168|3.697095008|0.0|SOFIANE|SPDE-ETAS|||relative_plus_offset|2.7350706264999998|synthetic|synthetic_data_case_01_patches|synthetic_earthquake|312.1325705|0.2350706265|544|358|1
568|2015-11-09T05:49:14.609280|3.959953616|3.630141626|0.0|SOFIANE|SPDE-ETAS|||relative_plus_offset|2.8682715162|synthetic|synthetic_data_case_01_patches|synthetic_earthquake|312.2425302|0.3682715162|545|358|2
569|2015-11-09T06:37:23.142720|0.2074111967|2.171326796|0.0|SOFIANE|SPDE-ETAS|||relative_plus_offset|3.0037495682|synthetic|synthetic_data_case_01_patches|synthetic_earthquake|312.2759623|0.5037495682|0|368|0
570|2015-11-09T14:40:01.148160|4.231037497|0.6476958398|0.0|SOFIANE|SPDE-ETAS|||relative_plus_offset|3.591505791|synthetic|synthetic_data_case_01_patches|synthetic_earthquake|312.6111244|1.091505791|0|369|0
571|2015-11-09T14:49:29.651520|4.25838558|0.6588893455|0.0|SOFIANE|SPDE-ETAS|||relative_plus_offset|2.6483399806|synthetic|synthetic_data_case_01_patches|synthetic_earthquake|312.6177043|0.1483399806|570|369|1
572|2015-11-10T02:21:56.594880|3.732124183|1.764333504|0.0|SOFIANE|SPDE-ETAS|||relative_plus_offset|2.652412612|synthetic|synthetic_data_case_01_patches|synthetic_earthquake|313.0985717|0.152412612|0|370|0
573|2015-11-10T04:51:20.352960|3.975486037|3.569954001|0.0|SOFIANE|SPDE-ETAS|||relative_plus_offset|3.1673993163|synthetic|synthetic_data_case_01_patches|synthetic_earthquake|313.2023189|0.6673993163|564|358|3
574|2015-11-10T23:16:18.019200|1.430425577|2.915985768|0.0|SOFIANE|SPDE-ETAS|||relative_plus_offset|2.8529697943|synthetic|synthetic_data_case_01_patches|synthetic_earthquake|313.969653|0.3529697943|0|371|0
575|2015-11-11T03:29:42.803520|1.608440477|2.787720992|0.0|SOFIANE|SPDE-ETAS|||relative_plus_offset|3.2942957268|synthetic|synthetic_data_case_01_patches|synthetic_earthquake|314.1456343|0.7942957268|0|372|0
576|2015-11-11T04:12:18.809280|1.599357387|2.793948293|0.0|SOFIANE|SPDE-ETAS|||relative_plus_offset|2.8248749504|synthetic|synthetic_data_case_01_patches|synthetic_earthquake|314.1752177|0.3248749504|575|372|1
577|2015-11-11T04:19:36.408000|1.592707173|2.778789071|0.0|SOFIANE|SPDE-ETAS|||relative_plus_offset|3.0423837819|synthetic|synthetic_data_case_01_patches|synthetic_earthquake|314.1802825|0.5423837819|576|372|2
578|2015-11-12T05:50:54.072960|1.421573762|2.919297925|0.0|SOFIANE|SPDE-ETAS|||relative_plus_offset|2.6191489121|synthetic|synthetic_data_case_01_patches|synthetic_earthquake|315.2436814|0.1191489121|574|371|1
579|2015-11-12T14:08:39.312960|4.275762065|0.6513840303|0.0|SOFIANE|SPDE-ETAS|||relative_plus_offset|2.6590560162|synthetic|synthetic_data_case_01_patches|synthetic_earthquake|315.5893439|0.1590560162|570|369|1
580|2015-11-12T17:47:55.743360|3.749527038|4.454777459|0.0|SOFIANE|SPDE-ETAS|||relative_plus_offset|2.7287322522|synthetic|synthetic_data_case_01_patches|synthetic_earthquake|315.7416174|0.2287322522|0|373|0
581|2015-11-13T02:09:38.013120|4.2575332|0.6348624583|0.0|SOFIANE|SPDE-ETAS|||relative_plus_offset|2.9044738912|synthetic|synthetic_data_case_01_patches|synthetic_earthquake|316.0900233|0.4044738912|579|369|2
582|2015-11-13T21:57:31.541760|2.732708843|3.043183019|0.0|SOFIANE|SPDE-ETAS|||relative_plus_offset|2.7222626791|synthetic|synthetic_data_case_01_patches|synthetic_earthquake|316.9149484|0.2222626791|0|374|0
583|2015-11-14T11:40:16.976640|0.1713619335|0.9579440898|0.0|SOFIANE|SPDE-ETAS|||relative_plus_offset|2.6047853257|synthetic|synthetic_data_case_01_patches|synthetic_earthquake|317.4863076|0.1047853257|0|375|0
584|2015-11-15T05:39:24.238080|4.87557879|2.098735587|0.0|SOFIANE|SPDE-ETAS|||relative_plus_offset|2.59635404615|synthetic|synthetic_data_case_01_patches|synthetic_earthquake|318.2356972|0.09635404615|0|376|0
585|2015-11-15T05:55:38.674560|3.582221023|1.19016253|0.0|SOFIANE|SPDE-ETAS|||relative_plus_offset|3.873640954|synthetic|synthetic_data_case_01_patches|synthetic_earthquake|318.2469754|1.373640954|0|377|0
586|2015-11-15T06:03:19.091520|3.566348617|1.095246403|0.0|SOFIANE|SPDE-ETAS|||relative_plus_offset|2.5355618512|synthetic|synthetic_data_case_01_patches|synthetic_earthquake|318.2523043|0.0355618512|585|377|1
587|2015-11-15T07:29:02.777280|3.594430604|1.212244386|0.0|SOFIANE|SPDE-ETAS|||relative_plus_offset|2.8284224349000002|synthetic|synthetic_data_case_01_patches|synthetic_earthquake|318.3118377|0.3284224349|585|377|1
588|2015-11-15T12:18:50.915520|2.807191736|0.49061556|0.0|SOFIANE|SPDE-ETAS|||relative_plus_offset|2.7666647096|synthetic|synthetic_data_case_01_patches|synthetic_earthquake|318.5130893|0.2666647096|0|378|0
589|2015-11-15T22:48:32.469120|0.2733123412|2.161524239|0.0|SOFIANE|SPDE-ETAS|||relative_plus_offset|2.6668042256|synthetic|synthetic_data_case_01_patches|synthetic_earthquake|318.9503758|0.1668042256|569|368|1
590|2015-11-16T17:02:29.728320|4.105849939|0.1409881079|0.0|SOFIANE|SPDE-ETAS|||relative_plus_offset|3.1174016126|synthetic|synthetic_data_case_01_patches|synthetic_earthquake|319.7100663|0.6174016126|0|379|0
591|2015-11-17T13:45:07.640640|0.9733039144|1.720543578|0.0|SOFIANE|SPDE-ETAS|||relative_plus_offset|2.51288930107|synthetic|synthetic_data_case_01_patches|synthetic_earthquake|320.5730051|0.01288930107|0|380|0
592|2015-11-18T03:31:43.037759|2.278008729|0.9060814314|0.0|SOFIANE|SPDE-ETAS|||relative_plus_offset|3.0847608175|synthetic|synthetic_data_case_01_patches|synthetic_earthquake|321.1470259|0.5847608175|0|381|0
593|2015-11-18T04:45:38.934720|3.823559423|0.260235175|0.0|SOFIANE|SPDE-ETAS|||relative_plus_offset|3.0080745862000002|synthetic|synthetic_data_case_01_patches|synthetic_earthquake|321.1983673|0.5080745862|0|382|0
594|2015-11-18T14:21:27.452160|0.406308875|3.85151632|0.0|SOFIANE|SPDE-ETAS|||relative_plus_offset|2.9348349268|synthetic|synthetic_data_case_01_patches|synthetic_earthquake|321.5982344|0.4348349268|360|270|1
595|2015-11-18T16:02:52.690560|2.998858077|1.753578814|0.0|SOFIANE|SPDE-ETAS|||relative_plus_offset|2.53348043138|synthetic|synthetic_data_case_01_patches|synthetic_earthquake|321.6686654|0.03348043138|0|383|0
596|2015-11-18T20:49:54.491520|0.9803906915|1.70954278|0.0|SOFIANE|SPDE-ETAS|||relative_plus_offset|2.58313015228|synthetic|synthetic_data_case_01_patches|synthetic_earthquake|321.8679918|0.08313015228|591|380|1
597|2015-11-19T15:50:39.888960|3.883076403|0.3788569134|0.0|SOFIANE|SPDE-ETAS|||relative_plus_offset|3.5105941449999998|synthetic|synthetic_data_case_01_patches|synthetic_earthquake|322.6601839|1.010594145|0|384|0
598|2015-11-19T17:15:00.907200|3.908706006|0.3953508991|0.0|SOFIANE|SPDE-ETAS|||relative_plus_offset|3.0893460875|synthetic|synthetic_data_case_01_patches|synthetic_earthquake|322.7187605|0.5893460875|597|384|1
599|2015-11-19T21:28:55.024320|2.954837462|2.561484856|0.0|SOFIANE|SPDE-ETAS|||relative_plus_offset|3.0522842631|synthetic|synthetic_data_case_01_patches|synthetic_earthquake|322.8950813|0.5522842631|0|385|0
600|2015-11-19T21:33:14.699520|2.980096695|2.520903631|0.0|SOFIANE|SPDE-ETAS|||relative_plus_offset|2.7784239801|synthetic|synthetic_data_case_01_patches|synthetic_earthquake|322.8980868|0.2784239801|599|385|1
601|2015-11-22T03:19:24.758400|3.094203278|2.232629632|0.0|SOFIANE|SPDE-ETAS|||relative_plus_offset|2.8877998689|synthetic|synthetic_data_case_01_patches|synthetic_earthquake|325.138481|0.3877998689|0|386|0
602|2015-11-23T01:34:09.143040|4.468154566|0.5874271758|0.0|SOFIANE|SPDE-ETAS|||relative_plus_offset|2.6915994053|synthetic|synthetic_data_case_01_patches|synthetic_earthquake|326.0653836|0.1915994053|0|387|0
603|2015-11-23T14:20:32.467200|2.578772228|2.37578594|0.0|SOFIANE|SPDE-ETAS|||relative_plus_offset|2.58668728448|synthetic|synthetic_data_case_01_patches|synthetic_earthquake|326.597598|0.08668728448|0|388|0
604|2015-11-25T06:51:49.795200|1.738547349|0.9754478139|0.0|SOFIANE|SPDE-ETAS|||relative_plus_offset|2.9139273075|synthetic|synthetic_data_case_01_patches|synthetic_earthquake|328.285993|0.4139273075|422|292|2
605|2015-11-25T06:59:38.299200|3.95251319|3.59102625|0.0|SOFIANE|SPDE-ETAS|||relative_plus_offset|2.8999888303|synthetic|synthetic_data_case_01_patches|synthetic_earthquake|328.2914155|0.3999888303|545|358|2
606|2015-11-25T07:40:30.305280|3.974847618|3.585006987|0.0|SOFIANE|SPDE-ETAS|||relative_plus_offset|2.6987918631|synthetic|synthetic_data_case_01_patches|synthetic_earthquake|328.3197952|0.1987918631|605|358|3
607|2015-11-28T02:02:07.800000|1.767985383|0.8716493174|0.0|SOFIANE|SPDE-ETAS|||relative_plus_offset|3.1286862376|synthetic|synthetic_data_case_01_patches|synthetic_earthquake|331.0848125|0.6286862376|423|292|2
608|2015-11-29T03:50:49.099200|1.053477318|2.295977324|0.0|SOFIANE|SPDE-ETAS|||relative_plus_offset|2.53817425007|synthetic|synthetic_data_case_01_patches|synthetic_earthquake|332.1602905|0.03817425007|0|389|0
609|2015-11-30T01:58:51.144960|3.458190969|1.77541686|0.0|SOFIANE|SPDE-ETAS|||relative_plus_offset|3.1437333977|synthetic|synthetic_data_case_01_patches|synthetic_earthquake|333.0825364|0.6437333977|0|390|0
610|2015-11-30T20:44:54.096000|0.04796485498|1.174683789|0.0|SOFIANE|SPDE-ETAS|||relative_plus_offset|2.8137089561|synthetic|synthetic_data_case_01_patches|synthetic_earthquake|333.864515|0.3137089561|0|391|0
611|2015-12-02T14:53:31.917120|3.402377501|1.964059836|0.0|SOFIANE|SPDE-ETAS|||relative_plus_offset|2.6317494951000002|synthetic|synthetic_data_case_01_patches|synthetic_earthquake|335.6205083|0.1317494951|0|392|0
612|2015-12-04T00:39:14.806080|4.72426833|2.562269256|0.0|SOFIANE|SPDE-ETAS|||relative_plus_offset|3.1060362458|synthetic|synthetic_data_case_01_patches|synthetic_earthquake|337.0272547|0.6060362458|362|271|1
613|2015-12-05T23:03:30.260160|4.873922124|2.104778321|0.0|SOFIANE|SPDE-ETAS|||relative_plus_offset|2.6083750498|synthetic|synthetic_data_case_01_patches|synthetic_earthquake|338.9607669|0.1083750498|584|376|1
614|2015-12-05T23:12:28.480320|4.88430286|2.108340801|0.0|SOFIANE|SPDE-ETAS|||relative_plus_offset|2.57971404737|synthetic|synthetic_data_case_01_patches|synthetic_earthquake|338.9669963|0.07971404737|613|376|2
615|2015-12-06T15:58:10.344000|4.876883304|0.9454052602|0.0|SOFIANE|SPDE-ETAS|||relative_plus_offset|3.4575805714|synthetic|synthetic_data_case_01_patches|synthetic_earthquake|339.6653975|0.9575805714|0|393|0
616|2015-12-06T16:05:36.211200|4.871812724|0.9489034243|0.0|SOFIANE|SPDE-ETAS|||relative_plus_offset|3.150468312|synthetic|synthetic_data_case_01_patches|synthetic_earthquake|339.670558|0.650468312|615|393|1
617|2015-12-06T16:19:59.321280|4.878628573|0.9395062736|0.0|SOFIANE|SPDE-ETAS|||relative_plus_offset|2.8599611895|synthetic|synthetic_data_case_01_patches|synthetic_earthquake|339.6805477|0.3599611895|616|393|2
618|2015-12-06T17:08:01.659840|4.878562319|0.9831660736|0.0|SOFIANE|SPDE-ETAS|||relative_plus_offset|2.7811147377|synthetic|synthetic_data_case_01_patches|synthetic_earthquake|339.7139081|0.2811147377|615|393|1
619|2015-12-07T02:16:39.671040|4.887016856|2.122242013|0.0|SOFIANE|SPDE-ETAS|||relative_plus_offset|2.7924379565|synthetic|synthetic_data_case_01_patches|synthetic_earthquake|340.0949036|0.2924379565|614|376|3
620|2015-12-07T05:01:49.085760|4.871099701|2.117836336|0.0|SOFIANE|SPDE-ETAS|||relative_plus_offset|2.8840416441|synthetic|synthetic_data_case_01_patches|synthetic_earthquake|340.2095959|0.3840416441|619|376|4
621|2015-12-07T09:49:51.902400|1.096139787|2.660263965|0.0|SOFIANE|SPDE-ETAS|||relative_plus_offset|2.7991686549|synthetic|synthetic_data_case_01_patches|synthetic_earthquake|340.4096285|0.2991686549|0|394|0
622|2015-12-07T18:07:21.815040|2.826324341|1.375519054|0.0|SOFIANE|SPDE-ETAS|||relative_plus_offset|2.6136600856|synthetic|synthetic_data_case_01_patches|synthetic_earthquake|340.7551136|0.1136600856|466|308|1
623|2015-12-07T20:19:44.955840|4.396216109|4.718697753|0.0|SOFIANE|SPDE-ETAS|||relative_plus_offset|3.0521464388|synthetic|synthetic_data_case_01_patches|synthetic_earthquake|340.8470481|0.5521464388|0|395|0
624|2015-12-08T20:45:01.396800|4.59994332|2.437004981|0.0|SOFIANE|SPDE-ETAS|||relative_plus_offset|2.6367818015|synthetic|synthetic_data_case_01_patches|synthetic_earthquake|341.8645995|0.1367818015|0|396|0
625|2015-12-09T02:10:16.124160|3.504192314|2.199113624|0.0|SOFIANE|SPDE-ETAS|||relative_plus_offset|2.56857415218|synthetic|synthetic_data_case_01_patches|synthetic_earthquake|342.0904644|0.06857415218|0|397|0
626|2015-12-09T17:30:45.138240|4.08733468|0.987061925|0.0|SOFIANE|SPDE-ETAS|||relative_plus_offset|2.7819623561|synthetic|synthetic_data_case_01_patches|synthetic_earthquake|342.7296891|0.2819623561|456|301|4
627|2015-12-09T19:31:09.551999|3.139855359|1.428676938|0.0|SOFIANE|SPDE-ETAS|||relative_plus_offset|3.4520441892|synthetic|synthetic_data_case_01_patches|synthetic_earthquake|342.813305|0.9520441892|0|398|0
628|2015-12-10T02:44:10.291200|1.790947418|2.983605373|0.0|SOFIANE|SPDE-ETAS|||relative_plus_offset|2.54007150637|synthetic|synthetic_data_case_01_patches|synthetic_earthquake|343.114008|0.04007150637|0|399|0
629|2015-12-10T05:22:12.103680|0.1798666927|1.666143958|0.0|SOFIANE|SPDE-ETAS|||relative_plus_offset|2.6953604371|synthetic|synthetic_data_case_01_patches|synthetic_earthquake|343.2237512|0.1953604371|0|400|0
630|2015-12-13T13:57:16.709760|4.471348842|0.260041171|0.0|SOFIANE|SPDE-ETAS|||relative_plus_offset|3.527708232|synthetic|synthetic_data_case_01_patches|synthetic_earthquake|346.5814434|1.027708232|0|401|0
631|2015-12-13T14:09:03.314880|4.570218137|0.2413897268|0.0|SOFIANE|SPDE-ETAS|||relative_plus_offset|3.2647309875|synthetic|synthetic_data_case_01_patches|synthetic_earthquake|346.5896217|0.7647309875|0|402|0
632|2015-12-15T01:54:20.574720|3.075901909|0.2063708921|0.0|SOFIANE|SPDE-ETAS|||relative_plus_offset|2.8464648045|synthetic|synthetic_data_case_01_patches|synthetic_earthquake|348.0794048|0.3464648045|0|403|0
633|2015-12-16T03:14:53.730240|2.919057962|2.524903863|0.0|SOFIANE|SPDE-ETAS|||relative_plus_offset|2.8038623752|synthetic|synthetic_data_case_01_patches|synthetic_earthquake|349.1353441|0.3038623752|0|404|0
634|2015-12-16T05:38:32.130240|1.944886752|2.728062081|0.0|SOFIANE|SPDE-ETAS|||relative_plus_offset|3.722862712|synthetic|synthetic_data_case_01_patches|synthetic_earthquake|349.2350941|1.222862712|0|405|0
635|2015-12-16T05:59:00.980160|2.002344971|2.703416897|0.0|SOFIANE|SPDE-ETAS|||relative_plus_offset|2.8576262351|synthetic|synthetic_data_case_01_patches|synthetic_earthquake|349.2493169|0.3576262351|634|405|1
636|2015-12-16T10:13:10.156800|3.971366206|3.599424338|0.0|SOFIANE|SPDE-ETAS|||relative_plus_offset|2.59859897918|synthetic|synthetic_data_case_01_patches|synthetic_earthquake|349.425812|0.09859897918|605|358|3
637|2015-12-17T07:57:17.210880|2.413126118|3.335473188|0.0|SOFIANE|SPDE-ETAS|||relative_plus_offset|2.9088169759999998|synthetic|synthetic_data_case_01_patches|synthetic_earthquake|350.3314492|0.408816976|0|406|0
638|2015-12-19T03:51:49.155840|1.620945304|4.349795854|0.0|SOFIANE|SPDE-ETAS|||relative_plus_offset|2.785052937|synthetic|synthetic_data_case_01_patches|synthetic_earthquake|352.1609856|0.285052937|0|407|0
639|2015-12-19T06:36:54.743040|0.03524921425|2.035777038|0.0|SOFIANE|SPDE-ETAS|||relative_plus_offset|2.7034084229|synthetic|synthetic_data_case_01_patches|synthetic_earthquake|352.2756336|0.2034084229|0|408|0
640|2015-12-19T18:07:33.764160|1.56884242|2.779385456|0.0|SOFIANE|SPDE-ETAS|||relative_plus_offset|3.1309781459|synthetic|synthetic_data_case_01_patches|synthetic_earthquake|352.7552519|0.6309781459|575|372|1
641|2015-12-19T19:10:50.983679|1.697754403|2.799822291|0.0|SOFIANE|SPDE-ETAS|||relative_plus_offset|2.8634351414|synthetic|synthetic_data_case_01_patches|synthetic_earthquake|352.7992012|0.3634351414|640|372|2
642|2015-12-19T19:18:58.789440|1.702930488|2.813160083|0.0|SOFIANE|SPDE-ETAS|||relative_plus_offset|2.6308671049|synthetic|synthetic_data_case_01_patches|synthetic_earthquake|352.8048471|0.1308671049|641|372|3
643|2015-12-19T21:54:09.573120|0.1692289458|1.178563438|0.0|SOFIANE|SPDE-ETAS|||relative_plus_offset|2.7172581158|synthetic|synthetic_data_case_01_patches|synthetic_earthquake|352.9126108|0.2172581158|0|409|0
644|2015-12-21T00:12:45.322560|3.91669181|0.4065710587|0.0|SOFIANE|SPDE-ETAS|||relative_plus_offset|2.9471170041|synthetic|synthetic_data_case_01_patches|synthetic_earthquake|354.0088579|0.4471170041|598|384|2
645|2015-12-22T08:34:09.672960|2.428818747|1.581677209|0.0|SOFIANE|SPDE-ETAS|||relative_plus_offset|2.7228918|synthetic|synthetic_data_case_01_patches|synthetic_earthquake|355.3570564|0.2228918|0|410|0
646|2015-12-23T12:57:56.442240|4.289390387|2.929131052|0.0|SOFIANE|SPDE-ETAS|||relative_plus_offset|2.7949149877|synthetic|synthetic_data_case_01_patches|synthetic_earthquake|356.5402366|0.2949149877|0|411|0
647|2015-12-23T17:02:01.207680|4.491405546|4.332476554|0.0|SOFIANE|SPDE-ETAS|||relative_plus_offset|2.8073893337999998|synthetic|synthetic_data_case_01_patches|synthetic_earthquake|356.7097362|0.3073893338|0|412|0
648|2015-12-24T00:30:04.446719|4.611272553|2.581206265|0.0|SOFIANE|SPDE-ETAS|||relative_plus_offset|2.6062311191|synthetic|synthetic_data_case_01_patches|synthetic_earthquake|357.0208848|0.1062311191|0|413|0
649|2015-12-24T03:55:54.445439|4.967800487|2.647970787|0.0|SOFIANE|SPDE-ETAS|||relative_plus_offset|3.185833546|synthetic|synthetic_data_case_01_patches|synthetic_earthquake|357.1638246|0.685833546|0|414|0
650|2015-12-24T16:35:48.494400|3.238817537|2.090339611|0.0|SOFIANE|SPDE-ETAS|||relative_plus_offset|3.2021150433|synthetic|synthetic_data_case_01_patches|synthetic_earthquake|357.6915335|0.7021150433|0|415|0
651|2015-12-25T05:15:26.732160|3.206153715|2.12711924|0.0|SOFIANE|SPDE-ETAS|||relative_plus_offset|2.7994195954|synthetic|synthetic_data_case_01_patches|synthetic_earthquake|358.2190594|0.2994195954|650|415|1
652|2015-12-26T01:07:35.633280|3.245669149|0.7390412556|0.0|SOFIANE|SPDE-ETAS|||relative_plus_offset|2.693650465|synthetic|synthetic_data_case_01_patches|synthetic_earthquake|359.0469402|0.193650465|0|416|0
653|2015-12-26T05:22:48.486720|4.614698403|2.592074295|0.0|SOFIANE|SPDE-ETAS|||relative_plus_offset|2.58815291759|synthetic|synthetic_data_case_01_patches|synthetic_earthquake|359.2241723|0.08815291759|648|413|1
654|2015-12-26T05:51:22.584960|3.238534829|0.7415237221|0.0|SOFIANE|SPDE-ETAS|||relative_plus_offset|2.6677058214000002|synthetic|synthetic_data_case_01_patches|synthetic_earthquake|359.2440114|0.1677058214|652|416|1
655|2015-12-27T01:11:18.476160|4.047440673|2.074926437|0.0|SOFIANE|SPDE-ETAS|||relative_plus_offset|3.280323378|synthetic|synthetic_data_case_01_patches|synthetic_earthquake|360.0495194|0.780323378|0|417|0
656|2015-12-27T14:33:58.415040|0.8592113896|2.054185355|0.0|SOFIANE|SPDE-ETAS|||relative_plus_offset|4.215896406|synthetic|synthetic_data_case_01_patches|synthetic_earthquake|360.6069261|1.715896406|0|418|0
657|2015-12-27T17:26:45.153600|0.7804858617|2.066569754|0.0|SOFIANE|SPDE-ETAS|||relative_plus_offset|2.6847041044|synthetic|synthetic_data_case_01_patches|synthetic_earthquake|360.7269115|0.1847041044|656|418|1
658|2015-12-27T17:40:27.379200|0.8139056668|2.016522055|0.0|SOFIANE|SPDE-ETAS|||relative_plus_offset|3.524478111|synthetic|synthetic_data_case_01_patches|synthetic_earthquake|360.736428|1.024478111|657|418|2
659|2015-12-27T18:00:13.262400|0.7159180432|1.777367168|0.0|SOFIANE|SPDE-ETAS|||relative_plus_offset|2.7029781083|synthetic|synthetic_data_case_01_patches|synthetic_earthquake|360.7501535|0.2029781083|658|418|3
660|2015-12-28T07:07:09.255360|0.8215918191|2.034713265|0.0|SOFIANE|SPDE-ETAS|||relative_plus_offset|2.8251769915000002|synthetic|synthetic_data_case_01_patches|synthetic_earthquake|361.2966349|0.3251769915|656|418|1
661|2015-12-28T21:19:19.626240|0.8255456567|2.039352978|0.0|SOFIANE|SPDE-ETAS|||relative_plus_offset|2.7144682435|synthetic|synthetic_data_case_01_patches|synthetic_earthquake|361.8884216|0.2144682435|658|418|3
662|2015-12-29T00:15:41.345280|3.275998488|1.655363552|0.0|SOFIANE|SPDE-ETAS|||relative_plus_offset|3.1587670069|synthetic|synthetic_data_case_01_patches|synthetic_earthquake|362.0108952|0.6587670069|0|419|0
663|2015-12-29T00:27:52.695360|3.303605515|1.623067054|0.0|SOFIANE|SPDE-ETAS|||relative_plus_offset|3.2717895972999997|synthetic|synthetic_data_case_01_patches|synthetic_earthquake|362.0193599|0.7717895973|662|419|1
664|2015-12-29T15:22:20.884800|4.581213714|0.2828356524|0.0|SOFIANE|SPDE-ETAS|||relative_plus_offset|3.1344568695|synthetic|synthetic_data_case_01_patches|synthetic_earthquake|362.6405195|0.6344568695|631|402|1
665|2015-12-29T21:49:21.325440|3.099125532|4.829845046|0.0|SOFIANE|SPDE-ETAS|||relative_plus_offset|3.4575209408000003|synthetic|synthetic_data_case_01_patches|synthetic_earthquake|362.9092746|0.9575209408|0|420|0
666|2015-12-29T22:07:39.866880|3.316006542|1.451226432|0.0|SOFIANE|SPDE-ETAS|||relative_plus_offset|3.587676989|synthetic|synthetic_data_case_01_patches|synthetic_earthquake|362.9219892|1.087676989|0|421|0
667|2015-12-31T17:28:21.904320|3.297187905|1.627535518|0.0|SOFIANE|SPDE-ETAS|||relative_plus_offset|3.172418294|synthetic|synthetic_data_case_01_patches|synthetic_earthquake|364.7280313|0.672418294|663|419|2
668|2016-01-02T21:32:47.440320|2.853040912|2.839039807|0.0|SOFIANE|SPDE-ETAS|||relative_plus_offset|2.9376821341|synthetic|synthetic_data_case_01_patches|synthetic_earthquake|366.8977713|0.4376821341|0|422|0
669|2016-01-04T15:58:17.489280|2.71644346|2.34537791|0.0|SOFIANE|SPDE-ETAS|||relative_plus_offset|2.7475123344|synthetic|synthetic_data_case_01_patches|synthetic_earthquake|368.6654802|0.2475123344|0|423|0
670|2016-01-06T22:27:16.151040|1.358875178|3.118803001|0.0|SOFIANE|SPDE-ETAS|||relative_plus_offset|2.8562198662|synthetic|synthetic_data_case_01_patches|synthetic_earthquake|370.9356036|0.3562198662|0|424|0
671|2016-01-07T20:36:48.139200|0.9864605118|1.972581891|0.0|SOFIANE|SPDE-ETAS|||relative_plus_offset|2.9464570666|synthetic|synthetic_data_case_01_patches|synthetic_earthquake|371.8588905|0.4464570666|0|425|0
672|2016-01-08T17:50:24.912959|4.178923136|1.9343071|0.0|SOFIANE|SPDE-ETAS|||relative_plus_offset|2.58524636325|synthetic|synthetic_data_case_01_patches|synthetic_earthquake|372.7433439|0.08524636325|0|426|0
673|2016-01-09T19:50:08.018880|3.050928087|4.835968543|0.0|SOFIANE|SPDE-ETAS|||relative_plus_offset|2.7198314355|synthetic|synthetic_data_case_01_patches|synthetic_earthquake|373.8264817|0.2198314355|665|420|1
674|2016-01-10T05:51:31.121280|2.602212638|1.605487646|0.0|SOFIANE|SPDE-ETAS|||relative_plus_offset|2.7018507181|synthetic|synthetic_data_case_01_patches|synthetic_earthquake|374.2441102|0.2018507181|0|427|0
675|2016-01-11T02:04:08.984640|2.416695211|2.787448557|0.0|SOFIANE|SPDE-ETAS|||relative_plus_offset|2.6581302044|synthetic|synthetic_data_case_01_patches|synthetic_earthquake|375.0862151|0.1581302044|0|428|0
676|2016-01-11T02:36:13.224960|3.557430501|0.4531865264|0.0|SOFIANE|SPDE-ETAS|||relative_plus_offset|3.2115483693|synthetic|synthetic_data_case_01_patches|synthetic_earthquake|375.1084864|0.7115483693|0|429|0
677|2016-01-11T13:26:17.571840|3.495411544|0.5805461166|0.0|SOFIANE|SPDE-ETAS|||relative_plus_offset|3.521736986|synthetic|synthetic_data_case_01_patches|synthetic_earthquake|375.5599256|1.021736986|0|430|0
678|2016-01-11T15:35:57.840000|4.536851048|2.257877195|0.0|SOFIANE|SPDE-ETAS|||relative_plus_offset|2.6340754008|synthetic|synthetic_data_case_01_patches|synthetic_earthquake|375.649975|0.1340754008|0|431|0
679|2016-01-12T08:39:51.462720|3.408679474|0.5362926543|0.0|SOFIANE|SPDE-ETAS|||relative_plus_offset|2.6555913413|synthetic|synthetic_data_case_01_patches|synthetic_earthquake|376.3610123|0.1555913413|0|432|0
680|2016-01-13T03:25:33.124800|4.583060867|3.459315844|0.0|SOFIANE|SPDE-ETAS|||relative_plus_offset|2.53389032784|synthetic|synthetic_data_case_01_patches|synthetic_earthquake|377.1427445|0.03389032784|0|433|0
681|2016-01-13T05:40:01.191360|0.7316951661|3.962788335|0.0|SOFIANE|SPDE-ETAS|||relative_plus_offset|2.8904349588000002|synthetic|synthetic_data_case_01_patches|synthetic_earthquake|377.2361249|0.3904349588|0|434|0
682|2016-01-13T19:45:53.605440|2.482186558|2.302280717|0.0|SOFIANE|SPDE-ETAS|||relative_plus_offset|2.56819086232|synthetic|synthetic_data_case_01_patches|synthetic_earthquake|377.8235371|0.06819086232|0|435|0
683|2016-01-13T21:16:30.645120|1.428010254|2.941899987|0.0|SOFIANE|SPDE-ETAS|||relative_plus_offset|3.1113468673|synthetic|synthetic_data_case_01_patches|synthetic_earthquake|377.8864658|0.6113468673|574|371|1
684|2016-01-14T05:14:07.995840|4.048321273|2.98434492|0.0|SOFIANE|SPDE-ETAS|||relative_plus_offset|2.8239706896|synthetic|synthetic_data_case_01_patches|synthetic_earthquake|378.2181481|0.3239706896|0|436|0
685|2016-01-15T10:18:55.791360|3.951945787|0.1043841926|0.0|SOFIANE|SPDE-ETAS|||relative_plus_offset|4.6166187999999995|synthetic|synthetic_data_case_01_patches|synthetic_earthquake|379.4298124|2.1166188|0|437|0
686|2016-01-15T17:24:29.479680|3.555346602|0.4645432657|0.0|SOFIANE|SPDE-ETAS|||relative_plus_offset|2.7200432858|synthetic|synthetic_data_case_01_patches|synthetic_earthquake|379.7253412|0.2200432858|676|429|1
687|2016-01-16T01:32:03.042240|1.160883728|4.143697639|0.0|SOFIANE|SPDE-ETAS|||relative_plus_offset|2.57942375464|synthetic|synthetic_data_case_01_patches|synthetic_earthquake|380.0639241|0.07942375464|0|438|0
688|2016-01-16T09:34:09.295680|1.213607281|2.765795216|0.0|SOFIANE|SPDE-ETAS|||relative_plus_offset|3.726315769|synthetic|synthetic_data_case_01_patches|synthetic_earthquake|380.3987187|1.226315769|0|439|0
689|2016-01-16T10:33:15.773760|4.074284848|2.46273451|0.0|SOFIANE|SPDE-ETAS|||relative_plus_offset|2.6389880482|synthetic|synthetic_data_case_01_patches|synthetic_earthquake|380.4397659|0.1389880482|0|440|0
690|2016-01-16T18:00:26.835840|0.6277672324|3.311851347|0.0|SOFIANE|SPDE-ETAS|||relative_plus_offset|2.8012525327|synthetic|synthetic_data_case_01_patches|synthetic_earthquake|380.7503106|0.3012525327|0|441|0
691|2016-01-17T11:31:02.409600|4.116380746|2.121012248|0.0|SOFIANE|SPDE-ETAS|||relative_plus_offset|2.801487632|synthetic|synthetic_data_case_01_patches|synthetic_earthquake|381.479889|0.301487632|0|442|0
692|2016-01-17T18:25:36.192000|4.117244098|2.11219387|0.0|SOFIANE|SPDE-ETAS|||relative_plus_offset|2.59584721508|synthetic|synthetic_data_case_01_patches|synthetic_earthquake|381.76778|0.09584721508|691|442|1
693|2016-01-18T21:03:56.399040|3.951042885|0.09826627726|0.0|SOFIANE|SPDE-ETAS|||relative_plus_offset|2.58912692535|synthetic|synthetic_data_case_01_patches|synthetic_earthquake|382.8777361|0.08912692535|685|437|1
694|2016-01-19T00:05:43.681920|3.92376601|1.084390293|0.0|SOFIANE|SPDE-ETAS|||relative_plus_offset|2.7293290025|synthetic|synthetic_data_case_01_patches|synthetic_earthquake|383.0039778|0.2293290025|0|443|0
695|2016-01-19T22:00:31.728960|0.4716175958|2.492096194|0.0|SOFIANE|SPDE-ETAS|||relative_plus_offset|4.0583630710000005|synthetic|synthetic_data_case_01_patches|synthetic_earthquake|383.9170339|1.558363071|0|444|0
696|2016-01-20T11:21:45.907200|0.5408258544|2.470999238|0.0|SOFIANE|SPDE-ETAS|||relative_plus_offset|2.53430246814|synthetic|synthetic_data_case_01_patches|synthetic_earthquake|384.473448|0.03430246814|695|444|1
697|2016-01-21T08:43:35.558400|0.4826438132|4.90823798|0.0|SOFIANE|SPDE-ETAS|||relative_plus_offset|3.559385273|synthetic|synthetic_data_case_01_patches|synthetic_earthquake|385.363606|1.059385273|0|445|0
698|2016-01-21T09:09:07.732800|0.4755424164|4.900609802|0.0|SOFIANE|SPDE-ETAS|||relative_plus_offset|2.7743908703|synthetic|synthetic_data_case_01_patches|synthetic_earthquake|385.3813395|0.2743908703|697|445|1
699|2016-01-21T19:25:17.921280|3.120885515|4.849022563|0.0|SOFIANE|SPDE-ETAS|||relative_plus_offset|2.5860988404|synthetic|synthetic_data_case_01_patches|synthetic_earthquake|385.8092352|0.0860988404|0|446|0
700|2016-01-22T10:24:12.870720|0.6302520125|3.322863956|0.0|SOFIANE|SPDE-ETAS|||relative_plus_offset|2.54223497044|synthetic|synthetic_data_case_01_patches|synthetic_earthquake|386.4334823|0.04223497044|690|441|1
701|2016-01-22T10:44:37.685760|0.6320036844|3.329630154|0.0|SOFIANE|SPDE-ETAS|||relative_plus_offset|3.1934857959|synthetic|synthetic_data_case_01_patches|synthetic_earthquake|386.4476584|0.6934857959|700|441|2
702|2016-01-22T16:40:12.368640|3.288222053|0.8783896037|0.0|SOFIANE|SPDE-ETAS|||relative_plus_offset|3.8661268189999998|synthetic|synthetic_data_case_01_patches|synthetic_earthquake|386.6945876|1.366126819|0|447|0
703|2016-01-23T02:38:33.434880|3.748989017|0.633966439|0.0|SOFIANE|SPDE-ETAS|||relative_plus_offset|2.7273875975|synthetic|synthetic_data_case_01_patches|synthetic_earthquake|387.1101092|0.2273875975|0|448|0
704|2016-01-23T18:56:17.488320|3.77167499|0.6279051406|0.0|SOFIANE|SPDE-ETAS|||relative_plus_offset|2.9428167004|synthetic|synthetic_data_case_01_patches|synthetic_earthquake|387.7890913|0.4428167004|703|448|1
705|2016-01-24T21:50:36.666240|2.525514599|2.474191102|0.0|SOFIANE|SPDE-ETAS|||relative_plus_offset|3.4723657697|synthetic|synthetic_data_case_01_patches|synthetic_earthquake|388.9101466|0.9723657697|0|449|0
706|2016-01-25T01:08:44.511360|0.4865793659|2.491777855|0.0|SOFIANE|SPDE-ETAS|||relative_plus_offset|3.3134230958|synthetic|synthetic_data_case_01_patches|synthetic_earthquake|389.0477374|0.8134230958|695|444|1
707|2016-01-25T01:11:24.256320|0.4658439878|2.523909499|0.0|SOFIANE|SPDE-ETAS|||relative_plus_offset|2.58802483364|synthetic|synthetic_data_case_01_patches|synthetic_earthquake|389.0495863|0.08802483364|706|444|2
708|2016-01-26T18:10:01.335360|2.497007108|2.541016627|0.0|SOFIANE|SPDE-ETAS|||relative_plus_offset|3.3992909891|synthetic|synthetic_data_case_01_patches|synthetic_earthquake|390.7569599|0.8992909891|705|449|1
709|2016-01-26T21:20:34.085760|2.776597339|2.870094384|0.0|SOFIANE|SPDE-ETAS|||relative_plus_offset|2.9040117062|synthetic|synthetic_data_case_01_patches|synthetic_earthquake|390.8892834|0.4040117062|0|450|0
710|2016-01-27T12:40:55.945920|4.242264517|1.970258326|0.0|SOFIANE|SPDE-ETAS|||relative_plus_offset|2.6105471514|synthetic|synthetic_data_case_01_patches|synthetic_earthquake|391.5284253|0.1105471514|0|451|0
711|2016-01-27T22:51:19.851840|1.972337164|1.444588507|0.0|SOFIANE|SPDE-ETAS|||relative_plus_offset|2.7964436009|synthetic|synthetic_data_case_01_patches|synthetic_earthquake|391.9523131|0.2964436009|0|452|0
712|2016-01-28T20:27:57.444480|4.256513657|0.8160231685|0.0|SOFIANE|SPDE-ETAS|||relative_plus_offset|2.55291943326|synthetic|synthetic_data_case_01_patches|synthetic_earthquake|392.8527482|0.05291943326|0|453|0
713|2016-01-29T12:49:49.327680|4.912734366|1.898341621|0.0|SOFIANE|SPDE-ETAS|||relative_plus_offset|2.9377896935|synthetic|synthetic_data_case_01_patches|synthetic_earthquake|393.5345987|0.4377896935|0|454|0
714|2016-01-30T01:16:45.698880|2.13951663|2.833595108|0.0|SOFIANE|SPDE-ETAS|||relative_plus_offset|2.54784735148|synthetic|synthetic_data_case_01_patches|synthetic_earthquake|394.0533067|0.04784735148|0|455|0
715|2016-01-30T16:54:17.611200|4.785347519|1.598930846|0.0|SOFIANE|SPDE-ETAS|||relative_plus_offset|2.52080038785|synthetic|synthetic_data_case_01_patches|synthetic_earthquake|394.7043705|0.02080038785|0|456|0
716|2016-01-30T20:11:54.499200|3.765363354|0.6371031104|0.0|SOFIANE|SPDE-ETAS|||relative_plus_offset|2.7317060693|synthetic|synthetic_data_case_01_patches|synthetic_earthquake|394.841603|0.2317060693|704|448|2
717|2016-01-31T07:23:09.072960|3.561547268|2.397048689|0.0|SOFIANE|SPDE-ETAS|||relative_plus_offset|2.9030660434|synthetic|synthetic_data_case_01_patches|synthetic_earthquake|395.3077439|0.4030660434|0|457|0
718|2016-01-31T22:35:22.228800|0.8589613029|2.074828063|0.0|SOFIANE|SPDE-ETAS|||relative_plus_offset|4.4383964460000005|synthetic|synthetic_data_case_01_patches|synthetic_earthquake|395.9412295|1.938396446|656|418|1
719|2016-01-31T23:00:21.216960|2.853367986|0.1956585634|0.0|SOFIANE|SPDE-ETAS|||relative_plus_offset|3.0206783536|synthetic|synthetic_data_case_01_patches|synthetic_earthquake|395.9585789|0.5206783536|0|458|0
720|2016-02-01T00:20:38.621760|0.9232059651|2.139546148|0.0|SOFIANE|SPDE-ETAS|||relative_plus_offset|2.8980555975|synthetic|synthetic_data_case_01_patches|synthetic_earthquake|396.0143359|0.3980555975|718|418|2
721|2016-02-01T16:57:35.933760|4.288343826|0.2558167817|0.0|SOFIANE|SPDE-ETAS|||relative_plus_offset|3.1144607813|synthetic|synthetic_data_case_01_patches|synthetic_earthquake|396.7066659|0.6144607813|0|459|0
722|2016-02-02T12:04:13.402560|4.598972884|3.478079828|0.0|SOFIANE|SPDE-ETAS|||relative_plus_offset|2.501304267731|synthetic|synthetic_data_case_01_patches|synthetic_earthquake|397.5029329|0.001304267731|0|460|0
723|2016-02-03T14:07:04.437120|3.883649095|0.4789662498|0.0|SOFIANE|SPDE-ETAS|||relative_plus_offset|2.8235715483|synthetic|synthetic_data_case_01_patches|synthetic_earthquake|398.5882458|0.3235715483|0|461|0
724|2016-02-03T20:26:58.606080|2.218654029|0.1027517499|0.0|SOFIANE|SPDE-ETAS|||relative_plus_offset|2.7990801357|synthetic|synthetic_data_case_01_patches|synthetic_earthquake|398.8520672|0.2990801357|0|462|0
725|2016-02-05T13:28:39.164160|4.26470606|0.8070828016|0.0|SOFIANE|SPDE-ETAS|||relative_plus_offset|2.51947920599|synthetic|synthetic_data_case_01_patches|synthetic_earthquake|400.5615644|0.01947920599|712|453|1
726|2016-02-05T13:47:42.918720|4.263362317|0.8184911453|0.0|SOFIANE|SPDE-ETAS|||relative_plus_offset|3.5878410389999997|synthetic|synthetic_data_case_01_patches|synthetic_earthquake|400.5748023|1.087841039|725|453|2
727|2016-02-06T02:40:13.823040|0.8440173661|2.084397298|0.0|SOFIANE|SPDE-ETAS|||relative_plus_offset|2.6058268181|synthetic|synthetic_data_case_01_patches|synthetic_earthquake|401.1112711|0.1058268181|718|418|2
728|2016-02-06T03:37:26.270400|3.583667348|1.381856846|0.0|SOFIANE|SPDE-ETAS|||relative_plus_offset|2.6210750995|synthetic|synthetic_data_case_01_patches|synthetic_earthquake|401.1509985|0.1210750995|0|463|0
729|2016-02-07T05:14:58.565760|2.344461933|0.7451023847|0.0|SOFIANE|SPDE-ETAS|||relative_plus_offset|2.8973681696|synthetic|synthetic_data_case_01_patches|synthetic_earthquake|402.2187334|0.3973681696|0|464|0
730|2016-02-08T13:07:09.549120|2.35403591|0.6284823405|0.0|SOFIANE|SPDE-ETAS|||relative_plus_offset|2.55996552172|synthetic|synthetic_data_case_01_patches|synthetic_earthquake|403.5466383|0.05996552172|0|465|0
731|2016-02-08T16:59:32.815680|0.345248172|4.046144406|0.0|SOFIANE|SPDE-ETAS|||relative_plus_offset|2.8375945035|synthetic|synthetic_data_case_01_patches|synthetic_earthquake|403.7080187|0.3375945035|0|466|0
732|2016-02-09T06:18:37.575360|0.8672639776|2.080582221|0.0|SOFIANE|SPDE-ETAS|||relative_plus_offset|3.1024345837|synthetic|synthetic_data_case_01_patches|synthetic_earthquake|404.2629349|0.6024345837|718|418|2
733|2016-02-09T07:16:06.335040|2.704031807|2.52046623|0.0|SOFIANE|SPDE-ETAS|||relative_plus_offset|2.5735037043|synthetic|synthetic_data_case_01_patches|synthetic_earthquake|404.3028511|0.0735037043|0|467|0
734|2016-02-09T10:37:56.591040|3.00978837|2.480637342|0.0|SOFIANE|SPDE-ETAS|||relative_plus_offset|2.59341660241|synthetic|synthetic_data_case_01_patches|synthetic_earthquake|404.4430161|0.09341660241|0|468|0
735|2016-02-09T11:30:59.169600|2.712727365|1.411989802|0.0|SOFIANE|SPDE-ETAS|||relative_plus_offset|3.848356888|synthetic|synthetic_data_case_01_patches|synthetic_earthquake|404.4798515|1.348356888|0|469|0
736|2016-02-09T15:43:46.257600|2.71688432|1.41419938|0.0|SOFIANE|SPDE-ETAS|||relative_plus_offset|3.2506116673|synthetic|synthetic_data_case_01_patches|synthetic_earthquake|404.6553965|0.7506116673|735|469|1
737|2016-02-10T11:52:51.274560|2.758732734|1.40830655|0.0|SOFIANE|SPDE-ETAS|||relative_plus_offset|3.4299396829999997|synthetic|synthetic_data_case_01_patches|synthetic_earthquake|405.4950379|0.929939683|736|469|2
738|2016-02-10T14:02:14.591040|4.88772638|1.503922157|0.0|SOFIANE|SPDE-ETAS|||relative_plus_offset|2.6030324678|synthetic|synthetic_data_case_01_patches|synthetic_earthquake|405.5848911|0.1030324678|511|336|1
739|2016-02-11T10:11:39.333120|0.03698068944|4.588131058|0.0|SOFIANE|SPDE-ETAS|||relative_plus_offset|3.1016902222000002|synthetic|synthetic_data_case_01_patches|synthetic_earthquake|406.4247608|0.6016902222|0|470|0
740|2016-02-11T12:53:56.241600|4.292279708|2.187388088|0.0|SOFIANE|SPDE-ETAS|||relative_plus_offset|2.57850270841|synthetic|synthetic_data_case_01_patches|synthetic_earthquake|406.5374565|0.07850270841|0|471|0
741|2016-02-11T13:30:56.108160|4.293164062|2.181822043|0.0|SOFIANE|SPDE-ETAS|||relative_plus_offset|2.8542093323|synthetic|synthetic_data_case_01_patches|synthetic_earthquake|406.5631494|0.3542093323|740|471|1
742|2016-02-11T14:32:39.065280|4.299452651|2.198265004|0.0|SOFIANE|SPDE-ETAS|||relative_plus_offset|5.1391900370000005|synthetic|synthetic_data_case_01_patches|synthetic_earthquake|406.6060077|2.639190037|741|471|2
743|2016-02-11T14:33:48.176640|4.342374363|2.201886078|0.0|SOFIANE|SPDE-ETAS|||relative_plus_offset|2.7256066808|synthetic|synthetic_data_case_01_patches|synthetic_earthquake|406.6068076|0.2256066808|742|471|3
744|2016-02-11T14:43:32.750400|4.305588581|2.224247814|0.0|SOFIANE|SPDE-ETAS|||relative_plus_offset|2.8032742032|synthetic|synthetic_data_case_01_patches|synthetic_earthquake|406.6135735|0.3032742032|742|471|3
745|2016-02-11T15:01:21.561599|4.385602186|2.270510703|0.0|SOFIANE|SPDE-ETAS|||relative_plus_offset|2.6103706544|synthetic|synthetic_data_case_01_patches|synthetic_earthquake|406.625944|0.1103706544|742|471|3
746|2016-02-11T15:03:53.988480|4.300418409|2.246663635|0.0|SOFIANE|SPDE-ETAS|||relative_plus_offset|3.2290703883000003|synthetic|synthetic_data_case_01_patches|synthetic_earthquake|406.6277082|0.7290703883|742|471|3
747|2016-02-11T15:09:04.872960|4.312295996|2.229733663|0.0|SOFIANE|SPDE-ETAS|||relative_plus_offset|3.5028856839999998|synthetic|synthetic_data_case_01_patches|synthetic_earthquake|406.6313064|1.002885684|742|471|3
748|2016-02-11T15:38:16.244160|4.301229042|2.176495517|0.0|SOFIANE|SPDE-ETAS|||relative_plus_offset|2.54997874308|synthetic|synthetic_data_case_01_patches|synthetic_earthquake|406.6515769|0.04997874308|742|471|3
749|2016-02-11T16:36:38.943360|4.316994961|2.263101812|0.0|SOFIANE|SPDE-ETAS|||relative_plus_offset|2.6333245192|synthetic|synthetic_data_case_01_patches|synthetic_earthquake|406.6921174|0.1333245192|742|471|3
750|2016-02-11T17:02:54.041280|4.321696057|2.196891861|0.0|SOFIANE|SPDE-ETAS|||relative_plus_offset|2.8240890799000002|synthetic|synthetic_data_case_01_patches|synthetic_earthquake|406.7103477|0.3240890799|742|471|3
751|2016-02-11T17:43:43.394880|4.303603266|2.193365299|0.0|SOFIANE|SPDE-ETAS|||relative_plus_offset|2.8631692448|synthetic|synthetic_data_case_01_patches|synthetic_earthquake|406.7386967|0.3631692448|742|471|3
752|2016-02-11T18:11:26.465280|4.307742531|2.238630092|0.0|SOFIANE|SPDE-ETAS|||relative_plus_offset|3.4649741607999998|synthetic|synthetic_data_case_01_patches|synthetic_earthquake|406.7579452|0.9649741608|742|471|3
753|2016-02-11T19:02:15.106560|4.518834026|1.989677769|0.0|SOFIANE|SPDE-ETAS|||relative_plus_offset|2.7664710028|synthetic|synthetic_data_case_01_patches|synthetic_earthquake|406.7932304|0.2664710028|742|471|3
754|2016-02-13T13:05:15.241919|4.307288051|2.250332476|0.0|SOFIANE|SPDE-ETAS|||relative_plus_offset|3.2756679569|synthetic|synthetic_data_case_01_patches|synthetic_earthquake|408.5453153|0.7756679569|742|471|3
755|2016-02-13T19:39:51.485760|1.129231649|1.080118657|0.0|SOFIANE|SPDE-ETAS|||relative_plus_offset|2.6109151156|synthetic|synthetic_data_case_01_patches|synthetic_earthquake|408.8193459|0.1109151156|0|472|0
756|2016-02-14T23:03:06.370560|2.670794874|0.5157503917|0.0|SOFIANE|SPDE-ETAS|||relative_plus_offset|2.678864019|synthetic|synthetic_data_case_01_patches|synthetic_earthquake|409.9604904|0.178864019|0|473|0
757|2016-02-15T04:35:37.737600|1.605120997|0.4793356877|0.0|SOFIANE|SPDE-ETAS|||relative_plus_offset|3.2418993805|synthetic|synthetic_data_case_01_patches|synthetic_earthquake|410.191409|0.7418993805|0|474|0
758|2016-02-15T05:10:13.074240|1.602623897|0.4890929115|0.0|SOFIANE|SPDE-ETAS|||relative_plus_offset|2.6905654102|synthetic|synthetic_data_case_01_patches|synthetic_earthquake|410.2154291|0.1905654102|757|474|1
759|2016-02-15T12:23:07.920960|4.316030002|2.184204517|0.0|SOFIANE|SPDE-ETAS|||relative_plus_offset|2.7812713102|synthetic|synthetic_data_case_01_patches|synthetic_earthquake|410.5160639|0.2812713102|742|471|3
760|2016-02-15T14:11:35.335680|3.334610015|4.825776216|0.0|SOFIANE|SPDE-ETAS|||relative_plus_offset|2.7887919369|synthetic|synthetic_data_case_01_patches|synthetic_earthquake|410.5913812|0.2887919369|0|475|0
761|2016-02-15T21:34:55.597440|1.782328682|1.379758639|0.0|SOFIANE|SPDE-ETAS|||relative_plus_offset|2.6594905605|synthetic|synthetic_data_case_01_patches|synthetic_earthquake|410.8992546|0.1594905605|0|476|0
762|2016-02-15T21:38:42.034560|4.577949471|1.490483606|0.0|SOFIANE|SPDE-ETAS|||relative_plus_offset|2.9872373768|synthetic|synthetic_data_case_01_patches|synthetic_earthquake|410.9018754|0.4872373768|0|477|0
763|2016-02-16T11:09:33.261120|2.519308665|0.7770643588|0.0|SOFIANE|SPDE-ETAS|||relative_plus_offset|2.53909073718|synthetic|synthetic_data_case_01_patches|synthetic_earthquake|411.4649683|0.03909073718|0|478|0
764|2016-02-16T12:40:56.688960|4.314755227|1.46023252|0.0|SOFIANE|SPDE-ETAS|||relative_plus_offset|2.7562854446|synthetic|synthetic_data_case_01_patches|synthetic_earthquake|411.5284339|0.2562854446|0|479|0
765|2016-02-16T15:57:28.673280|4.315831453|2.248372783|0.0|SOFIANE|SPDE-ETAS|||relative_plus_offset|2.6257218154|synthetic|synthetic_data_case_01_patches|synthetic_earthquake|411.6649152|0.1257218154|747|471|4
766|2016-02-17T07:37:00.690240|4.918917379|1.331501637|0.0|SOFIANE|SPDE-ETAS|||relative_plus_offset|4.2328994|synthetic|synthetic_data_case_01_patches|synthetic_earthquake|412.3173691|1.7328994|0|480|0
767|2016-02-17T07:58:26.408640|4.905169471|1.324477518|0.0|SOFIANE|SPDE-ETAS|||relative_plus_offset|2.643471044|synthetic|synthetic_data_case_01_patches|synthetic_earthquake|412.3322501|0.143471044|766|480|1
768|2016-02-18T13:05:54.000960|2.094641782|2.796210859|0.0|SOFIANE|SPDE-ETAS|||relative_plus_offset|3.0811533721|synthetic|synthetic_data_case_01_patches|synthetic_earthquake|413.5457639|0.5811533721|0|481|0
769|2016-02-19T06:17:48.500160|2.302810307|3.485368892|0.0|SOFIANE|SPDE-ETAS|||relative_plus_offset|2.6907411647|synthetic|synthetic_data_case_01_patches|synthetic_earthquake|414.2623669|0.1907411647|0|482|0
770|2016-02-19T15:20:29.705280|3.592850504|2.886938448|0.0|SOFIANE|SPDE-ETAS|||relative_plus_offset|2.6105642029|synthetic|synthetic_data_case_01_patches|synthetic_earthquake|414.6392327|0.1105642029|0|483|0
771|2016-02-20T09:48:52.035840|1.968999435|1.434077157|0.0|SOFIANE|SPDE-ETAS|||relative_plus_offset|3.0160682918|synthetic|synthetic_data_case_01_patches|synthetic_earthquake|415.4089356|0.5160682918|711|452|1
772|2016-02-23T03:56:00.165120|3.673914931|1.342876547|0.0|SOFIANE|SPDE-ETAS|||relative_plus_offset|2.6322229767|synthetic|synthetic_data_case_01_patches|synthetic_earthquake|418.1638908|0.1322229767|0|484|0
773|2016-02-24T14:55:57.604800|0.4015748416|0.293590783|0.0|SOFIANE|SPDE-ETAS|||relative_plus_offset|3.1228849725|synthetic|synthetic_data_case_01_patches|synthetic_earthquake|419.6221945|0.6228849725|0|485|0
774|2016-02-24T18:04:53.189760|2.001007066|2.804466503|0.0|SOFIANE|SPDE-ETAS|||relative_plus_offset|2.6037898885|synthetic|synthetic_data_case_01_patches|synthetic_earthquake|419.7533934|0.1037898885|0|486|0
775|2016-02-25T02:57:37.059840|4.564402454|4.544723662|0.0|SOFIANE|SPDE-ETAS|||relative_plus_offset|3.1900474903|synthetic|synthetic_data_case_01_patches|synthetic_earthquake|420.1233456|0.6900474903|0|487|0
776|2016-02-25T10:53:32.233920|0.8242288773|1.44773029|0.0|SOFIANE|SPDE-ETAS|||relative_plus_offset|2.9755146316|synthetic|synthetic_data_case_01_patches|synthetic_earthquake|420.4538453|0.4755146316|0|488|0
777|2016-02-26T18:36:33.644160|2.422497985|2.859598842|0.0|SOFIANE|SPDE-ETAS|||relative_plus_offset|2.8207027946|synthetic|synthetic_data_case_01_patches|synthetic_earthquake|421.7753894|0.3207027946|0|489|0
778|2016-02-27T03:49:56.092800|2.882850095|3.585849155|0.0|SOFIANE|SPDE-ETAS|||relative_plus_offset|3.244472652|synthetic|synthetic_data_case_01_patches|synthetic_earthquake|422.159677|0.744472652|0|490|0
779|2016-02-27T09:05:42.541440|1.53730305|2.552579837|0.0|SOFIANE|SPDE-ETAS|||relative_plus_offset|2.7668267585|synthetic|synthetic_data_case_01_patches|synthetic_earthquake|422.3789646|0.2668267585|0|491|0
780|2016-02-27T16:15:33.261120|1.514196975|2.176267996|0.0|SOFIANE|SPDE-ETAS|||relative_plus_offset|2.8092130579|synthetic|synthetic_data_case_01_patches|synthetic_earthquake|422.6774683|0.3092130579|0|492|0
781|2016-03-01T15:23:24.181440|3.895752014|1.047326533|0.0|SOFIANE|SPDE-ETAS|||relative_plus_offset|3.3542760465|synthetic|synthetic_data_case_01_patches|synthetic_earthquake|425.6412521|0.8542760465|0|493|0
782|2016-03-01T18:51:09.014400|3.83612241|1.237508039|0.0|SOFIANE|SPDE-ETAS|||relative_plus_offset|2.506910715562|synthetic|synthetic_data_case_01_patches|synthetic_earthquake|425.785521|0.006910715562|0|494|0
783|2016-03-02T05:55:50.433600|2.020368772|1.763604418|0.0|SOFIANE|SPDE-ETAS|||relative_plus_offset|2.9693844284|synthetic|synthetic_data_case_01_patches|synthetic_earthquake|426.2471115|0.4693844284|0|495|0
784|2016-03-02T07:25:42.113280|2.03936928|1.731152657|0.0|SOFIANE|SPDE-ETAS|||relative_plus_offset|2.7958928385|synthetic|synthetic_data_case_01_patches|synthetic_earthquake|426.3095152|0.2958928385|783|495|1
785|2016-03-02T11:21:55.679040|4.741114231|1.340221143|0.0|SOFIANE|SPDE-ETAS|||relative_plus_offset|3.0233383111|synthetic|synthetic_data_case_01_patches|synthetic_earthquake|426.4735611|0.5233383111|0|496|0
786|2016-03-03T08:54:36.838080|2.615412719|2.578784119|0.0|SOFIANE|SPDE-ETAS|||relative_plus_offset|2.7296055241|synthetic|synthetic_data_case_01_patches|synthetic_earthquake|427.3712597|0.2296055241|0|497|0
787|2016-03-04T02:26:04.381440|2.121311142|4.545994656|0.0|SOFIANE|SPDE-ETAS|||relative_plus_offset|2.8493382209|synthetic|synthetic_data_case_01_patches|synthetic_earthquake|428.1014396|0.3493382209|0|498|0
788|2016-03-05T05:06:13.452480|3.475297019|0.5653350257|0.0|SOFIANE|SPDE-ETAS|||relative_plus_offset|2.509797260742|synthetic|synthetic_data_case_01_patches|synthetic_earthquake|429.2126557|0.009797260742|677|430|1
789|2016-03-05T06:06:35.599680|1.229649373|4.219707101|0.0|SOFIANE|SPDE-ETAS|||relative_plus_offset|2.7029030351|synthetic|synthetic_data_case_01_patches|synthetic_earthquake|429.2545787|0.2029030351|0|499|0
790|2016-03-07T16:07:39.227520|2.532691201|4.60926222|0.0|SOFIANE|SPDE-ETAS|||relative_plus_offset|2.6038030221|synthetic|synthetic_data_case_01_patches|synthetic_earthquake|431.6719818|0.1038030221|0|500|0
791|2016-03-07T16:48:29.669759|4.449019824|0.1924387402|0.0|SOFIANE|SPDE-ETAS|||relative_plus_offset|2.7767225633|synthetic|synthetic_data_case_01_patches|synthetic_earthquake|431.7003434|0.2767225633|0|501|0
792|2016-03-08T19:01:25.029120|3.363851944|2.584809816|0.0|SOFIANE|SPDE-ETAS|||relative_plus_offset|2.8725085419|synthetic|synthetic_data_case_01_patches|synthetic_earthquake|432.7926508|0.3725085419|0|502|0
793|2016-03-08T21:53:31.626240|0.5865411047|1.927294724|0.0|SOFIANE|SPDE-ETAS|||relative_plus_offset|2.695602855|synthetic|synthetic_data_case_01_patches|synthetic_earthquake|432.9121716|0.195602855|0|503|0
794|2016-03-09T10:14:55.547520|1.684291069|0.9419066933|0.0|SOFIANE|SPDE-ETAS|||relative_plus_offset|2.7038397446|synthetic|synthetic_data_case_01_patches|synthetic_earthquake|433.4270318|0.2038397446|0|504|0
795|2016-03-09T11:47:10.970880|0.8617324168|2.910862797|0.0|SOFIANE|SPDE-ETAS|||relative_plus_offset|2.6085144451|synthetic|synthetic_data_case_01_patches|synthetic_earthquake|433.4910992|0.1085144451|0|505|0
796|2016-03-09T12:11:57.672960|1.556775511|2.499728842|0.0|SOFIANE|SPDE-ETAS|||relative_plus_offset|2.51881930253|synthetic|synthetic_data_case_01_patches|synthetic_earthquake|433.5083064|0.01881930253|779|491|1
797|2016-03-09T12:22:09.670079|1.545334672|2.513791006|0.0|SOFIANE|SPDE-ETAS|||relative_plus_offset|2.57615898933|synthetic|synthetic_data_case_01_patches|synthetic_earthquake|433.5153897|0.07615898933|796|491|2
798|2016-03-10T09:16:51.769920|0.2232843181|2.900041387|0.0|SOFIANE|SPDE-ETAS|||relative_plus_offset|3.0565690256|synthetic|synthetic_data_case_01_patches|synthetic_earthquake|434.3867103|0.5565690256|0|506|0
799|2016-03-10T11:46:48.109440|3.481332113|0.1236748766|0.0|SOFIANE|SPDE-ETAS|||relative_plus_offset|2.6796402792|synthetic|synthetic_data_case_01_patches|synthetic_earthquake|434.4908346|0.1796402792|0|507|0
800|2016-03-10T19:21:31.976639|3.478995467|0.09622631714|0.0|SOFIANE|SPDE-ETAS|||relative_plus_offset|2.9360618927|synthetic|synthetic_data_case_01_patches|synthetic_earthquake|434.8066201|0.4360618927|799|507|1
801|2016-03-12T04:46:46.309440|4.582236362|2.382350052|0.0|SOFIANE|SPDE-ETAS|||relative_plus_offset|3.1093083864|synthetic|synthetic_data_case_01_patches|synthetic_earthquake|436.1991471|0.6093083864|0|508|0
802|2016-03-12T13:57:34.084800|2.448289272|2.747697247|0.0|SOFIANE|SPDE-ETAS|||relative_plus_offset|2.9630236558|synthetic|synthetic_data_case_01_patches|synthetic_earthquake|436.5816445|0.4630236558|0|509|0
803|2016-03-13T06:03:43.041600|4.09999503|1.463758421|0.0|SOFIANE|SPDE-ETAS|||relative_plus_offset|3.184189722|synthetic|synthetic_data_case_01_patches|synthetic_earthquake|437.2525815|0.684189722|0|510|0
804|2016-03-14T17:36:00.817920|2.538945203|1.377450922|0.0|SOFIANE|SPDE-ETAS|||relative_plus_offset|2.9253357775|synthetic|synthetic_data_case_01_patches|synthetic_earthquake|438.7333428|0.4253357775|0|511|0
805|2016-03-15T00:16:40.572480|2.528980023|1.378835483|0.0|SOFIANE|SPDE-ETAS|||relative_plus_offset|3.1770923846|synthetic|synthetic_data_case_01_patches|synthetic_earthquake|439.0115807|0.6770923846|804|511|1
806|2016-03-15T00:46:55.326719|2.51936889|1.377323794|0.0|SOFIANE|SPDE-ETAS|||relative_plus_offset|2.9373616693|synthetic|synthetic_data_case_01_patches|synthetic_earthquake|439.0325848|0.4373616693|805|511|2
807|2016-03-15T11:07:04.825920|4.728715726|2.265603884|0.0|SOFIANE|SPDE-ETAS|||relative_plus_offset|3.342977204|synthetic|synthetic_data_case_01_patches|synthetic_earthquake|439.4632503|0.842977204|0|512|0
808|2016-03-16T01:19:15.464640|2.325159951|1.41233065|0.0|SOFIANE|SPDE-ETAS|||relative_plus_offset|3.0402131941|synthetic|synthetic_data_case_01_patches|synthetic_earthquake|440.0550401|0.5402131941|0|513|0
809|2016-03-16T02:08:26.448000|2.140021475|1.914348334|0.0|SOFIANE|SPDE-ETAS|||relative_plus_offset|2.7473712412|synthetic|synthetic_data_case_01_patches|synthetic_earthquake|440.089195|0.2473712412|479|315|1
810|2016-03-18T08:08:49.568640|4.362134515|2.205520838|0.0|SOFIANE|SPDE-ETAS|||relative_plus_offset|2.7313267938|synthetic|synthetic_data_case_01_patches|synthetic_earthquake|442.3394626|0.2313267938|742|471|3
811|2016-03-19T00:33:08.971200|4.782786395|0.8201325254|0.0|SOFIANE|SPDE-ETAS|||relative_plus_offset|2.5201253515|synthetic|synthetic_data_case_01_patches|synthetic_earthquake|443.0230205|0.0201253515|524|343|2
812|2016-03-20T02:26:30.094080|2.153223746|2.724091104|0.0|SOFIANE|SPDE-ETAS|||relative_plus_offset|2.8767323784|synthetic|synthetic_data_case_01_patches|synthetic_earthquake|444.1017372|0.3767323784|0|514|0
813|2016-03-20T04:14:16.157760|1.992410508|0.2943844109|0.0|SOFIANE|SPDE-ETAS|||relative_plus_offset|2.5812397089|synthetic|synthetic_data_case_01_patches|synthetic_earthquake|444.1765759|0.0812397089|0|515|0
814|2016-03-20T09:43:22.825920|4.263800326|1.225605707|0.0|SOFIANE|SPDE-ETAS|||relative_plus_offset|3.0033402394|synthetic|synthetic_data_case_01_patches|synthetic_earthquake|444.4051253|0.5033402394|0|516|0
815|2016-03-20T14:25:32.949120|2.6726007|2.475274099|0.0|SOFIANE|SPDE-ETAS|||relative_plus_offset|3.2170490894|synthetic|synthetic_data_case_01_patches|synthetic_earthquake|444.6010758|0.7170490894|0|517|0
816|2016-03-20T14:32:54.790080|2.043473575|0.4311128169|0.0|SOFIANE|SPDE-ETAS|||relative_plus_offset|3.1021198625|synthetic|synthetic_data_case_01_patches|synthetic_earthquake|444.6061897|0.6021198625|0|518|0
817|2016-03-21T02:11:36.821760|3.24325662|2.355926159|0.0|SOFIANE|SPDE-ETAS|||relative_plus_offset|3.3232334213|synthetic|synthetic_data_case_01_patches|synthetic_earthquake|445.0913984|0.8232334213|0|519|0
818|2016-03-21T11:31:33.496320|4.047779813|2.806263033|0.0|SOFIANE|SPDE-ETAS|||relative_plus_offset|2.57985412691|synthetic|synthetic_data_case_01_patches|synthetic_earthquake|445.4802488|0.07985412691|0|520|0
819|2016-03-22T21:06:57.700800|3.2970485|2.20757857|0.0|SOFIANE|SPDE-ETAS|||relative_plus_offset|2.6378036077|synthetic|synthetic_data_case_01_patches|synthetic_earthquake|446.8798345|0.1378036077|0|521|0
820|2016-03-23T06:39:16.110720|4.719360186|2.406415504|0.0|SOFIANE|SPDE-ETAS|||relative_plus_offset|2.7960957182|synthetic|synthetic_data_case_01_patches|synthetic_earthquake|447.2772698|0.2960957182|0|522|0
821|2016-03-23T22:39:36.218880|2.356780428|2.711827728|0.0|SOFIANE|SPDE-ETAS|||relative_plus_offset|2.8196474319|synthetic|synthetic_data_case_01_patches|synthetic_earthquake|447.9441692|0.3196474319|558|363|1
822|2016-03-25T10:37:34.420800|4.505649089|1.651402266|0.0|SOFIANE|SPDE-ETAS|||relative_plus_offset|3.2871639564|synthetic|synthetic_data_case_01_patches|synthetic_earthquake|449.4427595|0.7871639564|0|523|0
823|2016-03-25T17:42:06.488640|3.575356555|1.194804361|0.0|SOFIANE|SPDE-ETAS|||relative_plus_offset|2.7266773634|synthetic|synthetic_data_case_01_patches|synthetic_earthquake|449.7375751|0.2266773634|585|377|1
824|2016-03-26T06:07:58.707840|1.490640125|1.999234446|0.0|SOFIANE|SPDE-ETAS|||relative_plus_offset|2.6146036337|synthetic|synthetic_data_case_01_patches|synthetic_earthquake|450.2555406|0.1146036337|0|524|0
825|2016-03-26T11:50:52.137600|3.513297476|0.5955445628|0.0|SOFIANE|SPDE-ETAS|||relative_plus_offset|2.9499467166|synthetic|synthetic_data_case_01_patches|synthetic_earthquake|450.493659|0.4499467166|677|430|1
826|2016-03-26T17:15:37.350720|1.507150879|1.996704118|0.0|SOFIANE|SPDE-ETAS|||relative_plus_offset|2.7878292909|synthetic|synthetic_data_case_01_patches|synthetic_earthquake|450.7191823|0.2878292909|824|524|1
827|2016-03-26T19:16:22.915199|4.838563614|0.2396788239|0.0|SOFIANE|SPDE-ETAS|||relative_plus_offset|3.3157299641|synthetic|synthetic_data_case_01_patches|synthetic_earthquake|450.803043|0.8157299641|0|525|0
828|2016-03-27T03:33:07.692480|2.022400549|1.181874361|0.0|SOFIANE|SPDE-ETAS|||relative_plus_offset|2.58313870677|synthetic|synthetic_data_case_01_patches|synthetic_earthquake|451.1480057|0.08313870677|0|526|0
829|2016-03-27T18:57:09.786240|2.870837169|0.1225717649|0.0|SOFIANE|SPDE-ETAS|||relative_plus_offset|2.56923225802|synthetic|synthetic_data_case_01_patches|synthetic_earthquake|451.7896966|0.06923225802|0|527|0
830|2016-03-27T20:49:44.434560|3.908428754|4.563464642|0.0|SOFIANE|SPDE-ETAS|||relative_plus_offset|3.4563894757|synthetic|synthetic_data_case_01_patches|synthetic_earthquake|451.8678754|0.9563894757|0|528|0
831|2016-03-28T22:47:51.852480|4.829462516|0.04348243505|0.0|SOFIANE|SPDE-ETAS|||relative_plus_offset|4.112055279|synthetic|synthetic_data_case_01_patches|synthetic_earthquake|452.9499057|1.612055279|0|529|0
832|2016-03-28T22:51:29.036160|4.808681945|0.07547054109|0.0|SOFIANE|SPDE-ETAS|||relative_plus_offset|2.6129405865|synthetic|synthetic_data_case_01_patches|synthetic_earthquake|452.9524194|0.1129405865|831|529|1
833|2016-03-28T23:20:55.700160|4.832885249|0.02179692054|0.0|SOFIANE|SPDE-ETAS|||relative_plus_offset|3.1121363128|synthetic|synthetic_data_case_01_patches|synthetic_earthquake|452.9728669|0.6121363128|831|529|1
834|2016-03-28T23:28:55.876800|4.830833208|0.05978804405|0.0|SOFIANE|SPDE-ETAS|||relative_plus_offset|2.7127465756999998|synthetic|synthetic_data_case_01_patches|synthetic_earthquake|452.9784245|0.2127465757|831|529|1
835|2016-03-30T23:27:35.015040|2.734660342|2.236653455|0.0|SOFIANE|SPDE-ETAS|||relative_plus_offset|3.644448217|synthetic|synthetic_data_case_01_patches|synthetic_earthquake|454.9774886|1.144448217|0|530|0
836|2016-03-31T02:58:05.459520|2.994852968|0.8657893271|0.0|SOFIANE|SPDE-ETAS|||relative_plus_offset|3.4630387795999997|synthetic|synthetic_data_case_01_patches|synthetic_earthquake|455.1236743|0.9630387796|0|531|0
837|2016-03-31T20:02:40.269120|4.951151773|2.197816806|0.0|SOFIANE|SPDE-ETAS|||relative_plus_offset|2.8161808075|synthetic|synthetic_data_case_01_patches|synthetic_earthquake|455.8351883|0.3161808075|0|532|0
838|2016-04-01T02:08:17.928960|2.704660077|2.248220469|0.0|SOFIANE|SPDE-ETAS|||relative_plus_offset|2.51989520965|synthetic|synthetic_data_case_01_patches|synthetic_earthquake|456.0890964|0.01989520965|835|530|1
839|2016-04-01T15:44:37.432320|0.5905516518|3.356810367|0.0|SOFIANE|SPDE-ETAS|||relative_plus_offset|2.52036167379|synthetic|synthetic_data_case_01_patches|synthetic_earthquake|456.6559888|0.02036167379|0|533|0
840|2016-04-01T23:37:42.096000|0.1661616052|1.773038883|0.0|SOFIANE|SPDE-ETAS|||relative_plus_offset|3.9531732230000003|synthetic|synthetic_data_case_01_patches|synthetic_earthquake|456.984515|1.453173223|0|534|0
841|2016-04-02T17:21:00.581760|2.259798873|2.002870167|0.0|SOFIANE|SPDE-ETAS|||relative_plus_offset|3.2265836204|synthetic|synthetic_data_case_01_patches|synthetic_earthquake|457.7229234|0.7265836204|0|535|0
842|2016-04-03T06:44:53.079359|1.79152041|1.897539452|0.0|SOFIANE|SPDE-ETAS|||relative_plus_offset|2.79768922|synthetic|synthetic_data_case_01_patches|synthetic_earthquake|458.2811699|0.29768922|0|536|0
843|2016-04-03T17:27:05.924160|4.135908735|3.187698029|0.0|SOFIANE|SPDE-ETAS|||relative_plus_offset|2.924137223|synthetic|synthetic_data_case_01_patches|synthetic_earthquake|458.7271519|0.424137223|0|537|0
844|2016-04-03T23:39:38.995200|2.638183249|1.028890898|0.0|SOFIANE|SPDE-ETAS|||relative_plus_offset|2.8364380305|synthetic|synthetic_data_case_01_patches|synthetic_earthquake|458.985868|0.3364380305|0|538|0
845|2016-04-04T13:44:54.326400|1.151530927|0.9221759069|0.0|SOFIANE|SPDE-ETAS|||relative_plus_offset|3.3735889358|synthetic|synthetic_data_case_01_patches|synthetic_earthquake|459.572851|0.8735889358|0|539|0
846|2016-04-05T19:35:42.973440|3.254540109|1.020936725|0.0|SOFIANE|SPDE-ETAS|||relative_plus_offset|3.4446344672|synthetic|synthetic_data_case_01_patches|synthetic_earthquake|460.8164696|0.9446344672|0|540|0
847|2016-04-06T02:12:33.491520|3.282111406|0.9953977837|0.0|SOFIANE|SPDE-ETAS|||relative_plus_offset|2.6210828748|synthetic|synthetic_data_case_01_patches|synthetic_earthquake|461.0920543|0.1210828748|846|540|1
848|2016-04-06T03:38:58.934400|4.237843711|0.1757946778|0.0|SOFIANE|SPDE-ETAS|||relative_plus_offset|2.779360757|synthetic|synthetic_data_case_01_patches|synthetic_earthquake|461.152071|0.279360757|0|541|0
849|2016-04-08T10:10:58.180800|3.311068349|4.155900488|0.0|SOFIANE|SPDE-ETAS|||relative_plus_offset|2.7962153535|synthetic|synthetic_data_case_01_patches|synthetic_earthquake|463.4242845|0.2962153535|0|542|0
850|2016-04-10T15:43:05.589120|3.012172971|0.7445609181|0.0|SOFIANE|SPDE-ETAS|||relative_plus_offset|2.9602232751|synthetic|synthetic_data_case_01_patches|synthetic_earthquake|465.6549258|0.4602232751|0|543|0
851|2016-04-11T06:03:51.275520|3.233234184|2.102418115|0.0|SOFIANE|SPDE-ETAS|||relative_plus_offset|2.9768883726|synthetic|synthetic_data_case_01_patches|synthetic_earthquake|466.2526768|0.4768883726|650|415|1
852|2016-04-11T15:03:03.453120|3.369188495|2.134272063|0.0|SOFIANE|SPDE-ETAS|||relative_plus_offset|2.52299897085|synthetic|synthetic_data_case_01_patches|synthetic_earthquake|466.6271233|0.02299897085|0|544|0
853|2016-04-12T00:03:09.181440|2.321305547|0.9580254675|0.0|SOFIANE|SPDE-ETAS|||relative_plus_offset|2.52770094342|synthetic|synthetic_data_case_01_patches|synthetic_earthquake|467.0021896|0.02770094342|0|545|0
854|2016-04-13T00:32:47.397120|2.889877212|0.005513355487|0.0|SOFIANE|SPDE-ETAS|||relative_plus_offset|3.1084834221|synthetic|synthetic_data_case_01_patches|synthetic_earthquake|468.0227708|0.6084834221|0|546|0
855|2016-04-13T00:35:41.510400|1.320980714|1.670232467|0.0|SOFIANE|SPDE-ETAS|||relative_plus_offset|2.8823898445|synthetic|synthetic_data_case_01_patches|synthetic_earthquake|468.024786|0.3823898445|0|547|0
856|2016-04-13T12:20:34.759679|3.201993486|2.553270662|0.0|SOFIANE|SPDE-ETAS|||relative_plus_offset|3.3417778852|synthetic|synthetic_data_case_01_patches|synthetic_earthquake|468.5142912|0.8417778852|0|548|0
857|2016-04-14T02:53:39.278400|3.563003295|1.523150974|0.0|SOFIANE|SPDE-ETAS|||relative_plus_offset|2.57522679493|synthetic|synthetic_data_case_01_patches|synthetic_earthquake|469.1205935|0.07522679493|0|549|0
858|2016-04-14T19:19:29.288640|3.063412662|0.6252093419|0.0|SOFIANE|SPDE-ETAS|||relative_plus_offset|3.0031775617000003|synthetic|synthetic_data_case_01_patches|synthetic_earthquake|469.8052001|0.5031775617|0|550|0
859|2016-04-17T02:47:34.091520|1.630527633|2.708259289|0.0|SOFIANE|SPDE-ETAS|||relative_plus_offset|3.0712243642|synthetic|synthetic_data_case_01_patches|synthetic_earthquake|472.1163668|0.5712243642|0|551|0
860|2016-04-17T06:28:15.055680|3.795123798|0.2509667744|0.0|SOFIANE|SPDE-ETAS|||relative_plus_offset|3.3974925061|synthetic|synthetic_data_case_01_patches|synthetic_earthquake|472.2696187|0.8974925061|0|552|0
861|2016-04-17T06:47:50.985600|1.629657658|2.726796752|0.0|SOFIANE|SPDE-ETAS|||relative_plus_offset|3.88603153|synthetic|synthetic_data_case_01_patches|synthetic_earthquake|472.283229|1.38603153|859|551|1
862|2016-04-17T10:08:30.575040|3.360316323|0.6704353737|0.0|SOFIANE|SPDE-ETAS|||relative_plus_offset|4.134807442|synthetic|synthetic_data_case_01_patches|synthetic_earthquake|472.4225761|1.634807442|0|553|0
863|2016-04-17T10:59:06.722880|3.408963057|0.5810247826|0.0|SOFIANE|SPDE-ETAS|||relative_plus_offset|3.0538714468|synthetic|synthetic_data_case_01_patches|synthetic_earthquake|472.4577167|0.5538714468|862|553|1
864|2016-04-17T11:51:57.559680|3.376184277|0.7194710035|0.0|SOFIANE|SPDE-ETAS|||relative_plus_offset|4.340904153|synthetic|synthetic_data_case_01_patches|synthetic_earthquake|472.4944162|1.840904153|862|553|1
865|2016-04-17T12:29:53.975040|3.353465916|0.6439347254|0.0|SOFIANE|SPDE-ETAS|||relative_plus_offset|2.53311106394|synthetic|synthetic_data_case_01_patches|synthetic_earthquake|472.5207636|0.03311106394|862|553|1
866|2016-04-17T15:36:33.393600|2.732448408|0.4109464464|0.0|SOFIANE|SPDE-ETAS|||relative_plus_offset|2.7453370239|synthetic|synthetic_data_case_01_patches|synthetic_earthquake|472.6503865|0.2453370239|0|554|0
867|2016-04-18T05:45:41.123520|3.371981178|0.7338486356|0.0|SOFIANE|SPDE-ETAS|||relative_plus_offset|3.3437542991|synthetic|synthetic_data_case_01_patches|synthetic_earthquake|473.2400593|0.8437542991|864|553|2
868|2016-04-18T07:12:18.282240|4.628893211|0.7649623909|0.0|SOFIANE|SPDE-ETAS|||relative_plus_offset|3.048461475|synthetic|synthetic_data_case_01_patches|synthetic_earthquake|473.3002116|0.548461475|0|555|0
869|2016-04-18T23:49:02.746560|4.809307706|2.33464203|0.0|SOFIANE|SPDE-ETAS|||relative_plus_offset|2.837963677|synthetic|synthetic_data_case_01_patches|synthetic_earthquake|473.9923929|0.337963677|0|556|0
870|2016-04-19T02:27:47.508480|2.964614939|1.397884032|0.0|SOFIANE|SPDE-ETAS|||relative_plus_offset|2.6896957942|synthetic|synthetic_data_case_01_patches|synthetic_earthquake|474.1026332|0.1896957942|0|557|0
871|2016-04-19T19:58:22.270080|4.764768083|2.594852216|0.0|SOFIANE|SPDE-ETAS|||relative_plus_offset|2.781735506|synthetic|synthetic_data_case_01_patches|synthetic_earthquake|474.8322022|0.281735506|0|558|0
872|2016-04-20T10:10:55.640640|3.711445126|0.8109933725|0.0|SOFIANE|SPDE-ETAS|||relative_plus_offset|2.7744151854|synthetic|synthetic_data_case_01_patches|synthetic_earthquake|475.4242551|0.2744151854|0|559|0
873|2016-04-21T01:15:43.508160|1.158434976|0.9112567262|0.0|SOFIANE|SPDE-ETAS|||relative_plus_offset|2.9414989488|synthetic|synthetic_data_case_01_patches|synthetic_earthquake|476.0525869|0.4414989488|845|539|1
874|2016-04-21T07:17:10.504320|2.897650317|2.701936756|0.0|SOFIANE|SPDE-ETAS|||relative_plus_offset|2.7045549443|synthetic|synthetic_data_case_01_patches|synthetic_earthquake|476.3035938|0.2045549443|0|560|0
875|2016-04-22T10:42:22.452480|1.157339448|0.92548383|0.0|SOFIANE|SPDE-ETAS|||relative_plus_offset|3.98260445|synthetic|synthetic_data_case_01_patches|synthetic_earthquake|477.4460932|1.48260445|873|539|2
876|2016-04-22T10:45:45.172800|1.145548358|0.94839837|0.0|SOFIANE|SPDE-ETAS|||relative_plus_offset|2.9542981945999998|synthetic|synthetic_data_case_01_patches|synthetic_earthquake|477.4484395|0.4542981946|875|539|3
877|2016-04-22T11:29:33.452160|1.172552054|0.9261605672|0.0|SOFIANE|SPDE-ETAS|||relative_plus_offset|2.8486435471|synthetic|synthetic_data_case_01_patches|synthetic_earthquake|477.4788594|0.3486435471|875|539|3
878|2016-04-22T12:29:33.239040|1.098257925|0.982543521|0.0|SOFIANE|SPDE-ETAS|||relative_plus_offset|3.119755058|synthetic|synthetic_data_case_01_patches|synthetic_earthquake|477.5205236|0.619755058|875|539|3
879|2016-04-22T13:40:32.206080|1.743651236|0.9304749655|0.0|SOFIANE|SPDE-ETAS|||relative_plus_offset|3.527199243|synthetic|synthetic_data_case_01_patches|synthetic_earthquake|477.5698172|1.027199243|0|561|0
880|2016-04-23T06:32:00.507839|1.07324595|1.094783441|0.0|SOFIANE|SPDE-ETAS|||relative_plus_offset|2.7811093796|synthetic|synthetic_data_case_01_patches|synthetic_earthquake|478.2722281|0.2811093796|875|539|3
881|2016-04-23T06:37:56.320320|1.082608988|1.086521048|0.0|SOFIANE|SPDE-ETAS|||relative_plus_offset|2.7576092429|synthetic|synthetic_data_case_01_patches|synthetic_earthquake|478.2763463|0.2576092429|880|539|4
882|2016-04-24T16:38:42.979200|4.036510031|2.483725771|0.0|SOFIANE|SPDE-ETAS|||relative_plus_offset|2.7537558257|synthetic|synthetic_data_case_01_patches|synthetic_earthquake|479.693553|0.2537558257|0|562|0
883|2016-04-25T10:04:50.764800|4.0349887|2.487510459|0.0|SOFIANE|SPDE-ETAS|||relative_plus_offset|3.2436927746|synthetic|synthetic_data_case_01_patches|synthetic_earthquake|480.420032|0.7436927746|882|562|1
884|2016-04-25T20:22:54.759360|1.801294159|4.638405962|0.0|SOFIANE|SPDE-ETAS|||relative_plus_offset|4.052908945|synthetic|synthetic_data_case_01_patches|synthetic_earthquake|480.8492449|1.552908945|0|563|0
885|2016-04-25T21:12:24.793920|1.805826152|4.742188575|0.0|SOFIANE|SPDE-ETAS|||relative_plus_offset|2.7177525091|synthetic|synthetic_data_case_01_patches|synthetic_earthquake|480.8836203|0.2177525091|884|563|1
886|2016-04-26T03:18:25.099200|1.747263163|4.612361285|0.0|SOFIANE|SPDE-ETAS|||relative_plus_offset|2.57421341922|synthetic|synthetic_data_case_01_patches|synthetic_earthquake|481.1377905|0.07421341922|884|563|1
887|2016-04-26T17:18:20.620800|1.503259406|3.145302819|0.0|SOFIANE|SPDE-ETAS|||relative_plus_offset|2.57248105335|synthetic|synthetic_data_case_01_patches|synthetic_earthquake|481.721072|0.07248105335|0|564|0
888|2016-04-26T17:38:34.082880|1.135360857|1.076947165|0.0|SOFIANE|SPDE-ETAS|||relative_plus_offset|2.6892498056|synthetic|synthetic_data_case_01_patches|synthetic_earthquake|481.7351167|0.1892498056|880|539|4
889|2016-04-27T02:13:50.473920|4.21848451|3.299473712|0.0|SOFIANE|SPDE-ETAS|||relative_plus_offset|2.8916900966|synthetic|synthetic_data_case_01_patches|synthetic_earthquake|482.0929453|0.3916900966|0|565|0
890|2016-04-27T20:59:58.349760|2.034771513|4.457422141|0.0|SOFIANE|SPDE-ETAS|||relative_plus_offset|2.54229528801|synthetic|synthetic_data_case_01_patches|synthetic_earthquake|482.8749809|0.04229528801|0|566|0
891|2016-04-28T00:14:10.409280|1.84262583|4.621174072|0.0|SOFIANE|SPDE-ETAS|||relative_plus_offset|3.4983282536|synthetic|synthetic_data_case_01_patches|synthetic_earthquake|483.0098427|0.9983282536|884|563|1
892|2016-04-28T10:41:47.996160|4.496223159|2.182077398|0.0|SOFIANE|SPDE-ETAS|||relative_plus_offset|2.56482760561|synthetic|synthetic_data_case_01_patches|synthetic_earthquake|483.4456944|0.06482760561|0|567|0
893|2016-04-28T17:03:59.601600|4.03823481|2.491180741|0.0|SOFIANE|SPDE-ETAS|||relative_plus_offset|2.58232226036|synthetic|synthetic_data_case_01_patches|synthetic_earthquake|483.7111065|0.08232226036|882|562|1
894|2016-04-29T01:08:00.067200|1.072571525|1.3910244|0.0|SOFIANE|SPDE-ETAS|||relative_plus_offset|4.102476928|synthetic|synthetic_data_case_01_patches|synthetic_earthquake|484.047223|1.602476928|0|568|0
895|2016-04-29T17:56:32.510400|3.901638942|2.308904474|0.0|SOFIANE|SPDE-ETAS|||relative_plus_offset|2.608400085|synthetic|synthetic_data_case_01_patches|synthetic_earthquake|484.7475985|0.108400085|0|569|0
896|2016-04-29T21:32:17.494080|3.844277076|1.592132869|0.0|SOFIANE|SPDE-ETAS|||relative_plus_offset|2.7313894204|synthetic|synthetic_data_case_01_patches|synthetic_earthquake|484.8974247|0.2313894204|0|570|0
897|2016-04-30T13:43:13.540800|4.822872684|2.693850616|0.0|SOFIANE|SPDE-ETAS|||relative_plus_offset|3.4298254428|synthetic|synthetic_data_case_01_patches|synthetic_earthquake|485.5716845|0.9298254428|0|571|0
898|2016-04-30T13:53:12.733440|4.836850457|2.690950751|0.0|SOFIANE|SPDE-ETAS|||relative_plus_offset|2.887232164|synthetic|synthetic_data_case_01_patches|synthetic_earthquake|485.5786196|0.387232164|897|571|1
899|2016-04-30T14:19:18.621120|4.807507398|2.70157157|0.0|SOFIANE|SPDE-ETAS|||relative_plus_offset|2.9595920744|synthetic|synthetic_data_case_01_patches|synthetic_earthquake|485.5967433|0.4595920744|897|571|1
900|2016-05-01T17:13:37.859520|4.746905645|2.502441762|0.0|SOFIANE|SPDE-ETAS|||relative_plus_offset|3.949568535|synthetic|synthetic_data_case_01_patches|synthetic_earthquake|486.7177993|1.449568535|0|572|0
901|2016-05-01T20:38:04.655040|4.985583468|1.60016155|0.0|SOFIANE|SPDE-ETAS|||relative_plus_offset|2.8808976572000002|synthetic|synthetic_data_case_01_patches|synthetic_earthquake|486.8597761|0.3808976572|0|573|0
902|2016-05-01T23:53:49.153920|4.466801801|1.289547797|0.0|SOFIANE|SPDE-ETAS|||relative_plus_offset|2.8515986946|synthetic|synthetic_data_case_01_patches|synthetic_earthquake|486.9957078|0.3515986946|0|574|0
903|2016-05-02T01:29:12.583680|4.736665651|2.508626545|0.0|SOFIANE|SPDE-ETAS|||relative_plus_offset|2.52732966636|synthetic|synthetic_data_case_01_patches|synthetic_earthquake|487.0619512|0.02732966636|900|572|1
904|2016-05-02T01:45:31.227840|2.870887305|0.08598542149|0.0|SOFIANE|SPDE-ETAS|||relative_plus_offset|2.6697286654|synthetic|synthetic_data_case_01_patches|synthetic_earthquake|487.0732781|0.1697286654|0|575|0
905|2016-05-02T17:33:03.430080|3.65225861|0.7832075841|0.0|SOFIANE|SPDE-ETAS|||relative_plus_offset|2.8304274101|synthetic|synthetic_data_case_01_patches|synthetic_earthquake|487.7312897|0.3304274101|0|576|0
906|2016-05-02T17:40:58.042560|3.593799139|0.7842127751|0.0|SOFIANE|SPDE-ETAS|||relative_plus_offset|3.0637925703|synthetic|synthetic_data_case_01_patches|synthetic_earthquake|487.7367829|0.5637925703|905|576|1
907|2016-05-02T21:08:46.512960|3.591932143|0.7816475721|0.0|SOFIANE|SPDE-ETAS|||relative_plus_offset|3.4857142498|synthetic|synthetic_data_case_01_patches|synthetic_earthquake|487.8810939|0.9857142498|906|576|2
908|2016-05-02T23:55:12.961920|4.98347658|2.064169956|0.0|SOFIANE|SPDE-ETAS|||relative_plus_offset|2.8944684619|synthetic|synthetic_data_case_01_patches|synthetic_earthquake|487.9966778|0.3944684619|0|577|0
909|2016-05-04T20:12:56.171520|3.602687663|1.190433663|0.0|SOFIANE|SPDE-ETAS|||relative_plus_offset|3.0386993163|synthetic|synthetic_data_case_01_patches|synthetic_earthquake|489.8423168|0.5386993163|0|578|0
910|2016-05-04T20:42:52.920000|3.582370037|1.207422101|0.0|SOFIANE|SPDE-ETAS|||relative_plus_offset|2.51597223733|synthetic|synthetic_data_case_01_patches|synthetic_earthquake|489.8631125|0.01597223733|909|578|1
911|2016-05-04T21:52:43.527360|2.843725756|3.982366434|0.0|SOFIANE|SPDE-ETAS|||relative_plus_offset|2.6000020158|synthetic|synthetic_data_case_01_patches|synthetic_earthquake|489.9116149|0.1000020158|0|579|0
912|2016-05-05T07:56:46.478400|3.620381086|1.196799255|0.0|SOFIANE|SPDE-ETAS|||relative_plus_offset|2.8843228758|synthetic|synthetic_data_case_01_patches|synthetic_earthquake|490.3310935|0.3843228758|909|578|1
913|2016-05-05T12:40:11.467199|3.020478178|0.3246393646|0.0|SOFIANE|SPDE-ETAS|||relative_plus_offset|2.6656769788|synthetic|synthetic_data_case_01_patches|synthetic_earthquake|490.5279105|0.1656769788|0|580|0
914|2016-05-08T00:15:28.419839|1.728323381|2.659657226|0.0|SOFIANE|SPDE-ETAS|||relative_plus_offset|2.58503471068|synthetic|synthetic_data_case_01_patches|synthetic_earthquake|493.0107456|0.08503471068|0|581|0
915|2016-05-08T09:02:21.765120|2.005009515|4.438124099|0.0|SOFIANE|SPDE-ETAS|||relative_plus_offset|3.0495505157|synthetic|synthetic_data_case_01_patches|synthetic_earthquake|493.3766408|0.5495505157|890|566|1
916|2016-05-11T07:42:11.972159|4.520073185|2.071072268|0.0|SOFIANE|SPDE-ETAS|||relative_plus_offset|2.7567430899|synthetic|synthetic_data_case_01_patches|synthetic_earthquake|496.3209719|0.2567430899|0|582|0
917|2016-05-11T15:25:37.228800|0.9129423382|3.983088678|0.0|SOFIANE|SPDE-ETAS|||relative_plus_offset|2.7738606836|synthetic|synthetic_data_case_01_patches|synthetic_earthquake|496.642792|0.2738606836|0|583|0
918|2016-05-11T19:23:00.000960|3.733544153|3.356732569|0.0|SOFIANE|SPDE-ETAS|||relative_plus_offset|2.7046082924|synthetic|synthetic_data_case_01_patches|synthetic_earthquake|496.8076389|0.2046082924|0|584|0
919|2016-05-12T03:20:50.795520|4.002273113|1.804224224|0.0|SOFIANE|SPDE-ETAS|||relative_plus_offset|2.58873140953|synthetic|synthetic_data_case_01_patches|synthetic_earthquake|497.1394768|0.08873140953|0|585|0
920|2016-05-12T08:59:21.154560|4.003266731|1.796462699|0.0|SOFIANE|SPDE-ETAS|||relative_plus_offset|2.505191935284|synthetic|synthetic_data_case_01_patches|synthetic_earthquake|497.3745504|0.005191935284|919|585|1
921|2016-05-12T23:40:52.582080|0.9087237511|3.976128207|0.0|SOFIANE|SPDE-ETAS|||relative_plus_offset|2.6215924336|synthetic|synthetic_data_case_01_patches|synthetic_earthquake|497.9867197|0.1215924336|917|583|1
922|2016-05-13T09:14:35.940480|3.176653954|1.190559299|0.0|SOFIANE|SPDE-ETAS|||relative_plus_offset|2.6855991359|synthetic|synthetic_data_case_01_patches|synthetic_earthquake|498.3851382|0.1855991359|0|586|0
923|2016-05-14T07:08:03.609599|3.330906828|4.816174453|0.0|SOFIANE|SPDE-ETAS|||relative_plus_offset|2.6266382098|synthetic|synthetic_data_case_01_patches|synthetic_earthquake|499.297264|0.1266382098|760|475|1
924|2016-05-14T14:15:55.425600|1.906206376|3.792747834|0.0|SOFIANE|SPDE-ETAS|||relative_plus_offset|3.3026260367|synthetic|synthetic_data_case_01_patches|synthetic_earthquake|499.5943915|0.8026260367|0|587|0
925|2016-05-14T14:46:04.520640|1.904021312|3.778817366|0.0|SOFIANE|SPDE-ETAS|||relative_plus_offset|2.990118286|synthetic|synthetic_data_case_01_patches|synthetic_earthquake|499.6153301|0.490118286|924|587|1
926|2016-05-14T15:36:18.100800|1.896603543|3.789489302|0.0|SOFIANE|SPDE-ETAS|||relative_plus_offset|2.6925457105|synthetic|synthetic_data_case_01_patches|synthetic_earthquake|499.6502095|0.1925457105|925|587|2
927|2016-05-14T16:11:32.274240|1.910312965|3.788744979|0.0|SOFIANE|SPDE-ETAS|||relative_plus_offset|2.53930984185|synthetic|synthetic_data_case_01_patches|synthetic_earthquake|499.6746791|0.03930984185|925|587|2
928|2016-05-16T13:37:58.889280|1.812250733|4.663488737|0.0|SOFIANE|SPDE-ETAS|||relative_plus_offset|3.8210057749999997|synthetic|synthetic_data_case_01_patches|synthetic_earthquake|501.5680427|1.321005775|884|563|1
929|2016-05-16T13:40:50.376000|1.78008058|4.631166412|0.0|SOFIANE|SPDE-ETAS|||relative_plus_offset|3.2603207265|synthetic|synthetic_data_case_01_patches|synthetic_earthquake|501.5700275|0.7603207265|928|563|2
930|2016-05-17T04:15:54.671039|3.335893239|3.131003794|0.0|SOFIANE|SPDE-ETAS|||relative_plus_offset|2.59709014822|synthetic|synthetic_data_case_01_patches|synthetic_earthquake|502.1777161|0.09709014822|0|588|0
931|2016-05-17T05:22:26.938560|3.331349983|3.118496321|0.0|SOFIANE|SPDE-ETAS|||relative_plus_offset|2.7077136034000002|synthetic|synthetic_data_case_01_patches|synthetic_earthquake|502.2239229|0.2077136034|930|588|1
932|2016-05-17T10:45:12.936960|3.299820726|3.175480012|0.0|SOFIANE|SPDE-ETAS|||relative_plus_offset|4.132303289|synthetic|synthetic_data_case_01_patches|synthetic_earthquake|502.4480664|1.632303289|931|588|2
933|2016-05-17T15:16:49.031040|1.594480402|2.249955589|0.0|SOFIANE|SPDE-ETAS|||relative_plus_offset|2.7285125542|synthetic|synthetic_data_case_01_patches|synthetic_earthquake|502.6366786|0.2285125542|0|589|0
934|2016-05-18T02:06:46.241279|3.182422956|2.8840983|0.0|SOFIANE|SPDE-ETAS|||relative_plus_offset|2.9412670383|synthetic|synthetic_data_case_01_patches|synthetic_earthquake|503.0880352|0.4412670383|0|590|0
935|2016-05-19T00:36:15.569280|0.2851543006|4.55595625|0.0|SOFIANE|SPDE-ETAS|||relative_plus_offset|3.0177970714|synthetic|synthetic_data_case_01_patches|synthetic_earthquake|504.0251802|0.5177970714|0|591|0
936|2016-05-19T03:46:14.355840|3.868033292|3.427855983|0.0|SOFIANE|SPDE-ETAS|||relative_plus_offset|2.6763235031|synthetic|synthetic_data_case_01_patches|synthetic_earthquake|504.1571106|0.1763235031|551|358|3
937|2016-05-19T19:35:58.041600|2.058743306|1.419864804|0.0|SOFIANE|SPDE-ETAS|||relative_plus_offset|2.7971739193|synthetic|synthetic_data_case_01_patches|synthetic_earthquake|504.816644|0.2971739193|0|592|0
938|2016-05-21T07:33:48.018240|0.2283443025|3.197997803|0.0|SOFIANE|SPDE-ETAS|||relative_plus_offset|2.7713572653|synthetic|synthetic_data_case_01_patches|synthetic_earthquake|506.3151391|0.2713572653|0|593|0
939|2016-05-21T07:58:48.043199|0.2138368195|3.19747144|0.0|SOFIANE|SPDE-ETAS|||relative_plus_offset|3.513325267|synthetic|synthetic_data_case_01_patches|synthetic_earthquake|506.3325005|1.013325267|938|593|1
940|2016-05-21T11:36:13.389120|1.839047917|4.64436381|0.0|SOFIANE|SPDE-ETAS|||relative_plus_offset|2.51832218872|synthetic|synthetic_data_case_01_patches|synthetic_earthquake|506.4834883|0.01832218872|928|563|2
941|2016-05-21T19:21:39.761280|3.147582458|2.898467528|0.0|SOFIANE|SPDE-ETAS|||relative_plus_offset|3.3478076656|synthetic|synthetic_data_case_01_patches|synthetic_earthquake|506.8067102|0.8478076656|0|594|0
942|2016-05-22T00:39:29.658240|0.1868058358|3.190611736|0.0|SOFIANE|SPDE-ETAS|||relative_plus_offset|3.0108312647|synthetic|synthetic_data_case_01_patches|synthetic_earthquake|507.0274266|0.5108312647|939|593|2
943|2016-05-22T02:32:13.266240|0.186906681|3.19324687|0.0|SOFIANE|SPDE-ETAS|||relative_plus_offset|2.8494134867|synthetic|synthetic_data_case_01_patches|synthetic_earthquake|507.1057091|0.3494134867|942|593|3
944|2016-05-22T05:01:41.154240|0.1934991289|3.179278527|0.0|SOFIANE|SPDE-ETAS|||relative_plus_offset|2.8308109337|synthetic|synthetic_data_case_01_patches|synthetic_earthquake|507.2095041|0.3308109337|943|593|4
945|2016-05-22T06:20:08.234880|2.714284054|2.969990982|0.0|SOFIANE|SPDE-ETAS|||relative_plus_offset|3.756499984|synthetic|synthetic_data_case_01_patches|synthetic_earthquake|507.2639842|1.256499984|0|595|0
946|2016-05-22T11:17:27.312000|2.607781115|2.93093068|0.0|SOFIANE|SPDE-ETAS|||relative_plus_offset|2.889815926|synthetic|synthetic_data_case_01_patches|synthetic_earthquake|507.470455|0.389815926|945|595|1
947|2016-05-22T13:12:21.012480|1.686929693|1.11689342|0.0|SOFIANE|SPDE-ETAS|||relative_plus_offset|2.6630328854|synthetic|synthetic_data_case_01_patches|synthetic_earthquake|507.5502432|0.1630328854|0|596|0
948|2016-05-24T02:19:21.144000|3.559402801|1.664574063|0.0|SOFIANE|SPDE-ETAS|||relative_plus_offset|2.7025890567|synthetic|synthetic_data_case_01_patches|synthetic_earthquake|509.0967725|0.2025890567|0|597|0
949|2016-05-24T09:15:37.967040|4.500186645|1.301927106|0.0|SOFIANE|SPDE-ETAS|||relative_plus_offset|2.6143345255|synthetic|synthetic_data_case_01_patches|synthetic_earthquake|509.3858561|0.1143345255|0|598|0
950|2016-05-26T04:54:37.465920|3.68856336|2.557258766|0.0|SOFIANE|SPDE-ETAS|||relative_plus_offset|4.315011785|synthetic|synthetic_data_case_01_patches|synthetic_earthquake|511.2046003|1.815011785|0|599|0
951|2016-05-26T08:42:18.385920|3.824866071|0.2613104215|0.0|SOFIANE|SPDE-ETAS|||relative_plus_offset|2.8121012238|synthetic|synthetic_data_case_01_patches|synthetic_earthquake|511.3627128|0.3121012238|0|600|0
952|2016-05-26T17:48:41.950080|3.287158816|1.09872451|0.0|SOFIANE|SPDE-ETAS|||relative_plus_offset|3.1296458625|synthetic|synthetic_data_case_01_patches|synthetic_earthquake|511.7421522|0.6296458625|0|601|0
953|2016-05-27T03:51:33.301440|2.773911785|0.201486339|0.0|SOFIANE|SPDE-ETAS|||relative_plus_offset|2.7815864279999998|synthetic|synthetic_data_case_01_patches|synthetic_earthquake|512.1608021|0.281586428|0|602|0
954|2016-05-28T01:02:55.671360|3.498057205|2.255886184|0.0|SOFIANE|SPDE-ETAS|||relative_plus_offset|2.6374473978|synthetic|synthetic_data_case_01_patches|synthetic_earthquake|513.0436999|0.1374473978|0|603|0
955|2016-05-30T05:48:12.911040|0.8396690528|1.990384792|0.0|SOFIANE|SPDE-ETAS|||relative_plus_offset|3.7500933649999997|synthetic|synthetic_data_case_01_patches|synthetic_earthquake|515.2418161|1.250093365|0|604|0
956|2016-05-30T06:34:28.191360|0.8343741367|1.984102461|0.0|SOFIANE|SPDE-ETAS|||relative_plus_offset|2.51140243778|synthetic|synthetic_data_case_01_patches|synthetic_earthquake|515.2739374|0.01140243778|955|604|1
957|2016-05-30T07:32:53.854080|0.8086291622|2.014434224|0.0|SOFIANE|SPDE-ETAS|||relative_plus_offset|2.8880899858999998|synthetic|synthetic_data_case_01_patches|synthetic_earthquake|515.3145122|0.3880899859|955|604|1
958|2016-05-30T18:23:25.814400|2.268871438|1.793323595|0.0|SOFIANE|SPDE-ETAS|||relative_plus_offset|3.0165886647|synthetic|synthetic_data_case_01_patches|synthetic_earthquake|515.766271|0.5165886647|0|605|0
959|2016-05-31T11:09:00.472320|1.951220829|1.847533829|0.0|SOFIANE|SPDE-ETAS|||relative_plus_offset|2.788077004|synthetic|synthetic_data_case_01_patches|synthetic_earthquake|516.4645888|0.288077004|0|606|0
960|2016-06-01T02:21:32.592960|4.585090689|2.126247286|0.0|SOFIANE|SPDE-ETAS|||relative_plus_offset|3.4106807965|synthetic|synthetic_data_case_01_patches|synthetic_earthquake|517.0982939|0.9106807965|0|607|0
961|2016-06-01T02:25:28.127999|4.522984362|2.098245103|0.0|SOFIANE|SPDE-ETAS|||relative_plus_offset|2.9356783328000002|synthetic|synthetic_data_case_01_patches|synthetic_earthquake|517.10102|0.4356783328|960|607|1
962|2016-06-02T09:00:02.695680|1.90951443|0.6093998567|0.0|SOFIANE|SPDE-ETAS|||relative_plus_offset|2.58865613182|synthetic|synthetic_data_case_01_patches|synthetic_earthquake|518.3750312|0.08865613182|0|608|0
963|2016-06-04T00:37:48.371520|2.194320392|2.55401566|0.0|SOFIANE|SPDE-ETAS|||relative_plus_offset|2.54343447314|synthetic|synthetic_data_case_01_patches|synthetic_earthquake|520.0262543|0.04343447314|0|609|0
964|2016-06-04T07:56:23.340480|1.82128182|0.3830229977|0.0|SOFIANE|SPDE-ETAS|||relative_plus_offset|2.9151109885|synthetic|synthetic_data_case_01_patches|synthetic_earthquake|520.3308257|0.4151109885|0|610|0
965|2016-06-05T07:14:36.790080|0.8810090502|0.4040922589|0.0|SOFIANE|SPDE-ETAS|||relative_plus_offset|2.59363740974|synthetic|synthetic_data_case_01_patches|synthetic_earthquake|521.3018147|0.09363740974|513|338|1
966|2016-06-05T08:13:27.318720|2.990361535|4.482814665|0.0|SOFIANE|SPDE-ETAS|||relative_plus_offset|2.8945504852|synthetic|synthetic_data_case_01_patches|synthetic_earthquake|521.3426773|0.3945504852|0|611|0
967|2016-06-05T19:36:33.258240|3.878095238|3.426777791|0.0|SOFIANE|SPDE-ETAS|||relative_plus_offset|2.7317994758|synthetic|synthetic_data_case_01_patches|synthetic_earthquake|521.8170516|0.2317994758|936|358|4
968|2016-06-07T16:57:48.634560|1.8347439|1.020822004|0.0|SOFIANE|SPDE-ETAS|||relative_plus_offset|2.5674019777|synthetic|synthetic_data_case_01_patches|synthetic_earthquake|523.7068129|0.0674019777|0|612|0
969|2016-06-10T18:39:48.035520|3.445218916|2.808137857|0.0|SOFIANE|SPDE-ETAS|||relative_plus_offset|3.083976732|synthetic|synthetic_data_case_01_patches|synthetic_earthquake|526.7776393|0.583976732|0|613|0
970|2016-06-10T21:23:36.467520|2.644348204|2.621458816|0.0|SOFIANE|SPDE-ETAS|||relative_plus_offset|2.56043516204|synthetic|synthetic_data_case_01_patches|synthetic_earthquake|526.8913943|0.06043516204|0|614|0
971|2016-06-11T14:50:59.153280|2.619532529|2.943448818|0.0|SOFIANE|SPDE-ETAS|||relative_plus_offset|3.5398297100000002|synthetic|synthetic_data_case_01_patches|synthetic_earthquake|527.6187402|1.03982971|946|595|2
972|2016-06-12T06:08:49.035840|3.659589374|2.816803508|0.0|SOFIANE|SPDE-ETAS|||relative_plus_offset|2.6492181797|synthetic|synthetic_data_case_01_patches|synthetic_earthquake|528.2561231|0.1492181797|0|615|0
973|2016-06-12T09:52:34.973760|1.084390645|0.2677190086|0.0|SOFIANE|SPDE-ETAS|||relative_plus_offset|2.7877869083|synthetic|synthetic_data_case_01_patches|synthetic_earthquake|528.4115159|0.2877869083|0|616|0
974|2016-06-12T11:08:41.015040|0.4574820905|1.575966026|0.0|SOFIANE|SPDE-ETAS|||relative_plus_offset|3.074513535|synthetic|synthetic_data_case_01_patches|synthetic_earthquake|528.4643636|0.574513535|0|617|0
975|2016-06-14T16:03:38.750400|4.280252007|1.427516734|0.0|SOFIANE|SPDE-ETAS|||relative_plus_offset|2.825847465|synthetic|synthetic_data_case_01_patches|synthetic_earthquake|530.6691985|0.325847465|0|618|0
976|2016-06-16T08:32:17.698559|3.553509335|0.0473701408|0.0|SOFIANE|SPDE-ETAS|||relative_plus_offset|3.0166433653|synthetic|synthetic_data_case_01_patches|synthetic_earthquake|532.3557604|0.5166433653|0|619|0
977|2016-06-16T10:42:05.129279|3.444881327|0.4823211468|0.0|SOFIANE|SPDE-ETAS|||relative_plus_offset|3.632464491|synthetic|synthetic_data_case_01_patches|synthetic_earthquake|532.4458927|1.132464491|0|620|0
978|2016-06-16T13:15:20.663999|3.45512818|0.4765643294|0.0|SOFIANE|SPDE-ETAS|||relative_plus_offset|2.59458999695|synthetic|synthetic_data_case_01_patches|synthetic_earthquake|532.5523225|0.09458999695|977|620|1
979|2016-06-17T13:18:46.062720|2.0908445|0.4170000513|0.0|SOFIANE|SPDE-ETAS|||relative_plus_offset|2.8291598772|synthetic|synthetic_data_case_01_patches|synthetic_earthquake|533.5546998|0.3291598772|0|621|0
980|2016-06-17T22:08:05.052480|1.331319717|2.219673458|0.0|SOFIANE|SPDE-ETAS|||relative_plus_offset|2.9363814011000002|synthetic|synthetic_data_case_01_patches|synthetic_earthquake|533.9222807|0.4363814011|0|622|0
981|2016-06-18T21:48:08.118720|1.814004024|0.4608644544|0.0|SOFIANE|SPDE-ETAS|||relative_plus_offset|3.1139173293|synthetic|synthetic_data_case_01_patches|synthetic_earthquake|534.9084273|0.6139173293|0|623|0
982|2016-06-18T21:50:37.556159|1.922144346|0.5063329972|0.0|SOFIANE|SPDE-ETAS|||relative_plus_offset|2.6264144557|synthetic|synthetic_data_case_01_patches|synthetic_earthquake|534.9101569|0.1264144557|981|623|1
983|2016-06-19T13:43:24.288959|2.809830316|2.349494177|0.0|SOFIANE|SPDE-ETAS|||relative_plus_offset|2.9801345191|synthetic|synthetic_data_case_01_patches|synthetic_earthquake|535.5718089|0.4801345191|0|624|0
984|2016-06-20T00:21:09.285120|3.973190297|0.2314667495|0.0|SOFIANE|SPDE-ETAS|||relative_plus_offset|2.7286742931|synthetic|synthetic_data_case_01_patches|synthetic_earthquake|536.0146908|0.2286742931|0|625|0
985|2016-06-21T10:31:16.152960|2.609375739|0.9550774631|0.0|SOFIANE|SPDE-ETAS|||relative_plus_offset|2.504857602784|synthetic|synthetic_data_case_01_patches|synthetic_earthquake|537.4383814|0.004857602784|0|626|0
986|2016-06-21T11:26:02.532480|1.714559484|0.9802894005|0.0|SOFIANE|SPDE-ETAS|||relative_plus_offset|2.6325696393999998|synthetic|synthetic_data_case_01_patches|synthetic_earthquake|537.4764182|0.1325696394|0|627|0
987|2016-06-21T11:34:41.001600|1.686593403|1.007355533|0.0|SOFIANE|SPDE-ETAS|||relative_plus_offset|2.9735366383|synthetic|synthetic_data_case_01_patches|synthetic_earthquake|537.482419|0.4735366383|986|627|1
988|2016-06-23T02:19:57.907200|4.630684882|0.4238788753|0.0|SOFIANE|SPDE-ETAS|||relative_plus_offset|2.58588433583|synthetic|synthetic_data_case_01_patches|synthetic_earthquake|539.097198|0.08588433583|0|628|0
989|2016-06-23T09:10:19.747200|1.151359561|0.9229473736|0.0|SOFIANE|SPDE-ETAS|||relative_plus_offset|2.894167101|synthetic|synthetic_data_case_01_patches|synthetic_earthquake|539.382173|0.394167101|875|539|3
990|2016-06-23T09:24:28.670400|1.158799719|0.937609167|0.0|SOFIANE|SPDE-ETAS|||relative_plus_offset|2.5764328983600002|synthetic|synthetic_data_case_01_patches|synthetic_earthquake|539.3919985|0.07643289836|989|539|4
991|2016-06-23T11:18:31.610880|4.985082501|2.37320802|0.0|SOFIANE|SPDE-ETAS|||relative_plus_offset|2.58992663892|synthetic|synthetic_data_case_01_patches|synthetic_earthquake|539.4711992|0.08992663892|0|629|0
992|2016-06-23T12:20:00.735359|1.153850322|0.9269978622|0.0|SOFIANE|SPDE-ETAS|||relative_plus_offset|3.3915401482|synthetic|synthetic_data_case_01_patches|synthetic_earthquake|539.5138974|0.8915401482|989|539|4
993|2016-06-23T12:51:39.625920|1.137166403|0.9094520922|0.0|SOFIANE|SPDE-ETAS|||relative_plus_offset|2.8131114983|synthetic|synthetic_data_case_01_patches|synthetic_earthquake|539.5358753|0.3131114983|992|539|5
994|2016-06-24T00:58:34.078080|3.933559997|3.60691003|0.0|SOFIANE|SPDE-ETAS|||relative_plus_offset|2.7896590889|synthetic|synthetic_data_case_01_patches|synthetic_earthquake|540.0406722|0.2896590889|545|358|2
995|2016-06-24T08:24:24.805439|4.810823402|2.365724883|0.0|SOFIANE|SPDE-ETAS|||relative_plus_offset|2.57955357252|synthetic|synthetic_data_case_01_patches|synthetic_earthquake|540.3502871|0.07955357252|869|556|1
996|2016-06-24T14:35:40.799040|2.301467245|2.758304704|0.0|SOFIANE|SPDE-ETAS|||relative_plus_offset|2.6091584365|synthetic|synthetic_data_case_01_patches|synthetic_earthquake|540.6081111|0.1091584365|0|630|0
997|2016-06-24T18:30:39.723839|1.273021811|4.56943423|0.0|SOFIANE|SPDE-ETAS|||relative_plus_offset|3.223391627|synthetic|synthetic_data_case_01_patches|synthetic_earthquake|540.7712931|0.723391627|0|631|0
998|2016-06-26T08:39:41.794560|4.9913418|2.338279823|0.0|SOFIANE|SPDE-ETAS|||relative_plus_offset|3.4314031242|synthetic|synthetic_data_case_01_patches|synthetic_earthquake|542.3609004|0.9314031242|991|629|1
999|2016-06-27T01:35:02.771520|4.905526183|2.092143718|0.0|SOFIANE|SPDE-ETAS|||relative_plus_offset|2.752570045|synthetic|synthetic_data_case_01_patches|synthetic_earthquake|543.0660043|0.252570045|0|632|0
1000|2016-06-27T12:25:10.876800|1.169972226|0.9271585058|0.0|SOFIANE|SPDE-ETAS|||relative_plus_offset|3.1021452312999998|synthetic|synthetic_data_case_01_patches|synthetic_earthquake|543.517487|0.6021452313|993|539|6
1001|2016-06-27T14:36:12.637440|1.500804804|2.765324221|0.0|SOFIANE|SPDE-ETAS|||relative_plus_offset|2.6581079795|synthetic|synthetic_data_case_01_patches|synthetic_earthquake|543.6084796|0.1581079795|0|633|0
1002|2016-06-27T19:59:56.307840|1.488935614|2.804132192|0.0|SOFIANE|SPDE-ETAS|||relative_plus_offset|2.6626575091999998|synthetic|synthetic_data_case_01_patches|synthetic_earthquake|543.8332906|0.1626575092|1001|633|1
1003|2016-06-27T21:21:20.880000|2.274575144|0.7439095736|0.0|SOFIANE|SPDE-ETAS|||relative_plus_offset|2.6002221874|synthetic|synthetic_data_case_01_patches|synthetic_earthquake|543.889825|0.1002221874|0|634|0
1004|2016-06-28T06:16:13.287360|2.678961968|1.81260088|0.0|SOFIANE|SPDE-ETAS|||relative_plus_offset|2.53142894506|synthetic|synthetic_data_case_01_patches|synthetic_earthquake|544.2612649|0.03142894506|0|635|0
1005|2016-06-29T08:47:57.091200|1.893418121|1.481220785|0.0|SOFIANE|SPDE-ETAS|||relative_plus_offset|2.7038811017|synthetic|synthetic_data_case_01_patches|synthetic_earthquake|545.366633|0.2038811017|0|636|0
1006|2016-06-30T12:46:51.170880|3.426193801|0.6964875746|0.0|SOFIANE|SPDE-ETAS|||relative_plus_offset|3.2923912019|synthetic|synthetic_data_case_01_patches|synthetic_earthquake|546.5325367|0.7923912019|0|637|0
1007|2016-06-30T19:04:35.506560|1.511950706|0.2684491857|0.0|SOFIANE|SPDE-ETAS|||relative_plus_offset|3.8977807049999997|synthetic|synthetic_data_case_01_patches|synthetic_earthquake|546.7948554|1.397780705|0|638|0
1008|2016-07-01T06:58:19.865280|4.673219065|2.967565477|0.0|SOFIANE|SPDE-ETAS|||relative_plus_offset|2.8609508587|synthetic|synthetic_data_case_01_patches|synthetic_earthquake|547.2905077|0.3609508587|0|639|0
1009|2016-07-01T10:22:26.840640|1.514804394|0.2500963176|0.0|SOFIANE|SPDE-ETAS|||relative_plus_offset|2.9461305271000002|synthetic|synthetic_data_case_01_patches|synthetic_earthquake|547.4322551|0.4461305271|1007|638|1
1010|2016-07-01T11:57:25.110720|4.513742857|2.535039682|0.0|SOFIANE|SPDE-ETAS|||relative_plus_offset|2.56552106575|synthetic|synthetic_data_case_01_patches|synthetic_earthquake|547.4982073|0.06552106575|0|640|0
1011|2016-07-01T18:28:39.308160|0.172509679|3.769964682|0.0|SOFIANE|SPDE-ETAS|||relative_plus_offset|2.56439917237|synthetic|synthetic_data_case_01_patches|synthetic_earthquake|547.7698994|0.06439917237|0|641|0
1012|2016-07-02T20:54:47.741760|0.8823481224|3.630253033|0.0|SOFIANE|SPDE-ETAS|||relative_plus_offset|2.9522273843|synthetic|synthetic_data_case_01_patches|synthetic_earthquake|548.8713859|0.4522273843|0|642|0
1013|2016-07-02T20:55:49.007999|0.8727349341|3.620253793|0.0|SOFIANE|SPDE-ETAS|||relative_plus_offset|2.618712079|synthetic|synthetic_data_case_01_patches|synthetic_earthquake|548.872095|0.118712079|1012|642|1
1014|2016-07-02T23:12:10.733760|4.213148792|1.762280262|0.0|SOFIANE|SPDE-ETAS|||relative_plus_offset|2.7883843566|synthetic|synthetic_data_case_01_patches|synthetic_earthquake|548.9667909|0.2883843566|0|643|0
1015|2016-07-03T19:13:52.838400|4.383480248|0.3392382488|0.0|SOFIANE|SPDE-ETAS|||relative_plus_offset|3.3885135985|synthetic|synthetic_data_case_01_patches|synthetic_earthquake|549.801306|0.8885135985|0|644|0
1016|2016-07-04T13:52:19.243200|2.97403405|1.095175859|0.0|SOFIANE|SPDE-ETAS|||relative_plus_offset|2.7130804118|synthetic|synthetic_data_case_01_patches|synthetic_earthquake|550.5780005|0.2130804118|0|645|0
1017|2016-07-04T17:28:21.351360|3.347830091|1.814046504|0.0|SOFIANE|SPDE-ETAS|||relative_plus_offset|2.9478716714|synthetic|synthetic_data_case_01_patches|synthetic_earthquake|550.7280249|0.4478716714|0|646|0
1018|2016-07-04T20:15:06.065280|3.980327858|0.9067853365|0.0|SOFIANE|SPDE-ETAS|||relative_plus_offset|2.6378848409|synthetic|synthetic_data_case_01_patches|synthetic_earthquake|550.8438202|0.1378848409|0|647|0
1019|2016-07-05T20:11:20.621760|3.346616158|1.809563752|0.0|SOFIANE|SPDE-ETAS|||relative_plus_offset|2.6097060182|synthetic|synthetic_data_case_01_patches|synthetic_earthquake|551.8412109|0.1097060182|1017|646|1
1020|2016-07-05T22:52:16.245120|4.201399727|1.783109975|0.0|SOFIANE|SPDE-ETAS|||relative_plus_offset|2.6168869793|synthetic|synthetic_data_case_01_patches|synthetic_earthquake|551.9529658|0.1168869793|1014|643|1
1021|2016-07-06T18:34:34.861440|2.323541412|1.514387457|0.0|SOFIANE|SPDE-ETAS|||relative_plus_offset|3.2057061006|synthetic|synthetic_data_case_01_patches|synthetic_earthquake|552.7740146|0.7057061006|0|648|0
1022|2016-07-06T19:36:20.289600|2.312631747|1.510695635|0.0|SOFIANE|SPDE-ETAS|||relative_plus_offset|3.2529803996|synthetic|synthetic_data_case_01_patches|synthetic_earthquake|552.8169015|0.7529803996|1021|648|1
1023|2016-07-07T16:33:52.519680|4.992085476|2.956395297|0.0|SOFIANE|SPDE-ETAS|||relative_plus_offset|2.9562614513|synthetic|synthetic_data_case_01_patches|synthetic_earthquake|553.6901912|0.4562614513|0|649|0
1024|2016-07-07T22:37:34.921920|1.997883529|0.8168910321|0.0|SOFIANE|SPDE-ETAS|||relative_plus_offset|3.122785358|synthetic|synthetic_data_case_01_patches|synthetic_earthquake|553.9427653|0.622785358|0|650|0
1025|2016-07-09T16:16:17.307840|1.521377377|0.2799348436|0.0|SOFIANE|SPDE-ETAS|||relative_plus_offset|2.9156784424|synthetic|synthetic_data_case_01_patches|synthetic_earthquake|555.6779781|0.4156784424|0|651|0
1026|2016-07-10T21:44:06.656640|2.062965906|0.4593592258|0.0|SOFIANE|SPDE-ETAS|||relative_plus_offset|2.8644789888|synthetic|synthetic_data_case_01_patches|synthetic_earthquake|556.9056326|0.3644789888|0|652|0
1027|2016-07-11T06:50:49.496640|1.899307865|0.5208182674|0.0|SOFIANE|SPDE-ETAS|||relative_plus_offset|3.2030466246|synthetic|synthetic_data_case_01_patches|synthetic_earthquake|557.2852951|0.7030466246|0|653|0
1028|2016-07-11T09:13:21.480960|1.512171133|0.2805306842|0.0|SOFIANE|SPDE-ETAS|||relative_plus_offset|2.54552604057|synthetic|synthetic_data_case_01_patches|synthetic_earthquake|557.3842764|0.04552604057|1025|651|1
1029|2016-07-11T09:36:51.986880|2.46952112|0.03981344776|0.0|SOFIANE|SPDE-ETAS|||relative_plus_offset|2.55002915418|synthetic|synthetic_data_case_01_patches|synthetic_earthquake|557.4006017|0.05002915418|0|654|0
1030|2016-07-11T13:28:39.259200|4.803787258|2.199861695|0.0|SOFIANE|SPDE-ETAS|||relative_plus_offset|2.53240695486|synthetic|synthetic_data_case_01_patches|synthetic_earthquake|557.5615655|0.03240695486|0|655|0
1031|2016-07-11T15:05:11.186880|3.967901016|2.33242608|0.0|SOFIANE|SPDE-ETAS|||relative_plus_offset|3.2694202468|synthetic|synthetic_data_case_01_patches|synthetic_earthquake|557.6286017|0.7694202468|0|656|0
1032|2016-07-12T08:05:46.193280|0.7934456663|2.433291271|0.0|SOFIANE|SPDE-ETAS|||relative_plus_offset|2.507886875568|synthetic|synthetic_data_case_01_patches|synthetic_earthquake|558.3373402|0.007886875568|0|657|0
1033|2016-07-13T15:01:52.034880|2.252257579|2.873736572|0.0|SOFIANE|SPDE-ETAS|||relative_plus_offset|2.6370920781|synthetic|synthetic_data_case_01_patches|synthetic_earthquake|559.6262967|0.1370920781|0|658|0
1034|2016-07-14T01:20:39.514560|1.608100462|0.5258056801|0.0|SOFIANE|SPDE-ETAS|||relative_plus_offset|2.56595762046|synthetic|synthetic_data_case_01_patches|synthetic_earthquake|560.0560129|0.06595762046|0|659|0
1035|2016-07-14T12:13:10.361280|3.677395855|2.140791203|0.0|SOFIANE|SPDE-ETAS|||relative_plus_offset|2.59958741373|synthetic|synthetic_data_case_01_patches|synthetic_earthquake|560.5091477|0.09958741373|0|660|0
1036|2016-07-16T17:28:00.511680|4.788380021|0.2675124898|0.0|SOFIANE|SPDE-ETAS|||relative_plus_offset|2.56992136362|synthetic|synthetic_data_case_01_patches|synthetic_earthquake|562.7277837|0.06992136362|0|661|0
1037|2016-07-17T10:27:53.519040|2.38898028|2.628792917|0.0|SOFIANE|SPDE-ETAS|||relative_plus_offset|2.8429140609|synthetic|synthetic_data_case_01_patches|synthetic_earthquake|563.4360361|0.3429140609|0|662|0
1038|2016-07-18T09:10:02.000640|3.69614874|0.4048873277|0.0|SOFIANE|SPDE-ETAS|||relative_plus_offset|2.9654134422|synthetic|synthetic_data_case_01_patches|synthetic_earthquake|564.3819676|0.4654134422|0|663|0
1039|2016-07-18T15:24:34.053120|3.434731976|0.841890999|0.0|SOFIANE|SPDE-ETAS|||relative_plus_offset|2.8123090379|synthetic|synthetic_data_case_01_patches|synthetic_earthquake|564.6420608|0.3123090379|0|664|0
1040|2016-07-19T05:12:17.974079|1.892848581|2.168264229|0.0|SOFIANE|SPDE-ETAS|||relative_plus_offset|2.9011062839|synthetic|synthetic_data_case_01_patches|synthetic_earthquake|565.2168747|0.4011062839|0|665|0
1041|2016-07-19T05:31:09.079680|1.888583293|2.168594034|0.0|SOFIANE|SPDE-ETAS|||relative_plus_offset|2.9437217963|synthetic|synthetic_data_case_01_patches|synthetic_earthquake|565.2299662|0.4437217963|1040|665|1
1042|2016-07-19T05:36:07.807680|1.885130429|2.145351249|0.0|SOFIANE|SPDE-ETAS|||relative_plus_offset|3.0927824176|synthetic|synthetic_data_case_01_patches|synthetic_earthquake|565.2334237|0.5927824176|1041|665|2
1043|2016-07-20T19:29:15.348480|0.4660125528|0.2053333231|0.0|SOFIANE|SPDE-ETAS|||relative_plus_offset|3.4437749835|synthetic|synthetic_data_case_01_patches|synthetic_earthquake|566.8119832|0.9437749835|0|666|0
1044|2016-07-21T18:08:29.777280|2.553868569|0.6620697884|0.0|SOFIANE|SPDE-ETAS|||relative_plus_offset|3.3206388611|synthetic|synthetic_data_case_01_patches|synthetic_earthquake|567.7559002|0.8206388611|0|667|0
1045|2016-07-21T22:50:52.117440|3.406706262|3.168043107|0.0|SOFIANE|SPDE-ETAS|||relative_plus_offset|3.2754070752|synthetic|synthetic_data_case_01_patches|synthetic_earthquake|567.9519921|0.7754070752|0|668|0
1046|2016-07-21T23:23:50.789760|1.658398812|0.9491642578|0.0|SOFIANE|SPDE-ETAS|||relative_plus_offset|3.1535581984|synthetic|synthetic_data_case_01_patches|synthetic_earthquake|567.9748934|0.6535581984|0|669|0
1047|2016-07-22T05:51:39.588480|4.359229643|1.712504105|0.0|SOFIANE|SPDE-ETAS|||relative_plus_offset|2.9860926416|synthetic|synthetic_data_case_01_patches|synthetic_earthquake|568.2442082|0.4860926416|0|670|0
1048|2016-07-22T10:31:25.674240|2.55691794|0.6750105346|0.0|SOFIANE|SPDE-ETAS|||relative_plus_offset|2.9459570632|synthetic|synthetic_data_case_01_patches|synthetic_earthquake|568.4384916|0.4459570632|1044|667|1
1049|2016-07-22T22:07:10.750080|1.641686861|1.853215421|0.0|SOFIANE|SPDE-ETAS|||relative_plus_offset|2.5347058958|synthetic|synthetic_data_case_01_patches|synthetic_earthquake|568.9216522|0.0347058958|0|671|0
1050|2016-07-23T08:01:40.367999|4.76451075|2.998889667|0.0|SOFIANE|SPDE-ETAS|||relative_plus_offset|3.3777841188|synthetic|synthetic_data_case_01_patches|synthetic_earthquake|569.334495|0.8777841188|0|672|0
1051|2016-07-25T11:56:26.039040|4.194000686|0.9315225762|0.0|SOFIANE|SPDE-ETAS|||relative_plus_offset|4.9199642489999995|synthetic|synthetic_data_case_01_patches|synthetic_earthquake|571.4975236|2.419964249|0|673|0
1052|2016-07-25T11:58:35.189760|4.004062102|0.4741507609|0.0|SOFIANE|SPDE-ETAS|||relative_plus_offset|2.56438130162|synthetic|synthetic_data_case_01_patches|synthetic_earthquake|571.4990184|0.06438130162|0|674|0
1053|2016-07-25T12:00:26.326080|4.2172787|0.9590953271|0.0|SOFIANE|SPDE-ETAS|||relative_plus_offset|2.7469498533|synthetic|synthetic_data_case_01_patches|synthetic_earthquake|571.5003047|0.2469498533|1051|673|1
1054|2016-07-25T12:23:47.137920|4.144072613|0.8388054239|0.0|SOFIANE|SPDE-ETAS|||relative_plus_offset|2.9347665736|synthetic|synthetic_data_case_01_patches|synthetic_earthquake|571.5165178|0.4347665736|1051|673|1
1055|2016-07-25T15:29:45.144960|4.243215885|0.8330730253|0.0|SOFIANE|SPDE-ETAS|||relative_plus_offset|3.895231591|synthetic|synthetic_data_case_01_patches|synthetic_earthquake|571.6456614|1.395231591|1051|673|1
1056|2016-07-25T20:23:29.958720|4.118050402|0.9093920839|0.0|SOFIANE|SPDE-ETAS|||relative_plus_offset|3.0362532641|synthetic|synthetic_data_case_01_patches|synthetic_earthquake|571.8496523|0.5362532641|1051|673|1
1057|2016-07-25T20:24:24.287040|4.129758884|0.8881724396|0.0|SOFIANE|SPDE-ETAS|||relative_plus_offset|2.9195350918|synthetic|synthetic_data_case_01_patches|synthetic_earthquake|571.8502811|0.4195350918|1056|673|2
1058|2016-07-26T01:06:00.524160|4.119237269|0.9022770078|0.0|SOFIANE|SPDE-ETAS|||relative_plus_offset|2.53291183753|synthetic|synthetic_data_case_01_patches|synthetic_earthquake|572.0458394|0.03291183753|1056|673|2
1059|2016-07-27T13:04:11.755200|4.129445388|0.8979376759|0.0|SOFIANE|SPDE-ETAS|||relative_plus_offset|2.52663381961|synthetic|synthetic_data_case_01_patches|synthetic_earthquake|573.5445805|0.02663381961|1051|673|1
1060|2016-07-27T17:23:49.977600|2.738020404|0.2274309739|0.0|SOFIANE|SPDE-ETAS|||relative_plus_offset|2.7256785058|synthetic|synthetic_data_case_01_patches|synthetic_earthquake|573.724884|0.2256785058|0|675|0
1061|2016-07-28T03:11:24.028800|4.838723334|0.5724008516|0.0|SOFIANE|SPDE-ETAS|||relative_plus_offset|3.3274347103|synthetic|synthetic_data_case_01_patches|synthetic_earthquake|574.132917|0.8274347103|0|676|0
1062|2016-07-29T00:06:38.269440|4.552023926|1.148401248|0.0|SOFIANE|SPDE-ETAS|||relative_plus_offset|2.8306724775|synthetic|synthetic_data_case_01_patches|synthetic_earthquake|575.0046096|0.3306724775|0|677|0
1063|2016-07-29T08:34:49.010880|2.263709989|1.548691437|0.0|SOFIANE|SPDE-ETAS|||relative_plus_offset|2.5970796478500002|synthetic|synthetic_data_case_01_patches|synthetic_earthquake|575.3575117|0.09707964785|0|678|0
1064|2016-07-30T11:03:32.929920|2.444897971|2.948285957|0.0|SOFIANE|SPDE-ETAS|||relative_plus_offset|3.761975252|synthetic|synthetic_data_case_01_patches|synthetic_earthquake|576.4607978|1.261975252|0|679|0
1065|2016-07-30T19:54:30.337920|4.585047632|1.268889608|0.0|SOFIANE|SPDE-ETAS|||relative_plus_offset|2.8355349939|synthetic|synthetic_data_case_01_patches|synthetic_earthquake|576.8295178|0.3355349939|0|680|0
1066|2016-07-31T02:39:11.934720|4.59761987|1.275537999|0.0|SOFIANE|SPDE-ETAS|||relative_plus_offset|3.0246084565|synthetic|synthetic_data_case_01_patches|synthetic_earthquake|577.1105548|0.5246084565|1065|680|1
1067|2016-07-31T02:44:33.161280|4.59512976|1.238783933|0.0|SOFIANE|SPDE-ETAS|||relative_plus_offset|2.507371121936|synthetic|synthetic_data_case_01_patches|synthetic_earthquake|577.1142727|0.007371121936|1066|680|2
1068|2016-07-31T11:26:46.173120|4.690729696|2.31771498|0.0|SOFIANE|SPDE-ETAS|||relative_plus_offset|2.6667742849|synthetic|synthetic_data_case_01_patches|synthetic_earthquake|577.4769233|0.1667742849|0|681|0
1069|2016-07-31T19:34:20.064000|1.479524512|3.189687108|0.0|SOFIANE|SPDE-ETAS|||relative_plus_offset|2.6365729661|synthetic|synthetic_data_case_01_patches|synthetic_earthquake|577.81551|0.1365729661|0|682|0
1070|2016-08-02T14:31:11.481600|2.778515953|1.111184944|0.0|SOFIANE|SPDE-ETAS|||relative_plus_offset|2.8075059989|synthetic|synthetic_data_case_01_patches|synthetic_earthquake|579.604994|0.3075059989|0|683|0
1071|2016-08-02T18:54:54.959040|3.372217641|2.703820815|0.0|SOFIANE|SPDE-ETAS|||relative_plus_offset|2.52229841417|synthetic|synthetic_data_case_01_patches|synthetic_earthquake|579.7881361|0.02229841417|0|684|0
1072|2016-08-02T22:01:10.306560|2.453793308|0.4004942692|0.0|SOFIANE|SPDE-ETAS|||relative_plus_offset|2.55631070042|synthetic|synthetic_data_case_01_patches|synthetic_earthquake|579.9174804|0.05631070042|0|685|0
1073|2016-08-02T23:54:05.518079|3.589555191|1.599408781|0.0|SOFIANE|SPDE-ETAS|||relative_plus_offset|3.987269961|synthetic|synthetic_data_case_01_patches|synthetic_earthquake|579.9958972|1.487269961|0|686|0
1074|2016-08-03T04:36:00.849600|3.579742901|1.599036918|0.0|SOFIANE|SPDE-ETAS|||relative_plus_offset|3.2502480362|synthetic|synthetic_data_case_01_patches|synthetic_earthquake|580.1916765|0.7502480362|1073|686|1
1075|2016-08-03T06:29:06.964800|3.578052457|1.605793318|0.0|SOFIANE|SPDE-ETAS|||relative_plus_offset|2.6309639342|synthetic|synthetic_data_case_01_patches|synthetic_earthquake|580.2702195|0.1309639342|1074|686|2
1076|2016-08-03T23:49:25.979520|0.6656021071|3.175018329|0.0|SOFIANE|SPDE-ETAS|||relative_plus_offset|2.51079705788|synthetic|synthetic_data_case_01_patches|synthetic_earthquake|580.9926618|0.01079705788|0|687|0
1077|2016-08-05T22:27:05.618880|1.803422684|1.775250848|0.0|SOFIANE|SPDE-ETAS|||relative_plus_offset|4.1964876019999995|synthetic|synthetic_data_case_01_patches|synthetic_earthquake|582.9354817|1.696487602|0|688|0
1078|2016-08-06T01:25:27.295680|4.069067726|0.3202345249|0.0|SOFIANE|SPDE-ETAS|||relative_plus_offset|3.347761916|synthetic|synthetic_data_case_01_patches|synthetic_earthquake|583.0593437|0.847761916|0|689|0
1079|2016-08-06T01:58:20.645760|1.793156323|1.770131178|0.0|SOFIANE|SPDE-ETAS|||relative_plus_offset|2.897421976|synthetic|synthetic_data_case_01_patches|synthetic_earthquake|583.0821834|0.397421976|1077|688|1
1080|2016-08-06T02:07:45.494399|4.060082436|0.2894020429|0.0|SOFIANE|SPDE-ETAS|||relative_plus_offset|2.7257773302|synthetic|synthetic_data_case_01_patches|synthetic_earthquake|583.088721|0.2257773302|1078|689|1
1081|2016-08-06T05:01:52.420800|4.047770229|0.2900324282|0.0|SOFIANE|SPDE-ETAS|||relative_plus_offset|2.6675677821|synthetic|synthetic_data_case_01_patches|synthetic_earthquake|583.2096345|0.1675677821|1080|689|2
1082|2016-08-06T06:35:05.023680|4.691922876|2.489167227|0.0|SOFIANE|SPDE-ETAS|||relative_plus_offset|2.8097734689|synthetic|synthetic_data_case_01_patches|synthetic_earthquake|583.2743637|0.3097734689|0|690|0
1083|2016-08-08T05:57:05.135040|4.592277755|1.251201727|0.0|SOFIANE|SPDE-ETAS|||relative_plus_offset|2.7128248008|synthetic|synthetic_data_case_01_patches|synthetic_earthquake|585.2479761|0.2128248008|1066|680|2
1084|2016-08-08T14:56:37.262400|3.592944786|2.876671988|0.0|SOFIANE|SPDE-ETAS|||relative_plus_offset|2.58689290478|synthetic|synthetic_data_case_01_patches|synthetic_earthquake|585.6226535|0.08689290478|0|691|0
1085|2016-08-08T21:06:45.406080|2.420671245|1.906419864|0.0|SOFIANE|SPDE-ETAS|||relative_plus_offset|2.935368894|synthetic|synthetic_data_case_01_patches|synthetic_earthquake|585.8796922|0.435368894|0|692|0
1086|2016-08-08T21:17:12.298560|2.453749361|2.012114325|0.0|SOFIANE|SPDE-ETAS|||relative_plus_offset|2.58591655624|synthetic|synthetic_data_case_01_patches|synthetic_earthquake|585.8869479|0.08591655624|1085|692|1
1087|2016-08-09T04:15:45.374400|2.787310442|2.182526436|0.0|SOFIANE|SPDE-ETAS|||relative_plus_offset|2.59048729759|synthetic|synthetic_data_case_01_patches|synthetic_earthquake|586.1776085|0.09048729759|0|693|0
1088|2016-08-09T08:35:45.395520|3.751150298|2.414943419|0.0|SOFIANE|SPDE-ETAS|||relative_plus_offset|3.0581954272000003|synthetic|synthetic_data_case_01_patches|synthetic_earthquake|586.3581643|0.5581954272|0|694|0
1089|2016-08-09T14:52:51.853439|1.875654342|0.5108732793|0.0|SOFIANE|SPDE-ETAS|||relative_plus_offset|3.1681033413|synthetic|synthetic_data_case_01_patches|synthetic_earthquake|586.6200446|0.6681033413|0|695|0
1090|2016-08-09T18:10:25.924800|4.836777227|1.586993164|0.0|SOFIANE|SPDE-ETAS|||relative_plus_offset|2.8295694399|synthetic|synthetic_data_case_01_patches|synthetic_earthquake|586.7572445|0.3295694399|0|696|0
1091|2016-08-10T07:29:47.497920|2.484449949|1.105565469|0.0|SOFIANE|SPDE-ETAS|||relative_plus_offset|2.6723067357|synthetic|synthetic_data_case_01_patches|synthetic_earthquake|587.3123553|0.1723067357|0|697|0
1092|2016-08-10T12:59:22.678080|4.450871001|2.181986881|0.0|SOFIANE|SPDE-ETAS|||relative_plus_offset|2.8703601293|synthetic|synthetic_data_case_01_patches|synthetic_earthquake|587.5412347|0.3703601293|0|698|0
1093|2016-08-10T19:26:18.306240|0.6894284053|2.404986498|0.0|SOFIANE|SPDE-ETAS|||relative_plus_offset|2.6297693868|synthetic|synthetic_data_case_01_patches|synthetic_earthquake|587.8099341|0.1297693868|0|699|0
1094|2016-08-11T15:24:53.078400|2.850779171|0.6846872602|0.0|SOFIANE|SPDE-ETAS|||relative_plus_offset|3.734651279|synthetic|synthetic_data_case_01_patches|synthetic_earthquake|588.642281|1.234651279|0|700|0
1095|2016-08-11T20:04:38.645759|2.587705867|0.6927361907|0.0|SOFIANE|SPDE-ETAS|||relative_plus_offset|2.6454307401|synthetic|synthetic_data_case_01_patches|synthetic_earthquake|588.8365584|0.1454307401|1044|667|1
1096|2016-08-12T11:12:38.424960|4.345360915|2.037005459|0.0|SOFIANE|SPDE-ETAS|||relative_plus_offset|2.6173799478|synthetic|synthetic_data_case_01_patches|synthetic_earthquake|589.4671114|0.1173799478|0|701|0
1097|2016-08-14T20:47:02.417280|3.037071798|3.072820613|0.0|SOFIANE|SPDE-ETAS|||relative_plus_offset|3.3148495692999997|synthetic|synthetic_data_case_01_patches|synthetic_earthquake|591.8660002|0.8148495693|0|702|0
1098|2016-08-15T04:58:22.874880|3.757949271|1.673557923|0.0|SOFIANE|SPDE-ETAS|||relative_plus_offset|2.7420400798|synthetic|synthetic_data_case_01_patches|synthetic_earthquake|592.2072092|0.2420400798|0|703|0
1099|2016-08-15T06:14:48.096960|4.046364507|1.415015113|0.0|SOFIANE|SPDE-ETAS|||relative_plus_offset|2.849959192|synthetic|synthetic_data_case_01_patches|synthetic_earthquake|592.2602789|0.349959192|0|704|0
1100|2016-08-15T12:55:28.827839|4.914154013|0.5332584116|0.0|SOFIANE|SPDE-ETAS|||relative_plus_offset|2.7829224399|synthetic|synthetic_data_case_01_patches|synthetic_earthquake|592.5385281|0.2829224399|0|705|0
1101|2016-08-15T15:03:24.085440|4.920299059|0.5132951987|0.0|SOFIANE|SPDE-ETAS|||relative_plus_offset|3.3621401744|synthetic|synthetic_data_case_01_patches|synthetic_earthquake|592.6273621|0.8621401744|1100|705|1
1102|2016-08-15T19:58:47.239680|4.92407162|0.4935296564|0.0|SOFIANE|SPDE-ETAS|||relative_plus_offset|3.0366839068|synthetic|synthetic_data_case_01_patches|synthetic_earthquake|592.8324912|0.5366839068|1101|705|2
1103|2016-08-16T03:48:54.835200|0.1889505766|2.426190582|0.0|SOFIANE|SPDE-ETAS|||relative_plus_offset|3.5798807459999997|synthetic|synthetic_data_case_01_patches|synthetic_earthquake|593.158968|1.079880746|0|706|0
1104|2016-08-17T06:30:46.117440|4.642469906|0.9280947681|0.0|SOFIANE|SPDE-ETAS|||relative_plus_offset|3.0399948784|synthetic|synthetic_data_case_01_patches|synthetic_earthquake|594.2713671|0.5399948784|0|707|0
1105|2016-08-17T20:36:26.504640|4.048296115|4.826753498|0.0|SOFIANE|SPDE-ETAS|||relative_plus_offset|2.6351158095|synthetic|synthetic_data_case_01_patches|synthetic_earthquake|594.8586401|0.1351158095|0|708|0
1106|2016-08-24T16:53:46.982400|4.848586072|1.564098293|0.0|SOFIANE|SPDE-ETAS|||relative_plus_offset|2.59411631128|synthetic|synthetic_data_case_01_patches|synthetic_earthquake|601.704016|0.09411631128|0|709|0
1107|2016-08-25T02:18:43.534080|4.007917334|3.076032504|0.0|SOFIANE|SPDE-ETAS|||relative_plus_offset|2.6323832839|synthetic|synthetic_data_case_01_patches|synthetic_earthquake|602.0963372|0.1323832839|0|710|0
1108|2016-08-25T06:51:55.160640|2.974628501|4.475256904|0.0|SOFIANE|SPDE-ETAS|||relative_plus_offset|4.006173801|synthetic|synthetic_data_case_01_patches|synthetic_earthquake|602.2860551|1.506173801|966|611|1
1109|2016-08-25T06:56:28.728960|2.966652744|4.403256084|0.0|SOFIANE|SPDE-ETAS|||relative_plus_offset|2.6447803154|synthetic|synthetic_data_case_01_patches|synthetic_earthquake|602.2892214|0.1447803154|1108|611|2
1110|2016-08-25T06:59:17.580480|2.989519878|4.482461751|0.0|SOFIANE|SPDE-ETAS|||relative_plus_offset|2.5778149332|synthetic|synthetic_data_case_01_patches|synthetic_earthquake|602.2911757|0.0778149332|1108|611|2
1111|2016-08-25T15:15:01.324800|2.971086655|4.461245609|0.0|SOFIANE|SPDE-ETAS|||relative_plus_offset|2.50733609685|synthetic|synthetic_data_case_01_patches|synthetic_earthquake|602.635432|0.00733609685|1108|611|2
1112|2016-08-25T16:07:08.961600|2.467764323|1.659390594|0.0|SOFIANE|SPDE-ETAS|||relative_plus_offset|2.5236248862|synthetic|synthetic_data_case_01_patches|synthetic_earthquake|602.6716315|0.0236248862|0|711|0
1113|2016-08-25T21:23:34.825920|1.885299005|1.421115839|0.0|SOFIANE|SPDE-ETAS|||relative_plus_offset|3.1885093665|synthetic|synthetic_data_case_01_patches|synthetic_earthquake|602.8913753|0.6885093665|0|712|0
1114|2016-08-28T02:20:48.416640|1.356019708|1.48173961|0.0|SOFIANE|SPDE-ETAS|||relative_plus_offset|4.724444788|synthetic|synthetic_data_case_01_patches|synthetic_earthquake|605.0977826|2.224444788|0|713|0
1115|2016-08-28T02:35:34.854720|1.379788026|1.488172056|0.0|SOFIANE|SPDE-ETAS|||relative_plus_offset|3.826143568|synthetic|synthetic_data_case_01_patches|synthetic_earthquake|605.1080423|1.326143568|1114|713|1
1116|2016-08-28T02:39:24.730560|1.335941254|1.508244653|0.0|SOFIANE|SPDE-ETAS|||relative_plus_offset|2.8675848726|synthetic|synthetic_data_case_01_patches|synthetic_earthquake|605.1107029|0.3675848726|1114|713|1
1117|2016-08-28T02:57:01.238400|1.32770341|1.502035353|0.0|SOFIANE|SPDE-ETAS|||relative_plus_offset|3.645591403|synthetic|synthetic_data_case_01_patches|synthetic_earthquake|605.122931|1.145591403|1116|713|2
1118|2016-08-28T02:58:01.398720|1.34406906|1.513797218|0.0|SOFIANE|SPDE-ETAS|||relative_plus_offset|2.7168493864|synthetic|synthetic_data_case_01_patches|synthetic_earthquake|605.1236273|0.2168493864|1117|713|3
1119|2016-08-28T03:41:24.596160|1.365461016|1.348234476|0.0|SOFIANE|SPDE-ETAS|||relative_plus_offset|3.548623536|synthetic|synthetic_data_case_01_patches|synthetic_earthquake|605.1537569|1.048623536|1114|713|1
1120|2016-08-28T04:04:07.469760|1.327522771|1.488716164|0.0|SOFIANE|SPDE-ETAS|||relative_plus_offset|2.7528577066|synthetic|synthetic_data_case_01_patches|synthetic_earthquake|605.1695309|0.2528577066|1117|713|3
1121|2016-08-28T04:15:22.884480|1.308310156|1.448750932|0.0|SOFIANE|SPDE-ETAS|||relative_plus_offset|3.309902887|synthetic|synthetic_data_case_01_patches|synthetic_earthquake|605.1773482|0.809902887|1117|713|3
1122|2016-08-28T04:59:55.314240|1.286864444|1.45208154|0.0|SOFIANE|SPDE-ETAS|||relative_plus_offset|2.9736421825|synthetic|synthetic_data_case_01_patches|synthetic_earthquake|605.2082791|0.4736421825|1114|713|1
1123|2016-08-29T06:33:05.005440|1.358622798|1.52093506|0.0|SOFIANE|SPDE-ETAS|||relative_plus_offset|4.102940274|synthetic|synthetic_data_case_01_patches|synthetic_earthquake|606.2729746|1.602940274|1114|713|1
1124|2016-08-29T08:01:37.240320|1.399931164|1.516331934|0.0|SOFIANE|SPDE-ETAS|||relative_plus_offset|2.7905741847|synthetic|synthetic_data_case_01_patches|synthetic_earthquake|606.3344588|0.2905741847|1123|713|2
1125|2016-08-31T08:48:13.455360|4.715833434|0.8646643565|0.0|SOFIANE|SPDE-ETAS|||relative_plus_offset|2.54461333819|synthetic|synthetic_data_case_01_patches|synthetic_earthquake|608.3668224|0.04461333819|0|714|0
1126|2016-08-31T19:06:19.039680|0.4669316078|1.768703216|0.0|SOFIANE|SPDE-ETAS|||relative_plus_offset|2.7242741004|synthetic|synthetic_data_case_01_patches|synthetic_earthquake|608.7960537|0.2242741004|0|715|0
1127|2016-09-01T04:53:47.448960|4.058348906|0.4575602602|0.0|SOFIANE|SPDE-ETAS|||relative_plus_offset|2.988790653|synthetic|synthetic_data_case_01_patches|synthetic_earthquake|609.2040214|0.488790653|0|716|0
1128|2016-09-02T00:22:32.116800|1.751343809|2.058367301|0.0|SOFIANE|SPDE-ETAS|||relative_plus_offset|3.4420851404|synthetic|synthetic_data_case_01_patches|synthetic_earthquake|610.0156495|0.9420851404|0|717|0
1129|2016-09-02T00:41:16.941120|1.751092959|2.048967372|0.0|SOFIANE|SPDE-ETAS|||relative_plus_offset|2.7991699616|synthetic|synthetic_data_case_01_patches|synthetic_earthquake|610.0286683|0.2991699616|1128|717|1
1130|2016-09-02T05:41:07.944000|3.422258722|1.462833288|0.0|SOFIANE|SPDE-ETAS|||relative_plus_offset|3.423724515|synthetic|synthetic_data_case_01_patches|synthetic_earthquake|610.2368975|0.923724515|0|718|0
1131|2016-09-02T06:34:50.586240|2.299704422|4.517671253|0.0|SOFIANE|SPDE-ETAS|||relative_plus_offset|2.6913299287|synthetic|synthetic_data_case_01_patches|synthetic_earthquake|610.2741966|0.1913299287|0|719|0
1132|2016-09-02T13:37:55.994880|1.745096877|2.041379639|0.0|SOFIANE|SPDE-ETAS|||relative_plus_offset|2.9892516485|synthetic|synthetic_data_case_01_patches|synthetic_earthquake|610.5680092|0.4892516485|1128|717|1
1133|2016-09-02T18:29:01.435200|4.317244132|1.09033633|0.0|SOFIANE|SPDE-ETAS|||relative_plus_offset|3.1270981347999998|synthetic|synthetic_data_case_01_patches|synthetic_earthquake|610.7701555|0.6270981348|0|720|0
1134|2016-09-03T02:20:43.146240|3.951105169|2.512123589|0.0|SOFIANE|SPDE-ETAS|||relative_plus_offset|2.6577356905|synthetic|synthetic_data_case_01_patches|synthetic_earthquake|611.0977216|0.1577356905|0|721|0
1135|2016-09-03T10:48:19.509120|0.4402777726|0.09037813967|0.0|SOFIANE|SPDE-ETAS|||relative_plus_offset|2.71016596|synthetic|synthetic_data_case_01_patches|synthetic_earthquake|611.4502258|0.21016596|0|722|0
1136|2016-09-03T18:50:23.265599|4.33768511|1.123100507|0.0|SOFIANE|SPDE-ETAS|||relative_plus_offset|2.51283665349|synthetic|synthetic_data_case_01_patches|synthetic_earthquake|611.7849915|0.01283665349|1133|720|1
1137|2016-09-07T13:49:26.391360|1.740064061|2.218145072|0.0|SOFIANE|SPDE-ETAS|||relative_plus_offset|2.9903390317|synthetic|synthetic_data_case_01_patches|synthetic_earthquake|615.5759999|0.4903390317|0|723|0
1138|2016-09-07T17:31:44.114880|1.752342703|2.215467872|0.0|SOFIANE|SPDE-ETAS|||relative_plus_offset|2.6281542224|synthetic|synthetic_data_case_01_patches|synthetic_earthquake|615.7303717|0.1281542224|1137|723|1
1139|2016-09-08T12:42:02.283840|4.31208423|4.547348778|0.0|SOFIANE|SPDE-ETAS|||relative_plus_offset|3.7875004370000003|synthetic|synthetic_data_case_01_patches|synthetic_earthquake|616.5291931|1.287500437|0|724|0
1140|2016-09-08T14:13:56.383680|4.29747242|4.530069263|0.0|SOFIANE|SPDE-ETAS|||relative_plus_offset|2.55765396016|synthetic|synthetic_data_case_01_patches|synthetic_earthquake|616.5930137|0.05765396016|1139|724|1
1141|2016-09-08T15:18:52.902720|4.348701119|4.52936048|0.0|SOFIANE|SPDE-ETAS|||relative_plus_offset|3.23936458|synthetic|synthetic_data_case_01_patches|synthetic_earthquake|616.6381123|0.73936458|1139|724|1
1142|2016-09-08T15:42:00.590400|4.325919471|4.518958867|0.0|SOFIANE|SPDE-ETAS|||relative_plus_offset|3.886680669|synthetic|synthetic_data_case_01_patches|synthetic_earthquake|616.6541735|1.386680669|1141|724|2
1143|2016-09-08T15:44:50.807040|4.330496047|4.646626054|0.0|SOFIANE|SPDE-ETAS|||relative_plus_offset|3.3891858709|synthetic|synthetic_data_case_01_patches|synthetic_earthquake|616.6561436|0.8891858709|1142|724|3
1144|2016-09-08T15:45:13.331520|4.275151221|4.557359835|0.0|SOFIANE|SPDE-ETAS|||relative_plus_offset|3.9153138800000002|synthetic|synthetic_data_case_01_patches|synthetic_earthquake|616.6564043|1.41531388|1139|724|1
1145|2016-09-08T15:48:14.339520|4.313938887|4.628768072|0.0|SOFIANE|SPDE-ETAS|||relative_plus_offset|2.59606668626|synthetic|synthetic_data_case_01_patches|synthetic_earthquake|616.6584993|0.09606668626|1143|724|4
1146|2016-09-08T21:40:38.985600|4.325793355|4.630610127|0.0|SOFIANE|SPDE-ETAS|||relative_plus_offset|2.6353286603|synthetic|synthetic_data_case_01_patches|synthetic_earthquake|616.903229|0.1353286603|1143|724|4
1147|2016-09-09T05:06:42.033600|1.200072357|4.8949832|0.0|SOFIANE|SPDE-ETAS|||relative_plus_offset|2.53454470333|synthetic|synthetic_data_case_01_patches|synthetic_earthquake|617.2129865|0.03454470333|0|725|0
1148|2016-09-10T09:31:16.582079|4.963255333|0.6682557128|0.0|SOFIANE|SPDE-ETAS|||relative_plus_offset|2.56761369431|synthetic|synthetic_data_case_01_patches|synthetic_earthquake|618.3967197|0.06761369431|0|726|0
1149|2016-09-10T18:39:26.184960|1.801872875|2.980029932|0.0|SOFIANE|SPDE-ETAS|||relative_plus_offset|2.8662466073|synthetic|synthetic_data_case_01_patches|synthetic_earthquake|618.7773864|0.3662466073|0|727|0
1150|2016-09-11T08:29:47.103360|4.558911724|4.762055868|0.0|SOFIANE|SPDE-ETAS|||relative_plus_offset|2.8847442076|synthetic|synthetic_data_case_01_patches|synthetic_earthquake|619.3540174|0.3847442076|0|728|0
1151|2016-09-11T17:28:15.156480|4.83599049|2.068054108|0.0|SOFIANE|SPDE-ETAS|||relative_plus_offset|2.615240925|synthetic|synthetic_data_case_01_patches|synthetic_earthquake|619.7279532|0.115240925|0|729|0
1152|2016-09-11T19:55:06.513600|4.826193915|2.095264872|0.0|SOFIANE|SPDE-ETAS|||relative_plus_offset|3.2453127854|synthetic|synthetic_data_case_01_patches|synthetic_earthquake|619.8299365|0.7453127854|1151|729|1
1153|2016-09-12T00:15:06.871680|0.2472773561|0.6324013705|0.0|SOFIANE|SPDE-ETAS|||relative_plus_offset|2.7721872791|synthetic|synthetic_data_case_01_patches|synthetic_earthquake|620.0104962|0.2721872791|0|730|0
1154|2016-09-12T13:44:42.852480|4.82978815|2.06620142|0.0|SOFIANE|SPDE-ETAS|||relative_plus_offset|2.58469669993|synthetic|synthetic_data_case_01_patches|synthetic_earthquake|620.5727182|0.08469669993|1151|729|1
1155|2016-09-12T21:11:35.744640|2.897369067|3.181359428|0.0|SOFIANE|SPDE-ETAS|||relative_plus_offset|3.2262251117|synthetic|synthetic_data_case_01_patches|synthetic_earthquake|620.8830526|0.7262251117|0|731|0
1156|2016-09-13T13:27:44.766720|3.356899041|0.05810978155|0.0|SOFIANE|SPDE-ETAS|||relative_plus_offset|2.5003438921599|synthetic|synthetic_data_case_01_patches|synthetic_earthquake|621.5609348|0.0003438921599|0|732|0
1157|2016-09-13T20:30:45.017280|3.46882539|0.2876979573|0.0|SOFIANE|SPDE-ETAS|||relative_plus_offset|2.8274718199|synthetic|synthetic_data_case_01_patches|synthetic_earthquake|621.8546877|0.3274718199|0|733|0
1158|2016-09-14T20:51:05.209920|0.3136835372|0.6361774853|0.0|SOFIANE|SPDE-ETAS|||relative_plus_offset|2.8891047969|synthetic|synthetic_data_case_01_patches|synthetic_earthquake|622.8688103|0.3891047969|1153|730|1
1159|2016-09-14T21:27:45.990720|0.2957302196|0.6367238564|0.0|SOFIANE|SPDE-ETAS|||relative_plus_offset|2.9820810499|synthetic|synthetic_data_case_01_patches|synthetic_earthquake|622.8942823|0.4820810499|1158|730|2
1160|2016-09-18T02:27:57.530879|0.934530396|2.08247503|0.0|SOFIANE|SPDE-ETAS|||relative_plus_offset|2.52337050298|synthetic|synthetic_data_case_01_patches|synthetic_earthquake|626.1027492|0.02337050298|0|734|0
1161|2016-09-18T17:24:27.276480|0.8987147969|4.000145279|0.0|SOFIANE|SPDE-ETAS|||relative_plus_offset|2.5107347293|synthetic|synthetic_data_case_01_patches|synthetic_earthquake|626.7253157|0.0107347293|917|583|1
1162|2016-09-18T18:23:54.991680|1.908264654|2.199047667|0.0|SOFIANE|SPDE-ETAS|||relative_plus_offset|2.9261295744|synthetic|synthetic_data_case_01_patches|synthetic_earthquake|626.7666087|0.4261295744|0|735|0
1163|2016-09-18T20:24:54.051839|3.417680866|1.672031945|0.0|SOFIANE|SPDE-ETAS|||relative_plus_offset|2.52828933669|synthetic|synthetic_data_case_01_patches|synthetic_earthquake|626.8506256|0.02828933669|0|736|0
1164|2016-09-19T05:11:29.408640|1.649024796|1.8476588|0.0|SOFIANE|SPDE-ETAS|||relative_plus_offset|3.2035346157999998|synthetic|synthetic_data_case_01_patches|synthetic_earthquake|627.2163126|0.7035346158|0|737|0
1165|2016-09-19T06:46:11.694720|1.641693349|1.853957933|0.0|SOFIANE|SPDE-ETAS|||relative_plus_offset|4.321515037|synthetic|synthetic_data_case_01_patches|synthetic_earthquake|627.2820798|1.821515037|1164|737|1
1166|2016-09-19T07:00:48.689279|1.670563015|1.862026718|0.0|SOFIANE|SPDE-ETAS|||relative_plus_offset|4.360082374|synthetic|synthetic_data_case_01_patches|synthetic_earthquake|627.2922302|1.860082374|1165|737|2
1167|2016-09-19T07:03:54.259200|1.640406642|1.827423013|0.0|SOFIANE|SPDE-ETAS|||relative_plus_offset|2.54596860706|synthetic|synthetic_data_case_01_patches|synthetic_earthquake|627.294378|0.04596860706|1166|737|3
1168|2016-09-19T07:25:38.916479|1.671403705|1.817892237|0.0|SOFIANE|SPDE-ETAS|||relative_plus_offset|2.53521329105|synthetic|synthetic_data_case_01_patches|synthetic_earthquake|627.3094782|0.03521329105|1165|737|2
1169|2016-09-19T11:15:37.713600|1.637393921|1.81018246|0.0|SOFIANE|SPDE-ETAS|||relative_plus_offset|2.57454169093|synthetic|synthetic_data_case_01_patches|synthetic_earthquake|627.4691865|0.07454169093|1165|737|2
1170|2016-09-20T14:12:32.610240|4.836099672|0.5675845276|0.0|SOFIANE|SPDE-ETAS|||relative_plus_offset|2.7109280637|synthetic|synthetic_data_case_01_patches|synthetic_earthquake|628.5920441|0.2109280637|1061|676|1
1171|2016-09-20T16:37:30.990720|3.436608806|1.264417065|0.0|SOFIANE|SPDE-ETAS|||relative_plus_offset|3.558816894|synthetic|synthetic_data_case_01_patches|synthetic_earthquake|628.6927198|1.058816894|0|738|0
1172|2016-09-21T11:28:18.500160|1.7447455|1.829252838|0.0|SOFIANE|SPDE-ETAS|||relative_plus_offset|2.8996837419|synthetic|synthetic_data_case_01_patches|synthetic_earthquake|629.4779919|0.3996837419|1166|737|3
1173|2016-09-21T14:38:38.230080|2.60299411|0.8679539521|0.0|SOFIANE|SPDE-ETAS|||relative_plus_offset|2.7082296391|synthetic|synthetic_data_case_01_patches|synthetic_earthquake|629.6101647|0.2082296391|0|739|0
1174|2016-09-21T19:34:20.513280|1.767912333|1.849045995|0.0|SOFIANE|SPDE-ETAS|||relative_plus_offset|4.567517808|synthetic|synthetic_data_case_01_patches|synthetic_earthquake|629.8155152|2.067517808|1172|737|4
1175|2016-09-21T19:45:10.915200|1.730101631|1.862314591|0.0|SOFIANE|SPDE-ETAS|||relative_plus_offset|2.7923132106|synthetic|synthetic_data_case_01_patches|synthetic_earthquake|629.823043|0.2923132106|1174|737|5
1176|2016-09-21T19:52:13.298880|1.779214194|1.836833|0.0|SOFIANE|SPDE-ETAS|||relative_plus_offset|3.525146231|synthetic|synthetic_data_case_01_patches|synthetic_earthquake|629.8279317|1.025146231|1174|737|5
1177|2016-09-21T20:11:07.031040|1.820943322|1.954982581|0.0|SOFIANE|SPDE-ETAS|||relative_plus_offset|2.6817196487|synthetic|synthetic_data_case_01_patches|synthetic_earthquake|629.8410536|0.1817196487|1175|737|6
1178|2016-09-22T00:03:38.712960|1.77949517|1.865554239|0.0|SOFIANE|SPDE-ETAS|||relative_plus_offset|3.0746339638|synthetic|synthetic_data_case_01_patches|synthetic_earthquake|630.0025314|0.5746339638|1176|737|6
1179|2016-09-22T01:23:17.833920|1.783011025|1.836793686|0.0|SOFIANE|SPDE-ETAS|||relative_plus_offset|3.583465006|synthetic|synthetic_data_case_01_patches|synthetic_earthquake|630.0578453|1.083465006|1174|737|5
1180|2016-09-22T02:43:44.492159|1.755179108|1.849426159|0.0|SOFIANE|SPDE-ETAS|||relative_plus_offset|2.6479431964|synthetic|synthetic_data_case_01_patches|synthetic_earthquake|630.1137094|0.1479431964|1179|737|6
1181|2016-09-22T05:57:35.876160|1.799549492|1.637805719|0.0|SOFIANE|SPDE-ETAS|||relative_plus_offset|2.7672891406|synthetic|synthetic_data_case_01_patches|synthetic_earthquake|630.2483319|0.2672891406|1176|737|6
1182|2016-09-22T08:58:09.839999|3.751995044|4.060806599|0.0|SOFIANE|SPDE-ETAS|||relative_plus_offset|2.9425042978000002|synthetic|synthetic_data_case_01_patches|synthetic_earthquake|630.373725|0.4425042978|0|740|0
1183|2016-09-22T09:03:23.644800|4.913332336|3.203940262|0.0|SOFIANE|SPDE-ETAS|||relative_plus_offset|3.4102876306|synthetic|synthetic_data_case_01_patches|synthetic_earthquake|630.377357|0.9102876306|0|741|0
1184|2016-09-22T09:06:34.182720|3.758838435|4.09341388|0.0|SOFIANE|SPDE-ETAS|||relative_plus_offset|2.59278814759|synthetic|synthetic_data_case_01_patches|synthetic_earthquake|630.3795623|0.09278814759|1182|740|1
1185|2016-09-22T09:39:50.420160|4.912474906|3.210412539|0.0|SOFIANE|SPDE-ETAS|||relative_plus_offset|2.59585212936|synthetic|synthetic_data_case_01_patches|synthetic_earthquake|630.4026669|0.09585212936|1183|741|1
1186|2016-09-22T11:08:16.235520|1.919498351|1.918700325|0.0|SOFIANE|SPDE-ETAS|||relative_plus_offset|3.723425631|synthetic|synthetic_data_case_01_patches|synthetic_earthquake|630.4640768|1.223425631|1174|737|5
1187|2016-09-22T21:16:20.164800|4.897946316|3.236109478|0.0|SOFIANE|SPDE-ETAS|||relative_plus_offset|3.2434105595|synthetic|synthetic_data_case_01_patches|synthetic_earthquake|630.8863445|0.7434105595|1183|741|1
1188|2016-09-23T01:21:57.715200|4.505616523|0.9070616879|0.0|SOFIANE|SPDE-ETAS|||relative_plus_offset|2.53421899398|synthetic|synthetic_data_case_01_patches|synthetic_earthquake|631.056918|0.03421899398|0|742|0
1189|2016-09-23T05:44:20.382720|1.744892946|1.893853809|0.0|SOFIANE|SPDE-ETAS|||relative_plus_offset|2.671285914|synthetic|synthetic_data_case_01_patches|synthetic_earthquake|631.2391248|0.171285914|1174|737|5
1190|2016-09-23T19:03:42.215040|1.793081184|1.835137274|0.0|SOFIANE|SPDE-ETAS|||relative_plus_offset|2.6706777751|synthetic|synthetic_data_case_01_patches|synthetic_earthquake|631.7942386|0.1706777751|1174|737|5
1191|2016-09-23T19:20:12.255360|1.354942551|4.360830329|0.0|SOFIANE|SPDE-ETAS|||relative_plus_offset|3.582944468|synthetic|synthetic_data_case_01_patches|synthetic_earthquake|631.8056974|1.082944468|0|743|0
1192|2016-09-24T09:31:30.276479|2.393035652|0.9436572252|0.0|SOFIANE|SPDE-ETAS|||relative_plus_offset|2.6176053756|synthetic|synthetic_data_case_01_patches|synthetic_earthquake|632.3968782|0.1176053756|0|744|0
1193|2016-09-24T14:39:23.901120|1.846344271|1.834707312|0.0|SOFIANE|SPDE-ETAS|||relative_plus_offset|3.2499968233|synthetic|synthetic_data_case_01_patches|synthetic_earthquake|632.6106933|0.7499968233|1174|737|5
1194|2016-09-24T14:46:50.018880|1.845670422|1.843548287|0.0|SOFIANE|SPDE-ETAS|||relative_plus_offset|3.601037232|synthetic|synthetic_data_case_01_patches|synthetic_earthquake|632.6158567|1.101037232|1193|737|6
1195|2016-09-24T15:38:34.725120|1.834904451|1.855643319|0.0|SOFIANE|SPDE-ETAS|||relative_plus_offset|2.8324105348|synthetic|synthetic_data_case_01_patches|synthetic_earthquake|632.6517908|0.3324105348|1194|737|7
1196|2016-09-25T00:42:03.121920|1.847385255|1.842526743|0.0|SOFIANE|SPDE-ETAS|||relative_plus_offset|3.0857460054|synthetic|synthetic_data_case_01_patches|synthetic_earthquake|633.0292028|0.5857460054|1194|737|7
1197|2016-09-25T00:42:56.275200|1.850252878|1.86568029|0.0|SOFIANE|SPDE-ETAS|||relative_plus_offset|3.0359615024|synthetic|synthetic_data_case_01_patches|synthetic_earthquake|633.029818|0.5359615024|1196|737|8
1198|2016-09-26T12:30:59.526720|3.088475234|1.144799366|0.0|SOFIANE|SPDE-ETAS|||relative_plus_offset|3.1835703351999998|synthetic|synthetic_data_case_01_patches|synthetic_earthquake|634.5215223|0.6835703352|0|745|0
1199|2016-09-26T12:49:50.183040|1.861943351|1.854433274|0.0|SOFIANE|SPDE-ETAS|||relative_plus_offset|2.7160890876|synthetic|synthetic_data_case_01_patches|synthetic_earthquake|634.5346086|0.2160890876|1195|737|8
1200|2016-09-26T12:57:24.275520|4.95638025|4.767954748|0.0|SOFIANE|SPDE-ETAS|||relative_plus_offset|2.56364788102|synthetic|synthetic_data_case_01_patches|synthetic_earthquake|634.5398643|0.06364788102|0|746|0
1201|2016-09-26T13:26:36.968640|3.444556561|2.276829896|0.0|SOFIANE|SPDE-ETAS|||relative_plus_offset|2.619560373|synthetic|synthetic_data_case_01_patches|synthetic_earthquake|634.5601501|0.119560373|0|747|0
1202|2016-09-28T05:05:56.656320|3.621444065|2.755690973|0.0|SOFIANE|SPDE-ETAS|||relative_plus_offset|3.0604936941|synthetic|synthetic_data_case_01_patches|synthetic_earthquake|636.2124613|0.5604936941|0|748|0
1203|2016-09-29T05:12:30.761280|3.080129745|1.119210058|0.0|SOFIANE|SPDE-ETAS|||relative_plus_offset|3.4176063247|synthetic|synthetic_data_case_01_patches|synthetic_earthquake|637.2170227|0.9176063247|1198|745|1
1204|2016-09-30T21:42:34.839360|1.671918847|3.469679799|0.0|SOFIANE|SPDE-ETAS|||relative_plus_offset|2.6590861467|synthetic|synthetic_data_case_01_patches|synthetic_earthquake|638.9045699|0.1590861467|0|749|0
1205|2016-10-03T17:17:06.480960|1.636525986|1.833753328|0.0|SOFIANE|SPDE-ETAS|||relative_plus_offset|3.4523905238|synthetic|synthetic_data_case_01_patches|synthetic_earthquake|641.7202139|0.9523905238|0|750|0
1206|2016-10-03T18:15:22.527359|1.671816581|1.833055427|0.0|SOFIANE|SPDE-ETAS|||relative_plus_offset|2.6361143171|synthetic|synthetic_data_case_01_patches|synthetic_earthquake|641.7606774|0.1361143171|1205|750|1
1207|2016-10-03T22:13:33.294720|3.816759849|3.95896317|0.0|SOFIANE|SPDE-ETAS|||relative_plus_offset|3.0843784463|synthetic|synthetic_data_case_01_patches|synthetic_earthquake|641.9260798|0.5843784463|0|751|0
1208|2016-10-04T00:23:49.436160|2.286512244|0.7852838325|0.0|SOFIANE|SPDE-ETAS|||relative_plus_offset|3.2913009801|synthetic|synthetic_data_case_01_patches|synthetic_earthquake|642.0165444|0.7913009801|0|752|0
1209|2016-10-05T11:16:08.532480|4.284651754|0.2613413368|0.0|SOFIANE|SPDE-ETAS|||relative_plus_offset|3.569645495|synthetic|synthetic_data_case_01_patches|synthetic_earthquake|643.4695432|1.069645495|0|753|0
1210|2016-10-06T01:05:05.902080|4.280772999|0.2748977089|0.0|SOFIANE|SPDE-ETAS|||relative_plus_offset|2.7200533773|synthetic|synthetic_data_case_01_patches|synthetic_earthquake|644.0452072|0.2200533773|1209|753|1
1211|2016-10-06T01:32:34.992960|4.294626992|0.2664537129|0.0|SOFIANE|SPDE-ETAS|||relative_plus_offset|2.6085718308|synthetic|synthetic_data_case_01_patches|synthetic_earthquake|644.0642939|0.1085718308|1209|753|1
1212|2016-10-06T02:25:15.911040|4.281860001|0.286831089|0.0|SOFIANE|SPDE-ETAS|||relative_plus_offset|2.7266425882|synthetic|synthetic_data_case_01_patches|synthetic_earthquake|644.1008786|0.2266425882|1210|753|2
1213|2016-10-06T03:54:59.192640|2.295789835|0.01108073482|0.0|SOFIANE|SPDE-ETAS|||relative_plus_offset|2.5856792246699998|synthetic|synthetic_data_case_01_patches|synthetic_earthquake|644.1631851|0.08567922467|0|754|0
1214|2016-10-06T16:23:42.190079|4.648697341|1.613515742|0.0|SOFIANE|SPDE-ETAS|||relative_plus_offset|2.6827411576|synthetic|synthetic_data_case_01_patches|synthetic_earthquake|644.6831272|0.1827411576|0|755|0
1215|2016-10-07T20:45:02.157120|3.34813247|2.491587766|0.0|SOFIANE|SPDE-ETAS|||relative_plus_offset|3.1160351039|synthetic|synthetic_data_case_01_patches|synthetic_earthquake|645.8646083|0.6160351039|0|756|0
1216|2016-10-09T02:52:34.201920|4.586309294|1.327000288|0.0|SOFIANE|SPDE-ETAS|||relative_plus_offset|2.59210529392|synthetic|synthetic_data_case_01_patches|synthetic_earthquake|647.1198403|0.09210529392|0|757|0
1217|2016-10-12T09:44:24.671040|4.827720869|0.2862624672|0.0|SOFIANE|SPDE-ETAS|||relative_plus_offset|3.583854133|synthetic|synthetic_data_case_01_patches|synthetic_earthquake|650.4058411|1.083854133|0|758|0
1218|2016-10-12T16:56:10.916159|3.319452991|1.192851477|0.0|SOFIANE|SPDE-ETAS|||relative_plus_offset|3.0739890506|synthetic|synthetic_data_case_01_patches|synthetic_earthquake|650.7056819|0.5739890506|0|759|0
1219|2016-10-13T04:28:58.465920|4.627874984|0.3502681205|0.0|SOFIANE|SPDE-ETAS|||relative_plus_offset|2.7974248598|synthetic|synthetic_data_case_01_patches|synthetic_earthquake|651.1867878|0.2974248598|0|760|0
1220|2016-10-13T06:14:44.502720|4.623857152|0.3437506721|0.0|SOFIANE|SPDE-ETAS|||relative_plus_offset|2.51690683806|synthetic|synthetic_data_case_01_patches|synthetic_earthquake|651.2602373|0.01690683806|1219|760|1
1221|2016-10-14T09:56:15.475200|2.761202807|1.888348497|0.0|SOFIANE|SPDE-ETAS|||relative_plus_offset|2.858998165|synthetic|synthetic_data_case_01_patches|synthetic_earthquake|652.414068|0.358998165|0|761|0
1222|2016-10-14T10:36:27.357119|2.742237013|1.901497794|0.0|SOFIANE|SPDE-ETAS|||relative_plus_offset|3.91732221|synthetic|synthetic_data_case_01_patches|synthetic_earthquake|652.4419833|1.41732221|1221|761|1
1223|2016-10-14T10:43:13.065600|1.555047038|1.704649861|0.0|SOFIANE|SPDE-ETAS|||relative_plus_offset|2.655256408|synthetic|synthetic_data_case_01_patches|synthetic_earthquake|652.446679|0.155256408|0|762|0
1224|2016-10-15T21:49:31.546559|4.513141384|0.4219447322|0.0|SOFIANE|SPDE-ETAS|||relative_plus_offset|3.3795443696|synthetic|synthetic_data_case_01_patches|synthetic_earthquake|653.9093929|0.8795443696|0|763|0
1225|2016-10-18T04:18:54.599040|1.070680989|3.616207807|0.0|SOFIANE|SPDE-ETAS|||relative_plus_offset|2.6156447809|synthetic|synthetic_data_case_01_patches|synthetic_earthquake|656.1797986|0.1156447809|0|764|0
1226|2016-10-18T07:17:49.799040|1.79813098|0.9837442127|0.0|SOFIANE|SPDE-ETAS|||relative_plus_offset|2.6362476518999998|synthetic|synthetic_data_case_01_patches|synthetic_earthquake|656.3040486|0.1362476519|0|765|0
1227|2016-10-18T10:06:08.602560|1.807813022|0.9996468446|0.0|SOFIANE|SPDE-ETAS|||relative_plus_offset|3.4237957567|synthetic|synthetic_data_case_01_patches|synthetic_earthquake|656.4209329|0.9237957567|1226|765|1
1228|2016-10-18T15:01:19.548480|1.796406911|0.9917443603|0.0|SOFIANE|SPDE-ETAS|||relative_plus_offset|2.6881470288|synthetic|synthetic_data_case_01_patches|synthetic_earthquake|656.6259207|0.1881470288|1227|765|2
1229|2016-10-19T10:53:44.355840|0.0670074647|0.7403316533|0.0|SOFIANE|SPDE-ETAS|||relative_plus_offset|3.0102784187|synthetic|synthetic_data_case_01_patches|synthetic_earthquake|657.4539856|0.5102784187|0|766|0
1230|2016-10-21T07:07:46.640640|4.012387267|0.09692149674|0.0|SOFIANE|SPDE-ETAS|||relative_plus_offset|2.6840538647|synthetic|synthetic_data_case_01_patches|synthetic_earthquake|659.2970676|0.1840538647|0|767|0
1231|2016-10-21T14:35:42.216000|2.359108241|3.836627618|0.0|SOFIANE|SPDE-ETAS|||relative_plus_offset|3.3361148791|synthetic|synthetic_data_case_01_patches|synthetic_earthquake|659.6081275|0.8361148791|0|768|0
1232|2016-10-21T15:40:49.552320|1.786098935|2.704269508|0.0|SOFIANE|SPDE-ETAS|||relative_plus_offset|2.59136808348|synthetic|synthetic_data_case_01_patches|synthetic_earthquake|659.6533513|0.09136808348|0|769|0
1233|2016-10-23T11:04:31.301760|0.9090197796|0.8423615535|0.0|SOFIANE|SPDE-ETAS|||relative_plus_offset|2.58016629532|synthetic|synthetic_data_case_01_patches|synthetic_earthquake|661.4614734|0.08016629532|0|770|0
1234|2016-10-23T22:12:38.992320|3.760663315|3.694093038|0.0|SOFIANE|SPDE-ETAS|||relative_plus_offset|2.8464816224|synthetic|synthetic_data_case_01_patches|synthetic_earthquake|661.9254513|0.3464816224|0|771|0
1235|2016-10-24T00:00:46.370880|3.572316758|3.661176581|0.0|SOFIANE|SPDE-ETAS|||relative_plus_offset|2.54615117492|synthetic|synthetic_data_case_01_patches|synthetic_earthquake|662.0005367|0.04615117492|0|772|0
1236|2016-10-24T01:35:32.475839|3.153710711|0.8638173248|0.0|SOFIANE|SPDE-ETAS|||relative_plus_offset|3.4068857092|synthetic|synthetic_data_case_01_patches|synthetic_earthquake|662.0663481|0.9068857092|0|773|0
1237|2016-10-25T06:33:13.939200|2.910005515|1.424764043|0.0|SOFIANE|SPDE-ETAS|||relative_plus_offset|4.006291878|synthetic|synthetic_data_case_01_patches|synthetic_earthquake|663.273078|1.506291878|0|774|0
1238|2016-10-25T15:18:08.061120|0.3978599737|0.6478830235|0.0|SOFIANE|SPDE-ETAS|||relative_plus_offset|2.508843438803|synthetic|synthetic_data_case_01_patches|synthetic_earthquake|663.6375933|0.008843438803|0|775|0
1239|2016-10-25T21:23:50.896320|4.319916957|2.519493662|0.0|SOFIANE|SPDE-ETAS|||relative_plus_offset|2.54321054086|synthetic|synthetic_data_case_01_patches|synthetic_earthquake|663.8915613|0.04321054086|0|776|0
1240|2016-10-26T08:26:59.824320|4.0478372|0.6139085923|0.0|SOFIANE|SPDE-ETAS|||relative_plus_offset|2.6909456521|synthetic|synthetic_data_case_01_patches|synthetic_earthquake|664.3520813|0.1909456521|0|777|0
1241|2016-10-26T12:02:21.739200|3.906462571|2.976111373|0.0|SOFIANE|SPDE-ETAS|||relative_plus_offset|2.58492007399|synthetic|synthetic_data_case_01_patches|synthetic_earthquake|664.5016405|0.08492007399|0|778|0
1242|2016-10-26T14:04:54.370560|4.539739751|2.864720606|0.0|SOFIANE|SPDE-ETAS|||relative_plus_offset|2.6944791628|synthetic|synthetic_data_case_01_patches|synthetic_earthquake|664.5867404|0.1944791628|0|779|0
1243|2016-10-27T20:29:40.830720|2.285454438|1.506853209|0.0|SOFIANE|SPDE-ETAS|||relative_plus_offset|2.6859586623|synthetic|synthetic_data_case_01_patches|synthetic_earthquake|665.8539448|0.1859586623|0|780|0
1244|2016-10-29T02:26:04.295040|1.77818908|1.832395435|0.0|SOFIANE|SPDE-ETAS|||relative_plus_offset|2.5266033207|synthetic|synthetic_data_case_01_patches|synthetic_earthquake|667.1014386|0.0266033207|1176|737|6
1245|2016-10-29T21:56:40.349760|2.464429663|1.442434921|0.0|SOFIANE|SPDE-ETAS|||relative_plus_offset|2.5523679614|synthetic|synthetic_data_case_01_patches|synthetic_earthquake|667.9143559|0.0523679614|0|781|0
1246|2016-10-29T23:34:05.750400|2.579190938|2.561941561|0.0|SOFIANE|SPDE-ETAS|||relative_plus_offset|3.572229917|synthetic|synthetic_data_case_01_patches|synthetic_earthquake|667.982011|1.072229917|0|782|0
1247|2016-10-30T14:33:54.725760|2.500057748|2.765268472|0.0|SOFIANE|SPDE-ETAS|||relative_plus_offset|2.8497621531|synthetic|synthetic_data_case_01_patches|synthetic_earthquake|668.6068834|0.3497621531|0|783|0
1248|2016-11-04T00:10:12.809280|3.543295943|0.03232609071|0.0|SOFIANE|SPDE-ETAS|||relative_plus_offset|3.0095249059|synthetic|synthetic_data_case_01_patches|synthetic_earthquake|673.0070927|0.5095249059|0|784|0
1249|2016-11-04T06:33:43.539840|4.53027246|2.238301813|0.0|SOFIANE|SPDE-ETAS|||relative_plus_offset|2.8207081202|synthetic|synthetic_data_case_01_patches|synthetic_earthquake|673.2734206|0.3207081202|0|785|0
1250|2016-11-04T08:53:50.562240|3.305458081|1.659897213|0.0|SOFIANE|SPDE-ETAS|||relative_plus_offset|2.53986707256|synthetic|synthetic_data_case_01_patches|synthetic_earthquake|673.3707241|0.03986707256|0|786|0
1251|2016-11-04T09:39:39.456000|0.5302111559|2.498604488|0.0|SOFIANE|SPDE-ETAS|||relative_plus_offset|2.507039843196|synthetic|synthetic_data_case_01_patches|synthetic_earthquake|673.40254|0.007039843196|0|787|0
1252|2016-11-05T05:48:52.853760|4.480977695|0.3784724219|0.0|SOFIANE|SPDE-ETAS|||relative_plus_offset|2.6014316006|synthetic|synthetic_data_case_01_patches|synthetic_earthquake|674.2422784|0.1014316006|0|788|0
1253|2016-11-05T06:13:45.301440|1.411528714|3.354030523|0.0|SOFIANE|SPDE-ETAS|||relative_plus_offset|3.0588097506|synthetic|synthetic_data_case_01_patches|synthetic_earthquake|674.2595521|0.5588097506|0|789|0
1254|2016-11-06T15:47:11.898240|2.149682032|2.032077458|0.0|SOFIANE|SPDE-ETAS|||relative_plus_offset|2.770497525|synthetic|synthetic_data_case_01_patches|synthetic_earthquake|675.6577766|0.270497525|0|790|0
1255|2016-11-06T16:35:58.387200|4.564471273|2.639623723|0.0|SOFIANE|SPDE-ETAS|||relative_plus_offset|3.2026177007|synthetic|synthetic_data_case_01_patches|synthetic_earthquake|675.691648|0.7026177007|0|791|0
1256|2016-11-06T21:04:06.300480|4.156382576|0.949754053|0.0|SOFIANE|SPDE-ETAS|||relative_plus_offset|2.6523800464|synthetic|synthetic_data_case_01_patches|synthetic_earthquake|675.8778507|0.1523800464|0|792|0
1257|2016-11-07T16:52:45.897600|3.259106666|3.352349045|0.0|SOFIANE|SPDE-ETAS|||relative_plus_offset|2.6116521047|synthetic|synthetic_data_case_01_patches|synthetic_earthquake|676.703309|0.1116521047|0|793|0
1258|2016-11-08T03:29:01.176000|1.412147157|1.455546847|0.0|SOFIANE|SPDE-ETAS|||relative_plus_offset|3.0540931961|synthetic|synthetic_data_case_01_patches|synthetic_earthquake|677.1451525|0.5540931961|1114|713|1
1259|2016-11-10T20:47:59.346240|2.370470268|0.1486109953|0.0|SOFIANE|SPDE-ETAS|||relative_plus_offset|2.7587164998|synthetic|synthetic_data_case_01_patches|synthetic_earthquake|679.8666591|0.2587164998|0|794|0
1260|2016-11-10T20:55:57.406080|2.37429985|0.142472635|0.0|SOFIANE|SPDE-ETAS|||relative_plus_offset|2.52224807748|synthetic|synthetic_data_case_01_patches|synthetic_earthquake|679.8721922|0.02224807748|1259|794|1
1261|2016-11-10T22:50:57.932160|0.08431198292|4.616391777|0.0|SOFIANE|SPDE-ETAS|||relative_plus_offset|3.3061795373000002|synthetic|synthetic_data_case_01_patches|synthetic_earthquake|679.9520594|0.8061795373|0|795|0
1262|2016-11-15T16:28:45.108480|4.315979455|4.557986371|0.0|SOFIANE|SPDE-ETAS|||relative_plus_offset|2.8360721366|synthetic|synthetic_data_case_01_patches|synthetic_earthquake|684.6866332|0.3360721366|1139|724|1
1263|2016-11-16T00:37:31.428480|3.040251723|2.736524699|0.0|SOFIANE|SPDE-ETAS|||relative_plus_offset|3.6854444539999998|synthetic|synthetic_data_case_01_patches|synthetic_earthquake|685.0260582|1.185444454|0|796|0
1264|2016-11-16T13:16:26.846399|1.116461616|3.962526665|0.0|SOFIANE|SPDE-ETAS|||relative_plus_offset|3.0809353593999997|synthetic|synthetic_data_case_01_patches|synthetic_earthquake|685.5530885|0.5809353594|0|797|0
1265|2016-11-18T08:00:25.545600|4.735427389|1.457308729|0.0|SOFIANE|SPDE-ETAS|||relative_plus_offset|3.538261747|synthetic|synthetic_data_case_01_patches|synthetic_earthquake|687.333629|1.038261747|0|798|0
1266|2016-11-18T08:51:09.046080|4.720154094|1.522450064|0.0|SOFIANE|SPDE-ETAS|||relative_plus_offset|2.6895628396|synthetic|synthetic_data_case_01_patches|synthetic_earthquake|687.3688547|0.1895628396|1265|798|1
1267|2016-11-20T09:49:25.809600|0.5641517138|0.9726928809|0.0|SOFIANE|SPDE-ETAS|||relative_plus_offset|2.6454040049|synthetic|synthetic_data_case_01_patches|synthetic_earthquake|689.4093265|0.1454040049|0|799|0
1268|2016-11-20T10:42:30.504960|1.85591129|2.125853054|0.0|SOFIANE|SPDE-ETAS|||relative_plus_offset|2.6601294595|synthetic|synthetic_data_case_01_patches|synthetic_earthquake|689.4461864|0.1601294595|0|800|0
1269|2016-11-20T12:48:42.341759|1.725383648|2.485744234|0.0|SOFIANE|SPDE-ETAS|||relative_plus_offset|3.4037378069999997|synthetic|synthetic_data_case_01_patches|synthetic_earthquake|689.5338234|0.903737807|0|801|0
1270|2016-11-21T15:24:41.656320|4.594869434|2.309814699|0.0|SOFIANE|SPDE-ETAS|||relative_plus_offset|2.57345395041|synthetic|synthetic_data_case_01_patches|synthetic_earthquake|690.6421488|0.07345395041|0|802|0
1271|2016-11-22T07:03:06.696000|4.256440412|3.73190447|0.0|SOFIANE|SPDE-ETAS|||relative_plus_offset|2.8664273873|synthetic|synthetic_data_case_01_patches|synthetic_earthquake|691.2938275|0.3664273873|0|803|0
1272|2016-11-23T06:56:48.886080|0.2663686142|1.696890232|0.0|SOFIANE|SPDE-ETAS|||relative_plus_offset|2.8012731812|synthetic|synthetic_data_case_01_patches|synthetic_earthquake|692.2894547|0.3012731812|0|804|0
1273|2016-11-23T08:33:53.913599|0.2592200926|1.689304833|0.0|SOFIANE|SPDE-ETAS|||relative_plus_offset|3.5249528320000003|synthetic|synthetic_data_case_01_patches|synthetic_earthquake|692.356874|1.024952832|1272|804|1
1274|2016-11-24T02:15:40.927679|1.946273891|0.2123959863|0.0|SOFIANE|SPDE-ETAS|||relative_plus_offset|2.59573176789|synthetic|synthetic_data_case_01_patches|synthetic_earthquake|693.0942237|0.09573176789|0|805|0
1275|2016-11-24T12:10:26.832000|4.305546243|1.318959876|0.0|SOFIANE|SPDE-ETAS|||relative_plus_offset|3.2334839918|synthetic|synthetic_data_case_01_patches|synthetic_earthquake|693.507255|0.7334839918|0|806|0
1276|2016-11-24T15:13:32.272319|3.9453542|0.08043173772|0.0|SOFIANE|SPDE-ETAS|||relative_plus_offset|2.6278718173|synthetic|synthetic_data_case_01_patches|synthetic_earthquake|693.6344013|0.1278718173|0|807|0
1277|2016-11-26T12:53:37.847040|3.639812467|1.018052671|0.0|SOFIANE|SPDE-ETAS|||relative_plus_offset|3.538060172|synthetic|synthetic_data_case_01_patches|synthetic_earthquake|695.5372436|1.038060172|0|808|0
1278|2016-11-26T16:37:54.016320|3.895750941|0.2836035039|0.0|SOFIANE|SPDE-ETAS|||relative_plus_offset|2.59743982963|synthetic|synthetic_data_case_01_patches|synthetic_earthquake|695.6929863|0.09743982963|0|809|0
1279|2016-11-27T12:28:17.872320|4.319643784|0.7817307438|0.0|SOFIANE|SPDE-ETAS|||relative_plus_offset|2.8693220743|synthetic|synthetic_data_case_01_patches|synthetic_earthquake|696.5196513|0.3693220743|0|810|0
1280|2016-11-27T18:03:29.986560|2.846419056|1.780446883|0.0|SOFIANE|SPDE-ETAS|||relative_plus_offset|2.870589403|synthetic|synthetic_data_case_01_patches|synthetic_earthquake|696.7524304|0.370589403|0|811|0
1281|2016-11-27T19:37:23.594880|3.235166857|1.233286325|0.0|SOFIANE|SPDE-ETAS|||relative_plus_offset|2.6582891381|synthetic|synthetic_data_case_01_patches|synthetic_earthquake|696.8176342|0.1582891381|0|812|0
1282|2016-11-29T05:21:48.170880|3.103160634|2.333504305|0.0|SOFIANE|SPDE-ETAS|||relative_plus_offset|3.777271453|synthetic|synthetic_data_case_01_patches|synthetic_earthquake|698.2234742|1.277271453|0|813|0
1283|2016-11-30T11:49:16.060799|4.552326632|3.316707534|0.0|SOFIANE|SPDE-ETAS|||relative_plus_offset|2.6792684387|synthetic|synthetic_data_case_01_patches|synthetic_earthquake|699.492547|0.1792684387|0|814|0
1284|2016-12-01T04:34:15.899519|3.669360768|0.02975956493|0.0|SOFIANE|SPDE-ETAS|||relative_plus_offset|2.52063505206|synthetic|synthetic_data_case_01_patches|synthetic_earthquake|700.1904618|0.02063505206|0|815|0
1285|2016-12-01T21:58:19.701120|0.6688734759|2.199957024|0.0|SOFIANE|SPDE-ETAS|||relative_plus_offset|2.8825493516|synthetic|synthetic_data_case_01_patches|synthetic_earthquake|700.9155058|0.3825493516|0|816|0
1286|2016-12-02T02:13:28.718400|2.9176547|1.382524786|0.0|SOFIANE|SPDE-ETAS|||relative_plus_offset|2.7139020658|synthetic|synthetic_data_case_01_patches|synthetic_earthquake|701.0926935|0.2139020658|0|817|0
1287|2016-12-02T12:51:51.333120|4.390281398|2.870389462|0.0|SOFIANE|SPDE-ETAS|||relative_plus_offset|2.6503487787|synthetic|synthetic_data_case_01_patches|synthetic_earthquake|701.5360108|0.1503487787|0|818|0
1288|2016-12-02T23:24:53.930880|0.8463100072|2.282897035|0.0|SOFIANE|SPDE-ETAS|||relative_plus_offset|2.7852291425|synthetic|synthetic_data_case_01_patches|synthetic_earthquake|701.9756242|0.2852291425|0|819|0
1289|2016-12-03T16:43:10.629120|1.781428747|0.8069297646|0.0|SOFIANE|SPDE-ETAS|||relative_plus_offset|3.7666371|synthetic|synthetic_data_case_01_patches|synthetic_earthquake|702.6966508|1.2666371|0|820|0
1290|2016-12-03T16:54:40.775040|1.743470602|0.7630077477|0.0|SOFIANE|SPDE-ETAS|||relative_plus_offset|2.6493288561|synthetic|synthetic_data_case_01_patches|synthetic_earthquake|702.7046386|0.1493288561|1289|820|1
1291|2016-12-03T19:20:56.984640|3.262152284|0.7374096122|0.0|SOFIANE|SPDE-ETAS|||relative_plus_offset|2.782083607|synthetic|synthetic_data_case_01_patches|synthetic_earthquake|702.8062151|0.282083607|0|821|0
1292|2016-12-03T20:24:39.692160|0.950303619|1.847442635|0.0|SOFIANE|SPDE-ETAS|||relative_plus_offset|2.8293579451|synthetic|synthetic_data_case_01_patches|synthetic_earthquake|702.8504594|0.3293579451|0|822|0
1293|2016-12-04T02:40:02.539200|1.790169001|0.8253514142|0.0|SOFIANE|SPDE-ETAS|||relative_plus_offset|3.3207346145|synthetic|synthetic_data_case_01_patches|synthetic_earthquake|703.1111405|0.8207346145|1289|820|1
1294|2016-12-04T09:20:45.862080|4.270254061|2.414663136|0.0|SOFIANE|SPDE-ETAS|||relative_plus_offset|2.52961263882|synthetic|synthetic_data_case_01_patches|synthetic_earthquake|703.3894197|0.02961263882|0|823|0
1295|2016-12-05T20:51:29.099520|3.107415004|2.362006274|0.0|SOFIANE|SPDE-ETAS|||relative_plus_offset|2.6247641976|synthetic|synthetic_data_case_01_patches|synthetic_earthquake|704.8690868|0.1247641976|1282|813|1
1296|2016-12-06T06:30:49.322880|4.875469773|2.411433039|0.0|SOFIANE|SPDE-ETAS|||relative_plus_offset|2.53313617799|synthetic|synthetic_data_case_01_patches|synthetic_earthquake|705.2714042|0.03313617799|0|824|0
1297|2016-12-06T07:39:26.809920|2.924799741|4.970473859|0.0|SOFIANE|SPDE-ETAS|||relative_plus_offset|2.51770065415|synthetic|synthetic_data_case_01_patches|synthetic_earthquake|705.3190603|0.01770065415|0|825|0
1298|2016-12-06T11:15:32.374080|1.814458882|0.6978804669|0.0|SOFIANE|SPDE-ETAS|||relative_plus_offset|2.9151814359|synthetic|synthetic_data_case_01_patches|synthetic_earthquake|705.4691247|0.4151814359|0|826|0
1299|2016-12-06T12:48:50.990400|2.292246509|1.666665589|0.0|SOFIANE|SPDE-ETAS|||relative_plus_offset|2.9315957531|synthetic|synthetic_data_case_01_patches|synthetic_earthquake|705.5339235|0.4315957531|0|827|0
1300|2016-12-07T00:06:05.100480|4.465951234|0.5088657286|0.0|SOFIANE|SPDE-ETAS|||relative_plus_offset|2.8424599504|synthetic|synthetic_data_case_01_patches|synthetic_earthquake|706.0042257|0.3424599504|0|828|0
1301|2016-12-07T17:25:07.400640|2.596925066|3.287673884|0.0|SOFIANE|SPDE-ETAS|||relative_plus_offset|3.0705011699|synthetic|synthetic_data_case_01_patches|synthetic_earthquake|706.7257801|0.5705011699|0|829|0
1302|2016-12-08T02:04:33.945600|1.792752883|0.81545578|0.0|SOFIANE|SPDE-ETAS|||relative_plus_offset|4.049423758|synthetic|synthetic_data_case_01_patches|synthetic_earthquake|707.086504|1.549423758|1293|820|2
1303|2016-12-08T02:51:20.286720|3.943167438|2.32516012|0.0|SOFIANE|SPDE-ETAS|||relative_plus_offset|2.6862436169|synthetic|synthetic_data_case_01_patches|synthetic_earthquake|707.1189848|0.1862436169|0|830|0
1304|2016-12-08T13:47:26.563200|0.171901393|0.6568754735|0.0|SOFIANE|SPDE-ETAS|||relative_plus_offset|2.7374045964000002|synthetic|synthetic_data_case_01_patches|synthetic_earthquake|707.574613|0.2374045964|0|831|0
1305|2016-12-08T17:57:48.144960|3.123062776|2.11961511|0.0|SOFIANE|SPDE-ETAS|||relative_plus_offset|2.57433515944|synthetic|synthetic_data_case_01_patches|synthetic_earthquake|707.7484739|0.07433515944|0|832|0
1306|2016-12-09T03:32:40.113600|4.818716625|0.4917659217|0.0|SOFIANE|SPDE-ETAS|||relative_plus_offset|2.9111207095|synthetic|synthetic_data_case_01_patches|synthetic_earthquake|708.1476865|0.4111207095|0|833|0
1307|2016-12-11T07:38:28.515840|1.681276387|2.154233931|0.0|SOFIANE|SPDE-ETAS|||relative_plus_offset|3.4098068036|synthetic|synthetic_data_case_01_patches|synthetic_earthquake|710.3183856|0.9098068036|0|834|0
1308|2016-12-11T08:00:08.844480|1.667157785|2.160028432|0.0|SOFIANE|SPDE-ETAS|||relative_plus_offset|2.6296114851|synthetic|synthetic_data_case_01_patches|synthetic_earthquake|710.3334357|0.1296114851|1307|834|1
1309|2016-12-12T06:07:34.550400|2.293417273|1.41517832|0.0|SOFIANE|SPDE-ETAS|||relative_plus_offset|2.8303770161|synthetic|synthetic_data_case_01_patches|synthetic_earthquake|711.255261|0.3303770161|0|835|0
1310|2016-12-12T10:15:28.716480|3.295936762|1.490833513|0.0|SOFIANE|SPDE-ETAS|||relative_plus_offset|2.51990382393|synthetic|synthetic_data_case_01_patches|synthetic_earthquake|711.4274157|0.01990382393|0|836|0
1311|2016-12-13T11:28:47.202240|1.583074508|2.301011542|0.0|SOFIANE|SPDE-ETAS|||relative_plus_offset|2.6629780955|synthetic|synthetic_data_case_01_patches|synthetic_earthquake|712.4783241|0.1629780955|0|837|0
1312|2016-12-15T07:13:13.932480|1.753356252|1.839119512|0.0|SOFIANE|SPDE-ETAS|||relative_plus_offset|2.65644018|synthetic|synthetic_data_case_01_patches|synthetic_earthquake|714.3008557|0.15644018|1175|737|6
1313|2016-12-15T09:09:01.667520|3.894911068|2.099858719|0.0|SOFIANE|SPDE-ETAS|||relative_plus_offset|2.51969627613|synthetic|synthetic_data_case_01_patches|synthetic_earthquake|714.3812693|0.01969627613|0|838|0
1314|2016-12-15T20:18:33.986880|0.9440232837|0.1798062842|0.0|SOFIANE|SPDE-ETAS|||relative_plus_offset|2.62054908|synthetic|synthetic_data_case_01_patches|synthetic_earthquake|714.8462267|0.12054908|0|839|0
1315|2016-12-16T15:38:29.316480|4.751697047|1.477417326|0.0|SOFIANE|SPDE-ETAS|||relative_plus_offset|2.624520407|synthetic|synthetic_data_case_01_patches|synthetic_earthquake|715.6517282|0.124520407|1265|798|1
1316|2016-12-17T17:59:19.409280|3.602656988|1.299201437|0.0|SOFIANE|SPDE-ETAS|||relative_plus_offset|2.7837166921|synthetic|synthetic_data_case_01_patches|synthetic_earthquake|716.7495302|0.2837166921|0|840|0
1317|2016-12-18T02:09:36.008640|2.921358258|2.069223311|0.0|SOFIANE|SPDE-ETAS|||relative_plus_offset|3.1766139186|synthetic|synthetic_data_case_01_patches|synthetic_earthquake|717.0900001|0.6766139186|0|841|0
1318|2016-12-19T14:55:57.751680|0.9449118903|4.706908888|0.0|SOFIANE|SPDE-ETAS|||relative_plus_offset|2.8767190877|synthetic|synthetic_data_case_01_patches|synthetic_earthquake|718.6221962|0.3767190877|0|842|0
1319|2016-12-20T10:53:38.359680|3.647300628|1.495464076|0.0|SOFIANE|SPDE-ETAS|||relative_plus_offset|3.8353074830000002|synthetic|synthetic_data_case_01_patches|synthetic_earthquake|719.4539162|1.335307483|1073|686|1
1320|2016-12-20T21:54:03.576960|3.31543381|4.065907261|0.0|SOFIANE|SPDE-ETAS|||relative_plus_offset|2.7272159108|synthetic|synthetic_data_case_01_patches|synthetic_earthquake|719.9125414|0.2272159108|0|843|0
1321|2016-12-21T08:00:36.976320|3.109104446|2.235255751|0.0|SOFIANE|SPDE-ETAS|||relative_plus_offset|2.51041132282|synthetic|synthetic_data_case_01_patches|synthetic_earthquake|720.3337613|0.01041132282|0|844|0
1322|2016-12-23T08:58:53.860799|3.503761434|2.739519643|0.0|SOFIANE|SPDE-ETAS|||relative_plus_offset|2.7690056017|synthetic|synthetic_data_case_01_patches|synthetic_earthquake|722.3742345|0.2690056017|0|845|0
1323|2016-12-23T10:48:18.679680|4.368423603|0.8560455084|0.0|SOFIANE|SPDE-ETAS|||relative_plus_offset|2.996454974|synthetic|synthetic_data_case_01_patches|synthetic_earthquake|722.4502162|0.496454974|0|846|0
1324|2016-12-24T07:01:28.994879|0.2474614022|3.404506046|0.0|SOFIANE|SPDE-ETAS|||relative_plus_offset|2.52243846456|synthetic|synthetic_data_case_01_patches|synthetic_earthquake|723.2926967|0.02243846456|0|847|0
1325|2016-12-24T17:00:33.157439|2.745632871|0.7218038228|0.0|SOFIANE|SPDE-ETAS|||relative_plus_offset|2.7987127812|synthetic|synthetic_data_case_01_patches|synthetic_earthquake|723.7087171|0.2987127812|0|848|0
1326|2016-12-24T17:47:21.217920|4.608379953|0.5201341276|0.0|SOFIANE|SPDE-ETAS|||relative_plus_offset|3.4061805382|synthetic|synthetic_data_case_01_patches|synthetic_earthquake|723.7412178|0.9061805382|0|849|0
1327|2016-12-25T07:14:07.604160|4.233124901|0.01338254511|0.0|SOFIANE|SPDE-ETAS|||relative_plus_offset|2.7798836688|synthetic|synthetic_data_case_01_patches|synthetic_earthquake|724.3014769|0.2798836688|0|850|0
1328|2016-12-25T08:45:22.720320|4.587970379|0.1023798097|0.0|SOFIANE|SPDE-ETAS|||relative_plus_offset|2.7317032379|synthetic|synthetic_data_case_01_patches|synthetic_earthquake|724.3648463|0.2317032379|0|851|0
1329|2016-12-27T19:26:11.247360|4.038060857|2.704374438|0.0|SOFIANE|SPDE-ETAS|||relative_plus_offset|2.57043070484|synthetic|synthetic_data_case_01_patches|synthetic_earthquake|726.8098524|0.07043070484|0|852|0
1330|2016-12-29T06:04:49.120320|2.205625663|1.918990663|0.0|SOFIANE|SPDE-ETAS|||relative_plus_offset|2.6775970265|synthetic|synthetic_data_case_01_patches|synthetic_earthquake|728.2533463|0.1775970265|0|853|0
1331|2016-12-30T06:04:44.264640|4.397993639|2.702527106|0.0|SOFIANE|SPDE-ETAS|||relative_plus_offset|3.2811870623|synthetic|synthetic_data_case_01_patches|synthetic_earthquake|729.2532901|0.7811870623|0|854|0
1332|2016-12-30T09:35:26.373120|4.411254479|2.690675302|0.0|SOFIANE|SPDE-ETAS|||relative_plus_offset|2.8086514725000002|synthetic|synthetic_data_case_01_patches|synthetic_earthquake|729.3996108|0.3086514725|1331|854|1
1333|2016-12-30T09:39:26.556480|4.421116952|2.688750155|0.0|SOFIANE|SPDE-ETAS|||relative_plus_offset|3.4625764261|synthetic|synthetic_data_case_01_patches|synthetic_earthquake|729.4023907|0.9625764261|1332|854|2
1334|2016-12-30T16:44:38.558400|4.424575538|2.685447277|0.0|SOFIANE|SPDE-ETAS|||relative_plus_offset|2.6041331892|synthetic|synthetic_data_case_01_patches|synthetic_earthquake|729.6976685|0.1041331892|1333|854|3
1335|2016-12-31T13:20:23.867520|1.898969318|2.384163332|0.0|SOFIANE|SPDE-ETAS|||relative_plus_offset|2.7467888686|synthetic|synthetic_data_case_01_patches|synthetic_earthquake|730.5558318|0.2467888686|0|855|0
1336|2017-01-02T15:56:31.951680|1.274616368|1.431825596|0.0|SOFIANE|SPDE-ETAS|||relative_plus_offset|3.3152836588|synthetic|synthetic_data_case_01_patches|synthetic_earthquake|732.6642587|0.8152836588|1122|713|2
1337|2017-01-02T17:48:59.385600|4.096293575|3.844397068|0.0|SOFIANE|SPDE-ETAS|||relative_plus_offset|3.64693431|synthetic|synthetic_data_case_01_patches|synthetic_earthquake|732.742354|1.14693431|0|856|0
1338|2017-01-03T04:07:38.182080|1.28064463|1.446167751|0.0|SOFIANE|SPDE-ETAS|||relative_plus_offset|3.4267049435|synthetic|synthetic_data_case_01_patches|synthetic_earthquake|733.1719697|0.9267049435|1336|713|3
1339|2017-01-03T04:09:14.578560|1.294661404|1.444882546|0.0|SOFIANE|SPDE-ETAS|||relative_plus_offset|2.6366940529|synthetic|synthetic_data_case_01_patches|synthetic_earthquake|733.1730854|0.1366940529|1338|713|4
1340|2017-01-03T04:37:17.097600|3.032216494|0.1694529827|0.0|SOFIANE|SPDE-ETAS|||relative_plus_offset|2.9485307631|synthetic|synthetic_data_case_01_patches|synthetic_earthquake|733.192559|0.4485307631|0|857|0
1341|2017-01-03T11:23:14.786880|1.278693029|1.427472581|0.0|SOFIANE|SPDE-ETAS|||relative_plus_offset|3.2602712905|synthetic|synthetic_data_case_01_patches|synthetic_earthquake|733.4744767|0.7602712905|1336|713|3
1342|2017-01-03T13:40:20.809919|4.634330188|3.734559452|0.0|SOFIANE|SPDE-ETAS|||relative_plus_offset|2.6680235552|synthetic|synthetic_data_case_01_patches|synthetic_earthquake|733.5696853|0.1680235552|0|858|0
1343|2017-01-03T17:15:50.474880|2.333777066|3.480404213|0.0|SOFIANE|SPDE-ETAS|||relative_plus_offset|2.58200744561|synthetic|synthetic_data_case_01_patches|synthetic_earthquake|733.7193342|0.08200744561|0|859|0
1344|2017-01-04T12:31:12.771840|2.002844647|1.820909703|0.0|SOFIANE|SPDE-ETAS|||relative_plus_offset|2.55948762318|synthetic|synthetic_data_case_01_patches|synthetic_earthquake|734.5216756|0.05948762318|0|860|0
1345|2017-01-04T12:48:32.362560|2.731364242|3.127836875|0.0|SOFIANE|SPDE-ETAS|||relative_plus_offset|2.6207772121|synthetic|synthetic_data_case_01_patches|synthetic_earthquake|734.5337079|0.1207772121|0|861|0
1346|2017-01-04T21:22:45.068160|3.058522307|1.111454612|0.0|SOFIANE|SPDE-ETAS|||relative_plus_offset|3.0481322631|synthetic|synthetic_data_case_01_patches|synthetic_earthquake|734.8907994|0.5481322631|0|862|0
1347|2017-01-06T18:29:55.262400|1.946425498|0.08025229814|0.0|SOFIANE|SPDE-ETAS|||relative_plus_offset|2.6971336008|synthetic|synthetic_data_case_01_patches|synthetic_earthquake|736.7707785|0.1971336008|0|863|0
1348|2017-01-06T18:39:39.542400|1.953116191|0.07020977088|0.0|SOFIANE|SPDE-ETAS|||relative_plus_offset|2.6434842339|synthetic|synthetic_data_case_01_patches|synthetic_earthquake|736.777541|0.1434842339|1347|863|1
1349|2017-01-06T23:54:24.793920|1.825476308|2.893733024|0.0|SOFIANE|SPDE-ETAS|||relative_plus_offset|2.8922779262000002|synthetic|synthetic_data_case_01_patches|synthetic_earthquake|736.9961203|0.3922779262|0|864|0
1350|2017-01-07T17:19:08.382720|3.136121274|0.6853148981|0.0|SOFIANE|SPDE-ETAS|||relative_plus_offset|2.6290547337|synthetic|synthetic_data_case_01_patches|synthetic_earthquake|737.7216248|0.1290547337|0|865|0
1351|2017-01-10T20:40:03.385920|0.6223151868|4.569161533|0.0|SOFIANE|SPDE-ETAS|||relative_plus_offset|2.7985591428|synthetic|synthetic_data_case_01_patches|synthetic_earthquake|740.8611503|0.2985591428|0|866|0
1352|2017-01-10T21:20:24.564480|0.5767009154|4.518652093|0.0|SOFIANE|SPDE-ETAS|||relative_plus_offset|2.5600367012|synthetic|synthetic_data_case_01_patches|synthetic_earthquake|740.8891732|0.0600367012|1351|866|1
1353|2017-01-11T19:19:55.606080|4.18423095|1.696387216|0.0|SOFIANE|SPDE-ETAS|||relative_plus_offset|3.2101816624|synthetic|synthetic_data_case_01_patches|synthetic_earthquake|741.8055047|0.7101816624|0|867|0
1354|2017-01-12T18:09:04.069440|1.867483565|1.624733767|0.0|SOFIANE|SPDE-ETAS|||relative_plus_offset|2.9893391663|synthetic|synthetic_data_case_01_patches|synthetic_earthquake|742.7562971|0.4893391663|0|868|0
1355|2017-01-13T11:45:01.906560|4.323095468|0.8791180294|0.0|SOFIANE|SPDE-ETAS|||relative_plus_offset|3.0456833232|synthetic|synthetic_data_case_01_patches|synthetic_earthquake|743.4896054|0.5456833232|0|869|0
1356|2017-01-16T11:45:48.234240|4.825266405|4.778800173|0.0|SOFIANE|SPDE-ETAS|||relative_plus_offset|2.57186722998|synthetic|synthetic_data_case_01_patches|synthetic_earthquake|746.4901416|0.07186722998|0|870|0
1357|2017-01-24T15:28:27.272639|0.8667930939|2.02602923|0.0|SOFIANE|SPDE-ETAS|||relative_plus_offset|2.6346992001|synthetic|synthetic_data_case_01_patches|synthetic_earthquake|754.6447601|0.1346992001|0|871|0
1358|2017-01-24T17:42:09.279360|2.800215184|1.551634741|0.0|SOFIANE|SPDE-ETAS|||relative_plus_offset|2.504240037051|synthetic|synthetic_data_case_01_patches|synthetic_earthquake|754.7376074|0.004240037051|0|872|0
1359|2017-01-24T17:46:11.614080|2.795349864|1.549641064|0.0|SOFIANE|SPDE-ETAS|||relative_plus_offset|2.8389261636|synthetic|synthetic_data_case_01_patches|synthetic_earthquake|754.7404122|0.3389261636|1358|872|1
1360|2017-01-27T19:30:48.038400|4.8755193|1.239681591|0.0|SOFIANE|SPDE-ETAS|||relative_plus_offset|2.5916829778|synthetic|synthetic_data_case_01_patches|synthetic_earthquake|757.813056|0.0916829778|0|873|0
1361|2017-01-30T01:45:18.648000|4.243495056|2.979111243|0.0|SOFIANE|SPDE-ETAS|||relative_plus_offset|3.3666513064|synthetic|synthetic_data_case_01_patches|synthetic_earthquake|760.0731325|0.8666513064|0|874|0
1362|2017-01-30T01:51:19.549440|4.232747083|2.987941324|0.0|SOFIANE|SPDE-ETAS|||relative_plus_offset|2.52037696396|synthetic|synthetic_data_case_01_patches|synthetic_earthquake|760.0773096|0.02037696396|1361|874|1
1363|2017-01-30T01:51:45.063360|4.248065965|2.990011911|0.0|SOFIANE|SPDE-ETAS|||relative_plus_offset|2.7729410146999998|synthetic|synthetic_data_case_01_patches|synthetic_earthquake|760.0776049|0.2729410147|1362|874|2
1364|2017-01-30T22:07:20.159040|4.243817691|2.974103655|0.0|SOFIANE|SPDE-ETAS|||relative_plus_offset|2.56218856506|synthetic|synthetic_data_case_01_patches|synthetic_earthquake|760.9217611|0.06218856506|1361|874|1
1365|2017-01-31T03:02:24.642239|3.629915385|1.578027707|0.0|SOFIANE|SPDE-ETAS|||relative_plus_offset|2.53668734572|synthetic|synthetic_data_case_01_patches|synthetic_earthquake|761.1266741|0.03668734572|1319|686|2
1366|2017-02-01T09:14:32.821440|2.805782383|2.789338775|0.0|SOFIANE|SPDE-ETAS|||relative_plus_offset|2.7090062476|synthetic|synthetic_data_case_01_patches|synthetic_earthquake|762.3851021|0.2090062476|0|875|0
1367|2017-02-02T09:29:22.629119|3.627766636|0.3796870656|0.0|SOFIANE|SPDE-ETAS|||relative_plus_offset|2.9380620096|synthetic|synthetic_data_case_01_patches|synthetic_earthquake|763.3954008|0.4380620096|0|876|0
1368|2017-02-02T09:32:42.575999|2.202315832|0.04509643193|0.0|SOFIANE|SPDE-ETAS|||relative_plus_offset|3.0075907943|synthetic|synthetic_data_case_01_patches|synthetic_earthquake|763.397715|0.5075907943|0|877|0
1369|2017-02-02T11:31:44.495039|2.746481479|2.283169514|0.0|SOFIANE|SPDE-ETAS|||relative_plus_offset|2.9099324109999998|synthetic|synthetic_data_case_01_patches|synthetic_earthquake|763.4803761|0.409932411|0|878|0
1370|2017-02-02T13:38:00.107520|3.876608688|0.2795302529|0.0|SOFIANE|SPDE-ETAS|||relative_plus_offset|4.604875064|synthetic|synthetic_data_case_01_patches|synthetic_earthquake|763.5680568|2.104875064|0|879|0
1371|2017-02-02T13:59:58.398720|3.866645788|0.3250113195|0.0|SOFIANE|SPDE-ETAS|||relative_plus_offset|3.2157022627|synthetic|synthetic_data_case_01_patches|synthetic_earthquake|763.5833148|0.7157022627|1370|879|1
1372|2017-02-02T14:17:50.424000|3.919383382|0.2670428785|0.0|SOFIANE|SPDE-ETAS|||relative_plus_offset|3.343352786|synthetic|synthetic_data_case_01_patches|synthetic_earthquake|763.5957225|0.843352786|1370|879|1
1373|2017-02-04T00:11:39.978240|4.165458795|1.540545144|0.0|SOFIANE|SPDE-ETAS|||relative_plus_offset|3.894467672|synthetic|synthetic_data_case_01_patches|synthetic_earthquake|765.0081016|1.394467672|0|880|0
1374|2017-02-04T01:20:45.571199|4.229376384|1.532477327|0.0|SOFIANE|SPDE-ETAS|||relative_plus_offset|2.52366074272|synthetic|synthetic_data_case_01_patches|synthetic_earthquake|765.056083|0.02366074272|1373|880|1
1375|2017-02-04T04:05:54.510720|3.61995312|0.3696703264|0.0|SOFIANE|SPDE-ETAS|||relative_plus_offset|2.824886553|synthetic|synthetic_data_case_01_patches|synthetic_earthquake|765.1707698|0.324886553|1367|876|1
1376|2017-02-05T09:09:23.716800|3.847591331|0.2380557378|0.0|SOFIANE|SPDE-ETAS|||relative_plus_offset|2.8924139355|synthetic|synthetic_data_case_01_patches|synthetic_earthquake|766.3815245|0.3924139355|1370|879|1
1377|2017-02-06T04:12:41.031360|2.314965639|0.9929175561|0.0|SOFIANE|SPDE-ETAS|||relative_plus_offset|4.018632532|synthetic|synthetic_data_case_01_patches|synthetic_earthquake|767.1754749|1.518632532|0|881|0
1378|2017-02-06T05:07:48.034560|2.310360743|0.9929172047|0.0|SOFIANE|SPDE-ETAS|||relative_plus_offset|2.56103732755|synthetic|synthetic_data_case_01_patches|synthetic_earthquake|767.2137504|0.06103732755|1377|881|1
1379|2017-02-06T07:20:07.952640|2.313585802|1.014052712|0.0|SOFIANE|SPDE-ETAS|||relative_plus_offset|2.9192811479|synthetic|synthetic_data_case_01_patches|synthetic_earthquake|767.3056476|0.4192811479|1377|881|1
1380|2017-02-06T08:18:19.730880|2.175323662|0.4662780933|0.0|SOFIANE|SPDE-ETAS|||relative_plus_offset|2.7620683694|synthetic|synthetic_data_case_01_patches|synthetic_earthquake|767.3460617|0.2620683694|0|882|0
1381|2017-02-06T19:06:20.612160|2.342982868|1.084894424|0.0|SOFIANE|SPDE-ETAS|||relative_plus_offset|2.54431753986|synthetic|synthetic_data_case_01_patches|synthetic_earthquake|767.7960719|0.04431753986|0|883|0
1382|2017-02-06T23:43:35.670720|2.308275784|1.044939435|0.0|SOFIANE|SPDE-ETAS|||relative_plus_offset|2.7564321757|synthetic|synthetic_data_case_01_patches|synthetic_earthquake|767.9886073|0.2564321757|1379|881|2
1383|2017-02-08T00:04:06.196800|2.112339953|0.6966565159|0.0|SOFIANE|SPDE-ETAS|||relative_plus_offset|2.902863926|synthetic|synthetic_data_case_01_patches|synthetic_earthquake|769.0028495|0.402863926|0|884|0
1384|2017-02-08T12:17:30.338880|3.32533403|2.799483716|0.0|SOFIANE|SPDE-ETAS|||relative_plus_offset|2.8023622875|synthetic|synthetic_data_case_01_patches|synthetic_earthquake|769.5121567|0.3023622875|0|885|0
1385|2017-02-09T06:31:56.421120|2.214770453|4.122371737|0.0|SOFIANE|SPDE-ETAS|||relative_plus_offset|2.6733448425|synthetic|synthetic_data_case_01_patches|synthetic_earthquake|770.2721808|0.1733448425|0|886|0
1386|2017-02-09T22:00:35.236800|1.880592175|2.499392029|0.0|SOFIANE|SPDE-ETAS|||relative_plus_offset|2.653828456|synthetic|synthetic_data_case_01_patches|synthetic_earthquake|770.9170745|0.153828456|0|887|0
1387|2017-02-11T02:13:21.832320|2.126060825|1.038681804|0.0|SOFIANE|SPDE-ETAS|||relative_plus_offset|5.1115383439999995|synthetic|synthetic_data_case_01_patches|synthetic_earthquake|772.0926138|2.611538344|0|888|0
1388|2017-02-11T02:14:55.127040|2.200361467|1.013971228|0.0|SOFIANE|SPDE-ETAS|||relative_plus_offset|2.54464699456|synthetic|synthetic_data_case_01_patches|synthetic_earthquake|772.0936936|0.04464699456|1387|888|1
1389|2017-02-11T02:19:04.641600|2.121385591|1.062577637|0.0|SOFIANE|SPDE-ETAS|||relative_plus_offset|2.56390429217|synthetic|synthetic_data_case_01_patches|synthetic_earthquake|772.0965815|0.06390429217|1387|888|1
1390|2017-02-11T02:24:39.312000|2.107997191|1.060244495|0.0|SOFIANE|SPDE-ETAS|||relative_plus_offset|3.0517797886|synthetic|synthetic_data_case_01_patches|synthetic_earthquake|772.100455|0.5517797886|1387|888|1
1391|2017-02-11T03:09:38.292480|2.192840606|1.0262939|0.0|SOFIANE|SPDE-ETAS|||relative_plus_offset|2.6404779769|synthetic|synthetic_data_case_01_patches|synthetic_earthquake|772.1316932|0.1404779769|1388|888|2
1392|2017-02-11T04:30:22.775040|2.053422794|1.113213381|0.0|SOFIANE|SPDE-ETAS|||relative_plus_offset|3.3689504734|synthetic|synthetic_data_case_01_patches|synthetic_earthquake|772.1877636|0.8689504734|1387|888|1
1393|2017-02-11T04:40:10.286400|2.098177306|1.07457095|0.0|SOFIANE|SPDE-ETAS|||relative_plus_offset|2.56619358214|synthetic|synthetic_data_case_01_patches|synthetic_earthquake|772.1945635|0.06619358214|1387|888|1
1394|2017-02-11T05:22:24.562559|2.059287772|1.102314648|0.0|SOFIANE|SPDE-ETAS|||relative_plus_offset|3.573305596|synthetic|synthetic_data_case_01_patches|synthetic_earthquake|772.2238954|1.073305596|1392|888|2
1395|2017-02-11T08:58:37.090560|2.105866554|1.02907237|0.0|SOFIANE|SPDE-ETAS|||relative_plus_offset|2.630632504|synthetic|synthetic_data_case_01_patches|synthetic_earthquake|772.3740404|0.130632504|1387|888|1
1396|2017-02-11T09:36:29.963520|2.110006675|1.042809748|0.0|SOFIANE|SPDE-ETAS|||relative_plus_offset|2.9840448133|synthetic|synthetic_data_case_01_patches|synthetic_earthquake|772.4003468|0.4840448133|1387|888|1
1397|2017-02-11T13:38:31.349760|2.111370892|1.032493943|0.0|SOFIANE|SPDE-ETAS|||relative_plus_offset|2.57909713464|synthetic|synthetic_data_case_01_patches|synthetic_earthquake|772.5684184|0.07909713464|1395|888|2
1398|2017-02-11T16:01:26.057280|2.130736729|1.098012374|0.0|SOFIANE|SPDE-ETAS|||relative_plus_offset|2.7072229023|synthetic|synthetic_data_case_01_patches|synthetic_earthquake|772.6676627|0.2072229023|1387|888|1
1399|2017-02-12T00:14:39.560639|2.137892279|0.9757934999|0.0|SOFIANE|SPDE-ETAS|||relative_plus_offset|2.6973529419|synthetic|synthetic_data_case_01_patches|synthetic_earthquake|773.0101801|0.1973529419|1387|888|1
1400|2017-02-12T04:07:36.117120|2.134715331|1.0627841|0.0|SOFIANE|SPDE-ETAS|||relative_plus_offset|2.7112892513|synthetic|synthetic_data_case_01_patches|synthetic_earthquake|773.1719458|0.2112892513|1387|888|1
1401|2017-02-12T13:26:12.629760|2.984610537|2.780333247|0.0|SOFIANE|SPDE-ETAS|||relative_plus_offset|2.6674945018|synthetic|synthetic_data_case_01_patches|synthetic_earthquake|773.5598684|0.1674945018|0|889|0
1402|2017-02-14T05:34:59.482560|2.619230772|2.226677306|0.0|SOFIANE|SPDE-ETAS|||relative_plus_offset|4.2721839280000005|synthetic|synthetic_data_case_01_patches|synthetic_earthquake|775.2326329|1.772183928|0|890|0
1403|2017-02-14T05:38:33.927360|2.623656076|2.214859402|0.0|SOFIANE|SPDE-ETAS|||relative_plus_offset|2.6679044841|synthetic|synthetic_data_case_01_patches|synthetic_earthquake|775.2351149|0.1679044841|1402|890|1
1404|2017-02-16T00:10:45.874560|2.029854183|1.080881006|0.0|SOFIANE|SPDE-ETAS|||relative_plus_offset|2.8464766003|synthetic|synthetic_data_case_01_patches|synthetic_earthquake|777.0074754|0.3464766003|1394|888|3
1405|2017-02-16T08:17:11.630400|4.172082925|1.787530977|0.0|SOFIANE|SPDE-ETAS|||relative_plus_offset|3.0375673238000003|synthetic|synthetic_data_case_01_patches|synthetic_earthquake|777.3452735|0.5375673238|0|891|0
1406|2017-02-17T05:40:00.621120|4.939647198|1.251326632|0.0|SOFIANE|SPDE-ETAS|||relative_plus_offset|3.2728703229000002|synthetic|synthetic_data_case_01_patches|synthetic_earthquake|778.2361183|0.7728703229|0|892|0
1407|2017-02-17T19:49:19.168320|2.623344882|2.198676563|0.0|SOFIANE|SPDE-ETAS|||relative_plus_offset|2.55307881406|synthetic|synthetic_data_case_01_patches|synthetic_earthquake|778.8259163|0.05307881406|1402|890|1
1408|2017-02-18T02:00:36.146880|2.152924042|1.15285346|0.0|SOFIANE|SPDE-ETAS|||relative_plus_offset|3.0938080416|synthetic|synthetic_data_case_01_patches|synthetic_earthquake|779.0837517|0.5938080416|0|893|0
1409|2017-02-18T04:16:30.319680|4.194818805|1.077472813|0.0|SOFIANE|SPDE-ETAS|||relative_plus_offset|2.8483039191|synthetic|synthetic_data_case_01_patches|synthetic_earthquake|779.1781287|0.3483039191|0|894|0
1410|2017-02-19T07:00:40.705920|3.238687726|0.8721046951|0.0|SOFIANE|SPDE-ETAS|||relative_plus_offset|2.56473627294|synthetic|synthetic_data_case_01_patches|synthetic_earthquake|780.2921378|0.06473627294|0|895|0
1411|2017-02-19T13:56:30.874559|2.305443845|2.353377712|0.0|SOFIANE|SPDE-ETAS|||relative_plus_offset|2.7917646279|synthetic|synthetic_data_case_01_patches|synthetic_earthquake|780.5809129|0.2917646279|0|896|0
1412|2017-02-20T11:09:49.409280|4.741681053|4.184761168|0.0|SOFIANE|SPDE-ETAS|||relative_plus_offset|3.0474567932|synthetic|synthetic_data_case_01_patches|synthetic_earthquake|781.4651552|0.5474567932|0|897|0
1413|2017-02-20T19:23:21.842880|3.649299806|1.005687215|0.0|SOFIANE|SPDE-ETAS|||relative_plus_offset|2.8462103522|synthetic|synthetic_data_case_01_patches|synthetic_earthquake|781.8078917|0.3462103522|1277|808|1
1414|2017-02-21T20:43:11.210880|4.966732859|4.108355538|0.0|SOFIANE|SPDE-ETAS|||relative_plus_offset|3.2482769126999997|synthetic|synthetic_data_case_01_patches|synthetic_earthquake|782.8633242|0.7482769127|0|898|0
1415|2017-02-22T02:48:49.069440|4.277706895|1.602186387|0.0|SOFIANE|SPDE-ETAS|||relative_plus_offset|2.9969962566|synthetic|synthetic_data_case_01_patches|synthetic_earthquake|783.1172346|0.4969962566|0|899|0
1416|2017-02-22T05:47:07.022400|0.2557059315|3.764031412|0.0|SOFIANE|SPDE-ETAS|||relative_plus_offset|2.5553872516|synthetic|synthetic_data_case_01_patches|synthetic_earthquake|783.2410535|0.0553872516|378|270|3
1417|2017-02-22T19:13:53.097599|2.664388324|1.57796842|0.0|SOFIANE|SPDE-ETAS|||relative_plus_offset|2.7228908815|synthetic|synthetic_data_case_01_patches|synthetic_earthquake|783.801309|0.2228908815|0|900|0
1418|2017-02-22T19:27:39.729599|3.638490376|4.060535318|0.0|SOFIANE|SPDE-ETAS|||relative_plus_offset|2.51368492234|synthetic|synthetic_data_case_01_patches|synthetic_earthquake|783.8108765|0.01368492234|0|901|0
1419|2017-02-22T20:01:54.719039|4.092755883|1.139137957|0.0|SOFIANE|SPDE-ETAS|||relative_plus_offset|2.9762102398|synthetic|synthetic_data_case_01_patches|synthetic_earthquake|783.8346611|0.4762102398|0|902|0
1420|2017-02-23T07:00:31.521600|2.889764311|1.144222161|0.0|SOFIANE|SPDE-ETAS|||relative_plus_offset|2.9992620348|synthetic|synthetic_data_case_01_patches|synthetic_earthquake|784.2920315|0.4992620348|0|903|0
1421|2017-02-24T14:23:47.895360|2.094843179|1.136592068|0.0|SOFIANE|SPDE-ETAS|||relative_plus_offset|2.7601360819|synthetic|synthetic_data_case_01_patches|synthetic_earthquake|785.5998599|0.2601360819|1387|888|1
1422|2017-02-24T19:23:46.311360|4.391880659|4.694888557|0.0|SOFIANE|SPDE-ETAS|||relative_plus_offset|4.637779174|synthetic|synthetic_data_case_01_patches|synthetic_earthquake|785.8081749|2.137779174|0|904|0
1423|2017-02-24T20:55:47.798400|4.314321267|4.682739966|0.0|SOFIANE|SPDE-ETAS|||relative_plus_offset|3.3561136822|synthetic|synthetic_data_case_01_patches|synthetic_earthquake|785.872081|0.8561136822|1422|904|1
1424|2017-02-24T23:55:10.732800|4.145123637|4.736107587|0.0|SOFIANE|SPDE-ETAS|||relative_plus_offset|2.8543208135|synthetic|synthetic_data_case_01_patches|synthetic_earthquake|785.996652|0.3543208135|1422|904|1
1425|2017-02-25T03:52:52.858560|4.434205493|4.728229842|0.0|SOFIANE|SPDE-ETAS|||relative_plus_offset|3.2571037948|synthetic|synthetic_data_case_01_patches|synthetic_earthquake|786.1617229|0.7571037948|1422|904|1
1426|2017-02-25T05:50:01.230719|4.441512761|4.697179159|0.0|SOFIANE|SPDE-ETAS|||relative_plus_offset|2.9402121366|synthetic|synthetic_data_case_01_patches|synthetic_earthquake|786.2430698|0.4402121366|1422|904|1
1427|2017-02-26T12:49:05.626560|1.824409844|0.9920941424|0.0|SOFIANE|SPDE-ETAS|||relative_plus_offset|2.58456748379|synthetic|synthetic_data_case_01_patches|synthetic_earthquake|787.5340929|0.08456748379|1227|765|2
1428|2017-02-26T13:48:39.787200|4.141516516|0.3814172641|0.0|SOFIANE|SPDE-ETAS|||relative_plus_offset|3.0251787182|synthetic|synthetic_data_case_01_patches|synthetic_earthquake|787.5754605|0.5251787182|0|905|0
1429|2017-02-26T13:54:31.124160|4.166993|0.3711316073|0.0|SOFIANE|SPDE-ETAS|||relative_plus_offset|2.58580429118|synthetic|synthetic_data_case_01_patches|synthetic_earthquake|787.5795269|0.08580429118|1428|905|1
1430|2017-02-26T14:40:06.712320|4.183157314|0.3980925384|0.0|SOFIANE|SPDE-ETAS|||relative_plus_offset|2.507473371604|synthetic|synthetic_data_case_01_patches|synthetic_earthquake|787.6111888|0.007473371604|1428|905|1
1431|2017-02-26T15:45:23.889600|3.624406113|0.05848327194|0.0|SOFIANE|SPDE-ETAS|||relative_plus_offset|2.59482953583|synthetic|synthetic_data_case_01_patches|synthetic_earthquake|787.6565265|0.09482953583|0|906|0
1432|2017-02-26T23:03:40.757760|2.123159377|1.878572389|0.0|SOFIANE|SPDE-ETAS|||relative_plus_offset|3.1188204889|synthetic|synthetic_data_case_01_patches|synthetic_earthquake|787.9608884|0.6188204889|0|907|0
1433|2017-02-27T01:59:02.852160|2.311181282|0.5872337914|0.0|SOFIANE|SPDE-ETAS|||relative_plus_offset|2.6608994726|synthetic|synthetic_data_case_01_patches|synthetic_earthquake|788.0826719|0.1608994726|0|908|0
1434|2017-02-27T06:46:43.178880|2.141301563|1.02210792|0.0|SOFIANE|SPDE-ETAS|||relative_plus_offset|3.0430086197|synthetic|synthetic_data_case_01_patches|synthetic_earthquake|788.2824442|0.5430086197|0|909|0
1435|2017-02-27T07:40:20.974080|2.140787198|1.02197589|0.0|SOFIANE|SPDE-ETAS|||relative_plus_offset|2.8390842512|synthetic|synthetic_data_case_01_patches|synthetic_earthquake|788.3196872|0.3390842512|1434|909|1
1436|2017-02-27T07:45:53.812800|2.147415164|0.9891666911|0.0|SOFIANE|SPDE-ETAS|||relative_plus_offset|3.3520026863|synthetic|synthetic_data_case_01_patches|synthetic_earthquake|788.3235395|0.8520026863|1435|909|2
1437|2017-02-27T10:03:48.936960|1.764119237|0.9781458079|0.0|SOFIANE|SPDE-ETAS|||relative_plus_offset|2.55204568581|synthetic|synthetic_data_case_01_patches|synthetic_earthquake|788.4193164|0.05204568581|1427|765|3
1438|2017-02-27T10:23:49.585920|3.238567676|1.830354489|0.0|SOFIANE|SPDE-ETAS|||relative_plus_offset|2.6906528796|synthetic|synthetic_data_case_01_patches|synthetic_earthquake|788.4332128|0.1906528796|0|910|0
1439|2017-02-27T15:12:55.319040|1.920794211|2.706702017|0.0|SOFIANE|SPDE-ETAS|||relative_plus_offset|3.74903515|synthetic|synthetic_data_case_01_patches|synthetic_earthquake|788.6339736|1.24903515|634|405|1
1440|2017-02-27T18:44:29.163840|1.899779046|2.695881619|0.0|SOFIANE|SPDE-ETAS|||relative_plus_offset|3.2247281238|synthetic|synthetic_data_case_01_patches|synthetic_earthquake|788.7808931|0.7247281238|1439|405|2
1441|2017-02-28T03:52:52.737600|4.205035917|1.475966518|0.0|SOFIANE|SPDE-ETAS|||relative_plus_offset|2.59051559268|synthetic|synthetic_data_case_01_patches|synthetic_earthquake|789.1617215|0.09051559268|0|911|0
1442|2017-02-28T04:56:24.938880|1.920232483|2.684778286|0.0|SOFIANE|SPDE-ETAS|||relative_plus_offset|2.6560063369|synthetic|synthetic_data_case_01_patches|synthetic_earthquake|789.2058442|0.1560063369|1439|405|2
1443|2017-02-28T13:21:12.640320|4.436379099|4.739802719|0.0|SOFIANE|SPDE-ETAS|||relative_plus_offset|2.8690105608|synthetic|synthetic_data_case_01_patches|synthetic_earthquake|789.5563963|0.3690105608|1422|904|1
1444|2017-02-28T16:23:17.704320|3.047901944|3.062775676|0.0|SOFIANE|SPDE-ETAS|||relative_plus_offset|3.3002249129|synthetic|synthetic_data_case_01_patches|synthetic_earthquake|789.6828438|0.8002249129|0|912|0
1445|2017-03-01T16:37:05.710080|3.229075729|0.1456611474|0.0|SOFIANE|SPDE-ETAS|||relative_plus_offset|3.002502168|synthetic|synthetic_data_case_01_patches|synthetic_earthquake|790.6924272|0.502502168|0|913|0
1446|2017-03-02T00:14:22.168320|3.745933847|2.609817076|0.0|SOFIANE|SPDE-ETAS|||relative_plus_offset|3.526967216|synthetic|synthetic_data_case_01_patches|synthetic_earthquake|791.0099788|1.026967216|0|914|0
1447|2017-03-03T05:15:06.108480|3.386593845|3.920436678|0.0|SOFIANE|SPDE-ETAS|||relative_plus_offset|2.56038143212|synthetic|synthetic_data_case_01_patches|synthetic_earthquake|792.2188207|0.06038143212|0|915|0
1448|2017-03-04T00:19:32.162880|1.085713244|3.146691028|0.0|SOFIANE|SPDE-ETAS|||relative_plus_offset|2.6972877748|synthetic|synthetic_data_case_01_patches|synthetic_earthquake|793.0135667|0.1972877748|0|916|0
1449|2017-03-04T05:49:45.134399|2.338469731|4.137912485|0.0|SOFIANE|SPDE-ETAS|||relative_plus_offset|2.8714562911|synthetic|synthetic_data_case_01_patches|synthetic_earthquake|793.2428835|0.3714562911|0|917|0
1450|2017-03-04T08:48:22.993920|2.990307275|2.36842906|0.0|SOFIANE|SPDE-ETAS|||relative_plus_offset|2.7294758878|synthetic|synthetic_data_case_01_patches|synthetic_earthquake|793.3669328|0.2294758878|0|918|0
1451|2017-03-04T20:59:30.416640|1.113547681|3.118381603|0.0|SOFIANE|SPDE-ETAS|||relative_plus_offset|2.7146708941|synthetic|synthetic_data_case_01_patches|synthetic_earthquake|793.8746576|0.2146708941|1448|916|1
1452|2017-03-05T07:59:28.642560|1.918206494|2.710847441|0.0|SOFIANE|SPDE-ETAS|||relative_plus_offset|2.6646968787|synthetic|synthetic_data_case_01_patches|synthetic_earthquake|794.3329704|0.1646968787|1439|405|2
1453|2017-03-05T09:55:28.793280|0.7522073014|0.762383822|0.0|SOFIANE|SPDE-ETAS|||relative_plus_offset|2.50918448974|synthetic|synthetic_data_case_01_patches|synthetic_earthquake|794.4135277|0.00918448974|0|919|0
1454|2017-03-05T18:58:13.661760|3.314578755|3.63807459|0.0|SOFIANE|SPDE-ETAS|||relative_plus_offset|2.9604865441|synthetic|synthetic_data_case_01_patches|synthetic_earthquake|794.7904359|0.4604865441|0|920|0
1455|2017-03-08T22:20:38.374080|0.1584067952|3.274605286|0.0|SOFIANE|SPDE-ETAS|||relative_plus_offset|4.02355672|synthetic|synthetic_data_case_01_patches|synthetic_earthquake|797.9309997|1.52355672|0|921|0
1456|2017-03-09T06:55:32.724479|2.167377216|1.634875551|0.0|SOFIANE|SPDE-ETAS|||relative_plus_offset|2.9612786134|synthetic|synthetic_data_case_01_patches|synthetic_earthquake|798.2885732|0.4612786134|0|922|0
1457|2017-03-09T17:30:05.739840|4.179715888|1.762544766|0.0|SOFIANE|SPDE-ETAS|||relative_plus_offset|3.1282119212|synthetic|synthetic_data_case_01_patches|synthetic_earthquake|798.7292331|0.6282119212|0|923|0
1458|2017-03-09T17:48:26.147520|4.155790307|1.742652266|0.0|SOFIANE|SPDE-ETAS|||relative_plus_offset|2.7399589654|synthetic|synthetic_data_case_01_patches|synthetic_earthquake|798.7419693|0.2399589654|1457|923|1
1459|2017-03-10T08:01:29.334720|3.382320104|1.051602786|0.0|SOFIANE|SPDE-ETAS|||relative_plus_offset|2.52926598702|synthetic|synthetic_data_case_01_patches|synthetic_earthquake|799.3343673|0.02926598702|0|924|0
1460|2017-03-10T19:42:28.586880|2.183396696|1.600996802|0.0|SOFIANE|SPDE-ETAS|||relative_plus_offset|2.53522336267|synthetic|synthetic_data_case_01_patches|synthetic_earthquake|799.8211642|0.03522336267|1456|922|1
1461|2017-03-11T14:44:58.649280|2.910581228|3.018697784|0.0|SOFIANE|SPDE-ETAS|||relative_plus_offset|2.969420736|synthetic|synthetic_data_case_01_patches|synthetic_earthquake|800.6145677|0.469420736|0|925|0
1462|2017-03-11T16:08:15.074880|4.050988158|1.594002012|0.0|SOFIANE|SPDE-ETAS|||relative_plus_offset|2.7415764362|synthetic|synthetic_data_case_01_patches|synthetic_earthquake|800.6723967|0.2415764362|0|926|0
1463|2017-03-12T16:14:35.329920|3.051508952|1.773797369|0.0|SOFIANE|SPDE-ETAS|||relative_plus_offset|2.798992385|synthetic|synthetic_data_case_01_patches|synthetic_earthquake|801.6767978|0.298992385|0|927|0
1464|2017-03-15T04:26:10.210559|2.185669694|1.234853697|0.0|SOFIANE|SPDE-ETAS|||relative_plus_offset|2.53505194581|synthetic|synthetic_data_case_01_patches|synthetic_earthquake|804.1848404|0.03505194581|0|928|0
1465|2017-03-16T08:00:16.292160|2.317909923|2.332972636|0.0|SOFIANE|SPDE-ETAS|||relative_plus_offset|2.857171161|synthetic|synthetic_data_case_01_patches|synthetic_earthquake|805.3335219|0.357171161|1411|896|1
1466|2017-03-18T02:17:10.066560|3.505532629|1.020216122|0.0|SOFIANE|SPDE-ETAS|||relative_plus_offset|3.4940768738|synthetic|synthetic_data_case_01_patches|synthetic_earthquake|807.0952554|0.9940768738|0|929|0
1467|2017-03-18T12:44:15.910080|3.524767056|1.022670489|0.0|SOFIANE|SPDE-ETAS|||relative_plus_offset|2.6070793054|synthetic|synthetic_data_case_01_patches|synthetic_earthquake|807.5307397|0.1070793054|1466|929|1
1468|2017-03-18T14:32:22.450560|2.617036302|2.700666324|0.0|SOFIANE|SPDE-ETAS|||relative_plus_offset|2.6295266131|synthetic|synthetic_data_case_01_patches|synthetic_earthquake|807.6058154|0.1295266131|0|930|0
1469|2017-03-22T23:25:51.965760|1.093557595|0.8021083557|0.0|SOFIANE|SPDE-ETAS|||relative_plus_offset|2.7072872099|synthetic|synthetic_data_case_01_patches|synthetic_earthquake|811.9762959|0.2072872099|0|931|0
1470|2017-03-27T03:06:59.843520|2.613183294|0.1204031564|0.0|SOFIANE|SPDE-ETAS|||relative_plus_offset|2.7963785574999998|synthetic|synthetic_data_case_01_patches|synthetic_earthquake|816.1298593|0.2963785575|0|932|0
1471|2017-03-27T03:11:36.366720|4.176478489|1.77028421|0.0|SOFIANE|SPDE-ETAS|||relative_plus_offset|2.51432010718|synthetic|synthetic_data_case_01_patches|synthetic_earthquake|816.1330598|0.01432010718|1405|891|1
1472|2017-03-28T10:24:54.869760|3.874182773|1.881388709|0.0|SOFIANE|SPDE-ETAS|||relative_plus_offset|2.8252902906|synthetic|synthetic_data_case_01_patches|synthetic_earthquake|817.4339684|0.3252902906|0|933|0
1473|2017-03-29T00:08:32.974079|2.105420393|1.317404579|0.0|SOFIANE|SPDE-ETAS|||relative_plus_offset|2.9762414643|synthetic|synthetic_data_case_01_patches|synthetic_earthquake|818.0059372|0.4762414643|0|934|0
1474|2017-03-29T23:53:39.217920|3.165626249|2.46343935|0.0|SOFIANE|SPDE-ETAS|||relative_plus_offset|2.5726951552|synthetic|synthetic_data_case_01_patches|synthetic_earthquake|818.9955928|0.0726951552|0|935|0
1475|2017-03-30T13:37:24.908160|2.656878026|0.9705729904|0.0|SOFIANE|SPDE-ETAS|||relative_plus_offset|2.6734176948|synthetic|synthetic_data_case_01_patches|synthetic_earthquake|819.5676494|0.1734176948|0|936|0
1476|2017-03-31T09:03:20.128320|4.130188603|1.61731386|0.0|SOFIANE|SPDE-ETAS|||relative_plus_offset|2.7968251842|synthetic|synthetic_data_case_01_patches|synthetic_earthquake|820.3773163|0.2968251842|0|937|0
1477|2017-04-01T10:15:47.102400|4.300051609|2.249024646|0.0|SOFIANE|SPDE-ETAS|||relative_plus_offset|2.54950461213|synthetic|synthetic_data_case_01_patches|synthetic_earthquake|821.4276285|0.04950461213|0|938|0
1478|2017-04-01T19:25:19.381440|2.751138132|1.574621213|0.0|SOFIANE|SPDE-ETAS|||relative_plus_offset|2.8455732313|synthetic|synthetic_data_case_01_patches|synthetic_earthquake|821.8092521|0.3455732313|0|939|0
1479|2017-04-01T23:43:17.448960|1.539763895|2.997950515|0.0|SOFIANE|SPDE-ETAS|||relative_plus_offset|2.8887492335|synthetic|synthetic_data_case_01_patches|synthetic_earthquake|821.9883964|0.3887492335|0|940|0
1480|2017-04-02T03:57:35.118719|2.63488516|1.247755313|0.0|SOFIANE|SPDE-ETAS|||relative_plus_offset|2.7662180256|synthetic|synthetic_data_case_01_patches|synthetic_earthquake|822.1649898|0.2662180256|0|941|0
1481|2017-04-02T04:37:16.017600|2.050757594|0.09205874959|0.0|SOFIANE|SPDE-ETAS|||relative_plus_offset|3.0675780465|synthetic|synthetic_data_case_01_patches|synthetic_earthquake|822.1925465|0.5675780465|0|942|0
1482|2017-04-03T13:18:07.191359|1.740143252|2.599893035|0.0|SOFIANE|SPDE-ETAS|||relative_plus_offset|2.57345901357|synthetic|synthetic_data_case_01_patches|synthetic_earthquake|823.5542499|0.07345901357|0|943|0
1483|2017-04-03T23:57:06.500160|4.263071392|2.796105777|0.0|SOFIANE|SPDE-ETAS|||relative_plus_offset|2.7068470896|synthetic|synthetic_data_case_01_patches|synthetic_earthquake|823.9979919|0.2068470896|0|944|0
1484|2017-04-04T13:06:00.385920|3.796627092|3.37773845|0.0|SOFIANE|SPDE-ETAS|||relative_plus_offset|2.59390867847|synthetic|synthetic_data_case_01_patches|synthetic_earthquake|824.5458378|0.09390867847|0|945|0
1485|2017-04-04T13:15:18.486720|3.784656768|3.387424491|0.0|SOFIANE|SPDE-ETAS|||relative_plus_offset|2.6060193142|synthetic|synthetic_data_case_01_patches|synthetic_earthquake|824.5522973|0.1060193142|1484|945|1
1486|2017-04-06T15:13:19.104960|4.40855132|0.3995999751|0.0|SOFIANE|SPDE-ETAS|||relative_plus_offset|3.2771425587|synthetic|synthetic_data_case_01_patches|synthetic_earthquake|826.6342489|0.7771425587|0|946|0
1487|2017-04-06T17:43:09.413759|0.06423253416|4.765081817|0.0|SOFIANE|SPDE-ETAS|||relative_plus_offset|2.7111704555|synthetic|synthetic_data_case_01_patches|synthetic_earthquake|826.7383034|0.2111704555|0|947|0
1488|2017-04-07T11:03:18.915840|1.465353109|3.149914847|0.0|SOFIANE|SPDE-ETAS|||relative_plus_offset|3.5911127279999997|synthetic|synthetic_data_case_01_patches|synthetic_earthquake|827.4606356|1.091112728|0|948|0
1489|2017-04-07T13:09:50.028480|4.952451256|2.794256315|0.0|SOFIANE|SPDE-ETAS|||relative_plus_offset|2.7617968166|synthetic|synthetic_data_case_01_patches|synthetic_earthquake|827.5484957|0.2617968166|0|949|0
1490|2017-04-08T08:50:18.718080|3.822639126|1.606379413|0.0|SOFIANE|SPDE-ETAS|||relative_plus_offset|3.3748446608|synthetic|synthetic_data_case_01_patches|synthetic_earthquake|828.3682722|0.8748446608|0|950|0
1491|2017-04-08T15:08:55.282560|4.664817493|0.8264061508|0.0|SOFIANE|SPDE-ETAS|||relative_plus_offset|2.6353818502|synthetic|synthetic_data_case_01_patches|synthetic_earthquake|828.6311954|0.1353818502|0|951|0
1492|2017-04-08T15:12:13.700160|4.707970774|0.819451483|0.0|SOFIANE|SPDE-ETAS|||relative_plus_offset|3.0503914996|synthetic|synthetic_data_case_01_patches|synthetic_earthquake|828.6334919|0.5503914996|1491|951|1
1493|2017-04-08T15:20:49.611839|4.69064117|0.8354489156|0.0|SOFIANE|SPDE-ETAS|||relative_plus_offset|2.8297791935|synthetic|synthetic_data_case_01_patches|synthetic_earthquake|828.6394631|0.3297791935|1492|951|2
1494|2017-04-09T15:57:03.729600|4.303823212|1.603252775|0.0|SOFIANE|SPDE-ETAS|||relative_plus_offset|2.51555824282|synthetic|synthetic_data_case_01_patches|synthetic_earthquake|829.6646265|0.01555824282|0|952|0
1495|2017-04-10T07:39:11.162879|4.032020687|2.898287892|0.0|SOFIANE|SPDE-ETAS|||relative_plus_offset|2.7253429709|synthetic|synthetic_data_case_01_patches|synthetic_earthquake|830.3188792|0.2253429709|0|953|0
1496|2017-04-10T19:26:45.349440|2.273209046|2.388893761|0.0|SOFIANE|SPDE-ETAS|||relative_plus_offset|2.5735616765|synthetic|synthetic_data_case_01_patches|synthetic_earthquake|830.8102471|0.0735616765|0|954|0
1497|2017-04-11T10:09:30.070080|3.385415509|2.570994241|0.0|SOFIANE|SPDE-ETAS|||relative_plus_offset|3.2267020323|synthetic|synthetic_data_case_01_patches|synthetic_earthquake|831.4232647|0.7267020323|0|955|0
1498|2017-04-12T05:05:34.771200|2.518891379|4.922746869|0.0|SOFIANE|SPDE-ETAS|||relative_plus_offset|2.9145902189|synthetic|synthetic_data_case_01_patches|synthetic_earthquake|832.212208|0.4145902189|0|956|0
1499|2017-04-12T12:50:29.832000|2.324639396|0.4087249844|0.0|SOFIANE|SPDE-ETAS|||relative_plus_offset|2.6490748434|synthetic|synthetic_data_case_01_patches|synthetic_earthquake|832.5350675|0.1490748434|0|957|0
1500|2017-04-14T13:31:51.015360|0.07454574464|4.755613311|0.0|SOFIANE|SPDE-ETAS|||relative_plus_offset|2.6208166481|synthetic|synthetic_data_case_01_patches|synthetic_earthquake|834.5637849|0.1208166481|1487|947|1
1501|2017-04-15T02:01:43.616640|1.584889568|0.3669813891|0.0|SOFIANE|SPDE-ETAS|||relative_plus_offset|2.9748904906|synthetic|synthetic_data_case_01_patches|synthetic_earthquake|835.0845326|0.4748904906|0|958|0
1502|2017-04-15T05:09:06.615360|3.322356511|1.10606325|0.0|SOFIANE|SPDE-ETAS|||relative_plus_offset|2.905518751|synthetic|synthetic_data_case_01_patches|synthetic_earthquake|835.2146599|0.405518751|0|959|0
1503|2017-04-15T05:35:47.434560|3.710455837|2.791779183|0.0|SOFIANE|SPDE-ETAS|||relative_plus_offset|3.659646998|synthetic|synthetic_data_case_01_patches|synthetic_earthquake|835.2331879|1.159646998|0|960|0
1504|2017-04-16T00:59:54.533760|3.06756573|2.944186469|0.0|SOFIANE|SPDE-ETAS|||relative_plus_offset|3.693235418|synthetic|synthetic_data_case_01_patches|synthetic_earthquake|836.0416034|1.193235418|0|961|0
1505|2017-04-16T01:23:24.037440|3.097880656|2.946135922|0.0|SOFIANE|SPDE-ETAS|||relative_plus_offset|2.9695306724|synthetic|synthetic_data_case_01_patches|synthetic_earthquake|836.0579171|0.4695306724|1504|961|1
1506|2017-04-16T04:32:52.549440|2.94440911|0.09376554895|0.0|SOFIANE|SPDE-ETAS|||relative_plus_offset|3.725514308|synthetic|synthetic_data_case_01_patches|synthetic_earthquake|836.1894971|1.225514308|0|962|0
1507|2017-04-18T04:12:38.335680|2.453873993|1.495352769|0.0|SOFIANE|SPDE-ETAS|||relative_plus_offset|2.52369384392|synthetic|synthetic_data_case_01_patches|synthetic_earthquake|838.1754437|0.02369384392|0|963|0
1508|2017-04-18T05:55:25.420800|2.720330346|0.8186414041|0.0|SOFIANE|SPDE-ETAS|||relative_plus_offset|3.3495247264|synthetic|synthetic_data_case_01_patches|synthetic_earthquake|838.246822|0.8495247264|0|964|0
1509|2017-04-18T07:09:34.001279|2.146891378|1.691054677|0.0|SOFIANE|SPDE-ETAS|||relative_plus_offset|2.8362274577|synthetic|synthetic_data_case_01_patches|synthetic_earthquake|838.2983102|0.3362274577|0|965|0
1510|2017-04-18T16:23:21.324480|2.155244915|1.6829816|0.0|SOFIANE|SPDE-ETAS|||relative_plus_offset|2.53517476553|synthetic|synthetic_data_case_01_patches|synthetic_earthquake|838.6828857|0.03517476553|1509|965|1
1511|2017-04-24T06:37:33.882240|1.925369415|3.990894212|0.0|SOFIANE|SPDE-ETAS|||relative_plus_offset|2.6742706113|synthetic|synthetic_data_case_01_patches|synthetic_earthquake|844.2760866|0.1742706113|0|966|0
1512|2017-04-25T16:18:53.061120|2.515340945|2.201954179|0.0|SOFIANE|SPDE-ETAS|||relative_plus_offset|2.7162145799|synthetic|synthetic_data_case_01_patches|synthetic_earthquake|845.6797808|0.2162145799|0|967|0
1513|2017-04-26T12:41:15.783360|0.05155414909|0.9972294862|0.0|SOFIANE|SPDE-ETAS|||relative_plus_offset|3.2089893099999998|synthetic|synthetic_data_case_01_patches|synthetic_earthquake|846.5286549|0.70898931|0|968|0
1514|2017-04-27T02:44:09.081600|2.487564663|2.46487997|0.0|SOFIANE|SPDE-ETAS|||relative_plus_offset|3.626485283|synthetic|synthetic_data_case_01_patches|synthetic_earthquake|847.113994|1.126485283|0|969|0
1515|2017-04-27T09:29:03.577920|4.564804081|1.388419869|0.0|SOFIANE|SPDE-ETAS|||relative_plus_offset|2.6643442182|synthetic|synthetic_data_case_01_patches|synthetic_earthquake|847.3951803|0.1643442182|0|970|0
1516|2017-04-27T19:20:12.143040|2.121338402|2.114242485|0.0|SOFIANE|SPDE-ETAS|||relative_plus_offset|2.9385966455|synthetic|synthetic_data_case_01_patches|synthetic_earthquake|847.8056961|0.4385966455|0|971|0
1517|2017-04-29T03:54:11.612160|1.634911544|1.722645382|0.0|SOFIANE|SPDE-ETAS|||relative_plus_offset|2.6938181536|synthetic|synthetic_data_case_01_patches|synthetic_earthquake|849.1626344|0.1938181536|0|972|0
1518|2017-04-29T08:59:28.654080|2.117574211|2.110405132|0.0|SOFIANE|SPDE-ETAS|||relative_plus_offset|2.6532424289|synthetic|synthetic_data_case_01_patches|synthetic_earthquake|849.3746372|0.1532424289|1516|971|1
1519|2017-05-01T09:39:51.344639|2.413230849|2.751109048|0.0|SOFIANE|SPDE-ETAS|||relative_plus_offset|2.9376681079|synthetic|synthetic_data_case_01_patches|synthetic_earthquake|851.4026776|0.4376681079|0|973|0
1520|2017-05-01T13:23:59.988480|2.213727621|4.590852518|0.0|SOFIANE|SPDE-ETAS|||relative_plus_offset|3.3856794345|synthetic|synthetic_data_case_01_patches|synthetic_earthquake|851.5583332|0.8856794345|0|974|0
1521|2017-05-01T16:05:48.333120|1.388807021|1.764695913|0.0|SOFIANE|SPDE-ETAS|||relative_plus_offset|3.4150132439|synthetic|synthetic_data_case_01_patches|synthetic_earthquake|851.6706983|0.9150132439|0|975|0
1522|2017-05-01T21:21:29.511360|4.128580389|2.116102309|0.0|SOFIANE|SPDE-ETAS|||relative_plus_offset|3.4433527693|synthetic|synthetic_data_case_01_patches|synthetic_earthquake|851.8899249|0.9433527693|0|976|0
1523|2017-05-02T08:30:03.597119|4.129256698|2.111900772|0.0|SOFIANE|SPDE-ETAS|||relative_plus_offset|2.9896361599|synthetic|synthetic_data_case_01_patches|synthetic_earthquake|852.3542083|0.4896361599|1522|976|1
1524|2017-05-03T02:12:17.516160|3.342798287|1.451501585|0.0|SOFIANE|SPDE-ETAS|||relative_plus_offset|2.8772724152|synthetic|synthetic_data_case_01_patches|synthetic_earthquake|853.0918694|0.3772724152|0|977|0
1525|2017-05-03T02:40:50.776320|2.487457776|2.559829525|0.0|SOFIANE|SPDE-ETAS|||relative_plus_offset|2.7990603906000002|synthetic|synthetic_data_case_01_patches|synthetic_earthquake|853.1116988|0.2990603906|0|978|0
1526|2017-05-03T02:50:40.905600|2.495057507|2.547355585|0.0|SOFIANE|SPDE-ETAS|||relative_plus_offset|2.8167422861|synthetic|synthetic_data_case_01_patches|synthetic_earthquake|853.118529|0.3167422861|1525|978|1
1527|2017-05-03T05:19:17.074560|2.494644417|2.54956802|0.0|SOFIANE|SPDE-ETAS|||relative_plus_offset|2.6354916221|synthetic|synthetic_data_case_01_patches|synthetic_earthquake|853.2217254|0.1354916221|1525|978|1
1528|2017-05-03T12:58:11.251200|2.895612369|1.432889975|0.0|SOFIANE|SPDE-ETAS|||relative_plus_offset|2.7922166186|synthetic|synthetic_data_case_01_patches|synthetic_earthquake|853.540408|0.2922166186|0|979|0
1529|2017-05-03T16:13:30.175680|3.338758744|1.433896638|0.0|SOFIANE|SPDE-ETAS|||relative_plus_offset|2.53744353636|synthetic|synthetic_data_case_01_patches|synthetic_earthquake|853.6760437|0.03744353636|1524|977|1
1530|2017-05-04T09:06:37.500480|2.467710754|1.717795528|0.0|SOFIANE|SPDE-ETAS|||relative_plus_offset|2.676661993|synthetic|synthetic_data_case_01_patches|synthetic_earthquake|854.3796007|0.176661993|0|980|0
1531|2017-05-05T00:42:24.773760|2.527753921|2.366357076|0.0|SOFIANE|SPDE-ETAS|||relative_plus_offset|2.8118778147|synthetic|synthetic_data_case_01_patches|synthetic_earthquake|855.0294534|0.3118778147|0|981|0
1532|2017-05-05T06:33:24.359040|2.438707174|3.015463273|0.0|SOFIANE|SPDE-ETAS|||relative_plus_offset|3.1326980875|synthetic|synthetic_data_case_01_patches|synthetic_earthquake|855.2731986|0.6326980875|0|982|0
1533|2017-05-05T23:41:02.008320|2.044644908|0.2507126598|0.0|SOFIANE|SPDE-ETAS|||relative_plus_offset|2.54299204418|synthetic|synthetic_data_case_01_patches|synthetic_earthquake|855.9868288|0.04299204418|0|983|0
1534|2017-05-06T17:26:01.322880|2.64125544|0.5685415941|0.0|SOFIANE|SPDE-ETAS|||relative_plus_offset|2.7956090729|synthetic|synthetic_data_case_01_patches|synthetic_earthquake|856.7264042|0.2956090729|0|984|0
1535|2017-05-06T18:58:40.687680|2.635298116|0.5808053271|0.0|SOFIANE|SPDE-ETAS|||relative_plus_offset|2.997319696|synthetic|synthetic_data_case_01_patches|synthetic_earthquake|856.7907487|0.497319696|1534|984|1
1536|2017-05-06T22:12:05.685120|3.098905388|0.2904482831|0.0|SOFIANE|SPDE-ETAS|||relative_plus_offset|2.55426455746|synthetic|synthetic_data_case_01_patches|synthetic_earthquake|856.9250658|0.05426455746|0|985|0
1537|2017-05-08T19:38:47.860800|2.529477743|2.0128581|0.0|SOFIANE|SPDE-ETAS|||relative_plus_offset|3.3267963606|synthetic|synthetic_data_case_01_patches|synthetic_earthquake|858.8186095|0.8267963606|0|986|0
1538|2017-05-10T09:39:23.713920|4.415097036|0.5024948046|0.0|SOFIANE|SPDE-ETAS|||relative_plus_offset|3.4705264161000002|synthetic|synthetic_data_case_01_patches|synthetic_earthquake|860.4023578|0.9705264161|0|987|0
1539|2017-05-10T10:05:24.158400|4.391856117|0.4882712237|0.0|SOFIANE|SPDE-ETAS|||relative_plus_offset|2.51283435882|synthetic|synthetic_data_case_01_patches|synthetic_earthquake|860.4204185|0.01283435882|1538|987|1
1540|2017-05-10T13:43:18.975360|2.413518712|2.731092164|0.0|SOFIANE|SPDE-ETAS|||relative_plus_offset|3.2897748028000002|synthetic|synthetic_data_case_01_patches|synthetic_earthquake|860.5717474|0.7897748028|1519|973|1
1541|2017-05-10T13:54:27.555840|1.688377974|0.05166313487|0.0|SOFIANE|SPDE-ETAS|||relative_plus_offset|3.9615370580000002|synthetic|synthetic_data_case_01_patches|synthetic_earthquake|860.5794856|1.461537058|0|988|0
1542|2017-05-11T04:53:49.228800|4.666207759|2.8927602|0.0|SOFIANE|SPDE-ETAS|||relative_plus_offset|2.8229952475|synthetic|synthetic_data_case_01_patches|synthetic_earthquake|861.204042|0.3229952475|0|989|0
1543|2017-05-11T20:21:26.596800|1.50626985|0.9366354171|0.0|SOFIANE|SPDE-ETAS|||relative_plus_offset|2.54461791836|synthetic|synthetic_data_case_01_patches|synthetic_earthquake|861.8482245|0.04461791836|0|990|0
1544|2017-05-12T04:43:39.599040|3.557090183|4.9131851|0.0|SOFIANE|SPDE-ETAS|||relative_plus_offset|2.6341459368|synthetic|synthetic_data_case_01_patches|synthetic_earthquake|862.1969861|0.1341459368|0|991|0
1545|2017-05-13T01:21:31.916160|4.248773026|2.595457758|0.0|SOFIANE|SPDE-ETAS|||relative_plus_offset|2.53101069298|synthetic|synthetic_data_case_01_patches|synthetic_earthquake|863.0566194|0.03101069298|0|992|0
1546|2017-05-13T07:00:29.206080|4.227035197|2.592173082|0.0|SOFIANE|SPDE-ETAS|||relative_plus_offset|3.518268042|synthetic|synthetic_data_case_01_patches|synthetic_earthquake|863.2920047|1.018268042|1545|992|1
1547|2017-05-13T13:22:37.079040|4.224830802|2.592287095|0.0|SOFIANE|SPDE-ETAS|||relative_plus_offset|2.7416343807|synthetic|synthetic_data_case_01_patches|synthetic_earthquake|863.5573736|0.2416343807|1546|992|2
1548|2017-05-13T17:13:45.013440|4.122428807|2.091229778|0.0|SOFIANE|SPDE-ETAS|||relative_plus_offset|2.51003935389|synthetic|synthetic_data_case_01_patches|synthetic_earthquake|863.7178821|0.01003935389|1523|976|2
1549|2017-05-13T17:58:20.726399|2.091080542|3.01821264|0.0|SOFIANE|SPDE-ETAS|||relative_plus_offset|2.6530049562|synthetic|synthetic_data_case_01_patches|synthetic_earthquake|863.748851|0.1530049562|0|993|0
1550|2017-05-14T19:07:39.849600|3.600992969|1.598809486|0.0|SOFIANE|SPDE-ETAS|||relative_plus_offset|2.7571886187|synthetic|synthetic_data_case_01_patches|synthetic_earthquake|864.796989|0.2571886187|0|994|0
1551|2017-05-15T08:17:55.849920|0.2836137002|1.536020585|0.0|SOFIANE|SPDE-ETAS|||relative_plus_offset|2.7054373069|synthetic|synthetic_data_case_01_patches|synthetic_earthquake|865.3457853|0.2054373069|0|995|0
1552|2017-05-16T07:38:53.062080|4.68328978|2.706338006|0.0|SOFIANE|SPDE-ETAS|||relative_plus_offset|2.52403109556|synthetic|synthetic_data_case_01_patches|synthetic_earthquake|866.3186697|0.02403109556|0|996|0
1553|2017-05-16T17:50:27.228480|2.982875155|0.3750765551|0.0|SOFIANE|SPDE-ETAS|||relative_plus_offset|2.54651558323|synthetic|synthetic_data_case_01_patches|synthetic_earthquake|866.7433707|0.04651558323|55|42|1
1554|2017-05-16T21:00:43.372800|4.397774769|1.213253493|0.0|SOFIANE|SPDE-ETAS|||relative_plus_offset|3.4800445839|synthetic|synthetic_data_case_01_patches|synthetic_earthquake|866.875502|0.9800445839|0|997|0
1555|2017-05-16T22:21:48.764160|2.577122504|2.102968675|0.0|SOFIANE|SPDE-ETAS|||relative_plus_offset|2.6019828206|synthetic|synthetic_data_case_01_patches|synthetic_earthquake|866.9318144|0.1019828206|0|998|0
1556|2017-05-17T11:41:12.151680|4.937120423|2.523513246|0.0|SOFIANE|SPDE-ETAS|||relative_plus_offset|2.54724715753|synthetic|synthetic_data_case_01_patches|synthetic_earthquake|867.4869462|0.04724715753|0|999|0
1557|2017-05-17T22:22:41.865600|2.84090458|0.9250436752|0.0|SOFIANE|SPDE-ETAS|||relative_plus_offset|2.7226726473|synthetic|synthetic_data_case_01_patches|synthetic_earthquake|867.932429|0.2226726473|0|1000|0
1558|2017-05-18T11:02:38.567040|4.218135584|2.600299537|0.0|SOFIANE|SPDE-ETAS|||relative_plus_offset|2.7480394681|synthetic|synthetic_data_case_01_patches|synthetic_earthquake|868.4601686|0.2480394681|1546|992|2
1559|2017-05-18T23:20:43.422720|2.394421629|2.440631203|0.0|SOFIANE|SPDE-ETAS|||relative_plus_offset|2.6008149749|synthetic|synthetic_data_case_01_patches|synthetic_earthquake|868.9727248|0.1008149749|0|1001|0
1560|2017-05-19T05:23:05.619840|3.26291276|1.148101178|0.0|SOFIANE|SPDE-ETAS|||relative_plus_offset|2.675757996|synthetic|synthetic_data_case_01_patches|synthetic_earthquake|869.2243706|0.175757996|0|1002|0
1561|2017-05-19T22:39:44.081280|4.469563217|2.08700056|0.0|SOFIANE|SPDE-ETAS|||relative_plus_offset|2.6453845969|synthetic|synthetic_data_case_01_patches|synthetic_earthquake|869.9442602|0.1453845969|0|1003|0
1562|2017-05-22T09:44:21.949440|4.211399158|2.596873691|0.0|SOFIANE|SPDE-ETAS|||relative_plus_offset|2.8405648929|synthetic|synthetic_data_case_01_patches|synthetic_earthquake|872.4058096|0.3405648929|1558|992|3
1563|2017-05-23T08:28:48.489600|3.427629073|4.106854528|0.0|SOFIANE|SPDE-ETAS|||relative_plus_offset|2.842946874|synthetic|synthetic_data_case_01_patches|synthetic_earthquake|873.353339|0.342946874|0|1004|0
1564|2017-05-23T08:42:09.668160|4.197892361|2.611809477|0.0|SOFIANE|SPDE-ETAS|||relative_plus_offset|3.5167624269999997|synthetic|synthetic_data_case_01_patches|synthetic_earthquake|873.3626119|1.016762427|1562|992|4
1565|2017-05-23T13:40:05.776320|4.272022033|2.636892644|0.0|SOFIANE|SPDE-ETAS|||relative_plus_offset|2.800586974|synthetic|synthetic_data_case_01_patches|synthetic_earthquake|873.5695113|0.300586974|1564|992|5
1566|2017-05-23T13:51:29.139839|4.2705978|2.622010055|0.0|SOFIANE|SPDE-ETAS|||relative_plus_offset|2.52293554244|synthetic|synthetic_data_case_01_patches|synthetic_earthquake|873.5774206|0.02293554244|1565|992|6
1567|2017-05-24T00:04:56.922240|2.608075833|3.927227321|0.0|SOFIANE|SPDE-ETAS|||relative_plus_offset|2.6729756188|synthetic|synthetic_data_case_01_patches|synthetic_earthquake|874.0034366|0.1729756188|0|1005|0
1568|2017-05-24T21:38:20.503680|4.370257138|0.2605167432|0.0|SOFIANE|SPDE-ETAS|||relative_plus_offset|2.7803770812|synthetic|synthetic_data_case_01_patches|synthetic_earthquake|874.9016262|0.2803770812|0|1006|0
1569|2017-05-25T02:38:17.831040|3.234228653|0.272870651|0.0|SOFIANE|SPDE-ETAS|||relative_plus_offset|2.78151976|synthetic|synthetic_data_case_01_patches|synthetic_earthquake|875.1099286|0.28151976|0|1007|0
1570|2017-05-25T08:02:09.795840|0.9194380295|3.239390436|0.0|SOFIANE|SPDE-ETAS|||relative_plus_offset|3.045247538|synthetic|synthetic_data_case_01_patches|synthetic_earthquake|875.3348356|0.545247538|0|1008|0
1571|2017-05-25T21:12:07.548480|2.094871947|0.2175224282|0.0|SOFIANE|SPDE-ETAS|||relative_plus_offset|2.52624585461|synthetic|synthetic_data_case_01_patches|synthetic_earthquake|875.8834207|0.02624585461|0|1009|0
1572|2017-05-26T10:15:26.461440|1.579926358|0.2397531408|0.0|SOFIANE|SPDE-ETAS|||relative_plus_offset|2.6159387772|synthetic|synthetic_data_case_01_patches|synthetic_earthquake|876.4273896|0.1159387772|1541|988|1
1573|2017-05-26T11:04:02.461440|1.942093446|1.306133442|0.0|SOFIANE|SPDE-ETAS|||relative_plus_offset|2.8146002439|synthetic|synthetic_data_case_01_patches|synthetic_earthquake|876.4611396|0.3146002439|0|1010|0
1574|2017-05-27T02:48:37.932480|4.902733375|3.617166411|0.0|SOFIANE|SPDE-ETAS|||relative_plus_offset|3.3121617109|synthetic|synthetic_data_case_01_patches|synthetic_earthquake|877.1171057|0.8121617109|0|1011|0
1575|2017-05-27T03:24:41.760000|4.914725908|3.603226402|0.0|SOFIANE|SPDE-ETAS|||relative_plus_offset|2.7624543575000002|synthetic|synthetic_data_case_01_patches|synthetic_earthquake|877.14215|0.2624543575|1574|1011|1
1576|2017-05-29T09:01:02.665920|1.768642373|0.451001148|0.0|SOFIANE|SPDE-ETAS|||relative_plus_offset|3.6439770510000002|synthetic|synthetic_data_case_01_patches|synthetic_earthquake|879.3757253|1.143977051|0|1012|0
1577|2017-05-29T11:41:58.505280|1.778881949|0.479347874|0.0|SOFIANE|SPDE-ETAS|||relative_plus_offset|3.5515759239999998|synthetic|synthetic_data_case_01_patches|synthetic_earthquake|879.4874827|1.051575924|1576|1012|1
1578|2017-05-30T04:15:49.443840|1.772326327|0.4723564087|0.0|SOFIANE|SPDE-ETAS|||relative_plus_offset|2.6132109436|synthetic|synthetic_data_case_01_patches|synthetic_earthquake|880.1776556|0.1132109436|1576|1012|1
1579|2017-05-30T04:47:14.985600|2.210683694|1.341737775|0.0|SOFIANE|SPDE-ETAS|||relative_plus_offset|2.6223500348|synthetic|synthetic_data_case_01_patches|synthetic_earthquake|880.199479|0.1223500348|0|1013|0
1580|2017-05-30T09:29:13.176960|2.106441661|1.901150206|0.0|SOFIANE|SPDE-ETAS|||relative_plus_offset|2.5680155387|synthetic|synthetic_data_case_01_patches|synthetic_earthquake|880.3952914|0.0680155387|1432|907|1
1581|2017-05-31T08:37:42.078720|2.150853566|2.175067461|0.0|SOFIANE|SPDE-ETAS|||relative_plus_offset|2.55582172772|synthetic|synthetic_data_case_01_patches|synthetic_earthquake|881.3595148|0.05582172772|0|1014|0
1582|2017-05-31T12:39:23.402880|3.178311472|4.003335312|0.0|SOFIANE|SPDE-ETAS|||relative_plus_offset|2.5500734428|synthetic|synthetic_data_case_01_patches|synthetic_earthquake|881.5273542|0.0500734428|0|1015|0
1583|2017-05-31T20:54:10.088640|2.037889122|0.6509596463|0.0|SOFIANE|SPDE-ETAS|||relative_plus_offset|3.0791376597999998|synthetic|synthetic_data_case_01_patches|synthetic_earthquake|881.8709501|0.5791376598|0|1016|0
1584|2017-06-02T10:27:33.266880|3.660824074|1.007516919|0.0|SOFIANE|SPDE-ETAS|||relative_plus_offset|2.6586106944|synthetic|synthetic_data_case_01_patches|synthetic_earthquake|883.4358017|0.1586106944|1277|808|1
1585|2017-06-02T11:12:12.729600|2.932345763|0.8177697457|0.0|SOFIANE|SPDE-ETAS|||relative_plus_offset|3.0066727214|synthetic|synthetic_data_case_01_patches|synthetic_earthquake|883.466814|0.5066727214|0|1017|0
1586|2017-06-02T13:26:07.609920|1.989740054|0.4937924084|0.0|SOFIANE|SPDE-ETAS|||relative_plus_offset|2.56041414622|synthetic|synthetic_data_case_01_patches|synthetic_earthquake|883.5598103|0.06041414622|0|1018|0
1587|2017-06-02T15:45:30.412800|2.416146724|1.154455216|0.0|SOFIANE|SPDE-ETAS|||relative_plus_offset|2.9475728029|synthetic|synthetic_data_case_01_patches|synthetic_earthquake|883.656602|0.4475728029|0|1019|0
1588|2017-06-03T17:42:43.329600|2.918732952|0.826891598|0.0|SOFIANE|SPDE-ETAS|||relative_plus_offset|3.896203762|synthetic|synthetic_data_case_01_patches|synthetic_earthquake|884.7380015|1.396203762|1585|1017|1
1589|2017-06-03T19:43:32.790720|2.297473168|1.649671771|0.0|SOFIANE|SPDE-ETAS|||relative_plus_offset|2.5128389766|synthetic|synthetic_data_case_01_patches|synthetic_earthquake|884.8219073|0.0128389766|0|1020|0
1590|2017-06-04T13:04:47.326080|4.710945416|0.1166601227|0.0|SOFIANE|SPDE-ETAS|||relative_plus_offset|3.2020912516999998|synthetic|synthetic_data_case_01_patches|synthetic_earthquake|885.5449922|0.7020912517|0|1021|0
1591|2017-06-07T14:57:18.060479|2.863156634|0.6039016226|0.0|SOFIANE|SPDE-ETAS|||relative_plus_offset|2.9814685651|synthetic|synthetic_data_case_01_patches|synthetic_earthquake|888.6231257|0.4814685651|0|1022|0
1592|2017-06-08T02:22:41.790720|4.171609623|4.848573688|0.0|SOFIANE|SPDE-ETAS|||relative_plus_offset|3.041676084|synthetic|synthetic_data_case_01_patches|synthetic_earthquake|889.0990948|0.541676084|0|1023|0
1593|2017-06-08T03:34:02.288640|4.144848358|4.86091209|0.0|SOFIANE|SPDE-ETAS|||relative_plus_offset|2.59562855169|synthetic|synthetic_data_case_01_patches|synthetic_earthquake|889.1486376|0.09562855169|1592|1023|1
1594|2017-06-08T09:43:19.992000|1.884169104|0.7753248552|0.0|SOFIANE|SPDE-ETAS|||relative_plus_offset|2.51199097952|synthetic|synthetic_data_case_01_patches|synthetic_earthquake|889.4050925|0.01199097952|0|1024|0
1595|2017-06-08T12:13:08.477760|3.783739645|2.12134479|0.0|SOFIANE|SPDE-ETAS|||relative_plus_offset|2.6497990924|synthetic|synthetic_data_case_01_patches|synthetic_earthquake|889.5091259|0.1497990924|0|1025|0
1596|2017-06-08T12:43:57.869760|4.246408907|4.899164029|0.0|SOFIANE|SPDE-ETAS|||relative_plus_offset|2.6336428609|synthetic|synthetic_data_case_01_patches|synthetic_earthquake|889.5305309|0.1336428609|1593|1023|2
1597|2017-06-08T17:22:00.094080|2.359506517|0.1197074277|0.0|SOFIANE|SPDE-ETAS|||relative_plus_offset|2.569286785|synthetic|synthetic_data_case_01_patches|synthetic_earthquake|889.7236122|0.069286785|0|1026|0
1598|2017-06-08T20:23:48.292800|3.882613133|2.664115095|0.0|SOFIANE|SPDE-ETAS|||relative_plus_offset|2.5708158856|synthetic|synthetic_data_case_01_patches|synthetic_earthquake|889.8498645|0.0708158856|0|1027|0
1599|2017-06-10T01:29:51.774720|1.876676369|4.878357497|0.0|SOFIANE|SPDE-ETAS|||relative_plus_offset|2.9088454292|synthetic|synthetic_data_case_01_patches|synthetic_earthquake|891.0624048|0.4088454292|0|1028|0
1600|2017-06-10T05:23:42.685440|4.714203849|1.989713825|0.0|SOFIANE|SPDE-ETAS|||relative_plus_offset|3.2215191376|synthetic|synthetic_data_case_01_patches|synthetic_earthquake|891.2247996|0.7215191376|0|1029|0
1601|2017-06-10T06:40:16.798080|1.532857495|1.848122514|0.0|SOFIANE|SPDE-ETAS|||relative_plus_offset|3.1991590811|synthetic|synthetic_data_case_01_patches|synthetic_earthquake|891.2779722|0.6991590811|0|1030|0
1602|2017-06-11T11:34:25.881600|2.794587491|0.3719783174|0.0|SOFIANE|SPDE-ETAS|||relative_plus_offset|3.1331646405|synthetic|synthetic_data_case_01_patches|synthetic_earthquake|892.482244|0.6331646405|0|1031|0
1603|2017-06-12T03:48:50.973120|4.45929299|1.243073191|0.0|SOFIANE|SPDE-ETAS|||relative_plus_offset|2.7018651718|synthetic|synthetic_data_case_01_patches|synthetic_earthquake|893.1589233|0.2018651718|0|1032|0
1604|2017-06-12T18:22:26.232960|1.593219236|0.2237639274|0.0|SOFIANE|SPDE-ETAS|||relative_plus_offset|2.8471887928|synthetic|synthetic_data_case_01_patches|synthetic_earthquake|893.7655814|0.3471887928|0|1033|0
1605|2017-06-13T06:47:55.279680|4.56827239|0.4953156636|0.0|SOFIANE|SPDE-ETAS|||relative_plus_offset|2.8940944051|synthetic|synthetic_data_case_01_patches|synthetic_earthquake|894.2832787|0.3940944051|0|1034|0
1606|2017-06-14T17:14:05.213760|2.137530618|2.452167121|0.0|SOFIANE|SPDE-ETAS|||relative_plus_offset|2.7353189495|synthetic|synthetic_data_case_01_patches|synthetic_earthquake|895.7181159|0.2353189495|0|1035|0
1607|2017-06-15T00:36:44.107200|3.802513881|2.454352807|0.0|SOFIANE|SPDE-ETAS|||relative_plus_offset|2.7771767438|synthetic|synthetic_data_case_01_patches|synthetic_earthquake|896.0255105|0.2771767438|0|1036|0
1608|2017-06-15T02:11:50.300159|4.989766026|2.738177882|0.0|SOFIANE|SPDE-ETAS|||relative_plus_offset|2.674644421|synthetic|synthetic_data_case_01_patches|synthetic_earthquake|896.0915544|0.174644421|0|1037|0
1609|2017-06-16T12:42:35.176320|1.542026349|2.330216442|0.0|SOFIANE|SPDE-ETAS|||relative_plus_offset|3.1881326615|synthetic|synthetic_data_case_01_patches|synthetic_earthquake|897.5295738|0.6881326615|0|1038|0
1610|2017-06-21T00:11:43.762560|4.738243962|4.170756994|0.0|SOFIANE|SPDE-ETAS|||relative_plus_offset|2.6965572002|synthetic|synthetic_data_case_01_patches|synthetic_earthquake|902.0081454|0.1965572002|1412|897|1
1611|2017-06-21T19:17:25.339200|1.246492339|2.901834036|0.0|SOFIANE|SPDE-ETAS|||relative_plus_offset|3.4309070789|synthetic|synthetic_data_case_01_patches|synthetic_earthquake|902.8037655|0.9309070789|0|1039|0
1612|2017-06-23T04:39:54.587520|4.899155327|1.782370307|0.0|SOFIANE|SPDE-ETAS|||relative_plus_offset|2.53998451118|synthetic|synthetic_data_case_01_patches|synthetic_earthquake|904.1943818|0.03998451118|0|1040|0
1613|2017-06-24T04:38:55.965120|4.857047642|1.404273676|0.0|SOFIANE|SPDE-ETAS|||relative_plus_offset|2.777049821|synthetic|synthetic_data_case_01_patches|synthetic_earthquake|905.1937033|0.277049821|0|1041|0
1614|2017-06-24T14:05:25.379520|4.638951445|3.85103991|0.0|SOFIANE|SPDE-ETAS|||relative_plus_offset|4.848768729|synthetic|synthetic_data_case_01_patches|synthetic_earthquake|905.5870993|2.348768729|0|1042|0
1615|2017-06-24T14:06:57.473280|4.676673748|3.822674074|0.0|SOFIANE|SPDE-ETAS|||relative_plus_offset|3.0937288076|synthetic|synthetic_data_case_01_patches|synthetic_earthquake|905.5881652|0.5937288076|1614|1042|1
1616|2017-06-24T14:18:53.288640|4.641099595|3.838843315|0.0|SOFIANE|SPDE-ETAS|||relative_plus_offset|2.6965149658|synthetic|synthetic_data_case_01_patches|synthetic_earthquake|905.5964501|0.1965149658|1614|1042|1
1617|2017-06-24T17:21:16.056000|2.021204706|0.5562489088|0.0|SOFIANE|SPDE-ETAS|||relative_plus_offset|2.8382036435|synthetic|synthetic_data_case_01_patches|synthetic_earthquake|905.7231025|0.3382036435|0|1043|0
1618|2017-06-25T08:03:22.734719|4.738550196|3.977121282|0.0|SOFIANE|SPDE-ETAS|||relative_plus_offset|2.9289885412|synthetic|synthetic_data_case_01_patches|synthetic_earthquake|906.3356798|0.4289885412|1614|1042|1
1619|2017-06-25T12:25:00.448319|4.318748164|0.1777124659|0.0|SOFIANE|SPDE-ETAS|||relative_plus_offset|3.1160799849|synthetic|synthetic_data_case_01_patches|synthetic_earthquake|906.5173663|0.6160799849|0|1044|0
1620|2017-06-25T12:51:59.584320|4.760548169|3.97560718|0.0|SOFIANE|SPDE-ETAS|||relative_plus_offset|2.6734241082|synthetic|synthetic_data_case_01_patches|synthetic_earthquake|906.5361063|0.1734241082|1618|1042|2
1621|2017-06-25T16:46:06.072960|3.397745121|4.629741448|0.0|SOFIANE|SPDE-ETAS|||relative_plus_offset|3.78266479|synthetic|synthetic_data_case_01_patches|synthetic_earthquake|906.6986814|1.28266479|0|1045|0
1622|2017-06-25T20:26:36.306240|3.409400211|4.660466692|0.0|SOFIANE|SPDE-ETAS|||relative_plus_offset|3.0049953784|synthetic|synthetic_data_case_01_patches|synthetic_earthquake|906.8518091|0.5049953784|1621|1045|1
1623|2017-06-26T11:37:41.102400|4.591296903|3.845004359|0.0|SOFIANE|SPDE-ETAS|||relative_plus_offset|2.7782993011|synthetic|synthetic_data_case_01_patches|synthetic_earthquake|907.4845035|0.2782993011|1614|1042|1
1624|2017-06-26T13:49:17.967360|4.591240628|3.848814744|0.0|SOFIANE|SPDE-ETAS|||relative_plus_offset|3.3072379799|synthetic|synthetic_data_case_01_patches|synthetic_earthquake|907.5759024|0.8072379799|1623|1042|2
1625|2017-06-26T16:29:24.437760|0.9846065916|2.244571885|0.0|SOFIANE|SPDE-ETAS|||relative_plus_offset|3.0410611178|synthetic|synthetic_data_case_01_patches|synthetic_earthquake|907.6870884|0.5410611178|170|134|1
1626|2017-06-26T20:20:23.853120|4.313461103|0.154505109|0.0|SOFIANE|SPDE-ETAS|||relative_plus_offset|2.9526099919|synthetic|synthetic_data_case_01_patches|synthetic_earthquake|907.8474983|0.4526099919|1619|1044|1
1627|2017-06-27T20:36:31.196160|4.341758757|2.327916572|0.0|SOFIANE|SPDE-ETAS|||relative_plus_offset|2.7374480254|synthetic|synthetic_data_case_01_patches|synthetic_earthquake|908.8586944|0.2374480254|0|1046|0
1628|2017-06-28T20:41:57.563520|4.923839916|0.1633042691|0.0|SOFIANE|SPDE-ETAS|||relative_plus_offset|2.7712005047|synthetic|synthetic_data_case_01_patches|synthetic_earthquake|909.8624718|0.2712005047|0|1047|0
1629|2017-06-29T10:10:58.768320|1.76377208|2.995935734|0.0|SOFIANE|SPDE-ETAS|||relative_plus_offset|2.6586849496|synthetic|synthetic_data_case_01_patches|synthetic_earthquake|910.4242913|0.1586849496|0|1048|0
1630|2017-06-29T16:10:28.943040|4.484425034|2.374861396|0.0|SOFIANE|SPDE-ETAS|||relative_plus_offset|3.0094760036|synthetic|synthetic_data_case_01_patches|synthetic_earthquake|910.6739461|0.5094760036|0|1049|0
1631|2017-06-30T16:59:07.172160|2.397414497|1.39721798|0.0|SOFIANE|SPDE-ETAS|||relative_plus_offset|2.54130915456|synthetic|synthetic_data_case_01_patches|synthetic_earthquake|911.7077219|0.04130915456|0|1050|0
1632|2017-07-02T00:19:08.014080|4.608840276|3.817308203|0.0|SOFIANE|SPDE-ETAS|||relative_plus_offset|2.7565325951|synthetic|synthetic_data_case_01_patches|synthetic_earthquake|913.0132872|0.2565325951|1614|1042|1
1633|2017-07-02T03:43:43.579200|3.353119235|1.885908267|0.0|SOFIANE|SPDE-ETAS|||relative_plus_offset|2.8020709272|synthetic|synthetic_data_case_01_patches|synthetic_earthquake|913.1553655|0.3020709272|0|1051|0
1634|2017-07-02T14:28:13.169279|1.762194893|2.994127457|0.0|SOFIANE|SPDE-ETAS|||relative_plus_offset|2.8509140714|synthetic|synthetic_data_case_01_patches|synthetic_earthquake|913.6029302|0.3509140714|1629|1048|1
1635|2017-07-03T15:03:27.852480|3.173116388|1.187458183|0.0|SOFIANE|SPDE-ETAS|||relative_plus_offset|2.9467014176|synthetic|synthetic_data_case_01_patches|synthetic_earthquake|914.6274057|0.4467014176|0|1052|0
1636|2017-07-04T04:56:30.762240|2.929565105|2.363861237|0.0|SOFIANE|SPDE-ETAS|||relative_plus_offset|3.2167491574|synthetic|synthetic_data_case_01_patches|synthetic_earthquake|915.2059116|0.7167491574|0|1053|0
1637|2017-07-04T08:09:03.928320|2.398066701|3.955390253|0.0|SOFIANE|SPDE-ETAS|||relative_plus_offset|2.970073947|synthetic|synthetic_data_case_01_patches|synthetic_earthquake|915.3396288|0.470073947|0|1054|0
1638|2017-07-04T08:11:45.902400|2.434117264|4.00535616|0.0|SOFIANE|SPDE-ETAS|||relative_plus_offset|2.54444022858|synthetic|synthetic_data_case_01_patches|synthetic_earthquake|915.3415035|0.04444022858|1637|1054|1
1639|2017-07-05T06:59:53.928960|0.8411624919|2.634733396|0.0|SOFIANE|SPDE-ETAS|||relative_plus_offset|2.509542740196|synthetic|synthetic_data_case_01_patches|synthetic_earthquake|916.2915964|0.009542740196|0|1055|0
1640|2017-07-05T15:21:18.020160|3.140774101|2.335383933|0.0|SOFIANE|SPDE-ETAS|||relative_plus_offset|3.0652321021|synthetic|synthetic_data_case_01_patches|synthetic_earthquake|916.6397919|0.5652321021|0|1056|0
1641|2017-07-06T16:59:21.920640|2.942512278|2.368922321|0.0|SOFIANE|SPDE-ETAS|||relative_plus_offset|2.5354108286|synthetic|synthetic_data_case_01_patches|synthetic_earthquake|917.7078926|0.0354108286|1636|1053|1
1642|2017-07-09T10:41:17.911680|4.177044281|2.393083984|0.0|SOFIANE|SPDE-ETAS|||relative_plus_offset|4.407753527|synthetic|synthetic_data_case_01_patches|synthetic_earthquake|920.4453462|1.907753527|0|1057|0
1643|2017-07-09T11:16:46.876799|0.5022479794|3.184845991|0.0|SOFIANE|SPDE-ETAS|||relative_plus_offset|2.57265599899|synthetic|synthetic_data_case_01_patches|synthetic_earthquake|920.469987|0.07265599899|0|1058|0
1644|2017-07-09T11:32:30.442560|4.173665563|2.38684482|0.0|SOFIANE|SPDE-ETAS|||relative_plus_offset|3.4313835848|synthetic|synthetic_data_case_01_patches|synthetic_earthquake|920.4809079|0.9313835848|1642|1057|1
1645|2017-07-09T14:43:57.106560|2.28762984|0.09685311854|0.0|SOFIANE|SPDE-ETAS|||relative_plus_offset|2.6929739440000002|synthetic|synthetic_data_case_01_patches|synthetic_earthquake|920.6138554|0.192973944|0|1059|0
1646|2017-07-10T05:45:29.528640|3.896433259|1.820655515|0.0|SOFIANE|SPDE-ETAS|||relative_plus_offset|2.7852400009|synthetic|synthetic_data_case_01_patches|synthetic_earthquake|921.2399251|0.2852400009|0|1060|0
1647|2017-07-11T16:21:25.660800|4.144983051|2.410602183|0.0|SOFIANE|SPDE-ETAS|||relative_plus_offset|2.58469794234|synthetic|synthetic_data_case_01_patches|synthetic_earthquake|922.681547|0.08469794234|1642|1057|1
1648|2017-07-12T03:28:07.806720|1.691158167|0.6900569444|0.0|SOFIANE|SPDE-ETAS|||relative_plus_offset|3.4659273732|synthetic|synthetic_data_case_01_patches|synthetic_earthquake|923.1445348|0.9659273732|0|1061|0
1649|2017-07-12T03:33:05.584320|2.720038719|0.05420910581|0.0|SOFIANE|SPDE-ETAS|||relative_plus_offset|2.5935954093999998|synthetic|synthetic_data_case_01_patches|synthetic_earthquake|923.1479813|0.0935954094|0|1062|0
1650|2017-07-12T23:46:11.899200|2.76120236|1.691753377|0.0|SOFIANE|SPDE-ETAS|||relative_plus_offset|2.6227441525|synthetic|synthetic_data_case_01_patches|synthetic_earthquake|923.9904155|0.1227441525|0|1063|0
1651|2017-07-13T11:45:09.406080|2.262709154|1.803495697|0.0|SOFIANE|SPDE-ETAS|||relative_plus_offset|2.7011825229|synthetic|synthetic_data_case_01_patches|synthetic_earthquake|924.4896922|0.2011825229|0|1064|0
1652|2017-07-14T03:59:11.212800|2.021724583|2.843114024|0.0|SOFIANE|SPDE-ETAS|||relative_plus_offset|3.4186596579|synthetic|synthetic_data_case_01_patches|synthetic_earthquake|925.166102|0.9186596579|0|1065|0
1653|2017-07-15T12:15:17.447040|3.689746269|1.529292169|0.0|SOFIANE|SPDE-ETAS|||relative_plus_offset|2.7434254165|synthetic|synthetic_data_case_01_patches|synthetic_earthquake|926.5106186|0.2434254165|0|1066|0
1654|2017-07-15T13:23:35.632320|1.738013016|0.7122386734|0.0|SOFIANE|SPDE-ETAS|||relative_plus_offset|2.6837060628|synthetic|synthetic_data_case_01_patches|synthetic_earthquake|926.5580513|0.1837060628|1648|1061|1
1655|2017-07-15T16:57:22.913280|1.635943527|4.155975581|0.0|SOFIANE|SPDE-ETAS|||relative_plus_offset|2.6599586826|synthetic|synthetic_data_case_01_patches|synthetic_earthquake|926.7065152|0.1599586826|0|1067|0
1656|2017-07-16T01:32:22.447680|1.100527601|4.19195109|0.0|SOFIANE|SPDE-ETAS|||relative_plus_offset|2.7526902159|synthetic|synthetic_data_case_01_patches|synthetic_earthquake|927.0641487|0.2526902159|0|1068|0
1657|2017-07-16T21:44:43.661760|4.708555295|4.270525591|0.0|SOFIANE|SPDE-ETAS|||relative_plus_offset|2.7780971682|synthetic|synthetic_data_case_01_patches|synthetic_earthquake|927.9060609|0.2780971682|0|1069|0
1658|2017-07-17T03:14:40.096320|1.72467209|1.910362658|0.0|SOFIANE|SPDE-ETAS|||relative_plus_offset|2.56993749222|synthetic|synthetic_data_case_01_patches|synthetic_earthquake|928.1351863|0.06993749222|0|1070|0
1659|2017-07-17T14:03:28.437120|4.280273017|2.514574008|0.0|SOFIANE|SPDE-ETAS|||relative_plus_offset|2.7809471652|synthetic|synthetic_data_case_01_patches|synthetic_earthquake|928.5857458|0.2809471652|0|1071|0
1660|2017-07-19T18:12:34.565760|1.535869991|1.848075303|0.0|SOFIANE|SPDE-ETAS|||relative_plus_offset|2.6780159696|synthetic|synthetic_data_case_01_patches|synthetic_earthquake|930.7587334|0.1780159696|1601|1030|1
1661|2017-07-21T06:28:17.708160|4.206516667|1.557696255|0.0|SOFIANE|SPDE-ETAS|||relative_plus_offset|2.8561376364|synthetic|synthetic_data_case_01_patches|synthetic_earthquake|932.2696494|0.3561376364|0|1072|0
1662|2017-07-23T18:48:47.689920|2.90231195|3.185932544|0.0|SOFIANE|SPDE-ETAS|||relative_plus_offset|2.9899562297|synthetic|synthetic_data_case_01_patches|synthetic_earthquake|934.7838853|0.4899562297|1155|731|1
1663|2017-07-24T13:25:45.776639|4.484487388|1.510000953|0.0|SOFIANE|SPDE-ETAS|||relative_plus_offset|2.6253122127|synthetic|synthetic_data_case_01_patches|synthetic_earthquake|935.5595576|0.1253122127|0|1073|0
1664|2017-07-25T04:06:24.975359|4.255233794|2.626204505|0.0|SOFIANE|SPDE-ETAS|||relative_plus_offset|2.7584104814|synthetic|synthetic_data_case_01_patches|synthetic_earthquake|936.1711224|0.2584104814|0|1074|0
1665|2017-07-25T16:07:28.980480|4.280281003|2.700120531|0.0|SOFIANE|SPDE-ETAS|||relative_plus_offset|3.1590930098|synthetic|synthetic_data_case_01_patches|synthetic_earthquake|936.6718632|0.6590930098|0|1075|0
1666|2017-07-26T02:17:01.633920|2.550825729|2.771753853|0.0|SOFIANE|SPDE-ETAS|||relative_plus_offset|4.793202707|synthetic|synthetic_data_case_01_patches|synthetic_earthquake|937.0951578|2.293202707|0|1076|0
1667|2017-07-26T02:21:21.196800|2.519645256|2.861748021|0.0|SOFIANE|SPDE-ETAS|||relative_plus_offset|2.7120668233|synthetic|synthetic_data_case_01_patches|synthetic_earthquake|937.098162|0.2120668233|1666|1076|1
1668|2017-07-26T02:27:53.262720|2.566388815|2.751298289|0.0|SOFIANE|SPDE-ETAS|||relative_plus_offset|2.503728343938|synthetic|synthetic_data_case_01_patches|synthetic_earthquake|937.1026998|0.003728343938|1666|1076|1
1669|2017-07-26T02:28:57.993600|2.510868965|2.771988268|0.0|SOFIANE|SPDE-ETAS|||relative_plus_offset|3.2111369124999998|synthetic|synthetic_data_case_01_patches|synthetic_earthquake|937.103449|0.7111369125|1666|1076|1
1670|2017-07-26T03:44:29.613120|1.556997376|1.397503229|0.0|SOFIANE|SPDE-ETAS|||relative_plus_offset|3.0698716873|synthetic|synthetic_data_case_01_patches|synthetic_earthquake|937.1558983|0.5698716873|0|1077|0
1671|2017-07-26T05:40:16.466880|2.55438096|2.85595717|0.0|SOFIANE|SPDE-ETAS|||relative_plus_offset|2.6898822835|synthetic|synthetic_data_case_01_patches|synthetic_earthquake|937.2363017|0.1898822835|1666|1076|1
1672|2017-07-26T06:13:10.067520|2.528090395|2.812909815|0.0|SOFIANE|SPDE-ETAS|||relative_plus_offset|2.9388005432|synthetic|synthetic_data_case_01_patches|synthetic_earthquake|937.2591443|0.4388005432|1666|1076|1
1673|2017-07-27T11:18:32.889600|2.456514055|3.055488212|0.0|SOFIANE|SPDE-ETAS|||relative_plus_offset|2.776719758|synthetic|synthetic_data_case_01_patches|synthetic_earthquake|938.471214|0.276719758|1672|1076|2
1674|2017-07-27T13:37:02.280000|1.527549087|1.399383923|0.0|SOFIANE|SPDE-ETAS|||relative_plus_offset|2.9056814335|synthetic|synthetic_data_case_01_patches|synthetic_earthquake|938.5673875|0.4056814335|1670|1077|1
1675|2017-07-29T02:53:14.628480|4.470977587|0.1416068369|0.0|SOFIANE|SPDE-ETAS|||relative_plus_offset|2.8967937224|synthetic|synthetic_data_case_01_patches|synthetic_earthquake|940.1203082|0.3967937224|0|1078|0
1676|2017-07-29T06:42:27.184320|2.663501321|3.860628134|0.0|SOFIANE|SPDE-ETAS|||relative_plus_offset|2.9419108836|synthetic|synthetic_data_case_01_patches|synthetic_earthquake|940.2794813|0.4419108836|0|1079|0
1677|2017-07-29T15:01:12.826560|4.350834512|0.2698946298|0.0|SOFIANE|SPDE-ETAS|||relative_plus_offset|2.55070518817|synthetic|synthetic_data_case_01_patches|synthetic_earthquake|940.6258429|0.05070518817|1619|1044|1
1678|2017-07-29T16:56:54.738240|2.546165666|2.793697059|0.0|SOFIANE|SPDE-ETAS|||relative_plus_offset|2.7583995965|synthetic|synthetic_data_case_01_patches|synthetic_earthquake|940.7061891|0.2583995965|1666|1076|1
1679|2017-07-29T18:49:07.847040|2.573627873|2.789286112|0.0|SOFIANE|SPDE-ETAS|||relative_plus_offset|2.54024359527|synthetic|synthetic_data_case_01_patches|synthetic_earthquake|940.7841186|0.04024359527|1678|1076|2
1680|2017-07-29T23:23:19.703040|4.142080923|0.857692385|0.0|SOFIANE|SPDE-ETAS|||relative_plus_offset|2.54083793359|synthetic|synthetic_data_case_01_patches|synthetic_earthquake|940.9745336|0.04083793359|0|1080|0
1681|2017-07-30T12:58:01.202880|4.335024448|0.2797847711|0.0|SOFIANE|SPDE-ETAS|||relative_plus_offset|2.9287225071|synthetic|synthetic_data_case_01_patches|synthetic_earthquake|941.5402917|0.4287225071|1677|1044|2
1682|2017-07-30T18:52:14.436480|2.50575416|2.801988783|0.0|SOFIANE|SPDE-ETAS|||relative_plus_offset|3.039117848|synthetic|synthetic_data_case_01_patches|synthetic_earthquake|941.7862782|0.539117848|1672|1076|2
1683|2017-07-30T21:04:21.446400|2.434256352|2.007074784|0.0|SOFIANE|SPDE-ETAS|||relative_plus_offset|3.75061133|synthetic|synthetic_data_case_01_patches|synthetic_earthquake|941.878026|1.25061133|0|1081|0
1684|2017-07-31T01:22:14.960640|2.428205334|2.020213739|0.0|SOFIANE|SPDE-ETAS|||relative_plus_offset|4.067580144|synthetic|synthetic_data_case_01_patches|synthetic_earthquake|942.0571176|1.567580144|1683|1081|1
1685|2017-07-31T01:57:20.208960|2.708365637|1.95956037|0.0|SOFIANE|SPDE-ETAS|||relative_plus_offset|2.53622655854|synthetic|synthetic_data_case_01_patches|synthetic_earthquake|942.0814839|0.03622655854|1684|1081|2
1686|2017-07-31T05:29:16.396800|2.376325811|2.005244733|0.0|SOFIANE|SPDE-ETAS|||relative_plus_offset|2.7593669637|synthetic|synthetic_data_case_01_patches|synthetic_earthquake|942.228662|0.2593669637|1684|1081|2
1687|2017-07-31T06:47:48.454080|2.382161846|2.0001275|0.0|SOFIANE|SPDE-ETAS|||relative_plus_offset|2.59651552031|synthetic|synthetic_data_case_01_patches|synthetic_earthquake|942.2831997|0.09651552031|1686|1081|3
1688|2017-07-31T15:53:52.206720|3.553669805|4.635340913|0.0|SOFIANE|SPDE-ETAS|||relative_plus_offset|2.8004866645|synthetic|synthetic_data_case_01_patches|synthetic_earthquake|942.6624098|0.3004866645|0|1082|0
1689|2017-07-31T16:46:09.762240|3.481624582|4.567245416|0.0|SOFIANE|SPDE-ETAS|||relative_plus_offset|2.9720950089000002|synthetic|synthetic_data_case_01_patches|synthetic_earthquake|942.6987241|0.4720950089|1688|1082|1
1690|2017-08-02T14:14:20.463360|2.336052326|0.7559786838|0.0|SOFIANE|SPDE-ETAS|||relative_plus_offset|2.7362107545|synthetic|synthetic_data_case_01_patches|synthetic_earthquake|944.5932924|0.2362107545|0|1083|0
1691|2017-08-02T15:28:26.227200|4.685491663|3.821879783|0.0|SOFIANE|SPDE-ETAS|||relative_plus_offset|2.59114044721|synthetic|synthetic_data_case_01_patches|synthetic_earthquake|944.644748|0.09114044721|1615|1042|2
1692|2017-08-04T12:42:56.361600|4.216348923|2.359471102|0.0|SOFIANE|SPDE-ETAS|||relative_plus_offset|3.4449154431|synthetic|synthetic_data_case_01_patches|synthetic_earthquake|946.529819|0.9449154431|1642|1057|1
1693|2017-08-05T04:17:39.465600|2.603463983|2.864820756|0.0|SOFIANE|SPDE-ETAS|||relative_plus_offset|2.55274650962|synthetic|synthetic_data_case_01_patches|synthetic_earthquake|947.178929|0.05274650962|1669|1076|2
1694|2017-08-05T05:28:12.469440|2.54690158|2.76996903|0.0|SOFIANE|SPDE-ETAS|||relative_plus_offset|2.6970233345|synthetic|synthetic_data_case_01_patches|synthetic_earthquake|947.2279221|0.1970233345|1666|1076|1
1695|2017-08-05T06:50:15.515519|2.461750837|0.7134071447|0.0|SOFIANE|SPDE-ETAS|||relative_plus_offset|2.5856961106|synthetic|synthetic_data_case_01_patches|synthetic_earthquake|947.2849018|0.0856961106|0|1084|0
1696|2017-08-05T22:50:36.375359|1.918164672|2.249245633|0.0|SOFIANE|SPDE-ETAS|||relative_plus_offset|2.8809578283|synthetic|synthetic_data_case_01_patches|synthetic_earthquake|947.9518099|0.3809578283|0|1085|0
1697|2017-08-07T22:37:42.559680|1.790018401|0.6084496141|0.0|SOFIANE|SPDE-ETAS|||relative_plus_offset|2.6204338645|synthetic|synthetic_data_case_01_patches|synthetic_earthquake|949.9428537|0.1204338645|0|1086|0
1698|2017-08-08T11:00:16.534080|2.555572663|2.777280273|0.0|SOFIANE|SPDE-ETAS|||relative_plus_offset|2.6581830869|synthetic|synthetic_data_case_01_patches|synthetic_earthquake|950.4585247|0.1581830869|1666|1076|1
1699|2017-08-08T18:39:51.197760|1.63497431|0.6413663692|0.0|SOFIANE|SPDE-ETAS|||relative_plus_offset|3.821923842|synthetic|synthetic_data_case_01_patches|synthetic_earthquake|950.7776759|1.321923842|0|1087|0
1700|2017-08-08T21:12:50.031360|1.637826825|0.6442292107|0.0|SOFIANE|SPDE-ETAS|||relative_plus_offset|2.8311507549|synthetic|synthetic_data_case_01_patches|synthetic_earthquake|950.8839124|0.3311507549|1699|1087|1
1701|2017-08-08T21:37:06.070080|1.624532837|0.6134031664|0.0|SOFIANE|SPDE-ETAS|||relative_plus_offset|2.6665252062|synthetic|synthetic_data_case_01_patches|synthetic_earthquake|950.9007647|0.1665252062|1700|1087|2
1702|2017-08-09T23:17:26.707200|2.515059011|2.891064897|0.0|SOFIANE|SPDE-ETAS|||relative_plus_offset|2.9679254415|synthetic|synthetic_data_case_01_patches|synthetic_earthquake|951.970448|0.4679254415|1698|1076|2
1703|2017-08-10T15:20:28.098240|4.658791585|4.562476634|0.0|SOFIANE|SPDE-ETAS|||relative_plus_offset|2.6594661538|synthetic|synthetic_data_case_01_patches|synthetic_earthquake|952.6392141|0.1594661538|0|1088|0
1704|2017-08-10T15:55:13.872000|1.470015803|0.4029585863|0.0|SOFIANE|SPDE-ETAS|||relative_plus_offset|2.8885365137|synthetic|synthetic_data_case_01_patches|synthetic_earthquake|952.663355|0.3885365137|1699|1087|1
1705|2017-08-11T15:28:46.444800|4.635806072|3.810425713|0.0|SOFIANE|SPDE-ETAS|||relative_plus_offset|3.097706868|synthetic|synthetic_data_case_01_patches|synthetic_earthquake|953.644982|0.597706868|1614|1042|1
1706|2017-08-13T17:52:10.735679|2.431350757|2.753464244|0.0|SOFIANE|SPDE-ETAS|||relative_plus_offset|2.7903688199|synthetic|synthetic_data_case_01_patches|synthetic_earthquake|955.7445687|0.2903688199|0|1089|0
1707|2017-08-14T00:36:28.719360|3.712464539|1.563160601|0.0|SOFIANE|SPDE-ETAS|||relative_plus_offset|5.002211581|synthetic|synthetic_data_case_01_patches|synthetic_earthquake|956.0253324|2.502211581|0|1090|0
1708|2017-08-14T02:07:15.375360|3.635004605|1.504695697|0.0|SOFIANE|SPDE-ETAS|||relative_plus_offset|2.7697214085|synthetic|synthetic_data_case_01_patches|synthetic_earthquake|956.0883724|0.2697214085|1707|1090|1
1709|2017-08-14T03:01:40.189440|3.665890892|1.555246934|0.0|SOFIANE|SPDE-ETAS|||relative_plus_offset|2.9110242177|synthetic|synthetic_data_case_01_patches|synthetic_earthquake|956.1261596|0.4110242177|1707|1090|1
1710|2017-08-14T09:05:22.306560|3.632868608|1.427760658|0.0|SOFIANE|SPDE-ETAS|||relative_plus_offset|2.979398318|synthetic|synthetic_data_case_01_patches|synthetic_earthquake|956.3787304|0.479398318|1707|1090|1
1711|2017-08-14T11:54:42.747840|3.716905467|1.502855257|0.0|SOFIANE|SPDE-ETAS|||relative_plus_offset|2.8284056019|synthetic|synthetic_data_case_01_patches|synthetic_earthquake|956.4963281|0.3284056019|1707|1090|1
1712|2017-08-14T12:44:59.274240|3.831337062|1.866085948|0.0|SOFIANE|SPDE-ETAS|||relative_plus_offset|4.079317562|synthetic|synthetic_data_case_01_patches|synthetic_earthquake|956.5312416|1.579317562|0|1091|0
1713|2017-08-14T13:07:09.048000|3.749352322|1.493463898|0.0|SOFIANE|SPDE-ETAS|||relative_plus_offset|2.6655013948|synthetic|synthetic_data_case_01_patches|synthetic_earthquake|956.5466325|0.1655013948|1711|1090|2
1714|2017-08-14T14:00:14.503680|3.799367254|1.839510547|0.0|SOFIANE|SPDE-ETAS|||relative_plus_offset|3.7168921939999997|synthetic|synthetic_data_case_01_patches|synthetic_earthquake|956.5835012|1.216892194|1712|1091|1
1715|2017-08-14T21:48:18.573120|1.97535567|2.796960085|0.0|SOFIANE|SPDE-ETAS|||relative_plus_offset|2.7122147605|synthetic|synthetic_data_case_01_patches|synthetic_earthquake|956.9085483|0.2122147605|0|1092|0
1716|2017-08-14T23:06:20.347200|3.703818435|1.584371853|0.0|SOFIANE|SPDE-ETAS|||relative_plus_offset|3.0287775553|synthetic|synthetic_data_case_01_patches|synthetic_earthquake|956.9627355|0.5287775553|1707|1090|1
1717|2017-08-15T08:58:57.368640|3.694117143|1.575423091|0.0|SOFIANE|SPDE-ETAS|||relative_plus_offset|3.0296473949|synthetic|synthetic_data_case_01_patches|synthetic_earthquake|957.3742751|0.5296473949|1716|1090|2
1718|2017-08-16T04:40:44.267520|4.646752851|2.682685464|0.0|SOFIANE|SPDE-ETAS|||relative_plus_offset|2.8892905158|synthetic|synthetic_data_case_01_patches|synthetic_earthquake|958.1949568|0.3892905158|0|1093|0
1719|2017-08-16T12:14:03.203520|1.970035932|1.024488778|0.0|SOFIANE|SPDE-ETAS|||relative_plus_offset|2.6473307042|synthetic|synthetic_data_case_01_patches|synthetic_earthquake|958.5097593|0.1473307042|0|1094|0
1720|2017-08-16T13:23:45.326400|2.935265491|1.44585691|0.0|SOFIANE|SPDE-ETAS|||relative_plus_offset|2.56555970784|synthetic|synthetic_data_case_01_patches|synthetic_earthquake|958.5581635|0.06555970784|0|1095|0
1721|2017-08-16T18:49:12.599040|4.184466329|2.518422038|0.0|SOFIANE|SPDE-ETAS|||relative_plus_offset|2.838884945|synthetic|synthetic_data_case_01_patches|synthetic_earthquake|958.7841736|0.338884945|0|1096|0
1722|2017-08-16T21:33:06.050880|1.639578616|0.6511088368|0.0|SOFIANE|SPDE-ETAS|||relative_plus_offset|3.3167106709|synthetic|synthetic_data_case_01_patches|synthetic_earthquake|958.8979867|0.8167106709|1700|1087|2
1723|2017-08-17T21:30:05.673600|2.818025766|0.8536724697|0.0|SOFIANE|SPDE-ETAS|||relative_plus_offset|2.50693109917|synthetic|synthetic_data_case_01_patches|synthetic_earthquake|959.895899|0.00693109917|0|1097|0
1724|2017-08-17T23:24:55.200960|0.8779938368|1.797429766|0.0|SOFIANE|SPDE-ETAS|||relative_plus_offset|2.8330779209|synthetic|synthetic_data_case_01_patches|synthetic_earthquake|959.9756389|0.3330779209|0|1098|0
1725|2017-08-18T06:37:04.126080|4.735403226|1.312256507|0.0|SOFIANE|SPDE-ETAS|||relative_plus_offset|2.9079786116|synthetic|synthetic_data_case_01_patches|synthetic_earthquake|960.2757422|0.4079786116|0|1099|0
1726|2017-08-19T04:38:58.660800|4.629379739|3.76895192|0.0|SOFIANE|SPDE-ETAS|||relative_plus_offset|3.1190100976|synthetic|synthetic_data_case_01_patches|synthetic_earthquake|961.1937345|0.6190100976|1614|1042|1
1727|2017-08-19T08:15:39.277440|4.622647726|3.793955926|0.0|SOFIANE|SPDE-ETAS|||relative_plus_offset|3.0426872445|synthetic|synthetic_data_case_01_patches|synthetic_earthquake|961.3442046|0.5426872445|1726|1042|2
1728|2017-08-19T11:04:13.261440|3.653225344|1.525453972|0.0|SOFIANE|SPDE-ETAS|||relative_plus_offset|3.3845758743|synthetic|synthetic_data_case_01_patches|synthetic_earthquake|961.4612646|0.8845758743|1707|1090|1
1729|2017-08-19T11:51:11.249280|4.616774678|3.792677955|0.0|SOFIANE|SPDE-ETAS|||relative_plus_offset|2.6304715968|synthetic|synthetic_data_case_01_patches|synthetic_earthquake|961.4938802|0.1304715968|1727|1042|3
1730|2017-08-20T23:18:19.316160|4.656024199|0.2827125842|0.0|SOFIANE|SPDE-ETAS|||relative_plus_offset|2.7767640127|synthetic|synthetic_data_case_01_patches|synthetic_earthquake|962.9710569|0.2767640127|0|1100|0
1731|2017-08-21T23:18:43.292160|3.832922523|0.7957146539|0.0|SOFIANE|SPDE-ETAS|||relative_plus_offset|3.1643578378|synthetic|synthetic_data_case_01_patches|synthetic_earthquake|963.9713344|0.6643578378|0|1101|0
1732|2017-08-22T08:12:11.675520|2.016803772|1.730248879|0.0|SOFIANE|SPDE-ETAS|||relative_plus_offset|2.9426652604|synthetic|synthetic_data_case_01_patches|synthetic_earthquake|964.3418018|0.4426652604|0|1102|0
1733|2017-08-22T13:56:07.581120|1.884869111|0.9718288437|0.0|SOFIANE|SPDE-ETAS|||relative_plus_offset|3.2010508432|synthetic|synthetic_data_case_01_patches|synthetic_earthquake|964.5806433|0.7010508432|0|1103|0
1734|2017-08-22T21:45:39.916800|4.408301742|1.21605101|0.0|SOFIANE|SPDE-ETAS|||relative_plus_offset|2.6946557447|synthetic|synthetic_data_case_01_patches|synthetic_earthquake|964.906712|0.1946557447|1554|997|1
1735|2017-08-22T21:58:44.325120|3.476884032|1.015856545|0.0|SOFIANE|SPDE-ETAS|||relative_plus_offset|2.54289560635|synthetic|synthetic_data_case_01_patches|synthetic_earthquake|964.9157908|0.04289560635|0|1104|0
1736|2017-08-23T09:26:15.996480|3.494127065|1.655664599|0.0|SOFIANE|SPDE-ETAS|||relative_plus_offset|3.3045709812|synthetic|synthetic_data_case_01_patches|synthetic_earthquake|965.3932407|0.8045709812|0|1105|0
1737|2017-08-23T17:41:46.478400|1.762254619|1.227005285|0.0|SOFIANE|SPDE-ETAS|||relative_plus_offset|2.53337175946|synthetic|synthetic_data_case_01_patches|synthetic_earthquake|965.7373435|0.03337175946|0|1106|0
1738|2017-08-24T11:10:30.630720|4.954163655|0.9392099134|0.0|SOFIANE|SPDE-ETAS|||relative_plus_offset|2.6099572388|synthetic|synthetic_data_case_01_patches|synthetic_earthquake|966.4656323|0.1099572388|0|1107|0
1739|2017-08-24T13:19:01.597440|1.915535272|0.7437126647|0.0|SOFIANE|SPDE-ETAS|||relative_plus_offset|2.8374241074|synthetic|synthetic_data_case_01_patches|synthetic_earthquake|966.5548796|0.3374241074|0|1108|0
1740|2017-08-24T15:53:42.840960|3.573789682|0.09803154701|0.0|SOFIANE|SPDE-ETAS|||relative_plus_offset|2.6872487052|synthetic|synthetic_data_case_01_patches|synthetic_earthquake|966.6623014|0.1872487052|0|1109|0
1741|2017-08-24T18:46:53.659200|4.714686783|2.035268733|0.0|SOFIANE|SPDE-ETAS|||relative_plus_offset|2.52660284565|synthetic|synthetic_data_case_01_patches|synthetic_earthquake|966.7825655|0.02660284565|0|1110|0
1742|2017-08-25T01:06:43.473600|2.543252583|1.114530109|0.0|SOFIANE|SPDE-ETAS|||relative_plus_offset|2.9396214037|synthetic|synthetic_data_case_01_patches|synthetic_earthquake|967.0463365|0.4396214037|0|1111|0
1743|2017-08-26T14:54:04.420799|3.458288273|1.95889414|0.0|SOFIANE|SPDE-ETAS|||relative_plus_offset|3.95336348|synthetic|synthetic_data_case_01_patches|synthetic_earthquake|968.6208845|1.45336348|0|1112|0
1744|2017-08-26T16:03:56.661120|3.463098516|1.968827056|0.0|SOFIANE|SPDE-ETAS|||relative_plus_offset|3.1328890644|synthetic|synthetic_data_case_01_patches|synthetic_earthquake|968.6694058|0.6328890644|1743|1112|1
1745|2017-08-26T23:34:56.389440|3.475852409|1.948157477|0.0|SOFIANE|SPDE-ETAS|||relative_plus_offset|2.54997534118|synthetic|synthetic_data_case_01_patches|synthetic_earthquake|968.9825971|0.04997534118|1743|1112|1
1746|2017-08-27T20:46:42.960000|4.111359955|3.873742936|0.0|SOFIANE|SPDE-ETAS|||relative_plus_offset|2.6026552847|synthetic|synthetic_data_case_01_patches|synthetic_earthquake|969.865775|0.1026552847|0|1113|0
1747|2017-08-28T01:06:20.845440|4.061941261|1.907885813|0.0|SOFIANE|SPDE-ETAS|||relative_plus_offset|2.6368555609|synthetic|synthetic_data_case_01_patches|synthetic_earthquake|970.0460746|0.1368555609|0|1114|0
1748|2017-08-30T15:15:05.264639|2.089549168|1.785535323|0.0|SOFIANE|SPDE-ETAS|||relative_plus_offset|2.836805251|synthetic|synthetic_data_case_01_patches|synthetic_earthquake|972.6354776|0.336805251|0|1115|0
1749|2017-08-30T18:15:11.865599|3.708842102|1.586986648|0.0|SOFIANE|SPDE-ETAS|||relative_plus_offset|3.3223007226|synthetic|synthetic_data_case_01_patches|synthetic_earthquake|972.760554|0.8223007226|1707|1090|1
1750|2017-08-31T23:47:55.985280|2.388190359|2.005432384|0.0|SOFIANE|SPDE-ETAS|||relative_plus_offset|2.7577550025|synthetic|synthetic_data_case_01_patches|synthetic_earthquake|973.9916202|0.2577550025|1686|1081|3
1751|2017-09-01T08:21:00.901440|2.386223782|2.001038104|0.0|SOFIANE|SPDE-ETAS|||relative_plus_offset|2.630143829|synthetic|synthetic_data_case_01_patches|synthetic_earthquake|974.3479271|0.130143829|1750|1081|4
1752|2017-09-02T08:20:19.645440|2.638107307|2.800029506|0.0|SOFIANE|SPDE-ETAS|||relative_plus_offset|3.2283520378|synthetic|synthetic_data_case_01_patches|synthetic_earthquake|975.3474496|0.7283520378|0|1116|0
1753|2017-09-02T20:01:27.762240|3.115526048|1.215733538|0.0|SOFIANE|SPDE-ETAS|||relative_plus_offset|2.5534456740099998|synthetic|synthetic_data_case_01_patches|synthetic_earthquake|975.8343491|0.05344567401|0|1117|0
1754|2017-09-03T02:32:29.777280|2.219597293|2.716478233|0.0|SOFIANE|SPDE-ETAS|||relative_plus_offset|2.51827269172|synthetic|synthetic_data_case_01_patches|synthetic_earthquake|976.1059002|0.01827269172|0|1118|0
1755|2017-09-03T21:48:22.832640|2.693065282|0.5157898049|0.0|SOFIANE|SPDE-ETAS|||relative_plus_offset|2.7111763816|synthetic|synthetic_data_case_01_patches|synthetic_earthquake|976.9085976|0.2111763816|0|1119|0
1756|2017-09-05T01:36:55.938240|3.796250269|0.6498370634|0.0|SOFIANE|SPDE-ETAS|||relative_plus_offset|2.6160018886|synthetic|synthetic_data_case_01_patches|synthetic_earthquake|978.0673141|0.1160018886|0|1120|0
1757|2017-09-06T14:22:35.941439|3.992822293|0.3261744129|0.0|SOFIANE|SPDE-ETAS|||relative_plus_offset|3.3506835992|synthetic|synthetic_data_case_01_patches|synthetic_earthquake|979.5990271|0.8506835992|0|1121|0
1758|2017-09-08T11:40:19.508160|1.749198031|0.4890690867|0.0|SOFIANE|SPDE-ETAS|||relative_plus_offset|2.7356835287|synthetic|synthetic_data_case_01_patches|synthetic_earthquake|981.4863369|0.2356835287|1576|1012|1
1759|2017-09-08T12:42:57.821760|1.757004782|0.5076963173|0.0|SOFIANE|SPDE-ETAS|||relative_plus_offset|2.6164961423|synthetic|synthetic_data_case_01_patches|synthetic_earthquake|981.5298359|0.1164961423|1758|1012|2
1760|2017-09-09T01:53:47.077440|4.089265531|1.929473926|0.0|SOFIANE|SPDE-ETAS|||relative_plus_offset|2.58795729314|synthetic|synthetic_data_case_01_patches|synthetic_earthquake|982.0790171|0.08795729314|0|1122|0
1761|2017-09-10T03:22:05.401920|4.711170165|4.912032856|0.0|SOFIANE|SPDE-ETAS|||relative_plus_offset|2.8272620981|synthetic|synthetic_data_case_01_patches|synthetic_earthquake|983.1403403|0.3272620981|0|1123|0
1762|2017-09-10T09:47:48.523200|1.846457095|2.550471253|0.0|SOFIANE|SPDE-ETAS|||relative_plus_offset|2.6943403024|synthetic|synthetic_data_case_01_patches|synthetic_earthquake|983.4082005|0.1943403024|0|1124|0
1763|2017-09-10T15:48:37.719360|1.836864271|2.615213459|0.0|SOFIANE|SPDE-ETAS|||relative_plus_offset|3.0245883457|synthetic|synthetic_data_case_01_patches|synthetic_earthquake|983.6587699|0.5245883457|0|1125|0
1764|2017-09-11T14:00:48.821760|0.2944419732|4.407571143|0.0|SOFIANE|SPDE-ETAS|||relative_plus_offset|2.6399642278|synthetic|synthetic_data_case_01_patches|synthetic_earthquake|984.5838984|0.1399642278|0|1126|0
1765|2017-09-11T22:07:27.062400|4.074447387|0.3901591198|0.0|SOFIANE|SPDE-ETAS|||relative_plus_offset|3.2539841184|synthetic|synthetic_data_case_01_patches|synthetic_earthquake|984.921841|0.7539841184|0|1127|0
1766|2017-09-12T09:08:52.655999|4.766799324|2.511253923|0.0|SOFIANE|SPDE-ETAS|||relative_plus_offset|2.51852050026|synthetic|synthetic_data_case_01_patches|synthetic_earthquake|985.381165|0.01852050026|0|1128|0
1767|2017-09-13T01:09:29.871359|4.056415369|1.922993255|0.0|SOFIANE|SPDE-ETAS|||relative_plus_offset|3.3652788466|synthetic|synthetic_data_case_01_patches|synthetic_earthquake|986.0482624|0.8652788466|1747|1114|1
1768|2017-09-13T08:21:56.793600|0.427128407|2.228399536|0.0|SOFIANE|SPDE-ETAS|||relative_plus_offset|2.657555849|synthetic|synthetic_data_case_01_patches|synthetic_earthquake|986.348574|0.157555849|0|1129|0
1769|2017-09-15T12:19:36.405120|3.969999158|1.364385218|0.0|SOFIANE|SPDE-ETAS|||relative_plus_offset|2.52342983275|synthetic|synthetic_data_case_01_patches|synthetic_earthquake|988.5136158|0.02342983275|0|1130|0
1770|2017-09-16T09:44:01.256640|1.354810304|1.438670092|0.0|SOFIANE|SPDE-ETAS|||relative_plus_offset|3.4828281607|synthetic|synthetic_data_case_01_patches|synthetic_earthquake|989.4055701|0.9828281607|0|1131|0
1771|2017-09-17T11:29:00.888000|4.8875965|2.654794353|0.0|SOFIANE|SPDE-ETAS|||relative_plus_offset|2.9930296285|synthetic|synthetic_data_case_01_patches|synthetic_earthquake|990.4784825|0.4930296285|0|1132|0
1772|2017-09-17T19:33:24.845760|2.983983241|1.095003647|0.0|SOFIANE|SPDE-ETAS|||relative_plus_offset|3.3010958509|synthetic|synthetic_data_case_01_patches|synthetic_earthquake|990.8148709|0.8010958509|0|1133|0
1773|2017-09-18T09:37:31.368000|4.912668419|0.7061585758|0.0|SOFIANE|SPDE-ETAS|||relative_plus_offset|2.7734182461|synthetic|synthetic_data_case_01_patches|synthetic_earthquake|991.4010575|0.2734182461|0|1134|0
1774|2017-09-19T01:48:39.294720|4.646568422|1.133184551|0.0|SOFIANE|SPDE-ETAS|||relative_plus_offset|3.0132977152000002|synthetic|synthetic_data_case_01_patches|synthetic_earthquake|992.0754548|0.5132977152|0|1135|0
1775|2017-09-19T02:28:19.407360|4.072419363|1.085213747|0.0|SOFIANE|SPDE-ETAS|||relative_plus_offset|2.6020213118|synthetic|synthetic_data_case_01_patches|synthetic_earthquake|992.1030024|0.1020213118|0|1136|0
1776|2017-09-19T14:25:17.932800|2.079009335|2.74195924|0.0|SOFIANE|SPDE-ETAS|||relative_plus_offset|2.8201260239|synthetic|synthetic_data_case_01_patches|synthetic_earthquake|992.600902|0.3201260239|0|1137|0
1777|2017-09-20T17:56:54.127680|3.765756312|1.860386478|0.0|SOFIANE|SPDE-ETAS|||relative_plus_offset|4.849168095|synthetic|synthetic_data_case_01_patches|synthetic_earthquake|993.7478487|2.349168095|0|1138|0
1778|2017-09-20T18:53:35.531520|3.810729943|1.98626983|0.0|SOFIANE|SPDE-ETAS|||relative_plus_offset|3.2328611788|synthetic|synthetic_data_case_01_patches|synthetic_earthquake|993.7872168|0.7328611788|1777|1138|1
1779|2017-09-20T22:30:31.847040|3.716031664|2.183163638|0.0|SOFIANE|SPDE-ETAS|||relative_plus_offset|2.7525693227|synthetic|synthetic_data_case_01_patches|synthetic_earthquake|993.9378686|0.2525693227|1777|1138|1
1780|2017-09-21T00:30:37.002239|3.796081226|2.009927914|0.0|SOFIANE|SPDE-ETAS|||relative_plus_offset|3.2151097438000003|synthetic|synthetic_data_case_01_patches|synthetic_earthquake|994.0212616|0.7151097438|1778|1138|2
1781|2017-09-21T06:53:38.495040|3.1429943|1.207833375|0.0|SOFIANE|SPDE-ETAS|||relative_plus_offset|2.782487246|synthetic|synthetic_data_case_01_patches|synthetic_earthquake|994.2872511|0.282487246|0|1139|0
1782|2017-09-21T07:28:17.192640|2.083805746|2.748131232|0.0|SOFIANE|SPDE-ETAS|||relative_plus_offset|2.8778754288|synthetic|synthetic_data_case_01_patches|synthetic_earthquake|994.3113101|0.3778754288|1776|1137|1
1783|2017-09-21T12:34:29.245440|2.898965699|3.16160872|0.0|SOFIANE|SPDE-ETAS|||relative_plus_offset|2.57145378233|synthetic|synthetic_data_case_01_patches|synthetic_earthquake|994.5239496|0.07145378233|1662|731|2
1784|2017-09-23T12:20:16.226880|3.746611153|1.906165271|0.0|SOFIANE|SPDE-ETAS|||relative_plus_offset|2.7960551877|synthetic|synthetic_data_case_01_patches|synthetic_earthquake|996.5140767|0.2960551877|1777|1138|1
1785|2017-09-23T13:37:29.435520|3.747000341|1.905019098|0.0|SOFIANE|SPDE-ETAS|||relative_plus_offset|3.2941452345|synthetic|synthetic_data_case_01_patches|synthetic_earthquake|996.5677018|0.7941452345|1784|1138|2
1786|2017-09-23T14:32:49.381440|3.761948461|0.2366353283|0.0|SOFIANE|SPDE-ETAS|||relative_plus_offset|2.7637315138|synthetic|synthetic_data_case_01_patches|synthetic_earthquake|996.6061271|0.2637315138|0|1140|0
1787|2017-09-25T17:45:03.764160|3.921077418|1.707480044|0.0|SOFIANE|SPDE-ETAS|||relative_plus_offset|2.53624702678|synthetic|synthetic_data_case_01_patches|synthetic_earthquake|998.7396269|0.03624702678|1777|1138|1
