#EventID|Time|Latitude|Longitude|Depth/Km|Author|Catalog|Contributor|ContributorID|MagType|Magnitude|MagAuthor|EventLocationName|EventType|sofiane_time|sofiane_mag_relative|sofiane_parent_id|sofiane_cluster_id|sofiane_generation
1|2015-01-01T00:00:00.000000|1.474374168|1.069199729|0.0|SOFIANE|SPDE-ETAS|||relative_plus_offset|2.51896458648|synthetic|synthetic_data_case02_three_faults|synthetic_earthquake|0.0|0.01896458648|0|1|0
2|2015-01-01T13:24:50.398819|4.747133003|1.864698012|0.0|SOFIANE|SPDE-ETAS|||relative_plus_offset|3.1904236127|synthetic|synthetic_data_case02_three_faults|synthetic_earthquake|0.558916653|0.6904236127|0|2|0
3|2015-01-01T13:26:56.751881|4.730426906|1.862802508|0.0|SOFIANE|SPDE-ETAS|||relative_plus_offset|2.54524667049|synthetic|synthetic_data_case02_three_faults|synthetic_earthquake|0.5603790727|0.04524667049|2|2|1
4|2015-01-01T15:31:04.472878|2.414793839|1.204367085|0.0|SOFIANE|SPDE-ETAS|||relative_plus_offset|2.59083679442|synthetic|synthetic_data_case02_three_faults|synthetic_earthquake|0.6465795472|0.09083679442|0|3|0
5|2015-01-03T03:30:50.264812|3.245919797|0.4407572646|0.0|SOFIANE|SPDE-ETAS|||relative_plus_offset|2.51064178119|synthetic|synthetic_data_case02_three_faults|synthetic_earthquake|2.146415102|0.01064178119|0|4|0
6|2015-01-03T09:44:35.891030|0.4076216584|2.457423868|0.0|SOFIANE|SPDE-ETAS|||relative_plus_offset|2.54005221839|synthetic|synthetic_data_case02_three_faults|synthetic_earthquake|2.405970961|0.04005221839|0|5|0
7|2015-01-03T14:12:55.050652|2.472954187|2.148397362|0.0|SOFIANE|SPDE-ETAS|||relative_plus_offset|4.0329494409999995|synthetic|synthetic_data_case02_three_faults|synthetic_earthquake|2.592303827|1.532949441|0|6|0
8|2015-01-03T18:00:53.090553|2.493923607|2.165787887|0.0|SOFIANE|SPDE-ETAS|||relative_plus_offset|2.6474342859|synthetic|synthetic_data_case02_three_faults|synthetic_earthquake|2.750614474|0.1474342859|7|6|1
9|2015-01-04T03:04:17.133571|0.6070996391|3.630037366|0.0|SOFIANE|SPDE-ETAS|||relative_plus_offset|2.9478922618|synthetic|synthetic_data_case02_three_faults|synthetic_earthquake|3.127976083|0.4478922618|0|7|0
10|2015-01-04T04:35:37.442457|0.594400568|3.638767845|0.0|SOFIANE|SPDE-ETAS|||relative_plus_offset|3.3525542498|synthetic|synthetic_data_case02_three_faults|synthetic_earthquake|3.191405584|0.8525542498|9|7|1
11|2015-01-04T05:46:45.578092|0.5550479525|3.617649415|0.0|SOFIANE|SPDE-ETAS|||relative_plus_offset|3.601309322|synthetic|synthetic_data_case02_three_faults|synthetic_earthquake|3.240805302|1.101309322|10|7|2
12|2015-01-04T06:21:56.901801|0.7212110279|3.56563496|0.0|SOFIANE|SPDE-ETAS|||relative_plus_offset|3.2312321851|synthetic|synthetic_data_case02_three_faults|synthetic_earthquake|3.265241919|0.7312321851|11|7|3
13|2015-01-04T10:04:12.747331|2.485123944|3.163798257|0.0|SOFIANE|SPDE-ETAS|||relative_plus_offset|2.6070539632|synthetic|synthetic_data_case02_three_faults|synthetic_earthquake|3.419591983|0.1070539632|0|8|0
14|2015-01-05T09:16:46.109078|1.402171481|2.307090579|0.0|SOFIANE|SPDE-ETAS|||relative_plus_offset|2.6822707047|synthetic|synthetic_data_case02_three_faults|synthetic_earthquake|4.386644781|0.1822707047|0|9|0
15|2015-01-08T03:16:25.597545|2.423684745|2.308434949|0.0|SOFIANE|SPDE-ETAS|||relative_plus_offset|3.1311433316|synthetic|synthetic_data_case02_three_faults|synthetic_earthquake|7.136407379|0.6311433316|0|10|0
16|2015-01-08T03:32:06.908956|2.455299399|2.237777482|0.0|SOFIANE|SPDE-ETAS|||relative_plus_offset|2.7208429158|synthetic|synthetic_data_case02_three_faults|synthetic_earthquake|7.147302187|0.2208429158|15|10|1
17|2015-01-09T16:53:25.007510|2.487844105|3.985066801|0.0|SOFIANE|SPDE-ETAS|||relative_plus_offset|2.6115808807|synthetic|synthetic_data_case02_three_faults|synthetic_earthquake|8.703761661|0.1115808807|0|11|0
18|2015-01-13T00:12:21.368160|2.480164378|3.955602361|0.0|SOFIANE|SPDE-ETAS|||relative_plus_offset|2.6010153031|synthetic|synthetic_data_case02_three_faults|synthetic_earthquake|12.00858065|0.1010153031|17|11|1
19|2015-01-14T03:58:12.459072|2.461091034|2.652127229|0.0|SOFIANE|SPDE-ETAS|||relative_plus_offset|2.8609239023|synthetic|synthetic_data_case02_three_faults|synthetic_earthquake|13.16542198|0.3609239023|0|12|0
20|2015-01-15T11:21:50.716224|2.49490025|2.957936117|0.0|SOFIANE|SPDE-ETAS|||relative_plus_offset|3.0264611017|synthetic|synthetic_data_case02_three_faults|synthetic_earthquake|14.47350366|0.5264611017|0|13|0
21|2015-01-15T11:29:37.907808|2.429707345|2.887226315|0.0|SOFIANE|SPDE-ETAS|||relative_plus_offset|2.56682419614|synthetic|synthetic_data_case02_three_faults|synthetic_earthquake|14.47891097|0.06682419614|20|13|1
22|2015-01-18T18:37:21.651456|2.420913547|1.612450453|0.0|SOFIANE|SPDE-ETAS|||relative_plus_offset|2.7978206951|synthetic|synthetic_data_case02_three_faults|synthetic_earthquake|17.77594504|0.2978206951|0|14|0
23|2015-01-21T14:09:38.689632|1.461368396|1.138563297|0.0|SOFIANE|SPDE-ETAS|||relative_plus_offset|3.0165778667|synthetic|synthetic_data_case02_three_faults|synthetic_earthquake|20.59003113|0.5165778667|0|15|0
24|2015-01-23T07:17:17.140704|2.487419881|1.031439882|0.0|SOFIANE|SPDE-ETAS|||relative_plus_offset|2.53823790662|synthetic|synthetic_data_case02_three_faults|synthetic_earthquake|22.30367061|0.03823790662|0|16|0
25|2015-01-28T07:44:30.116256|0.9485041654|4.86845966|0.0|SOFIANE|SPDE-ETAS|||relative_plus_offset|3.6375755940000003|synthetic|synthetic_data_case02_three_faults|synthetic_earthquake|27.32257079|1.137575594|0|17|0
26|2015-01-28T12:08:45.333600|3.991959715|2.370476657|0.0|SOFIANE|SPDE-ETAS|||relative_plus_offset|3.4294695643|synthetic|synthetic_data_case02_three_faults|synthetic_earthquake|27.50608025|0.9294695643|0|18|0
27|2015-01-30T18:11:23.133696|1.485864177|2.107267043|0.0|SOFIANE|SPDE-ETAS|||relative_plus_offset|3.3425946563|synthetic|synthetic_data_case02_three_faults|synthetic_earthquake|29.75790664|0.8425946563|0|19|0
28|2015-02-04T10:54:25.598016|3.33491321|2.832632152|0.0|SOFIANE|SPDE-ETAS|||relative_plus_offset|3.0167439574|synthetic|synthetic_data_case02_three_faults|synthetic_earthquake|34.45446294|0.5167439574|0|20|0
29|2015-02-05T20:27:00.736704|1.461819774|2.325934925|0.0|SOFIANE|SPDE-ETAS|||relative_plus_offset|2.6057247237|synthetic|synthetic_data_case02_three_faults|synthetic_earthquake|35.85209186|0.1057247237|0|21|0
30|2015-02-08T02:11:00.624480|3.789142734|3.645373394|0.0|SOFIANE|SPDE-ETAS|||relative_plus_offset|3.008865052|synthetic|synthetic_data_case02_three_faults|synthetic_earthquake|38.09097945|0.508865052|0|22|0
31|2015-02-08T06:18:09.439200|1.159048928|0.1804945887|0.0|SOFIANE|SPDE-ETAS|||relative_plus_offset|2.7226163361999998|synthetic|synthetic_data_case02_three_faults|synthetic_earthquake|38.26260925|0.2226163362|0|23|0
32|2015-02-08T09:36:21.870432|1.13879041|0.1828730248|0.0|SOFIANE|SPDE-ETAS|||relative_plus_offset|3.4907943813999998|synthetic|synthetic_data_case02_three_faults|synthetic_earthquake|38.40025313|0.9907943814|31|23|1
33|2015-02-10T14:37:23.367936|1.102476413|0.188700735|0.0|SOFIANE|SPDE-ETAS|||relative_plus_offset|2.503900828907|synthetic|synthetic_data_case02_three_faults|synthetic_earthquake|40.60929824|0.003900828907|32|23|2
34|2015-02-11T07:55:40.123200|0.1144197114|2.406116786|0.0|SOFIANE|SPDE-ETAS|||relative_plus_offset|2.53070383316|synthetic|synthetic_data_case02_three_faults|synthetic_earthquake|41.3303255|0.03070383316|0|24|0
35|2015-02-12T16:46:05.404224|2.456156599|1.806658637|0.0|SOFIANE|SPDE-ETAS|||relative_plus_offset|2.7285646355|synthetic|synthetic_data_case02_three_faults|synthetic_earthquake|42.69867366|0.2285646355|0|25|0
36|2015-02-13T15:32:09.956544|2.401498268|1.484057189|0.0|SOFIANE|SPDE-ETAS|||relative_plus_offset|2.53254501486|synthetic|synthetic_data_case02_three_faults|synthetic_earthquake|43.64733746|0.03254501486|0|26|0
37|2015-02-14T13:28:39.224640|1.680166767|2.115445761|0.0|SOFIANE|SPDE-ETAS|||relative_plus_offset|2.8140783356|synthetic|synthetic_data_case02_three_faults|synthetic_earthquake|44.5615651|0.3140783356|0|27|0
38|2015-02-15T12:38:09.422016|0.50892246|3.684647664|0.0|SOFIANE|SPDE-ETAS|||relative_plus_offset|2.57055170239|synthetic|synthetic_data_case02_three_faults|synthetic_earthquake|45.52649794|0.07055170239|10|7|2
39|2015-02-15T18:35:50.672256|0.5308157562|3.666648133|0.0|SOFIANE|SPDE-ETAS|||relative_plus_offset|2.9243888317|synthetic|synthetic_data_case02_three_faults|synthetic_earthquake|45.77489204|0.4243888317|38|7|3
40|2015-02-17T07:16:41.340864|2.435042493|2.991867354|0.0|SOFIANE|SPDE-ETAS|||relative_plus_offset|3.0437531771|synthetic|synthetic_data_case02_three_faults|synthetic_earthquake|47.30325626|0.5437531771|0|28|0
41|2015-02-17T17:34:11.733600|3.991261885|2.043324415|0.0|SOFIANE|SPDE-ETAS|||relative_plus_offset|2.8616793424|synthetic|synthetic_data_case02_three_faults|synthetic_earthquake|47.73208025|0.3616793424|0|29|0
42|2015-02-19T13:45:44.389152|1.439713786|1.651864226|0.0|SOFIANE|SPDE-ETAS|||relative_plus_offset|2.52067908005|synthetic|synthetic_data_case02_three_faults|synthetic_earthquake|49.57343043|0.02067908005|0|30|0
43|2015-02-19T22:09:30.087360|0.6856783124|4.58658461|0.0|SOFIANE|SPDE-ETAS|||relative_plus_offset|2.504578394181|synthetic|synthetic_data_case02_three_faults|synthetic_earthquake|49.9232649|0.004578394181|0|31|0
44|2015-02-20T19:47:58.532064|2.644497304|1.813462985|0.0|SOFIANE|SPDE-ETAS|||relative_plus_offset|3.743125139|synthetic|synthetic_data_case02_three_faults|synthetic_earthquake|50.82498301|1.243125139|0|32|0
45|2015-02-20T19:49:41.304000|2.640933487|1.807668694|0.0|SOFIANE|SPDE-ETAS|||relative_plus_offset|3.0475672732|synthetic|synthetic_data_case02_three_faults|synthetic_earthquake|50.8261725|0.5475672732|44|32|1
46|2015-02-20T21:55:58.793088|1.48822238|2.543520474|0.0|SOFIANE|SPDE-ETAS|||relative_plus_offset|3.1303233632|synthetic|synthetic_data_case02_three_faults|synthetic_earthquake|50.91387492|0.6303233632|0|33|0
47|2015-02-23T09:16:18.133535|0.7382627223|3.563522021|0.0|SOFIANE|SPDE-ETAS|||relative_plus_offset|4.070119476|synthetic|synthetic_data_case02_three_faults|synthetic_earthquake|53.38632099|1.570119476|12|7|4
48|2015-02-25T00:57:42.270048|0.6491122294|3.617446867|0.0|SOFIANE|SPDE-ETAS|||relative_plus_offset|2.5658635049|synthetic|synthetic_data_case02_three_faults|synthetic_earthquake|55.04007257|0.0658635049|47|7|5
49|2015-02-25T13:04:03.103968|1.423091749|2.814084186|0.0|SOFIANE|SPDE-ETAS|||relative_plus_offset|2.6142518213|synthetic|synthetic_data_case02_three_faults|synthetic_earthquake|55.54448037|0.1142518213|0|34|0
50|2015-02-27T18:21:46.293696|2.411244848|3.750580061|0.0|SOFIANE|SPDE-ETAS|||relative_plus_offset|3.1194627545999998|synthetic|synthetic_data_case02_three_faults|synthetic_earthquake|57.76511914|0.6194627546|0|35|0
51|2015-02-28T17:14:39.462720|3.947120426|2.260818475|0.0|SOFIANE|SPDE-ETAS|||relative_plus_offset|2.504511421729|synthetic|synthetic_data_case02_three_faults|synthetic_earthquake|58.7185123|0.004511421729|26|18|1
52|2015-03-01T02:29:05.263296|2.448010105|3.73496408|0.0|SOFIANE|SPDE-ETAS|||relative_plus_offset|2.7287978517|synthetic|synthetic_data_case02_three_faults|synthetic_earthquake|59.10353314|0.2287978517|50|35|1
53|2015-03-04T01:50:34.542816|0.36540711|2.262553764|0.0|SOFIANE|SPDE-ETAS|||relative_plus_offset|2.910934282|synthetic|synthetic_data_case02_three_faults|synthetic_earthquake|62.07678869|0.410934282|0|36|0
54|2015-03-04T02:47:32.200224|1.47986727|2.659164914|0.0|SOFIANE|SPDE-ETAS|||relative_plus_offset|3.046488096|synthetic|synthetic_data_case02_three_faults|synthetic_earthquake|62.11634491|0.546488096|0|37|0
55|2015-03-04T04:34:51.906720|0.3710715069|2.26418|0.0|SOFIANE|SPDE-ETAS|||relative_plus_offset|2.7381316652|synthetic|synthetic_data_case02_three_faults|synthetic_earthquake|62.19087855|0.2381316652|53|36|1
56|2015-03-04T05:32:29.700384|0.5284689257|2.166584739|0.0|SOFIANE|SPDE-ETAS|||relative_plus_offset|2.623797726|synthetic|synthetic_data_case02_three_faults|synthetic_earthquake|62.23089931|0.123797726|0|38|0
57|2015-03-05T13:32:13.473312|1.234812129|1.879747563|0.0|SOFIANE|SPDE-ETAS|||relative_plus_offset|2.53162886005|synthetic|synthetic_data_case02_three_faults|synthetic_earthquake|63.56404483|0.03162886005|0|39|0
58|2015-03-06T22:04:32.354688|2.492381803|3.588651298|0.0|SOFIANE|SPDE-ETAS|||relative_plus_offset|2.7250656118|synthetic|synthetic_data_case02_three_faults|synthetic_earthquake|64.91981892|0.2250656118|0|40|0
59|2015-03-12T04:22:40.015776|1.143045182|0.3190436348|0.0|SOFIANE|SPDE-ETAS|||relative_plus_offset|2.8331944894|synthetic|synthetic_data_case02_three_faults|synthetic_earthquake|70.18240759|0.3331944894|0|41|0
60|2015-03-12T05:20:48.328512|2.066434521|0.7683466135|0.0|SOFIANE|SPDE-ETAS|||relative_plus_offset|3.380421791|synthetic|synthetic_data_case02_three_faults|synthetic_earthquake|70.22278158|0.880421791|0|42|0
61|2015-03-13T04:04:58.717920|4.990812479|4.880244218|0.0|SOFIANE|SPDE-ETAS|||relative_plus_offset|2.7660139177|synthetic|synthetic_data_case02_three_faults|synthetic_earthquake|71.17012405|0.2660139177|0|43|0
62|2015-03-13T23:08:54.277440|2.423512592|3.783839189|0.0|SOFIANE|SPDE-ETAS|||relative_plus_offset|2.831142562|synthetic|synthetic_data_case02_three_faults|synthetic_earthquake|71.9645171|0.331142562|0|44|0
63|2015-03-13T23:19:01.886304|2.528878584|3.849911967|0.0|SOFIANE|SPDE-ETAS|||relative_plus_offset|3.4192719806|synthetic|synthetic_data_case02_three_faults|synthetic_earthquake|71.97154961|0.9192719806|62|44|1
64|2015-03-16T01:29:04.370496|3.951684201|2.064742763|0.0|SOFIANE|SPDE-ETAS|||relative_plus_offset|4.225197452|synthetic|synthetic_data_case02_three_faults|synthetic_earthquake|74.06185614|1.725197452|0|45|0
65|2015-03-16T19:13:45.266304|3.940701655|1.981807322|0.0|SOFIANE|SPDE-ETAS|||relative_plus_offset|2.6432432989|synthetic|synthetic_data_case02_three_faults|synthetic_earthquake|74.80121836|0.1432432989|64|45|1
66|2015-03-17T02:28:14.002176|3.892828525|4.728187315|0.0|SOFIANE|SPDE-ETAS|||relative_plus_offset|3.623297041|synthetic|synthetic_data_case02_three_faults|synthetic_earthquake|75.10293984|1.123297041|0|46|0
67|2015-03-17T22:43:18.134688|1.481182589|1.305026145|0.0|SOFIANE|SPDE-ETAS|||relative_plus_offset|5.472241403|synthetic|synthetic_data_case02_three_faults|synthetic_earthquake|75.94673767|2.972241403|0|47|0
68|2015-03-17T22:46:03.682272|1.253461974|1.095552016|0.0|SOFIANE|SPDE-ETAS|||relative_plus_offset|3.1990431376|synthetic|synthetic_data_case02_three_faults|synthetic_earthquake|75.94865373|0.6990431376|67|47|1
69|2015-03-17T22:46:47.366976|0.6836428716|1.544571363|0.0|SOFIANE|SPDE-ETAS|||relative_plus_offset|2.51833795379|synthetic|synthetic_data_case02_three_faults|synthetic_earthquake|75.94915934|0.01833795379|67|47|1
70|2015-03-17T22:47:03.852960|1.369402606|1.104402986|0.0|SOFIANE|SPDE-ETAS|||relative_plus_offset|2.53127832675|synthetic|synthetic_data_case02_three_faults|synthetic_earthquake|75.94935015|0.03127832675|67|47|1
71|2015-03-17T22:47:35.808864|1.800279463|1.504965912|0.0|SOFIANE|SPDE-ETAS|||relative_plus_offset|4.175613847|synthetic|synthetic_data_case02_three_faults|synthetic_earthquake|75.94972001|1.675613847|67|47|1
72|2015-03-17T22:49:17.805792|0.9631607587|1.009249498|0.0|SOFIANE|SPDE-ETAS|||relative_plus_offset|3.2025172502|synthetic|synthetic_data_case02_three_faults|synthetic_earthquake|75.95090053|0.7025172502|67|47|1
73|2015-03-17T22:54:43.265952|1.901571609|1.345365362|0.0|SOFIANE|SPDE-ETAS|||relative_plus_offset|2.627116678|synthetic|synthetic_data_case02_three_faults|synthetic_earthquake|75.95466743|0.127116678|71|47|2
74|2015-03-17T23:04:30.614016|1.288157735|1.084705521|0.0|SOFIANE|SPDE-ETAS|||relative_plus_offset|2.823434926|synthetic|synthetic_data_case02_three_faults|synthetic_earthquake|75.96146544|0.323434926|68|47|2
75|2015-03-17T23:04:37.826688|1.710433821|1.514553032|0.0|SOFIANE|SPDE-ETAS|||relative_plus_offset|3.507289062|synthetic|synthetic_data_case02_three_faults|synthetic_earthquake|75.96154892|1.007289062|67|47|1
76|2015-03-17T23:06:32.652288|0.92172338|1.381528672|0.0|SOFIANE|SPDE-ETAS|||relative_plus_offset|2.6520202227|synthetic|synthetic_data_case02_three_faults|synthetic_earthquake|75.96287792|0.1520202227|67|47|1
77|2015-03-17T23:40:05.157984|1.55644854|1.214940854|0.0|SOFIANE|SPDE-ETAS|||relative_plus_offset|2.6610986491|synthetic|synthetic_data_case02_three_faults|synthetic_earthquake|75.98617081|0.1610986491|67|47|1
78|2015-03-17T23:59:33.464832|1.322973762|0.7139234332|0.0|SOFIANE|SPDE-ETAS|||relative_plus_offset|2.6657285778|synthetic|synthetic_data_case02_three_faults|synthetic_earthquake|75.99969288|0.1657285778|67|47|1
79|2015-03-18T00:03:10.608768|1.586485509|1.009292874|0.0|SOFIANE|SPDE-ETAS|||relative_plus_offset|2.52584373141|synthetic|synthetic_data_case02_three_faults|synthetic_earthquake|76.00220612|0.02584373141|67|47|1
80|2015-03-18T00:42:00.286272|1.754606008|1.495527376|0.0|SOFIANE|SPDE-ETAS|||relative_plus_offset|4.2563591249999995|synthetic|synthetic_data_case02_three_faults|synthetic_earthquake|76.02916998|1.756359125|71|47|2
81|2015-03-18T00:44:23.577216|1.780285307|1.390470801|0.0|SOFIANE|SPDE-ETAS|||relative_plus_offset|3.2778885441|synthetic|synthetic_data_case02_three_faults|synthetic_earthquake|76.03082844|0.7778885441|67|47|1
82|2015-03-18T01:09:01.239264|1.682514771|1.240738711|0.0|SOFIANE|SPDE-ETAS|||relative_plus_offset|3.514037998|synthetic|synthetic_data_case02_three_faults|synthetic_earthquake|76.04793101|1.014037998|80|47|3
83|2015-03-18T01:13:19.777440|1.587781173|1.481508199|0.0|SOFIANE|SPDE-ETAS|||relative_plus_offset|3.3974363697|synthetic|synthetic_data_case02_three_faults|synthetic_earthquake|76.05092335|0.8974363697|81|47|2
84|2015-03-18T01:38:40.434720|1.681268911|1.236608849|0.0|SOFIANE|SPDE-ETAS|||relative_plus_offset|2.9984542902999998|synthetic|synthetic_data_case02_three_faults|synthetic_earthquake|76.06852355|0.4984542903|82|47|4
85|2015-03-18T02:06:06.964704|2.037107575|0.9545611671|0.0|SOFIANE|SPDE-ETAS|||relative_plus_offset|4.461928112|synthetic|synthetic_data_case02_three_faults|synthetic_earthquake|76.08758061|1.961928112|67|47|1
86|2015-03-18T02:06:20.210688|2.271192837|1.17600173|0.0|SOFIANE|SPDE-ETAS|||relative_plus_offset|2.6745096876|synthetic|synthetic_data_case02_three_faults|synthetic_earthquake|76.08773392|0.1745096876|85|47|2
87|2015-03-18T02:19:43.463712|1.962922075|0.9317484071|0.0|SOFIANE|SPDE-ETAS|||relative_plus_offset|2.52581099826|synthetic|synthetic_data_case02_three_faults|synthetic_earthquake|76.09703083|0.02581099826|85|47|2
88|2015-03-18T02:21:35.762976|1.898362495|1.065166789|0.0|SOFIANE|SPDE-ETAS|||relative_plus_offset|2.6061246307|synthetic|synthetic_data_case02_three_faults|synthetic_earthquake|76.09833059|0.1061246307|85|47|2
89|2015-03-18T02:51:41.606784|1.243071077|1.101848352|0.0|SOFIANE|SPDE-ETAS|||relative_plus_offset|2.58931654871|synthetic|synthetic_data_case02_three_faults|synthetic_earthquake|76.11923156|0.08931654871|68|47|2
90|2015-03-18T07:24:12.028320|1.448036644|1.077087228|0.0|SOFIANE|SPDE-ETAS|||relative_plus_offset|2.5934069172|synthetic|synthetic_data_case02_three_faults|synthetic_earthquake|76.30847255|0.0934069172|67|47|1
91|2015-03-18T09:26:53.119968|1.502499515|1.457506116|0.0|SOFIANE|SPDE-ETAS|||relative_plus_offset|3.1916250184|synthetic|synthetic_data_case02_three_faults|synthetic_earthquake|76.39367037|0.6916250184|67|47|1
92|2015-03-18T11:37:39.065088|1.702610365|1.193595094|0.0|SOFIANE|SPDE-ETAS|||relative_plus_offset|3.832943932|synthetic|synthetic_data_case02_three_faults|synthetic_earthquake|76.48447992|1.332943932|85|47|2
93|2015-03-18T15:24:01.218528|1.754589906|1.494104697|0.0|SOFIANE|SPDE-ETAS|||relative_plus_offset|2.9395952334|synthetic|synthetic_data_case02_three_faults|synthetic_earthquake|76.64168077|0.4395952334|75|47|2
94|2015-03-18T15:31:22.081440|1.699465064|1.465343578|0.0|SOFIANE|SPDE-ETAS|||relative_plus_offset|2.6383226513|synthetic|synthetic_data_case02_three_faults|synthetic_earthquake|76.64678335|0.1383226513|80|47|3
95|2015-03-18T17:38:12.382656|3.050928976|1.551837483|0.0|SOFIANE|SPDE-ETAS|||relative_plus_offset|3.1960553443|synthetic|synthetic_data_case02_three_faults|synthetic_earthquake|76.73486554|0.6960553443|67|47|1
96|2015-03-18T17:55:15.009600|1.665103967|1.201754233|0.0|SOFIANE|SPDE-ETAS|||relative_plus_offset|3.943366913|synthetic|synthetic_data_case02_three_faults|synthetic_earthquake|76.7467015|1.443366913|82|47|4
97|2015-03-18T19:02:41.679744|1.871731217|1.514905161|0.0|SOFIANE|SPDE-ETAS|||relative_plus_offset|2.6064268783|synthetic|synthetic_data_case02_three_faults|synthetic_earthquake|76.79353796|0.1064268783|93|47|3
98|2015-03-18T21:02:45.006720|1.414860811|1.074310083|0.0|SOFIANE|SPDE-ETAS|||relative_plus_offset|2.9680932249|synthetic|synthetic_data_case02_three_faults|synthetic_earthquake|76.8769098|0.4680932249|90|47|2
99|2015-03-19T00:24:08.523648|0.9922875635|1.7241419|0.0|SOFIANE|SPDE-ETAS|||relative_plus_offset|2.57306797984|synthetic|synthetic_data_case02_three_faults|synthetic_earthquake|77.01676532|0.07306797984|67|47|1
100|2015-03-19T00:41:55.258656|1.230396568|1.463484396|0.0|SOFIANE|SPDE-ETAS|||relative_plus_offset|2.58528901222|synthetic|synthetic_data_case02_three_faults|synthetic_earthquake|77.02911179|0.08528901222|67|47|1
101|2015-03-19T08:11:00.325536|2.492799009|2.081308013|0.0|SOFIANE|SPDE-ETAS|||relative_plus_offset|2.9654658255|synthetic|synthetic_data_case02_three_faults|synthetic_earthquake|77.34097599|0.4654658255|0|48|0
102|2015-03-19T14:44:43.355616|0.7160933092|3.024475034|0.0|SOFIANE|SPDE-ETAS|||relative_plus_offset|3.0403451633|synthetic|synthetic_data_case02_three_faults|synthetic_earthquake|77.61439069|0.5403451633|0|49|0
103|2015-03-19T14:46:29.276832|1.629434595|1.654576228|0.0|SOFIANE|SPDE-ETAS|||relative_plus_offset|2.6164966249|synthetic|synthetic_data_case02_three_faults|synthetic_earthquake|77.61561663|0.1164966249|67|47|1
104|2015-03-19T17:25:09.328224|0.7067752759|3.003631549|0.0|SOFIANE|SPDE-ETAS|||relative_plus_offset|3.3375040903|synthetic|synthetic_data_case02_three_faults|synthetic_earthquake|77.72580241|0.8375040903|102|49|1
105|2015-03-20T01:09:43.039584|2.968029706|1.691479861|0.0|SOFIANE|SPDE-ETAS|||relative_plus_offset|2.6147242458|synthetic|synthetic_data_case02_three_faults|synthetic_earthquake|78.04841481|0.1147242458|0|50|0
106|2015-03-20T13:12:19.224864|1.393764883|0.695987112|0.0|SOFIANE|SPDE-ETAS|||relative_plus_offset|2.8325230424|synthetic|synthetic_data_case02_three_faults|synthetic_earthquake|78.55022251|0.3325230424|78|47|2
107|2015-03-21T01:38:02.680511|1.63551932|1.134706401|0.0|SOFIANE|SPDE-ETAS|||relative_plus_offset|3.567468591|synthetic|synthetic_data_case02_three_faults|synthetic_earthquake|79.06808658|1.067468591|84|47|5
108|2015-03-21T02:50:36.888864|1.689230764|1.098557942|0.0|SOFIANE|SPDE-ETAS|||relative_plus_offset|3.0460695053|synthetic|synthetic_data_case02_three_faults|synthetic_earthquake|79.11848251|0.5460695053|107|47|6
109|2015-03-21T09:04:29.150688|2.419935463|3.757909657|0.0|SOFIANE|SPDE-ETAS|||relative_plus_offset|2.642682245|synthetic|synthetic_data_case02_three_faults|synthetic_earthquake|79.37811517|0.142682245|0|51|0
110|2015-03-21T09:38:06.067104|2.420668565|3.844993175|0.0|SOFIANE|SPDE-ETAS|||relative_plus_offset|3.626924567|synthetic|synthetic_data_case02_three_faults|synthetic_earthquake|79.40145911|1.126924567|0|52|0
111|2015-03-21T14:56:45.155904|1.843463097|1.3849411|0.0|SOFIANE|SPDE-ETAS|||relative_plus_offset|3.3096241092|synthetic|synthetic_data_case02_three_faults|synthetic_earthquake|79.62274486|0.8096241092|80|47|3
112|2015-03-21T15:35:49.927488|1.016255004|1.064957273|0.0|SOFIANE|SPDE-ETAS|||relative_plus_offset|2.5260196639|synthetic|synthetic_data_case02_three_faults|synthetic_earthquake|79.64988342|0.0260196639|67|47|1
113|2015-03-22T00:40:14.774592|2.433010539|3.756600901|0.0|SOFIANE|SPDE-ETAS|||relative_plus_offset|3.0598311567|synthetic|synthetic_data_case02_three_faults|synthetic_earthquake|80.02794878|0.5598311567|109|51|1
114|2015-03-22T22:35:42.172512|1.62938621|0.8676590038|0.0|SOFIANE|SPDE-ETAS|||relative_plus_offset|3.1952603204|synthetic|synthetic_data_case02_three_faults|synthetic_earthquake|80.94146033|0.6952603204|67|47|1
115|2015-03-23T07:38:01.375008|0.133840013|1.152609187|0.0|SOFIANE|SPDE-ETAS|||relative_plus_offset|2.6404791659|synthetic|synthetic_data_case02_three_faults|synthetic_earthquake|81.31807147|0.1404791659|67|47|1
116|2015-03-23T22:50:02.744160|1.633262178|0.9204942619|0.0|SOFIANE|SPDE-ETAS|||relative_plus_offset|3.593833863|synthetic|synthetic_data_case02_three_faults|synthetic_earthquake|81.95142065|1.093833863|114|47|2
117|2015-03-23T23:54:18.854784|1.633069909|1.027165422|0.0|SOFIANE|SPDE-ETAS|||relative_plus_offset|2.59688706148|synthetic|synthetic_data_case02_three_faults|synthetic_earthquake|81.99605156|0.09688706148|116|47|3
118|2015-03-25T09:27:12.381120|1.470836893|1.575032014|0.0|SOFIANE|SPDE-ETAS|||relative_plus_offset|3.0072737211|synthetic|synthetic_data_case02_three_faults|synthetic_earthquake|83.3938933|0.5072737211|0|53|0
119|2015-03-25T15:51:21.061152|2.576228093|0.6104142858|0.0|SOFIANE|SPDE-ETAS|||relative_plus_offset|2.7517033968|synthetic|synthetic_data_case02_three_faults|synthetic_earthquake|83.66066043|0.2517033968|0|54|0
120|2015-03-27T05:06:00.469152|2.376952049|3.807264938|0.0|SOFIANE|SPDE-ETAS|||relative_plus_offset|3.3576234203|synthetic|synthetic_data_case02_three_faults|synthetic_earthquake|85.21250543|0.8576234203|113|51|2
121|2015-03-28T12:07:04.040832|1.696704903|1.463711443|0.0|SOFIANE|SPDE-ETAS|||relative_plus_offset|2.9331176733|synthetic|synthetic_data_case02_three_faults|synthetic_earthquake|86.50490788|0.4331176733|80|47|3
122|2015-04-01T19:56:21.223680|1.486929657|1.343412512|0.0|SOFIANE|SPDE-ETAS|||relative_plus_offset|3.2065532319|synthetic|synthetic_data_case02_three_faults|synthetic_earthquake|90.8308012|0.7065532319|0|55|0
123|2015-04-01T21:57:02.539008|2.405247065|1.424192166|0.0|SOFIANE|SPDE-ETAS|||relative_plus_offset|2.59396214623|synthetic|synthetic_data_case02_three_faults|synthetic_earthquake|90.91461272|0.09396214623|0|56|0
124|2015-04-02T06:11:44.085696|1.128593119|0.6135809388|0.0|SOFIANE|SPDE-ETAS|||relative_plus_offset|3.846036079|synthetic|synthetic_data_case02_three_faults|synthetic_earthquake|91.25814914|1.346036079|67|47|1
125|2015-04-02T07:58:17.261472|0.8385685707|0.5322457538|0.0|SOFIANE|SPDE-ETAS|||relative_plus_offset|4.223667324|synthetic|synthetic_data_case02_three_faults|synthetic_earthquake|91.33214423|1.723667324|124|47|2
126|2015-04-02T08:07:27.501599|0.8743037622|0.3677040697|0.0|SOFIANE|SPDE-ETAS|||relative_plus_offset|3.0620948341|synthetic|synthetic_data_case02_three_faults|synthetic_earthquake|91.33851275|0.5620948341|125|47|3
127|2015-04-02T08:09:59.959584|0.7205379208|0.5052470968|0.0|SOFIANE|SPDE-ETAS|||relative_plus_offset|2.5236199522|synthetic|synthetic_data_case02_three_faults|synthetic_earthquake|91.34027731|0.0236199522|125|47|3
128|2015-04-02T08:29:12.867360|0.7162241346|0.5086949079|0.0|SOFIANE|SPDE-ETAS|||relative_plus_offset|2.9657616535|synthetic|synthetic_data_case02_three_faults|synthetic_earthquake|91.35362115|0.4657616535|127|47|4
129|2015-04-02T08:33:56.110752|0.887731371|0.4769013669|0.0|SOFIANE|SPDE-ETAS|||relative_plus_offset|3.4872603534|synthetic|synthetic_data_case02_three_faults|synthetic_earthquake|91.35689943|0.9872603534|125|47|3
130|2015-04-02T08:34:16.093344|1.155704102|0.5738530493|0.0|SOFIANE|SPDE-ETAS|||relative_plus_offset|2.7142966868|synthetic|synthetic_data_case02_three_faults|synthetic_earthquake|91.35713071|0.2142966868|124|47|2
131|2015-04-03T11:11:55.078080|2.455108433|3.45196783|0.0|SOFIANE|SPDE-ETAS|||relative_plus_offset|3.0463796756|synthetic|synthetic_data_case02_three_faults|synthetic_earthquake|92.4666097|0.5463796756|0|57|0
132|2015-04-03T11:42:16.992288|2.425884549|3.448159914|0.0|SOFIANE|SPDE-ETAS|||relative_plus_offset|2.58743732363|synthetic|synthetic_data_case02_three_faults|synthetic_earthquake|92.48769667|0.08743732363|131|57|1
133|2015-04-05T02:12:56.261376|3.930881188|2.709140505|0.0|SOFIANE|SPDE-ETAS|||relative_plus_offset|3.597168271|synthetic|synthetic_data_case02_three_faults|synthetic_earthquake|94.09231784|1.097168271|0|58|0
134|2015-04-05T02:14:50.531423|4.035007818|2.701084776|0.0|SOFIANE|SPDE-ETAS|||relative_plus_offset|2.6914495599|synthetic|synthetic_data_case02_three_faults|synthetic_earthquake|94.09364041|0.1914495599|133|58|1
135|2015-04-05T03:17:05.762400|4.044582436|2.693058356|0.0|SOFIANE|SPDE-ETAS|||relative_plus_offset|2.6074139064|synthetic|synthetic_data_case02_three_faults|synthetic_earthquake|94.13687225|0.1074139064|134|58|2
136|2015-04-05T04:02:33.480384|2.194054586|3.686198153|0.0|SOFIANE|SPDE-ETAS|||relative_plus_offset|3.1238633159|synthetic|synthetic_data_case02_three_faults|synthetic_earthquake|94.16844306|0.6238633159|120|51|3
137|2015-04-05T14:53:58.738272|2.228554537|3.666993649|0.0|SOFIANE|SPDE-ETAS|||relative_plus_offset|2.7585076171|synthetic|synthetic_data_case02_three_faults|synthetic_earthquake|94.62081873|0.2585076171|136|51|4
138|2015-04-05T15:09:57.302208|3.040536935|4.023047324|0.0|SOFIANE|SPDE-ETAS|||relative_plus_offset|3.4407105543|synthetic|synthetic_data_case02_three_faults|synthetic_earthquake|94.63191322|0.9407105543|0|59|0
139|2015-04-05T16:19:54.811200|2.164428939|3.650002553|0.0|SOFIANE|SPDE-ETAS|||relative_plus_offset|2.8448490511|synthetic|synthetic_data_case02_three_faults|synthetic_earthquake|94.6804955|0.3448490511|136|51|4
140|2015-04-06T05:17:21.577632|2.164881538|3.636478741|0.0|SOFIANE|SPDE-ETAS|||relative_plus_offset|3.847183599|synthetic|synthetic_data_case02_three_faults|synthetic_earthquake|95.22038863|1.347183599|139|51|5
141|2015-04-06T13:17:09.264480|2.581215292|4.53301918|0.0|SOFIANE|SPDE-ETAS|||relative_plus_offset|2.9084613607|synthetic|synthetic_data_case02_three_faults|synthetic_earthquake|95.55357945|0.4084613607|138|59|1
142|2015-04-07T00:12:17.674560|1.180410305|1.864440087|0.0|SOFIANE|SPDE-ETAS|||relative_plus_offset|2.8771577359|synthetic|synthetic_data_case02_three_faults|synthetic_earthquake|96.0085379|0.3771577359|67|47|1
143|2015-04-07T08:09:10.890432|2.729696379|1.608964429|0.0|SOFIANE|SPDE-ETAS|||relative_plus_offset|3.0416439397|synthetic|synthetic_data_case02_three_faults|synthetic_earthquake|96.33970938|0.5416439397|0|60|0
144|2015-04-07T16:40:53.776703|2.125545946|3.678898671|0.0|SOFIANE|SPDE-ETAS|||relative_plus_offset|2.59421222197|synthetic|synthetic_data_case02_three_faults|synthetic_earthquake|96.69506686|0.09421222197|140|51|6
145|2015-04-07T19:14:59.724096|2.403216515|2.897332095|0.0|SOFIANE|SPDE-ETAS|||relative_plus_offset|3.603861611|synthetic|synthetic_data_case02_three_faults|synthetic_earthquake|96.80208014|1.103861611|0|61|0
146|2015-04-07T20:26:09.357216|2.466495886|2.206009158|0.0|SOFIANE|SPDE-ETAS|||relative_plus_offset|3.3239521305|synthetic|synthetic_data_case02_three_faults|synthetic_earthquake|96.85149719|0.8239521305|0|62|0
147|2015-04-08T00:11:24.158400|2.28801917|2.83640466|0.0|SOFIANE|SPDE-ETAS|||relative_plus_offset|2.9243639585|synthetic|synthetic_data_case02_three_faults|synthetic_earthquake|97.0079185|0.4243639585|145|61|1
148|2015-04-08T13:53:58.858080|1.545473345|1.68710647|0.0|SOFIANE|SPDE-ETAS|||relative_plus_offset|2.7295277836|synthetic|synthetic_data_case02_three_faults|synthetic_earthquake|97.57915345|0.2295277836|103|47|2
149|2015-04-08T22:22:33.617856|2.401281848|3.816321707|0.0|SOFIANE|SPDE-ETAS|||relative_plus_offset|2.8979387053|synthetic|synthetic_data_case02_three_faults|synthetic_earthquake|97.93233354|0.3979387053|113|51|2
150|2015-04-11T13:58:09.750720|2.427031409|2.23721211|0.0|SOFIANE|SPDE-ETAS|||relative_plus_offset|3.7030520840000003|synthetic|synthetic_data_case02_three_faults|synthetic_earthquake|100.5820573|1.203052084|0|63|0
151|2015-04-13T12:32:01.302720|2.415370143|2.924913883|0.0|SOFIANE|SPDE-ETAS|||relative_plus_offset|3.0598140672|synthetic|synthetic_data_case02_three_faults|synthetic_earthquake|102.5222373|0.5598140672|0|64|0
152|2015-04-14T12:04:05.522879|4.237881547|2.347631334|0.0|SOFIANE|SPDE-ETAS|||relative_plus_offset|3.3307081442|synthetic|synthetic_data_case02_three_faults|synthetic_earthquake|103.5028417|0.8307081442|0|65|0
153|2015-04-15T13:40:04.005120|1.425750633|1.709022642|0.0|SOFIANE|SPDE-ETAS|||relative_plus_offset|2.7870344337|synthetic|synthetic_data_case02_three_faults|synthetic_earthquake|104.5694908|0.2870344337|67|47|1
154|2015-04-16T14:16:10.364160|0.1137137663|1.170006858|0.0|SOFIANE|SPDE-ETAS|||relative_plus_offset|3.0770324412|synthetic|synthetic_data_case02_three_faults|synthetic_earthquake|105.5945644|0.5770324412|115|47|2
155|2015-04-17T04:36:39.453120|3.470926712|1.308416825|0.0|SOFIANE|SPDE-ETAS|||relative_plus_offset|2.777488166|synthetic|synthetic_data_case02_three_faults|synthetic_earthquake|106.1921233|0.277488166|0|66|0
156|2015-04-17T04:58:25.475520|3.40266373|1.24502355|0.0|SOFIANE|SPDE-ETAS|||relative_plus_offset|2.51792514669|synthetic|synthetic_data_case02_three_faults|synthetic_earthquake|106.2072393|0.01792514669|155|66|1
157|2015-04-18T15:46:44.025600|2.460376845|1.59226567|0.0|SOFIANE|SPDE-ETAS|||relative_plus_offset|2.792751916|synthetic|synthetic_data_case02_three_faults|synthetic_earthquake|107.657454|0.292751916|0|67|0
158|2015-04-18T23:18:24.094080|2.436587471|3.841981988|0.0|SOFIANE|SPDE-ETAS|||relative_plus_offset|2.8538153423|synthetic|synthetic_data_case02_three_faults|synthetic_earthquake|107.9711122|0.3538153423|0|68|0
159|2015-04-21T20:26:53.206080|2.483814635|3.44685697|0.0|SOFIANE|SPDE-ETAS|||relative_plus_offset|2.6186639419|synthetic|synthetic_data_case02_three_faults|synthetic_earthquake|110.8520047|0.1186639419|0|69|0
160|2015-04-23T14:58:30.498240|1.476290652|1.401723206|0.0|SOFIANE|SPDE-ETAS|||relative_plus_offset|2.6091964875|synthetic|synthetic_data_case02_three_faults|synthetic_earthquake|112.6239641|0.1091964875|0|70|0
161|2015-04-24T05:09:51.180480|1.490323038|2.108436519|0.0|SOFIANE|SPDE-ETAS|||relative_plus_offset|3.0060760888|synthetic|synthetic_data_case02_three_faults|synthetic_earthquake|113.2151757|0.5060760888|0|71|0
162|2015-04-24T12:04:59.306880|2.472965825|3.210928398|0.0|SOFIANE|SPDE-ETAS|||relative_plus_offset|2.7988230574|synthetic|synthetic_data_case02_three_faults|synthetic_earthquake|113.5034642|0.2988230574|0|72|0
163|2015-04-24T12:24:02.845440|2.649935535|1.801595372|0.0|SOFIANE|SPDE-ETAS|||relative_plus_offset|2.5527550637|synthetic|synthetic_data_case02_three_faults|synthetic_earthquake|113.5166996|0.0527550637|45|32|2
164|2015-04-24T21:27:15.197760|2.424219021|3.718946374|0.0|SOFIANE|SPDE-ETAS|||relative_plus_offset|3.0141163088000003|synthetic|synthetic_data_case02_three_faults|synthetic_earthquake|113.8939259|0.5141163088|0|73|0
165|2015-04-24T22:58:03.555840|1.380422548|4.371032187|0.0|SOFIANE|SPDE-ETAS|||relative_plus_offset|2.7488657536|synthetic|synthetic_data_case02_three_faults|synthetic_earthquake|113.9569856|0.2488657536|0|74|0
166|2015-04-25T04:11:53.597760|1.133595702|1.383434712|0.0|SOFIANE|SPDE-ETAS|||relative_plus_offset|2.8129304714|synthetic|synthetic_data_case02_three_faults|synthetic_earthquake|114.1749259|0.3129304714|0|75|0
167|2015-04-25T04:37:45.886080|1.277442083|2.414350392|0.0|SOFIANE|SPDE-ETAS|||relative_plus_offset|3.430513389|synthetic|synthetic_data_case02_three_faults|synthetic_earthquake|114.1928922|0.930513389|0|76|0
168|2015-04-25T06:11:55.487040|1.234229888|2.490301797|0.0|SOFIANE|SPDE-ETAS|||relative_plus_offset|4.36248868|synthetic|synthetic_data_case02_three_faults|synthetic_earthquake|114.2582811|1.86248868|167|76|1
169|2015-04-27T15:49:00.382080|2.420721196|2.435346967|0.0|SOFIANE|SPDE-ETAS|||relative_plus_offset|3.2409745526|synthetic|synthetic_data_case02_three_faults|synthetic_earthquake|116.6590322|0.7409745526|0|77|0
170|2015-04-28T02:05:36.075840|2.458531844|1.685940395|0.0|SOFIANE|SPDE-ETAS|||relative_plus_offset|3.1664993568|synthetic|synthetic_data_case02_three_faults|synthetic_earthquake|117.0872231|0.6664993568|0|78|0
171|2015-04-30T07:31:14.390400|1.388028589|4.374572743|0.0|SOFIANE|SPDE-ETAS|||relative_plus_offset|2.51409167604|synthetic|synthetic_data_case02_three_faults|synthetic_earthquake|119.313361|0.01409167604|165|74|1
172|2015-04-30T23:19:31.512000|0.8120532695|2.604032252|0.0|SOFIANE|SPDE-ETAS|||relative_plus_offset|2.8528311121|synthetic|synthetic_data_case02_three_faults|synthetic_earthquake|119.9718925|0.3528311121|0|79|0
173|2015-05-01T20:23:32.982720|1.377253631|2.687804712|0.0|SOFIANE|SPDE-ETAS|||relative_plus_offset|2.8195416243|synthetic|synthetic_data_case02_three_faults|synthetic_earthquake|120.8496873|0.3195416243|168|76|2
174|2015-05-02T20:54:27.714240|3.260197796|1.726653285|0.0|SOFIANE|SPDE-ETAS|||relative_plus_offset|3.7872650830000003|synthetic|synthetic_data_case02_three_faults|synthetic_earthquake|121.8711541|1.287265083|0|80|0
175|2015-05-02T23:45:26.919360|3.246652517|1.712954157|0.0|SOFIANE|SPDE-ETAS|||relative_plus_offset|2.8541045473|synthetic|synthetic_data_case02_three_faults|synthetic_earthquake|121.9898949|0.3541045473|174|80|1
176|2015-05-04T22:12:05.270400|0.93468527|2.315361645|0.0|SOFIANE|SPDE-ETAS|||relative_plus_offset|2.6481207725|synthetic|synthetic_data_case02_three_faults|synthetic_earthquake|123.925061|0.1481207725|0|81|0
177|2015-05-07T17:31:27.301440|2.422911199|2.02477971|0.0|SOFIANE|SPDE-ETAS|||relative_plus_offset|3.0301611479|synthetic|synthetic_data_case02_three_faults|synthetic_earthquake|126.7301771|0.5301611479|0|82|0
178|2015-05-08T12:00:28.900800|1.068036906|0.1741732454|0.0|SOFIANE|SPDE-ETAS|||relative_plus_offset|2.51466525958|synthetic|synthetic_data_case02_three_faults|synthetic_earthquake|127.5003345|0.01466525958|32|23|2
179|2015-05-08T12:09:01.814400|1.088615487|0.1478486465|0.0|SOFIANE|SPDE-ETAS|||relative_plus_offset|3.0393372913|synthetic|synthetic_data_case02_three_faults|synthetic_earthquake|127.506271|0.5393372913|178|23|3
180|2015-05-09T20:00:12.093120|3.910316924|2.312257588|0.0|SOFIANE|SPDE-ETAS|||relative_plus_offset|2.56057667345|synthetic|synthetic_data_case02_three_faults|synthetic_earthquake|128.8334733|0.06057667345|0|83|0
181|2015-05-10T16:41:23.544960|3.912586127|2.309533731|0.0|SOFIANE|SPDE-ETAS|||relative_plus_offset|2.8745108522000002|synthetic|synthetic_data_case02_three_faults|synthetic_earthquake|129.6954114|0.3745108522|180|83|1
182|2015-05-12T13:59:31.511040|2.445247461|3.007092809|0.0|SOFIANE|SPDE-ETAS|||relative_plus_offset|3.1014251286|synthetic|synthetic_data_case02_three_faults|synthetic_earthquake|131.5830036|0.6014251286|0|84|0
183|2015-05-12T18:32:16.500480|1.440724336|1.652313888|0.0|SOFIANE|SPDE-ETAS|||relative_plus_offset|2.9907746508|synthetic|synthetic_data_case02_three_faults|synthetic_earthquake|131.7724132|0.4907746508|0|85|0
184|2015-05-12T18:49:21.550080|1.415989103|1.574859916|0.0|SOFIANE|SPDE-ETAS|||relative_plus_offset|2.51826434008|synthetic|synthetic_data_case02_three_faults|synthetic_earthquake|131.7842772|0.01826434008|183|85|1
185|2015-05-13T23:26:15.086400|3.951252019|2.625034208|0.0|SOFIANE|SPDE-ETAS|||relative_plus_offset|3.0468170624|synthetic|synthetic_data_case02_three_faults|synthetic_earthquake|132.9765635|0.5468170624|0|86|0
186|2015-05-14T05:09:02.053440|2.45532295|3.465181999|0.0|SOFIANE|SPDE-ETAS|||relative_plus_offset|2.8520057297|synthetic|synthetic_data_case02_three_faults|synthetic_earthquake|133.2146071|0.3520057297|0|87|0
187|2015-05-14T12:15:57.787200|3.919076488|2.525393047|0.0|SOFIANE|SPDE-ETAS|||relative_plus_offset|2.55184926973|synthetic|synthetic_data_case02_three_faults|synthetic_earthquake|133.5110855|0.05184926973|0|88|0
188|2015-05-17T20:52:36.984000|2.53492356|2.183415371|0.0|SOFIANE|SPDE-ETAS|||relative_plus_offset|2.7693785778|synthetic|synthetic_data_case02_three_faults|synthetic_earthquake|136.8698725|0.2693785778|7|6|1
189|2015-05-18T16:39:26.948160|1.403191769|1.94405599|0.0|SOFIANE|SPDE-ETAS|||relative_plus_offset|2.8182495479|synthetic|synthetic_data_case02_three_faults|synthetic_earthquake|137.6940619|0.3182495479|0|89|0
190|2015-05-18T16:55:31.751040|1.40336459|1.93529157|0.0|SOFIANE|SPDE-ETAS|||relative_plus_offset|2.52555875263|synthetic|synthetic_data_case02_three_faults|synthetic_earthquake|137.7052286|0.02555875263|189|89|1
191|2015-05-18T18:47:00.536640|1.407992878|1.932132171|0.0|SOFIANE|SPDE-ETAS|||relative_plus_offset|2.6636129292|synthetic|synthetic_data_case02_three_faults|synthetic_earthquake|137.7826451|0.1636129292|190|89|2
192|2015-05-20T09:56:40.997760|2.40618739|3.766115449|0.0|SOFIANE|SPDE-ETAS|||relative_plus_offset|3.085404715|synthetic|synthetic_data_case02_three_faults|synthetic_earthquake|139.4143634|0.585404715|0|90|0
193|2015-05-20T10:07:30.103680|2.403428598|3.74114674|0.0|SOFIANE|SPDE-ETAS|||relative_plus_offset|2.6736890633|synthetic|synthetic_data_case02_three_faults|synthetic_earthquake|139.4218762|0.1736890633|192|90|1
194|2015-05-21T16:30:16.968960|2.421760765|3.543783563|0.0|SOFIANE|SPDE-ETAS|||relative_plus_offset|2.51589337418|synthetic|synthetic_data_case02_three_faults|synthetic_earthquake|140.6876964|0.01589337418|0|91|0
195|2015-05-22T06:37:16.636800|4.345504555|2.670466041|0.0|SOFIANE|SPDE-ETAS|||relative_plus_offset|2.5956207294|synthetic|synthetic_data_case02_three_faults|synthetic_earthquake|141.275887|0.0956207294|0|92|0
196|2015-05-22T22:32:01.530240|3.816978718|2.530234652|0.0|SOFIANE|SPDE-ETAS|||relative_plus_offset|2.51119434606|synthetic|synthetic_data_case02_three_faults|synthetic_earthquake|141.9389066|0.01119434606|0|93|0
197|2015-05-24T03:01:22.667520|1.426992326|1.958269611|0.0|SOFIANE|SPDE-ETAS|||relative_plus_offset|3.1118507944|synthetic|synthetic_data_case02_three_faults|synthetic_earthquake|143.1259568|0.6118507944|191|89|3
198|2015-05-24T05:58:18.048000|1.060158558|0.1125971123|0.0|SOFIANE|SPDE-ETAS|||relative_plus_offset|3.2381633368|synthetic|synthetic_data_case02_three_faults|synthetic_earthquake|143.24882|0.7381633368|179|23|4
199|2015-05-24T15:57:12.844800|1.435502177|1.958904265|0.0|SOFIANE|SPDE-ETAS|||relative_plus_offset|3.674121113|synthetic|synthetic_data_case02_three_faults|synthetic_earthquake|143.664732|1.174121113|197|89|4
200|2015-05-26T14:50:12.246719|2.375780198|3.903602874|0.0|SOFIANE|SPDE-ETAS|||relative_plus_offset|2.6001538277|synthetic|synthetic_data_case02_three_faults|synthetic_earthquake|145.6181973|0.1001538277|192|90|1
201|2015-05-27T04:15:23.273280|2.450006052|1.874614509|0.0|SOFIANE|SPDE-ETAS|||relative_plus_offset|2.56331494461|synthetic|synthetic_data_case02_three_faults|synthetic_earthquake|146.1773527|0.06331494461|0|94|0
202|2015-05-28T03:14:40.511040|2.431969144|3.218976683|0.0|SOFIANE|SPDE-ETAS|||relative_plus_offset|2.53495582355|synthetic|synthetic_data_case02_three_faults|synthetic_earthquake|147.1351911|0.03495582355|0|95|0
203|2015-05-28T04:16:00.269760|2.821328215|4.851578051|0.0|SOFIANE|SPDE-ETAS|||relative_plus_offset|3.3738206848|synthetic|synthetic_data_case02_three_faults|synthetic_earthquake|147.1777809|0.8738206848|0|96|0
204|2015-05-28T04:39:04.544640|2.860866059|4.846633703|0.0|SOFIANE|SPDE-ETAS|||relative_plus_offset|3.2965455992|synthetic|synthetic_data_case02_three_faults|synthetic_earthquake|147.1938026|0.7965455992|203|96|1
205|2015-05-28T18:05:21.865920|2.414974401|3.907138321|0.0|SOFIANE|SPDE-ETAS|||relative_plus_offset|2.56968830076|synthetic|synthetic_data_case02_three_faults|synthetic_earthquake|147.7537253|0.06968830076|0|97|0
206|2015-05-31T13:32:49.750080|2.850715902|4.852518896|0.0|SOFIANE|SPDE-ETAS|||relative_plus_offset|3.3794569936|synthetic|synthetic_data_case02_three_faults|synthetic_earthquake|150.5644647|0.8794569936|203|96|1
207|2015-06-01T06:48:45.167040|1.427270173|1.982631215|0.0|SOFIANE|SPDE-ETAS|||relative_plus_offset|3.3901175854|synthetic|synthetic_data_case02_three_faults|synthetic_earthquake|151.2838561|0.8901175854|0|98|0
208|2015-06-01T07:23:18.974400|1.516562063|1.962105853|0.0|SOFIANE|SPDE-ETAS|||relative_plus_offset|2.9683991535|synthetic|synthetic_data_case02_three_faults|synthetic_earthquake|151.3078585|0.4683991535|207|98|1
209|2015-06-01T17:49:08.051520|2.465534527|1.606158087|0.0|SOFIANE|SPDE-ETAS|||relative_plus_offset|2.6167013454|synthetic|synthetic_data_case02_three_faults|synthetic_earthquake|151.7424543|0.1167013454|157|67|1
210|2015-06-01T18:42:26.657280|2.469203643|1.624218564|0.0|SOFIANE|SPDE-ETAS|||relative_plus_offset|2.6932163665|synthetic|synthetic_data_case02_three_faults|synthetic_earthquake|151.7794752|0.1932163665|209|67|2
211|2015-06-01T18:53:38.875200|2.465583801|1.6482582|0.0|SOFIANE|SPDE-ETAS|||relative_plus_offset|2.9113052675|synthetic|synthetic_data_case02_three_faults|synthetic_earthquake|151.7872555|0.4113052675|210|67|3
212|2015-06-03T08:35:57.543360|1.403994565|1.961183961|0.0|SOFIANE|SPDE-ETAS|||relative_plus_offset|2.7347610937|synthetic|synthetic_data_case02_three_faults|synthetic_earthquake|153.3583049|0.2347610937|207|98|1
213|2015-06-05T21:06:11.044800|1.435099064|1.375417064|0.0|SOFIANE|SPDE-ETAS|||relative_plus_offset|3.2274321419|synthetic|synthetic_data_case02_three_faults|synthetic_earthquake|155.8792945|0.7274321419|0|99|0
214|2015-06-09T12:35:18.216960|3.917113294|2.268912206|0.0|SOFIANE|SPDE-ETAS|||relative_plus_offset|2.7031339237|synthetic|synthetic_data_case02_three_faults|synthetic_earthquake|159.5245164|0.2031339237|64|45|1
215|2015-06-10T15:42:02.318400|3.919904795|2.26555226|0.0|SOFIANE|SPDE-ETAS|||relative_plus_offset|2.8138284709|synthetic|synthetic_data_case02_three_faults|synthetic_earthquake|160.6541935|0.3138284709|214|45|2
216|2015-06-11T16:17:27.490560|0.3116291307|4.659391088|0.0|SOFIANE|SPDE-ETAS|||relative_plus_offset|2.619027463|synthetic|synthetic_data_case02_three_faults|synthetic_earthquake|161.6787904|0.119027463|0|100|0
217|2015-06-11T22:55:06.556800|3.553917525|3.666918202|0.0|SOFIANE|SPDE-ETAS|||relative_plus_offset|2.53474093184|synthetic|synthetic_data_case02_three_faults|synthetic_earthquake|161.954937|0.03474093184|0|101|0
218|2015-06-13T07:30:55.581120|2.490943969|3.180838418|0.0|SOFIANE|SPDE-ETAS|||relative_plus_offset|2.53654620538|synthetic|synthetic_data_case02_three_faults|synthetic_earthquake|163.3131433|0.03654620538|0|102|0
219|2015-06-17T05:21:09.221760|1.46296563|2.553853441|0.0|SOFIANE|SPDE-ETAS|||relative_plus_offset|2.7550857023|synthetic|synthetic_data_case02_three_faults|synthetic_earthquake|167.2230234|0.2550857023|0|103|0
220|2015-06-18T07:04:16.602240|2.473924447|1.287595453|0.0|SOFIANE|SPDE-ETAS|||relative_plus_offset|2.6786305216|synthetic|synthetic_data_case02_three_faults|synthetic_earthquake|168.2946366|0.1786305216|0|104|0
221|2015-06-18T16:27:08.487360|3.954092907|2.345834268|0.0|SOFIANE|SPDE-ETAS|||relative_plus_offset|2.54553834456|synthetic|synthetic_data_case02_three_faults|synthetic_earthquake|168.6855149|0.04553834456|0|105|0
222|2015-06-20T22:21:46.569600|4.03293137|1.779803486|0.0|SOFIANE|SPDE-ETAS|||relative_plus_offset|2.58957934047|synthetic|synthetic_data_case02_three_faults|synthetic_earthquake|170.931789|0.08957934047|0|106|0
223|2015-06-22T08:53:19.371840|1.994758036|0.9862773696|0.0|SOFIANE|SPDE-ETAS|||relative_plus_offset|2.662130062|synthetic|synthetic_data_case02_three_faults|synthetic_earthquake|172.3703631|0.162130062|0|107|0
224|2015-06-24T00:44:24.480960|1.421598387|2.803796487|0.0|SOFIANE|SPDE-ETAS|||relative_plus_offset|2.9554282944|synthetic|synthetic_data_case02_three_faults|synthetic_earthquake|174.0308389|0.4554282944|0|108|0
225|2015-06-27T06:59:30.747840|2.453002515|4.958344694|0.0|SOFIANE|SPDE-ETAS|||relative_plus_offset|2.57634729786|synthetic|synthetic_data_case02_three_faults|synthetic_earthquake|177.2913281|0.07634729786|0|109|0
226|2015-06-29T20:20:26.928960|1.409258419|2.078789652|0.0|SOFIANE|SPDE-ETAS|||relative_plus_offset|2.6523378785|synthetic|synthetic_data_case02_three_faults|synthetic_earthquake|179.8475339|0.1523378785|0|110|0
227|2015-06-30T04:51:44.743680|4.039507273|4.119346758|0.0|SOFIANE|SPDE-ETAS|||relative_plus_offset|3.3409299927|synthetic|synthetic_data_case02_three_faults|synthetic_earthquake|180.2026012|0.8409299927|0|111|0
228|2015-06-30T16:46:25.996800|3.992614531|2.672828823|0.0|SOFIANE|SPDE-ETAS|||relative_plus_offset|3.1555441208|synthetic|synthetic_data_case02_three_faults|synthetic_earthquake|180.698912|0.6555441208|0|112|0
229|2015-06-30T18:14:48.295680|2.165185903|3.666844986|0.0|SOFIANE|SPDE-ETAS|||relative_plus_offset|3.255374718|synthetic|synthetic_data_case02_three_faults|synthetic_earthquake|180.7602812|0.755374718|136|51|4
230|2015-06-30T18:32:14.098560|2.170680421|3.636743253|0.0|SOFIANE|SPDE-ETAS|||relative_plus_offset|2.661371623|synthetic|synthetic_data_case02_three_faults|synthetic_earthquake|180.7723854|0.161371623|229|51|5
231|2015-06-30T20:14:37.475520|3.562125834|4.834484299|0.0|SOFIANE|SPDE-ETAS|||relative_plus_offset|3.879318179|synthetic|synthetic_data_case02_three_faults|synthetic_earthquake|180.8434893|1.379318179|0|113|0
232|2015-06-30T20:56:50.542080|3.478579979|4.836700077|0.0|SOFIANE|SPDE-ETAS|||relative_plus_offset|2.7734920522|synthetic|synthetic_data_case02_three_faults|synthetic_earthquake|180.8728072|0.2734920522|231|113|1
233|2015-07-02T00:55:40.362240|2.452319863|1.171374118|0.0|SOFIANE|SPDE-ETAS|||relative_plus_offset|3.792247227|synthetic|synthetic_data_case02_three_faults|synthetic_earthquake|182.0386616|1.292247227|0|114|0
234|2015-07-03T12:36:15.742080|1.372365902|4.584867618|0.0|SOFIANE|SPDE-ETAS|||relative_plus_offset|2.5631901403|synthetic|synthetic_data_case02_three_faults|synthetic_earthquake|183.5251822|0.0631901403|0|115|0
235|2015-07-04T17:35:53.508480|3.523481206|4.861626322|0.0|SOFIANE|SPDE-ETAS|||relative_plus_offset|2.9302188937|synthetic|synthetic_data_case02_three_faults|synthetic_earthquake|184.7332582|0.4302188937|231|113|1
236|2015-07-06T21:18:19.180800|1.675657942|3.743052154|0.0|SOFIANE|SPDE-ETAS|||relative_plus_offset|2.63142218|synthetic|synthetic_data_case02_three_faults|synthetic_earthquake|186.887722|0.13142218|0|116|0
237|2015-07-09T01:51:20.387519|0.4418424011|1.788558395|0.0|SOFIANE|SPDE-ETAS|||relative_plus_offset|2.504847314265|synthetic|synthetic_data_case02_three_faults|synthetic_earthquake|189.0773193|0.004847314265|0|117|0
238|2015-07-11T02:19:13.566720|2.192965959|2.975155799|0.0|SOFIANE|SPDE-ETAS|||relative_plus_offset|2.6347779417|synthetic|synthetic_data_case02_three_faults|synthetic_earthquake|191.0966848|0.1347779417|0|118|0
239|2015-07-11T03:54:35.631360|2.444454895|2.79702482|0.0|SOFIANE|SPDE-ETAS|||relative_plus_offset|3.4080762879|synthetic|synthetic_data_case02_three_faults|synthetic_earthquake|191.1629124|0.9080762879|0|119|0
240|2015-07-13T12:58:27.675840|2.415962502|1.31251567|0.0|SOFIANE|SPDE-ETAS|||relative_plus_offset|2.7386148005|synthetic|synthetic_data_case02_three_faults|synthetic_earthquake|193.5405981|0.2386148005|0|120|0
241|2015-07-15T16:19:39.492480|2.41327848|3.100163911|0.0|SOFIANE|SPDE-ETAS|||relative_plus_offset|4.040633597|synthetic|synthetic_data_case02_three_faults|synthetic_earthquake|195.6803182|1.540633597|0|121|0
242|2015-07-16T20:27:30.971520|2.651392225|2.701398858|0.0|SOFIANE|SPDE-ETAS|||relative_plus_offset|3.4116198148|synthetic|synthetic_data_case02_three_faults|synthetic_earthquake|196.8524418|0.9116198148|0|122|0
243|2015-07-18T23:15:46.897920|2.476444651|1.427521246|0.0|SOFIANE|SPDE-ETAS|||relative_plus_offset|2.52343391344|synthetic|synthetic_data_case02_three_faults|synthetic_earthquake|198.9692928|0.02343391344|0|123|0
244|2015-07-20T15:56:49.767360|3.144401272|2.700055354|0.0|SOFIANE|SPDE-ETAS|||relative_plus_offset|2.6082962435|synthetic|synthetic_data_case02_three_faults|synthetic_earthquake|200.6644649|0.1082962435|67|47|1
245|2015-07-22T13:08:49.557120|2.436005156|2.988944088|0.0|SOFIANE|SPDE-ETAS|||relative_plus_offset|3.847889208|synthetic|synthetic_data_case02_three_faults|synthetic_earthquake|202.5477958|1.347889208|0|124|0
246|2015-07-23T01:09:37.880640|2.430064429|3.949108331|0.0|SOFIANE|SPDE-ETAS|||relative_plus_offset|2.9485961705|synthetic|synthetic_data_case02_three_faults|synthetic_earthquake|203.0483551|0.4485961705|0|125|0
247|2015-07-24T11:38:33.737280|2.431547379|2.475443285|0.0|SOFIANE|SPDE-ETAS|||relative_plus_offset|3.37407369|synthetic|synthetic_data_case02_three_faults|synthetic_earthquake|204.4851127|0.87407369|0|126|0
248|2015-07-25T12:35:43.264319|2.454327052|2.751938328|0.0|SOFIANE|SPDE-ETAS|||relative_plus_offset|3.2768253953|synthetic|synthetic_data_case02_three_faults|synthetic_earthquake|205.5248063|0.7768253953|0|127|0
249|2015-07-26T23:21:56.093760|1.435284198|1.94185001|0.0|SOFIANE|SPDE-ETAS|||relative_plus_offset|3.0572540547|synthetic|synthetic_data_case02_three_faults|synthetic_earthquake|206.9735659|0.5572540547|0|128|0
250|2015-07-27T01:12:10.765440|2.473802522|2.486828793|0.0|SOFIANE|SPDE-ETAS|||relative_plus_offset|2.56915209146|synthetic|synthetic_data_case02_three_faults|synthetic_earthquake|207.0501246|0.06915209146|0|129|0
251|2015-07-27T19:17:22.056000|4.595170215|4.640249612|0.0|SOFIANE|SPDE-ETAS|||relative_plus_offset|2.51552252236|synthetic|synthetic_data_case02_three_faults|synthetic_earthquake|207.8037275|0.01552252236|0|130|0
252|2015-07-28T21:24:18.907200|3.150963332|0.9978730673|0.0|SOFIANE|SPDE-ETAS|||relative_plus_offset|2.56711424141|synthetic|synthetic_data_case02_three_faults|synthetic_earthquake|208.8918855|0.06711424141|0|131|0
253|2015-07-29T21:05:23.619840|0.7852061009|2.750589471|0.0|SOFIANE|SPDE-ETAS|||relative_plus_offset|2.87087394|synthetic|synthetic_data_case02_three_faults|synthetic_earthquake|209.8787456|0.37087394|0|132|0
254|2015-07-30T22:44:16.103040|1.410927422|2.231119003|0.0|SOFIANE|SPDE-ETAS|||relative_plus_offset|2.822434981|synthetic|synthetic_data_case02_three_faults|synthetic_earthquake|210.9474086|0.322434981|0|133|0
255|2015-08-02T15:26:35.453760|2.478609783|2.733513659|0.0|SOFIANE|SPDE-ETAS|||relative_plus_offset|3.532063912|synthetic|synthetic_data_case02_three_faults|synthetic_earthquake|213.6434659|1.032063912|0|134|0
256|2015-08-06T19:29:42.780480|4.221719945|1.780823775|0.0|SOFIANE|SPDE-ETAS|||relative_plus_offset|3.1320247021|synthetic|synthetic_data_case02_three_faults|synthetic_earthquake|217.8123007|0.6320247021|0|135|0
257|2015-08-06T19:33:03.530880|4.232669947|1.739040361|0.0|SOFIANE|SPDE-ETAS|||relative_plus_offset|3.23769293|synthetic|synthetic_data_case02_three_faults|synthetic_earthquake|217.8146242|0.73769293|256|135|1
258|2015-08-07T11:16:15.660480|2.667077228|0.9288740776|0.0|SOFIANE|SPDE-ETAS|||relative_plus_offset|2.7144474557000002|synthetic|synthetic_data_case02_three_faults|synthetic_earthquake|218.4696257|0.2144474557|0|136|0
259|2015-08-10T14:52:53.598720|3.951723038|2.842112635|0.0|SOFIANE|SPDE-ETAS|||relative_plus_offset|2.9124845682|synthetic|synthetic_data_case02_three_faults|synthetic_earthquake|221.6200648|0.4124845682|0|137|0
260|2015-08-12T09:23:07.134720|2.466949421|1.093397396|0.0|SOFIANE|SPDE-ETAS|||relative_plus_offset|2.6242508277|synthetic|synthetic_data_case02_three_faults|synthetic_earthquake|223.3910548|0.1242508277|0|138|0
261|2015-08-12T13:53:42.334080|2.446134092|2.236331686|0.0|SOFIANE|SPDE-ETAS|||relative_plus_offset|3.544527103|synthetic|synthetic_data_case02_three_faults|synthetic_earthquake|223.5789622|1.044527103|150|63|1
262|2015-08-12T14:24:33.635520|2.469573762|2.189863692|0.0|SOFIANE|SPDE-ETAS|||relative_plus_offset|2.8395934244|synthetic|synthetic_data_case02_three_faults|synthetic_earthquake|223.6003893|0.3395934244|261|63|2
263|2015-08-12T16:13:50.712960|2.048187577|2.090074914|0.0|SOFIANE|SPDE-ETAS|||relative_plus_offset|2.614618411|synthetic|synthetic_data_case02_three_faults|synthetic_earthquake|223.6762814|0.114618411|262|63|3
264|2015-08-13T01:23:00.744000|2.458949013|1.087091907|0.0|SOFIANE|SPDE-ETAS|||relative_plus_offset|2.8259453129|synthetic|synthetic_data_case02_three_faults|synthetic_earthquake|224.0576475|0.3259453129|0|139|0
265|2015-08-13T19:21:38.543040|1.081614383|2.029583939|0.0|SOFIANE|SPDE-ETAS|||relative_plus_offset|2.6313278447|synthetic|synthetic_data_case02_three_faults|synthetic_earthquake|224.8066961|0.1313278447|0|140|0
266|2015-08-14T14:22:35.768640|1.46941792|2.220661129|0.0|SOFIANE|SPDE-ETAS|||relative_plus_offset|2.6361681571|synthetic|synthetic_data_case02_three_faults|synthetic_earthquake|225.5990251|0.1361681571|0|141|0
267|2015-08-15T00:06:45.872640|1.453764426|2.748256509|0.0|SOFIANE|SPDE-ETAS|||relative_plus_offset|2.52561826799|synthetic|synthetic_data_case02_three_faults|synthetic_earthquake|226.0046976|0.02561826799|0|142|0
268|2015-08-17T03:42:50.719680|2.400164043|2.18576352|0.0|SOFIANE|SPDE-ETAS|||relative_plus_offset|2.9846354985|synthetic|synthetic_data_case02_three_faults|synthetic_earthquake|228.1547537|0.4846354985|0|143|0
269|2015-08-17T07:32:37.032000|3.989863285|2.102906734|0.0|SOFIANE|SPDE-ETAS|||relative_plus_offset|2.8820887241|synthetic|synthetic_data_case02_three_faults|synthetic_earthquake|228.3143175|0.3820887241|0|144|0
270|2015-08-17T20:32:26.813760|2.434692172|3.416615012|0.0|SOFIANE|SPDE-ETAS|||relative_plus_offset|2.9225744906|synthetic|synthetic_data_case02_three_faults|synthetic_earthquake|228.8558659|0.4225744906|0|145|0
271|2015-08-19T03:58:53.872320|2.482590844|3.929065512|0.0|SOFIANE|SPDE-ETAS|||relative_plus_offset|2.51827218499|synthetic|synthetic_data_case02_three_faults|synthetic_earthquake|230.1659013|0.01827218499|0|146|0
272|2015-08-20T07:00:54.840960|3.973276875|2.61086014|0.0|SOFIANE|SPDE-ETAS|||relative_plus_offset|2.53164802293|synthetic|synthetic_data_case02_three_faults|synthetic_earthquake|231.2923014|0.03164802293|0|147|0
273|2015-08-20T14:37:03.060480|2.745368164|2.856532091|0.0|SOFIANE|SPDE-ETAS|||relative_plus_offset|2.7110763627|synthetic|synthetic_data_case02_three_faults|synthetic_earthquake|231.6090632|0.2110763627|67|47|1
274|2015-08-20T21:10:05.784960|1.991571676|1.601092548|0.0|SOFIANE|SPDE-ETAS|||relative_plus_offset|2.54549445117|synthetic|synthetic_data_case02_three_faults|synthetic_earthquake|231.8820114|0.04549445117|0|148|0
275|2015-08-22T19:08:17.986560|4.50541625|3.736484609|0.0|SOFIANE|SPDE-ETAS|||relative_plus_offset|3.1672576447000003|synthetic|synthetic_data_case02_three_faults|synthetic_earthquake|233.7974304|0.6672576447|0|149|0
276|2015-08-26T18:20:25.143360|1.432624939|2.431110596|0.0|SOFIANE|SPDE-ETAS|||relative_plus_offset|2.6264802631|synthetic|synthetic_data_case02_three_faults|synthetic_earthquake|237.7641799|0.1264802631|0|150|0
277|2015-08-26T21:49:30.993600|3.076028266|2.939765453|0.0|SOFIANE|SPDE-ETAS|||relative_plus_offset|2.7974941949|synthetic|synthetic_data_case02_three_faults|synthetic_earthquake|237.9093865|0.2974941949|0|151|0
278|2015-08-28T14:07:26.011199|1.11196658|3.889011273|0.0|SOFIANE|SPDE-ETAS|||relative_plus_offset|2.56385921584|synthetic|synthetic_data_case02_three_faults|synthetic_earthquake|239.5884955|0.06385921584|0|152|0
279|2015-08-30T21:34:58.967040|2.480128479|3.790301237|0.0|SOFIANE|SPDE-ETAS|||relative_plus_offset|4.729996761000001|synthetic|synthetic_data_case02_three_faults|synthetic_earthquake|241.8992936|2.229996761|0|153|0
280|2015-08-30T21:49:51.021120|2.632251785|3.681734944|0.0|SOFIANE|SPDE-ETAS|||relative_plus_offset|3.0205072674|synthetic|synthetic_data_case02_three_faults|synthetic_earthquake|241.9096183|0.5205072674|279|153|1
281|2015-08-30T21:50:08.715840|2.401319458|3.882569593|0.0|SOFIANE|SPDE-ETAS|||relative_plus_offset|3.3063552496|synthetic|synthetic_data_case02_three_faults|synthetic_earthquake|241.9098231|0.8063552496|279|153|1
282|2015-08-30T23:11:26.047680|2.439278018|3.614390461|0.0|SOFIANE|SPDE-ETAS|||relative_plus_offset|2.7751627598|synthetic|synthetic_data_case02_three_faults|synthetic_earthquake|241.9662737|0.2751627598|279|153|1
283|2015-08-31T00:21:59.034240|1.884242229|1.582833905|0.0|SOFIANE|SPDE-ETAS|||relative_plus_offset|2.6078200982|synthetic|synthetic_data_case02_three_faults|synthetic_earthquake|242.0152666|0.1078200982|81|47|2
284|2015-08-31T01:21:47.494080|2.49636034|3.770057578|0.0|SOFIANE|SPDE-ETAS|||relative_plus_offset|2.507664422685|synthetic|synthetic_data_case02_three_faults|synthetic_earthquake|242.0567997|0.007664422685|279|153|1
285|2015-08-31T03:19:19.176960|2.553552263|3.686441506|0.0|SOFIANE|SPDE-ETAS|||relative_plus_offset|2.8831310303|synthetic|synthetic_data_case02_three_faults|synthetic_earthquake|242.1384164|0.3831310303|279|153|1
286|2015-08-31T20:15:35.138880|2.572846017|3.820260025|0.0|SOFIANE|SPDE-ETAS|||relative_plus_offset|2.6792731513|synthetic|synthetic_data_case02_three_faults|synthetic_earthquake|242.8441567|0.1792731513|279|153|1
287|2015-09-02T06:30:19.100159|2.376905165|3.930147695|0.0|SOFIANE|SPDE-ETAS|||relative_plus_offset|2.7604576133|synthetic|synthetic_data_case02_three_faults|synthetic_earthquake|244.2710544|0.2604576133|281|153|2
288|2015-09-02T06:32:26.600640|2.380502681|3.917238771|0.0|SOFIANE|SPDE-ETAS|||relative_plus_offset|3.0024877898|synthetic|synthetic_data_case02_three_faults|synthetic_earthquake|244.2725301|0.5024877898|287|153|3
289|2015-09-02T22:17:37.893120|3.98657979|2.762167993|0.0|SOFIANE|SPDE-ETAS|||relative_plus_offset|3.3294438224|synthetic|synthetic_data_case02_three_faults|synthetic_earthquake|244.9289108|0.8294438224|0|154|0
290|2015-09-03T05:30:18.829440|1.79671806|1.007947125|0.0|SOFIANE|SPDE-ETAS|||relative_plus_offset|2.9510834024|synthetic|synthetic_data_case02_three_faults|synthetic_earthquake|245.2293846|0.4510834024|0|155|0
291|2015-09-03T08:55:37.119360|1.860196184|1.011523585|0.0|SOFIANE|SPDE-ETAS|||relative_plus_offset|2.5686279616|synthetic|synthetic_data_case02_three_faults|synthetic_earthquake|245.3719574|0.0686279616|290|155|1
292|2015-09-03T09:19:15.824640|3.771484418|4.329040718|0.0|SOFIANE|SPDE-ETAS|||relative_plus_offset|2.7600376908|synthetic|synthetic_data_case02_three_faults|synthetic_earthquake|245.3883776|0.2600376908|0|156|0
293|2015-09-03T09:44:00.660480|3.716877329|4.344592042|0.0|SOFIANE|SPDE-ETAS|||relative_plus_offset|2.7863194174|synthetic|synthetic_data_case02_three_faults|synthetic_earthquake|245.4055632|0.2863194174|292|156|1
294|2015-09-03T14:32:54.876480|1.96164171|4.519441113|0.0|SOFIANE|SPDE-ETAS|||relative_plus_offset|3.0574144608|synthetic|synthetic_data_case02_three_faults|synthetic_earthquake|245.6061907|0.5574144608|0|157|0
295|2015-09-03T16:11:21.318720|4.174802287|3.481565753|0.0|SOFIANE|SPDE-ETAS|||relative_plus_offset|2.52914336874|synthetic|synthetic_data_case02_three_faults|synthetic_earthquake|245.6745523|0.02914336874|0|158|0
296|2015-09-03T18:35:27.867840|2.325899379|3.752717671|0.0|SOFIANE|SPDE-ETAS|||relative_plus_offset|3.1407253289|synthetic|synthetic_data_case02_three_faults|synthetic_earthquake|245.7746281|0.6407253289|279|153|1
297|2015-09-05T11:58:19.646400|1.412214474|2.931797195|0.0|SOFIANE|SPDE-ETAS|||relative_plus_offset|3.0830743592|synthetic|synthetic_data_case02_three_faults|synthetic_earthquake|247.4988385|0.5830743592|0|159|0
298|2015-09-05T12:14:20.950080|2.361164645|3.840206815|0.0|SOFIANE|SPDE-ETAS|||relative_plus_offset|3.3397010270000003|synthetic|synthetic_data_case02_three_faults|synthetic_earthquake|247.5099647|0.839701027|0|160|0
299|2015-09-05T14:01:13.013760|2.45955343|1.696598561|0.0|SOFIANE|SPDE-ETAS|||relative_plus_offset|3.3592834215|synthetic|synthetic_data_case02_three_faults|synthetic_earthquake|247.5841784|0.8592834215|0|161|0
300|2015-09-05T14:38:17.692800|2.421552687|1.701473329|0.0|SOFIANE|SPDE-ETAS|||relative_plus_offset|3.0913990687|synthetic|synthetic_data_case02_three_faults|synthetic_earthquake|247.609927|0.5913990687|299|161|1
301|2015-09-05T16:09:48.602879|2.432353867|1.684093087|0.0|SOFIANE|SPDE-ETAS|||relative_plus_offset|2.8258975861|synthetic|synthetic_data_case02_three_faults|synthetic_earthquake|247.6734792|0.3258975861|300|161|2
302|2015-09-06T04:54:01.152000|1.481771108|2.26022603|0.0|SOFIANE|SPDE-ETAS|||relative_plus_offset|2.8039872438|synthetic|synthetic_data_case02_three_faults|synthetic_earthquake|248.20418|0.3039872438|0|162|0
303|2015-09-06T06:50:18.444480|1.355991459|2.899995976|0.0|SOFIANE|SPDE-ETAS|||relative_plus_offset|2.6399024817|synthetic|synthetic_data_case02_three_faults|synthetic_earthquake|248.2849357|0.1399024817|297|159|1
304|2015-09-06T08:52:13.224000|2.494698693|3.938910316|0.0|SOFIANE|SPDE-ETAS|||relative_plus_offset|2.9463935988|synthetic|synthetic_data_case02_three_faults|synthetic_earthquake|248.3695975|0.4463935988|279|153|1
305|2015-09-07T01:03:28.339200|1.400819808|1.97741663|0.0|SOFIANE|SPDE-ETAS|||relative_plus_offset|3.3395213213|synthetic|synthetic_data_case02_three_faults|synthetic_earthquake|249.044078|0.8395213213|0|163|0
306|2015-09-07T04:32:11.068800|2.370516073|1.342073415|0.0|SOFIANE|SPDE-ETAS|||relative_plus_offset|3.3176946143|synthetic|synthetic_data_case02_three_faults|synthetic_earthquake|249.189017|0.8176946143|0|164|0
307|2015-09-11T01:36:17.040960|2.423570655|1.625407723|0.0|SOFIANE|SPDE-ETAS|||relative_plus_offset|2.55119541143|synthetic|synthetic_data_case02_three_faults|synthetic_earthquake|253.0668639|0.05119541143|0|165|0
308|2015-09-11T01:41:45.015360|2.373593178|1.299079589|0.0|SOFIANE|SPDE-ETAS|||relative_plus_offset|2.59101289522|synthetic|synthetic_data_case02_three_faults|synthetic_earthquake|253.0706599|0.09101289522|306|164|1
309|2015-09-15T00:26:40.344000|2.218143334|2.826740648|0.0|SOFIANE|SPDE-ETAS|||relative_plus_offset|3.3414204499|synthetic|synthetic_data_case02_three_faults|synthetic_earthquake|257.0185225|0.8414204499|0|166|0
310|2015-09-16T07:03:17.141760|1.477543667|1.485721908|0.0|SOFIANE|SPDE-ETAS|||relative_plus_offset|2.7715364376|synthetic|synthetic_data_case02_three_faults|synthetic_earthquake|258.2939484|0.2715364376|0|167|0
311|2015-09-16T08:12:51.937920|1.483259394|1.452501946|0.0|SOFIANE|SPDE-ETAS|||relative_plus_offset|2.6865268313|synthetic|synthetic_data_case02_three_faults|synthetic_earthquake|258.3422678|0.1865268313|310|167|1
312|2015-09-18T21:46:44.941440|2.492234811|1.893161684|0.0|SOFIANE|SPDE-ETAS|||relative_plus_offset|2.8501710756|synthetic|synthetic_data_case02_three_faults|synthetic_earthquake|260.9074646|0.3501710756|0|168|0
313|2015-09-21T07:44:17.200320|0.0968927081|4.490836982|0.0|SOFIANE|SPDE-ETAS|||relative_plus_offset|2.7213771270000002|synthetic|synthetic_data_case02_three_faults|synthetic_earthquake|263.3224213|0.221377127|0|169|0
314|2015-09-21T09:26:49.355520|2.444538371|1.641271513|0.0|SOFIANE|SPDE-ETAS|||relative_plus_offset|2.55786747271|synthetic|synthetic_data_case02_three_faults|synthetic_earthquake|263.3936268|0.05786747271|0|170|0
315|2015-09-22T21:25:42.551040|2.42321493|2.850716038|0.0|SOFIANE|SPDE-ETAS|||relative_plus_offset|2.9118563297|synthetic|synthetic_data_case02_three_faults|synthetic_earthquake|264.8928536|0.4118563297|0|171|0
316|2015-09-25T01:30:23.915519|1.491954811|2.301548879|0.0|SOFIANE|SPDE-ETAS|||relative_plus_offset|2.56717519056|synthetic|synthetic_data_case02_three_faults|synthetic_earthquake|267.0627768|0.06717519056|0|172|0
317|2015-09-26T13:54:43.963200|1.484790724|1.551875033|0.0|SOFIANE|SPDE-ETAS|||relative_plus_offset|2.6694061055|synthetic|synthetic_data_case02_three_faults|synthetic_earthquake|268.5796755|0.1694061055|0|173|0
318|2015-09-28T09:14:23.170560|0.2136381048|4.548827934|0.0|SOFIANE|SPDE-ETAS|||relative_plus_offset|3.2078966210999997|synthetic|synthetic_data_case02_three_faults|synthetic_earthquake|270.3849904|0.7078966211|0|174|0
319|2015-09-29T12:32:26.574720|1.446205584|2.277092967|0.0|SOFIANE|SPDE-ETAS|||relative_plus_offset|3.0585068476|synthetic|synthetic_data_case02_three_faults|synthetic_earthquake|271.5225298|0.5585068476|0|175|0
320|2015-10-01T14:27:10.719359|1.412565869|1.613694439|0.0|SOFIANE|SPDE-ETAS|||relative_plus_offset|2.504312824139|synthetic|synthetic_data_case02_three_faults|synthetic_earthquake|273.6022074|0.004312824139|0|176|0
321|2015-10-02T08:13:52.417920|1.430670184|1.626605473|0.0|SOFIANE|SPDE-ETAS|||relative_plus_offset|3.0583124722|synthetic|synthetic_data_case02_three_faults|synthetic_earthquake|274.3429678|0.5583124722|0|177|0
322|2015-10-03T23:01:41.335680|2.457280986|1.284900382|0.0|SOFIANE|SPDE-ETAS|||relative_plus_offset|3.6839264089999997|synthetic|synthetic_data_case02_three_faults|synthetic_earthquake|275.9595062|1.183926409|0|178|0
323|2015-10-04T00:04:01.202880|2.483756047|1.372823862|0.0|SOFIANE|SPDE-ETAS|||relative_plus_offset|2.8406019701|synthetic|synthetic_data_case02_three_faults|synthetic_earthquake|276.0027917|0.3406019701|322|178|1
324|2015-10-06T11:21:17.904960|1.113020181|0.6463994339|0.0|SOFIANE|SPDE-ETAS|||relative_plus_offset|2.6714444716|synthetic|synthetic_data_case02_three_faults|synthetic_earthquake|278.4731239|0.1714444716|124|47|2
325|2015-10-07T11:13:41.721600|1.418386388|1.762982228|0.0|SOFIANE|SPDE-ETAS|||relative_plus_offset|2.52024620957|synthetic|synthetic_data_case02_three_faults|synthetic_earthquake|279.467844|0.02024620957|0|179|0
326|2015-10-12T00:50:08.914560|2.501289412|0.8852802973|0.0|SOFIANE|SPDE-ETAS|||relative_plus_offset|3.2819799003|synthetic|synthetic_data_case02_three_faults|synthetic_earthquake|284.0348254|0.7819799003|322|178|1
327|2015-10-12T03:04:15.700800|2.450009102|0.9408503153|0.0|SOFIANE|SPDE-ETAS|||relative_plus_offset|3.521095801|synthetic|synthetic_data_case02_three_faults|synthetic_earthquake|284.1279595|1.021095801|326|178|2
328|2015-10-13T01:20:00.418560|1.36565375|4.603659592|0.0|SOFIANE|SPDE-ETAS|||relative_plus_offset|2.8279685499|synthetic|synthetic_data_case02_three_faults|synthetic_earthquake|285.0555604|0.3279685499|234|115|1
329|2015-10-14T18:52:33.962880|3.95148108|2.114820837|0.0|SOFIANE|SPDE-ETAS|||relative_plus_offset|2.8499161912|synthetic|synthetic_data_case02_three_faults|synthetic_earthquake|286.7865042|0.3499161912|0|180|0
330|2015-10-14T19:05:12.632640|3.957478218|2.12852462|0.0|SOFIANE|SPDE-ETAS|||relative_plus_offset|2.6518787188|synthetic|synthetic_data_case02_three_faults|synthetic_earthquake|286.7952851|0.1518787188|329|180|1
331|2015-10-15T09:11:58.770240|0.3101233834|4.666153172|0.0|SOFIANE|SPDE-ETAS|||relative_plus_offset|3.1812459916|synthetic|synthetic_data_case02_three_faults|synthetic_earthquake|287.3833191|0.6812459916|0|181|0
332|2015-10-15T18:38:15.129600|3.339969664|1.358086289|0.0|SOFIANE|SPDE-ETAS|||relative_plus_offset|2.7136369584|synthetic|synthetic_data_case02_three_faults|synthetic_earthquake|287.776564|0.2136369584|0|182|0
333|2015-10-15T19:14:12.874560|3.350885937|1.304797048|0.0|SOFIANE|SPDE-ETAS|||relative_plus_offset|2.8844674124|synthetic|synthetic_data_case02_three_faults|synthetic_earthquake|287.8015379|0.3844674124|332|182|1
334|2015-10-15T21:06:49.026240|3.39466602|2.901293211|0.0|SOFIANE|SPDE-ETAS|||relative_plus_offset|2.7689798098000002|synthetic|synthetic_data_case02_three_faults|synthetic_earthquake|287.8797341|0.2689798098|0|183|0
335|2015-10-16T02:26:31.156800|0.3114360773|4.707494468|0.0|SOFIANE|SPDE-ETAS|||relative_plus_offset|2.56157577966|synthetic|synthetic_data_case02_three_faults|synthetic_earthquake|288.1017495|0.06157577966|331|181|1
336|2015-10-16T03:35:10.743360|1.956240743|3.535875428|0.0|SOFIANE|SPDE-ETAS|||relative_plus_offset|2.56326213135|synthetic|synthetic_data_case02_three_faults|synthetic_earthquake|288.1494299|0.06326213135|0|184|0
337|2015-10-17T15:55:08.549760|3.953809167|1.639706567|0.0|SOFIANE|SPDE-ETAS|||relative_plus_offset|3.0847514355|synthetic|synthetic_data_case02_three_faults|synthetic_earthquake|289.6632934|0.5847514355|0|185|0
338|2015-10-18T03:27:34.093440|4.742133637|4.047523407|0.0|SOFIANE|SPDE-ETAS|||relative_plus_offset|2.6675921986|synthetic|synthetic_data_case02_three_faults|synthetic_earthquake|290.1441446|0.1675921986|0|186|0
339|2015-10-18T11:33:19.794240|1.357949882|4.61384622|0.0|SOFIANE|SPDE-ETAS|||relative_plus_offset|3.0782738696000003|synthetic|synthetic_data_case02_three_faults|synthetic_earthquake|290.4814791|0.5782738696|328|115|2
340|2015-10-19T07:16:20.089920|1.412032167|1.808178443|0.0|SOFIANE|SPDE-ETAS|||relative_plus_offset|2.50396021541|synthetic|synthetic_data_case02_three_faults|synthetic_earthquake|291.3030103|0.00396021541|0|187|0
341|2015-10-19T18:42:19.391040|1.389213301|4.352650425|0.0|SOFIANE|SPDE-ETAS|||relative_plus_offset|4.097733013|synthetic|synthetic_data_case02_three_faults|synthetic_earthquake|291.7793911|1.597733013|165|74|1
342|2015-10-19T21:44:19.374720|1.148104763|4.775494808|0.0|SOFIANE|SPDE-ETAS|||relative_plus_offset|2.9240001984|synthetic|synthetic_data_case02_three_faults|synthetic_earthquake|291.9057798|0.4240001984|341|74|2
343|2015-10-20T00:56:58.848000|2.562895529|0.2051481171|0.0|SOFIANE|SPDE-ETAS|||relative_plus_offset|2.56461463306|synthetic|synthetic_data_case02_three_faults|synthetic_earthquake|292.03957|0.06461463306|0|188|0
344|2015-10-20T04:28:14.868480|1.393826016|4.254143917|0.0|SOFIANE|SPDE-ETAS|||relative_plus_offset|3.0012940929000003|synthetic|synthetic_data_case02_three_faults|synthetic_earthquake|292.1862832|0.5012940929|341|74|2
345|2015-10-20T06:19:34.487040|2.389609677|1.422347692|0.0|SOFIANE|SPDE-ETAS|||relative_plus_offset|3.2168269787|synthetic|synthetic_data_case02_three_faults|synthetic_earthquake|292.2635936|0.7168269787|0|189|0
346|2015-10-21T00:51:46.529280|2.617896896|0.06758237511|0.0|SOFIANE|SPDE-ETAS|||relative_plus_offset|2.501286931334|synthetic|synthetic_data_case02_three_faults|synthetic_earthquake|293.0359552|0.001286931334|343|188|1
347|2015-10-21T12:49:19.035840|2.636397374|0.06184247488|0.0|SOFIANE|SPDE-ETAS|||relative_plus_offset|2.5417065688|synthetic|synthetic_data_case02_three_faults|synthetic_earthquake|293.5342481|0.0417065688|346|188|2
348|2015-10-22T16:35:19.697280|2.447322249|2.983974118|0.0|SOFIANE|SPDE-ETAS|||relative_plus_offset|2.52737185044|synthetic|synthetic_data_case02_three_faults|synthetic_earthquake|294.6912002|0.02737185044|0|190|0
349|2015-10-23T17:02:08.897280|1.149734271|3.370787762|0.0|SOFIANE|SPDE-ETAS|||relative_plus_offset|2.51165338996|synthetic|synthetic_data_case02_three_faults|synthetic_earthquake|295.7098252|0.01165338996|0|191|0
350|2015-10-24T08:07:21.259200|1.437947908|1.557043614|0.0|SOFIANE|SPDE-ETAS|||relative_plus_offset|2.6135035598|synthetic|synthetic_data_case02_three_faults|synthetic_earthquake|296.3384405|0.1135035598|0|192|0
351|2015-10-26T04:29:12.730560|1.429343248|2.964618213|0.0|SOFIANE|SPDE-ETAS|||relative_plus_offset|2.51886022784|synthetic|synthetic_data_case02_three_faults|synthetic_earthquake|298.1869529|0.01886022784|0|193|0
352|2015-10-27T07:44:53.877120|2.492296026|2.134284174|0.0|SOFIANE|SPDE-ETAS|||relative_plus_offset|3.006624255|synthetic|synthetic_data_case02_three_faults|synthetic_earthquake|299.3228458|0.506624255|0|194|0
353|2015-10-27T18:02:26.439360|2.414764425|3.338534474|0.0|SOFIANE|SPDE-ETAS|||relative_plus_offset|2.6199896537|synthetic|synthetic_data_case02_three_faults|synthetic_earthquake|299.7516949|0.1199896537|0|195|0
354|2015-10-29T23:43:25.881600|0.2739256484|1.962442234|0.0|SOFIANE|SPDE-ETAS|||relative_plus_offset|4.577649375|synthetic|synthetic_data_case02_three_faults|synthetic_earthquake|301.988494|2.077649375|0|196|0
355|2015-10-30T00:48:49.219200|0.3343452212|1.904503904|0.0|SOFIANE|SPDE-ETAS|||relative_plus_offset|2.54525969419|synthetic|synthetic_data_case02_three_faults|synthetic_earthquake|302.033903|0.04525969419|354|196|1
356|2015-10-30T00:52:32.926080|0.3426247002|1.920913193|0.0|SOFIANE|SPDE-ETAS|||relative_plus_offset|2.6144947312|synthetic|synthetic_data_case02_three_faults|synthetic_earthquake|302.0364922|0.1144947312|355|196|2
357|2015-10-30T01:15:45.443520|0.4318812263|1.916793431|0.0|SOFIANE|SPDE-ETAS|||relative_plus_offset|2.52872141627|synthetic|synthetic_data_case02_three_faults|synthetic_earthquake|302.0526093|0.02872141627|355|196|2
358|2015-10-30T13:27:16.652160|1.488819223|4.524365465|0.0|SOFIANE|SPDE-ETAS|||relative_plus_offset|2.57618854447|synthetic|synthetic_data_case02_three_faults|synthetic_earthquake|302.5606094|0.07618854447|0|197|0
359|2015-10-30T13:38:21.793920|3.429964304|2.856367824|0.0|SOFIANE|SPDE-ETAS|||relative_plus_offset|3.0908749598|synthetic|synthetic_data_case02_three_faults|synthetic_earthquake|302.5683078|0.5908749598|334|183|1
360|2015-11-01T11:14:46.625280|3.897064575|1.016040771|0.0|SOFIANE|SPDE-ETAS|||relative_plus_offset|3.1533735625|synthetic|synthetic_data_case02_three_faults|synthetic_earthquake|304.4685952|0.6533735625|0|198|0
361|2015-11-04T13:21:15.932160|0.7404271998|0.1217292619|0.0|SOFIANE|SPDE-ETAS|||relative_plus_offset|2.8179297772|synthetic|synthetic_data_case02_three_faults|synthetic_earthquake|307.5564344|0.3179297772|0|199|0
362|2015-11-08T08:23:42.823680|0.1570547266|1.979853499|0.0|SOFIANE|SPDE-ETAS|||relative_plus_offset|3.5021776129999997|synthetic|synthetic_data_case02_three_faults|synthetic_earthquake|311.3498012|1.002177613|354|196|1
363|2015-11-18T09:54:10.895040|2.429102238|2.392286352|0.0|SOFIANE|SPDE-ETAS|||relative_plus_offset|2.6539952561|synthetic|synthetic_data_case02_three_faults|synthetic_earthquake|321.4126261|0.1539952561|0|200|0
364|2015-11-19T08:26:05.660160|2.498744453|2.743205067|0.0|SOFIANE|SPDE-ETAS|||relative_plus_offset|2.53690828916|synthetic|synthetic_data_case02_three_faults|synthetic_earthquake|322.3514544|0.03690828916|0|201|0
365|2015-11-24T08:39:02.257920|0.8234458419|0.5558621531|0.0|SOFIANE|SPDE-ETAS|||relative_plus_offset|4.1268347930000004|synthetic|synthetic_data_case02_three_faults|synthetic_earthquake|327.3604428|1.626834793|0|202|0
366|2015-11-24T12:31:00.848640|0.7849921714|0.3985908385|0.0|SOFIANE|SPDE-ETAS|||relative_plus_offset|2.7983754733|synthetic|synthetic_data_case02_three_faults|synthetic_earthquake|327.5215376|0.2983754733|365|202|1
367|2015-11-25T15:33:34.303680|3.863844714|0.9875359035|0.0|SOFIANE|SPDE-ETAS|||relative_plus_offset|2.763084865|synthetic|synthetic_data_case02_three_faults|synthetic_earthquake|328.6483137|0.263084865|0|203|0
368|2015-11-30T05:00:12.291840|2.419491289|3.601638221|0.0|SOFIANE|SPDE-ETAS|||relative_plus_offset|2.53325850907|synthetic|synthetic_data_case02_three_faults|synthetic_earthquake|333.2084756|0.03325850907|0|204|0
369|2015-12-02T03:37:26.607360|0.2346399412|1.424750066|0.0|SOFIANE|SPDE-ETAS|||relative_plus_offset|3.3051539568|synthetic|synthetic_data_case02_three_faults|synthetic_earthquake|335.1510024|0.8051539568|0|205|0
370|2015-12-02T04:05:41.792640|0.2487757971|1.446128663|0.0|SOFIANE|SPDE-ETAS|||relative_plus_offset|3.356525216|synthetic|synthetic_data_case02_three_faults|synthetic_earthquake|335.1706226|0.856525216|369|205|1
371|2015-12-03T16:32:10.455359|2.422020984|2.771350193|0.0|SOFIANE|SPDE-ETAS|||relative_plus_offset|3.1209283855|synthetic|synthetic_data_case02_three_faults|synthetic_earthquake|336.6890099|0.6209283855|0|206|0
372|2015-12-06T13:44:58.672319|3.575196877|3.31691547|0.0|SOFIANE|SPDE-ETAS|||relative_plus_offset|2.7349245802|synthetic|synthetic_data_case02_three_faults|synthetic_earthquake|339.5729013|0.2349245802|0|207|0
373|2015-12-08T10:41:49.300800|3.29425669|1.708198646|0.0|SOFIANE|SPDE-ETAS|||relative_plus_offset|2.6339064583|synthetic|synthetic_data_case02_three_faults|synthetic_earthquake|341.4457095|0.1339064583|174|80|1
374|2015-12-08T17:54:36.527040|1.441691796|2.005292111|0.0|SOFIANE|SPDE-ETAS|||relative_plus_offset|3.1116320444|synthetic|synthetic_data_case02_three_faults|synthetic_earthquake|341.7462561|0.6116320444|0|208|0
375|2015-12-09T07:36:49.847040|1.485056199|1.60908171|0.0|SOFIANE|SPDE-ETAS|||relative_plus_offset|2.9023002086|synthetic|synthetic_data_case02_three_faults|synthetic_earthquake|342.3172436|0.4023002086|0|209|0
376|2015-12-18T05:21:53.760960|1.450172932|2.420844801|0.0|SOFIANE|SPDE-ETAS|||relative_plus_offset|2.503066019266|synthetic|synthetic_data_case02_three_faults|synthetic_earthquake|351.2235389|0.003066019266|0|210|0
377|2015-12-20T04:25:17.921279|0.2805125641|1.433927791|0.0|SOFIANE|SPDE-ETAS|||relative_plus_offset|3.2273069995|synthetic|synthetic_data_case02_three_faults|synthetic_earthquake|353.1842352|0.7273069995|370|205|2
378|2015-12-20T13:11:42.020160|2.48050358|3.86542468|0.0|SOFIANE|SPDE-ETAS|||relative_plus_offset|2.6091917958|synthetic|synthetic_data_case02_three_faults|synthetic_earthquake|353.5497919|0.1091917958|0|211|0
379|2015-12-20T18:14:52.935360|2.427682991|3.866888776|0.0|SOFIANE|SPDE-ETAS|||relative_plus_offset|3.698563633|synthetic|synthetic_data_case02_three_faults|synthetic_earthquake|353.7603349|1.198563633|0|212|0
380|2015-12-21T03:45:00.777600|0.1597745575|3.120564198|0.0|SOFIANE|SPDE-ETAS|||relative_plus_offset|3.2169158796|synthetic|synthetic_data_case02_three_faults|synthetic_earthquake|354.156259|0.7169158796|0|213|0
381|2015-12-26T12:47:26.275199|0.4177651997|4.770143223|0.0|SOFIANE|SPDE-ETAS|||relative_plus_offset|3.1376704633|synthetic|synthetic_data_case02_three_faults|synthetic_earthquake|359.532943|0.6376704633|0|214|0
382|2015-12-26T14:00:04.507200|0.5136867283|4.927131249|0.0|SOFIANE|SPDE-ETAS|||relative_plus_offset|3.872132839|synthetic|synthetic_data_case02_three_faults|synthetic_earthquake|359.5833855|1.372132839|381|214|1
383|2015-12-26T14:34:23.747520|0.5553453141|4.932739256|0.0|SOFIANE|SPDE-ETAS|||relative_plus_offset|2.503666046351|synthetic|synthetic_data_case02_three_faults|synthetic_earthquake|359.6072193|0.003666046351|382|214|2
384|2015-12-27T05:51:03.939840|4.031331995|1.578821814|0.0|SOFIANE|SPDE-ETAS|||relative_plus_offset|2.57447988583|synthetic|synthetic_data_case02_three_faults|synthetic_earthquake|360.2437956|0.07447988583|0|215|0
385|2015-12-27T06:38:32.781120|3.940357934|2.211207599|0.0|SOFIANE|SPDE-ETAS|||relative_plus_offset|3.1520913404|synthetic|synthetic_data_case02_three_faults|synthetic_earthquake|360.2767683|0.6520913404|0|216|0
386|2015-12-29T07:03:24.814080|0.6100291534|3.986378862|0.0|SOFIANE|SPDE-ETAS|||relative_plus_offset|2.8979951784|synthetic|synthetic_data_case02_three_faults|synthetic_earthquake|362.2940372|0.3979951784|0|217|0
387|2015-12-29T08:47:05.562240|0.6189912436|3.961923207|0.0|SOFIANE|SPDE-ETAS|||relative_plus_offset|2.7549494709999998|synthetic|synthetic_data_case02_three_faults|synthetic_earthquake|362.3660366|0.254949471|386|217|1
388|2015-12-29T08:59:54.358080|0.6980296444|3.88342475|0.0|SOFIANE|SPDE-ETAS|||relative_plus_offset|2.6602343845|synthetic|synthetic_data_case02_three_faults|synthetic_earthquake|362.3749347|0.1602343845|387|217|2
389|2015-12-30T01:08:34.134720|3.083759393|2.47278072|0.0|SOFIANE|SPDE-ETAS|||relative_plus_offset|2.7958191997|synthetic|synthetic_data_case02_three_faults|synthetic_earthquake|363.0476173|0.2958191997|0|218|0
390|2016-01-01T03:42:55.437120|4.034998957|0.2752589455|0.0|SOFIANE|SPDE-ETAS|||relative_plus_offset|2.9989666825|synthetic|synthetic_data_case02_three_faults|synthetic_earthquake|365.1548083|0.4989666825|0|219|0
391|2016-01-02T17:58:37.617599|2.41742044|2.478199627|0.0|SOFIANE|SPDE-ETAS|||relative_plus_offset|2.7472015903|synthetic|synthetic_data_case02_three_faults|synthetic_earthquake|366.7490465|0.2472015903|0|220|0
392|2016-01-02T18:43:18.531840|3.51566648|0.8546887593|0.0|SOFIANE|SPDE-ETAS|||relative_plus_offset|3.3109348003|synthetic|synthetic_data_case02_three_faults|synthetic_earthquake|366.7800756|0.8109348003|0|221|0
393|2016-01-03T04:33:25.199999|4.107806764|1.086712901|0.0|SOFIANE|SPDE-ETAS|||relative_plus_offset|2.6622901034|synthetic|synthetic_data_case02_three_faults|synthetic_earthquake|367.189875|0.1622901034|0|222|0
394|2016-01-03T06:04:31.632959|4.097103135|1.083385206|0.0|SOFIANE|SPDE-ETAS|||relative_plus_offset|2.7137878879|synthetic|synthetic_data_case02_three_faults|synthetic_earthquake|367.2531439|0.2137878879|393|222|1
395|2016-01-03T06:08:57.278400|4.114033267|1.0957029|0.0|SOFIANE|SPDE-ETAS|||relative_plus_offset|3.5869067660000002|synthetic|synthetic_data_case02_three_faults|synthetic_earthquake|367.2562185|1.086906766|393|222|1
396|2016-01-03T07:07:53.172480|4.154332787|1.102883976|0.0|SOFIANE|SPDE-ETAS|||relative_plus_offset|2.52190275892|synthetic|synthetic_data_case02_three_faults|synthetic_earthquake|367.2971432|0.02190275892|395|222|2
397|2016-01-03T13:00:06.137280|4.192916761|1.136988547|0.0|SOFIANE|SPDE-ETAS|||relative_plus_offset|2.6094511994|synthetic|synthetic_data_case02_three_faults|synthetic_earthquake|367.5417377|0.1094511994|395|222|2
398|2016-01-03T13:10:16.008960|4.115294076|1.138517845|0.0|SOFIANE|SPDE-ETAS|||relative_plus_offset|2.52997143138|synthetic|synthetic_data_case02_three_faults|synthetic_earthquake|367.5487964|0.02997143138|395|222|2
399|2016-01-04T15:04:36.894720|4.149917345|1.092124524|0.0|SOFIANE|SPDE-ETAS|||relative_plus_offset|2.57389019239|synthetic|synthetic_data_case02_three_faults|synthetic_earthquake|368.6282048|0.07389019239|396|222|3
400|2016-01-06T01:53:08.361600|2.433259924|2.085323045|0.0|SOFIANE|SPDE-ETAS|||relative_plus_offset|2.53581996614|synthetic|synthetic_data_case02_three_faults|synthetic_earthquake|370.078569|0.03581996614|0|223|0
401|2016-01-06T06:35:57.278400|2.419128702|2.099368573|0.0|SOFIANE|SPDE-ETAS|||relative_plus_offset|3.0239100191|synthetic|synthetic_data_case02_three_faults|synthetic_earthquake|370.2749685|0.5239100191|400|223|1
402|2016-01-08T10:49:41.485440|1.437946913|1.225303262|0.0|SOFIANE|SPDE-ETAS|||relative_plus_offset|2.52423389717|synthetic|synthetic_data_case02_three_faults|synthetic_earthquake|372.4511746|0.02423389717|0|224|0
403|2016-01-09T01:27:50.469120|0.4927759794|4.487985839|0.0|SOFIANE|SPDE-ETAS|||relative_plus_offset|2.5355622403|synthetic|synthetic_data_case02_three_faults|synthetic_earthquake|373.0610008|0.0355622403|331|181|1
404|2016-01-09T02:18:47.992320|2.448976268|2.069047458|0.0|SOFIANE|SPDE-ETAS|||relative_plus_offset|2.53881514805|synthetic|synthetic_data_case02_three_faults|synthetic_earthquake|373.0963888|0.03881514805|0|225|0
405|2016-01-09T04:18:39.695040|0.4821351842|4.494972721|0.0|SOFIANE|SPDE-ETAS|||relative_plus_offset|2.7560471749|synthetic|synthetic_data_case02_three_faults|synthetic_earthquake|373.1796261|0.2560471749|403|181|2
406|2016-01-10T01:40:51.127680|1.493623815|2.53833905|0.0|SOFIANE|SPDE-ETAS|||relative_plus_offset|2.6440189277|synthetic|synthetic_data_case02_three_faults|synthetic_earthquake|374.0700362|0.1440189277|0|226|0
407|2016-01-10T03:25:19.931520|2.236897813|4.591624337|0.0|SOFIANE|SPDE-ETAS|||relative_plus_offset|2.9760510302|synthetic|synthetic_data_case02_three_faults|synthetic_earthquake|374.1425918|0.4760510302|0|227|0
408|2016-01-11T02:06:39.087360|1.486175292|1.081371456|0.0|SOFIANE|SPDE-ETAS|||relative_plus_offset|3.4262950014999998|synthetic|synthetic_data_case02_three_faults|synthetic_earthquake|375.0879524|0.9262950015|0|228|0
409|2016-01-11T06:56:48.212160|2.452878979|1.6440094|0.0|SOFIANE|SPDE-ETAS|||relative_plus_offset|2.8876553608|synthetic|synthetic_data_case02_three_faults|synthetic_earthquake|375.2894469|0.3876553608|0|229|0
410|2016-01-11T07:10:01.079040|2.448548301|1.651327953|0.0|SOFIANE|SPDE-ETAS|||relative_plus_offset|2.7862061686|synthetic|synthetic_data_case02_three_faults|synthetic_earthquake|375.2986236|0.2862061686|409|229|1
411|2016-01-13T12:31:26.120640|2.498316282|3.40377399|0.0|SOFIANE|SPDE-ETAS|||relative_plus_offset|2.59741715081|synthetic|synthetic_data_case02_three_faults|synthetic_earthquake|377.5218301|0.09741715081|0|230|0
412|2016-01-13T19:56:17.568960|1.822470258|3.752240711|0.0|SOFIANE|SPDE-ETAS|||relative_plus_offset|2.55699204328|synthetic|synthetic_data_case02_three_faults|synthetic_earthquake|377.8307589|0.05699204328|0|231|0
413|2016-01-14T13:06:25.416000|4.045131772|2.665855814|0.0|SOFIANE|SPDE-ETAS|||relative_plus_offset|2.6390493064|synthetic|synthetic_data_case02_three_faults|synthetic_earthquake|378.5461275|0.1390493064|0|232|0
414|2016-01-14T20:40:24.856320|1.433119337|2.984595502|0.0|SOFIANE|SPDE-ETAS|||relative_plus_offset|2.504174151891|synthetic|synthetic_data_case02_three_faults|synthetic_earthquake|378.8613988|0.004174151891|0|233|0
415|2016-01-16T19:14:24.616320|4.640255071|2.414436643|0.0|SOFIANE|SPDE-ETAS|||relative_plus_offset|2.7152702576|synthetic|synthetic_data_case02_three_faults|synthetic_earthquake|380.8016738|0.2152702576|0|234|0
416|2016-01-19T13:41:03.336000|2.469792787|1.036708522|0.0|SOFIANE|SPDE-ETAS|||relative_plus_offset|2.52883165946|synthetic|synthetic_data_case02_three_faults|synthetic_earthquake|383.5701775|0.02883165946|0|235|0
417|2016-01-20T12:34:14.885760|2.407390003|3.214488559|0.0|SOFIANE|SPDE-ETAS|||relative_plus_offset|2.54594158747|synthetic|synthetic_data_case02_three_faults|synthetic_earthquake|384.5237834|0.04594158747|0|236|0
418|2016-01-20T20:02:57.678720|4.859199646|3.896217838|0.0|SOFIANE|SPDE-ETAS|||relative_plus_offset|3.0078276183|synthetic|synthetic_data_case02_three_faults|synthetic_earthquake|384.8353898|0.5078276183|0|237|0
419|2016-01-21T10:05:19.337280|1.859168|3.775063463|0.0|SOFIANE|SPDE-ETAS|||relative_plus_offset|2.9960703417|synthetic|synthetic_data_case02_three_faults|synthetic_earthquake|385.4203627|0.4960703417|412|231|1
420|2016-01-21T13:32:40.963199|0.8601870524|4.8754588|0.0|SOFIANE|SPDE-ETAS|||relative_plus_offset|2.55917404391|synthetic|synthetic_data_case02_three_faults|synthetic_earthquake|385.564363|0.05917404391|0|238|0
421|2016-01-22T00:19:18.615360|2.410751362|3.281712273|0.0|SOFIANE|SPDE-ETAS|||relative_plus_offset|2.7029851271|synthetic|synthetic_data_case02_three_faults|synthetic_earthquake|386.0134099|0.2029851271|0|239|0
422|2016-01-24T11:51:46.535040|2.406685169|2.160467546|0.0|SOFIANE|SPDE-ETAS|||relative_plus_offset|2.59964228759|synthetic|synthetic_data_case02_three_faults|synthetic_earthquake|388.4942886|0.09964228759|0|240|0
423|2016-01-24T15:42:30.666240|2.449839067|3.095244437|0.0|SOFIANE|SPDE-ETAS|||relative_plus_offset|2.7034379843|synthetic|synthetic_data_case02_three_faults|synthetic_earthquake|388.6545216|0.2034379843|0|241|0
424|2016-01-24T16:02:15.642240|2.455977244|3.096014352|0.0|SOFIANE|SPDE-ETAS|||relative_plus_offset|2.52097339523|synthetic|synthetic_data_case02_three_faults|synthetic_earthquake|388.6682366|0.02097339523|423|241|1
425|2016-01-25T23:25:19.850880|1.471217644|2.100884687|0.0|SOFIANE|SPDE-ETAS|||relative_plus_offset|2.56024394311|synthetic|synthetic_data_case02_three_faults|synthetic_earthquake|389.9759242|0.06024394311|0|242|0
426|2016-01-27T05:51:21.539520|1.476203696|1.755072419|0.0|SOFIANE|SPDE-ETAS|||relative_plus_offset|2.9244811779|synthetic|synthetic_data_case02_three_faults|synthetic_earthquake|391.2439993|0.4244811779|0|243|0
427|2016-01-29T23:47:36.519360|0.5362406364|0.8059784299|0.0|SOFIANE|SPDE-ETAS|||relative_plus_offset|2.7401166499|synthetic|synthetic_data_case02_three_faults|synthetic_earthquake|393.9913949|0.2401166499|0|244|0
428|2016-01-31T14:03:46.494720|2.488145515|3.534842236|0.0|SOFIANE|SPDE-ETAS|||relative_plus_offset|3.4088509273|synthetic|synthetic_data_case02_three_faults|synthetic_earthquake|395.5859548|0.9088509273|0|245|0
429|2016-01-31T15:18:12.623040|2.423177757|3.545938587|0.0|SOFIANE|SPDE-ETAS|||relative_plus_offset|2.8471400362|synthetic|synthetic_data_case02_three_faults|synthetic_earthquake|395.6376461|0.3471400362|428|245|1
430|2016-01-31T15:45:52.505280|2.495372148|3.600503021|0.0|SOFIANE|SPDE-ETAS|||relative_plus_offset|2.6805996577|synthetic|synthetic_data_case02_three_faults|synthetic_earthquake|395.6568577|0.1805996577|428|245|1
431|2016-02-02T03:59:50.170560|0.3578047457|4.507926185|0.0|SOFIANE|SPDE-ETAS|||relative_plus_offset|2.505038387722|synthetic|synthetic_data_case02_three_faults|synthetic_earthquake|397.1665529|0.005038387722|0|246|0
432|2016-02-02T16:50:17.496960|3.985133046|2.919827962|0.0|SOFIANE|SPDE-ETAS|||relative_plus_offset|3.638907696|synthetic|synthetic_data_case02_three_faults|synthetic_earthquake|397.7015914|1.138907696|0|247|0
433|2016-02-03T00:38:26.473920|4.051628671|2.857962267|0.0|SOFIANE|SPDE-ETAS|||relative_plus_offset|3.4084989793|synthetic|synthetic_data_case02_three_faults|synthetic_earthquake|398.0266953|0.9084989793|432|247|1
434|2016-02-03T05:47:48.399360|3.991323722|2.312488032|0.0|SOFIANE|SPDE-ETAS|||relative_plus_offset|2.58381046704|synthetic|synthetic_data_case02_three_faults|synthetic_earthquake|398.2415324|0.08381046704|0|248|0
435|2016-02-03T07:32:12.226560|3.98761948|2.957497486|0.0|SOFIANE|SPDE-ETAS|||relative_plus_offset|2.869721931|synthetic|synthetic_data_case02_three_faults|synthetic_earthquake|398.3140304|0.369721931|432|247|1
436|2016-02-03T09:50:03.341760|3.987867654|2.933798802|0.0|SOFIANE|SPDE-ETAS|||relative_plus_offset|3.5139241329999997|synthetic|synthetic_data_case02_three_faults|synthetic_earthquake|398.4097609|1.013924133|435|247|2
437|2016-02-04T07:04:53.892480|3.985876569|2.991207203|0.0|SOFIANE|SPDE-ETAS|||relative_plus_offset|3.0055554244|synthetic|synthetic_data_case02_three_faults|synthetic_earthquake|399.2950682|0.5055554244|435|247|2
438|2016-02-06T17:42:39.165120|2.677048051|4.382492306|0.0|SOFIANE|SPDE-ETAS|||relative_plus_offset|3.0651729208000003|synthetic|synthetic_data_case02_three_faults|synthetic_earthquake|401.7379533|0.5651729208|0|249|0
439|2016-02-11T18:32:55.363200|1.15741947|0.3008423526|0.0|SOFIANE|SPDE-ETAS|||relative_plus_offset|3.3499216174999997|synthetic|synthetic_data_case02_three_faults|synthetic_earthquake|406.772863|0.8499216175|0|250|0
440|2016-02-12T06:57:01.189440|2.441359345|1.511225145|0.0|SOFIANE|SPDE-ETAS|||relative_plus_offset|2.54528873227|synthetic|synthetic_data_case02_three_faults|synthetic_earthquake|407.2895971|0.04528873227|0|251|0
441|2016-02-12T20:14:53.312640|4.077349861|2.907039543|0.0|SOFIANE|SPDE-ETAS|||relative_plus_offset|2.54453166683|synthetic|synthetic_data_case02_three_faults|synthetic_earthquake|407.8436726|0.04453166683|433|247|2
442|2016-02-13T11:10:51.798720|2.471116873|1.005970383|0.0|SOFIANE|SPDE-ETAS|||relative_plus_offset|2.56017410897|synthetic|synthetic_data_case02_three_faults|synthetic_earthquake|408.4658773|0.06017410897|0|252|0
443|2016-02-15T02:56:33.840960|1.450404847|1.086308724|0.0|SOFIANE|SPDE-ETAS|||relative_plus_offset|2.8564484997|synthetic|synthetic_data_case02_three_faults|synthetic_earthquake|410.1226139|0.3564484997|0|253|0
444|2016-02-16T01:36:34.113600|4.053765679|2.910071094|0.0|SOFIANE|SPDE-ETAS|||relative_plus_offset|3.1490878416|synthetic|synthetic_data_case02_three_faults|synthetic_earthquake|411.0670615|0.6490878416|432|247|1
445|2016-02-17T16:56:45.588480|3.123127302|0.7050699383|0.0|SOFIANE|SPDE-ETAS|||relative_plus_offset|2.7186423|synthetic|synthetic_data_case02_three_faults|synthetic_earthquake|412.7060832|0.2186423|0|254|0
446|2016-02-18T00:11:17.842560|2.499589017|3.431430034|0.0|SOFIANE|SPDE-ETAS|||relative_plus_offset|2.58263732785|synthetic|synthetic_data_case02_three_faults|synthetic_earthquake|413.0078454|0.08263732785|0|255|0
447|2016-02-21T05:53:23.665920|3.484869472|3.58116633|0.0|SOFIANE|SPDE-ETAS|||relative_plus_offset|3.2253187381|synthetic|synthetic_data_case02_three_faults|synthetic_earthquake|416.2454128|0.7253187381|0|256|0
448|2016-02-26T02:37:00.027840|2.401904976|3.015451565|0.0|SOFIANE|SPDE-ETAS|||relative_plus_offset|2.8941620659|synthetic|synthetic_data_case02_three_faults|synthetic_earthquake|421.1090281|0.3941620659|0|257|0
449|2016-02-28T12:08:25.215359|1.88723936|2.674206315|0.0|SOFIANE|SPDE-ETAS|||relative_plus_offset|3.9418262200000003|synthetic|synthetic_data_case02_three_faults|synthetic_earthquake|423.5058474|1.44182622|0|258|0
450|2016-02-28T12:13:22.474560|1.875098776|2.661047248|0.0|SOFIANE|SPDE-ETAS|||relative_plus_offset|2.6019424552|synthetic|synthetic_data_case02_three_faults|synthetic_earthquake|423.5092879|0.1019424552|449|258|1
451|2016-03-03T10:56:32.127360|2.459619252|1.027857679|0.0|SOFIANE|SPDE-ETAS|||relative_plus_offset|4.04433567|synthetic|synthetic_data_case02_three_faults|synthetic_earthquake|427.4559274|1.54433567|0|259|0
452|2016-03-03T18:46:18.978240|2.348052283|0.7431566339|0.0|SOFIANE|SPDE-ETAS|||relative_plus_offset|3.6536105770000002|synthetic|synthetic_data_case02_three_faults|synthetic_earthquake|427.7821641|1.153610577|451|259|1
453|2016-03-05T01:50:47.287680|2.436666735|0.9662733318|0.0|SOFIANE|SPDE-ETAS|||relative_plus_offset|2.7482970595|synthetic|synthetic_data_case02_three_faults|synthetic_earthquake|429.0769362|0.2482970595|451|259|1
454|2016-03-06T23:59:37.881600|3.912497406|0.002904915589|0.0|SOFIANE|SPDE-ETAS|||relative_plus_offset|2.843867632|synthetic|synthetic_data_case02_three_faults|synthetic_earthquake|430.999744|0.343867632|0|260|0
455|2016-03-08T20:18:22.962240|1.494468792|1.647125345|0.0|SOFIANE|SPDE-ETAS|||relative_plus_offset|2.7674699731|synthetic|synthetic_data_case02_three_faults|synthetic_earthquake|432.8460991|0.2674699731|0|261|0
456|2016-03-10T18:21:47.378880|1.694165435|1.701461179|0.0|SOFIANE|SPDE-ETAS|||relative_plus_offset|2.9833079508|synthetic|synthetic_data_case02_three_faults|synthetic_earthquake|434.7651317|0.4833079508|455|261|1
457|2016-03-10T21:56:26.733120|2.437424369|3.289388507|0.0|SOFIANE|SPDE-ETAS|||relative_plus_offset|2.56683715943|synthetic|synthetic_data_case02_three_faults|synthetic_earthquake|434.9141983|0.06683715943|0|262|0
458|2016-03-11T00:05:35.681280|1.710554761|2.361064455|0.0|SOFIANE|SPDE-ETAS|||relative_plus_offset|3.889098992|synthetic|synthetic_data_case02_three_faults|synthetic_earthquake|435.0038852|1.389098992|0|263|0
459|2016-03-11T06:02:07.992960|3.298307046|2.504935615|0.0|SOFIANE|SPDE-ETAS|||relative_plus_offset|2.823702894|synthetic|synthetic_data_case02_three_faults|synthetic_earthquake|435.2514814|0.323702894|0|264|0
460|2016-03-11T08:08:47.391360|1.469989681|2.428088132|0.0|SOFIANE|SPDE-ETAS|||relative_plus_offset|2.6687168063|synthetic|synthetic_data_case02_three_faults|synthetic_earthquake|435.3394374|0.1687168063|0|265|0
461|2016-03-16T10:05:50.614080|1.116287287|1.116705974|0.0|SOFIANE|SPDE-ETAS|||relative_plus_offset|2.8012096357|synthetic|synthetic_data_case02_three_faults|synthetic_earthquake|440.4207247|0.3012096357|0|266|0
462|2016-03-19T00:37:56.363520|1.481691978|1.650030861|0.0|SOFIANE|SPDE-ETAS|||relative_plus_offset|2.6423461856|synthetic|synthetic_data_case02_three_faults|synthetic_earthquake|443.0263468|0.1423461856|455|261|1
463|2016-03-21T10:19:03.835200|0.5119046857|4.506905207|0.0|SOFIANE|SPDE-ETAS|||relative_plus_offset|2.6144818387|synthetic|synthetic_data_case02_three_faults|synthetic_earthquake|445.4299055|0.1144818387|0|267|0
464|2016-03-24T20:02:19.265280|0.5471572359|2.627159404|0.0|SOFIANE|SPDE-ETAS|||relative_plus_offset|2.9974280431|synthetic|synthetic_data_case02_three_faults|synthetic_earthquake|448.8349452|0.4974280431|0|268|0
465|2016-03-24T20:10:05.272320|1.455776597|1.424808041|0.0|SOFIANE|SPDE-ETAS|||relative_plus_offset|2.667147517|synthetic|synthetic_data_case02_three_faults|synthetic_earthquake|448.8403388|0.167147517|0|269|0
466|2016-03-26T11:14:55.878720|2.434661315|1.784230223|0.0|SOFIANE|SPDE-ETAS|||relative_plus_offset|3.640487607|synthetic|synthetic_data_case02_three_faults|synthetic_earthquake|450.4687023|1.140487607|0|270|0
467|2016-03-28T00:55:34.582080|1.497993695|2.06173036|0.0|SOFIANE|SPDE-ETAS|||relative_plus_offset|2.5569652822|synthetic|synthetic_data_case02_three_faults|synthetic_earthquake|452.0385947|0.0569652822|0|271|0
468|2016-03-31T04:12:55.339200|2.48620959|2.917023217|0.0|SOFIANE|SPDE-ETAS|||relative_plus_offset|2.53449715204|synthetic|synthetic_data_case02_three_faults|synthetic_earthquake|455.1756405|0.03449715204|0|272|0
469|2016-03-31T07:35:05.035200|2.418719152|1.745753687|0.0|SOFIANE|SPDE-ETAS|||relative_plus_offset|2.6533960682|synthetic|synthetic_data_case02_three_faults|synthetic_earthquake|455.3160305|0.1533960682|466|270|1
470|2016-03-31T13:26:28.864319|1.40805809|1.370164937|0.0|SOFIANE|SPDE-ETAS|||relative_plus_offset|3.2081048303|synthetic|synthetic_data_case02_three_faults|synthetic_earthquake|455.5600563|0.7081048303|0|273|0
471|2016-03-31T23:56:23.887680|2.421809905|1.734422221|0.0|SOFIANE|SPDE-ETAS|||relative_plus_offset|2.7592542897|synthetic|synthetic_data_case02_three_faults|synthetic_earthquake|455.9974987|0.2592542897|469|270|2
472|2016-04-01T12:20:24.089280|1.496420822|2.204243994|0.0|SOFIANE|SPDE-ETAS|||relative_plus_offset|2.9077917379000002|synthetic|synthetic_data_case02_three_faults|synthetic_earthquake|456.5141677|0.4077917379|0|274|0
473|2016-04-02T05:13:53.359680|0.6135758916|0.3539525562|0.0|SOFIANE|SPDE-ETAS|||relative_plus_offset|2.6032791896|synthetic|synthetic_data_case02_three_faults|synthetic_earthquake|457.2179787|0.1032791896|0|275|0
474|2016-04-02T10:12:38.655360|1.428012218|2.870792219|0.0|SOFIANE|SPDE-ETAS|||relative_plus_offset|2.55409241603|synthetic|synthetic_data_case02_three_faults|synthetic_earthquake|457.4254474|0.05409241603|0|276|0
475|2016-04-03T02:21:31.659840|1.832169571|1.29405024|0.0|SOFIANE|SPDE-ETAS|||relative_plus_offset|2.56838711009|synthetic|synthetic_data_case02_three_faults|synthetic_earthquake|458.0982831|0.06838711009|111|47|4
476|2016-04-03T06:25:19.896960|1.822989056|1.304257389|0.0|SOFIANE|SPDE-ETAS|||relative_plus_offset|2.9082127301|synthetic|synthetic_data_case02_three_faults|synthetic_earthquake|458.2675914|0.4082127301|475|47|5
477|2016-04-05T01:51:35.887680|1.404072485|1.955005055|0.0|SOFIANE|SPDE-ETAS|||relative_plus_offset|2.56837375647|synthetic|synthetic_data_case02_three_faults|synthetic_earthquake|460.0774987|0.06837375647|0|277|0
478|2016-04-08T11:07:23.350080|3.045010749|1.29009068|0.0|SOFIANE|SPDE-ETAS|||relative_plus_offset|2.57994098855|synthetic|synthetic_data_case02_three_faults|synthetic_earthquake|463.4634647|0.07994098855|0|278|0
479|2016-04-09T05:25:05.776320|1.497411409|2.12118364|0.0|SOFIANE|SPDE-ETAS|||relative_plus_offset|3.3736839706|synthetic|synthetic_data_case02_three_faults|synthetic_earthquake|464.2257613|0.8736839706|0|279|0
480|2016-04-09T05:31:03.290880|1.573896392|2.174731872|0.0|SOFIANE|SPDE-ETAS|||relative_plus_offset|2.7333209535|synthetic|synthetic_data_case02_three_faults|synthetic_earthquake|464.2298992|0.2333209535|479|279|1
481|2016-04-09T06:16:12.457920|4.997193138|2.723773471|0.0|SOFIANE|SPDE-ETAS|||relative_plus_offset|2.53516958558|synthetic|synthetic_data_case02_three_faults|synthetic_earthquake|464.2612553|0.03516958558|0|280|0
482|2016-04-11T02:41:35.410560|0.4167907016|2.294028055|0.0|SOFIANE|SPDE-ETAS|||relative_plus_offset|2.6032148391|synthetic|synthetic_data_case02_three_faults|synthetic_earthquake|466.1122154|0.1032148391|0|281|0
483|2016-04-11T05:31:00.102720|2.490973109|3.733050209|0.0|SOFIANE|SPDE-ETAS|||relative_plus_offset|3.1259353972|synthetic|synthetic_data_case02_three_faults|synthetic_earthquake|466.2298623|0.6259353972|0|282|0
484|2016-04-13T11:13:26.947200|3.553996776|4.498424465|0.0|SOFIANE|SPDE-ETAS|||relative_plus_offset|3.551445135|synthetic|synthetic_data_case02_three_faults|synthetic_earthquake|468.467673|1.051445135|0|283|0
485|2016-04-13T18:50:34.177920|1.999844694|1.725893856|0.0|SOFIANE|SPDE-ETAS|||relative_plus_offset|2.501020478246|synthetic|synthetic_data_case02_three_faults|synthetic_earthquake|468.7851178|0.001020478246|0|284|0
486|2016-04-14T07:10:59.710080|3.811883997|4.797310695|0.0|SOFIANE|SPDE-ETAS|||relative_plus_offset|2.6337086789|synthetic|synthetic_data_case02_three_faults|synthetic_earthquake|469.2993022|0.1337086789|66|46|1
487|2016-04-15T09:44:32.974080|1.910181197|2.817159584|0.0|SOFIANE|SPDE-ETAS|||relative_plus_offset|2.9562499214|synthetic|synthetic_data_case02_three_faults|synthetic_earthquake|470.4059372|0.4562499214|449|258|1
488|2016-04-16T04:55:03.696960|2.453754945|1.19799894|0.0|SOFIANE|SPDE-ETAS|||relative_plus_offset|2.7325826276|synthetic|synthetic_data_case02_three_faults|synthetic_earthquake|471.2049039|0.2325826276|0|285|0
489|2016-04-16T14:13:34.394880|4.145852491|2.477381977|0.0|SOFIANE|SPDE-ETAS|||relative_plus_offset|3.015828715|synthetic|synthetic_data_case02_three_faults|synthetic_earthquake|471.5927592|0.515828715|0|286|0
490|2016-04-16T15:42:21.309120|4.368989838|2.645244895|0.0|SOFIANE|SPDE-ETAS|||relative_plus_offset|2.8932742993|synthetic|synthetic_data_case02_three_faults|synthetic_earthquake|471.6544133|0.3932742993|489|286|1
491|2016-04-19T00:07:41.324160|3.941483684|2.935843155|0.0|SOFIANE|SPDE-ETAS|||relative_plus_offset|3.1186870913|synthetic|synthetic_data_case02_three_faults|synthetic_earthquake|474.0053394|0.6186870913|0|287|0
492|2016-04-19T03:15:30.294720|3.947852849|2.90876678|0.0|SOFIANE|SPDE-ETAS|||relative_plus_offset|2.7939242349|synthetic|synthetic_data_case02_three_faults|synthetic_earthquake|474.1357673|0.2939242349|491|287|1
493|2016-04-19T05:07:27.652800|2.515358068|2.264694923|0.0|SOFIANE|SPDE-ETAS|||relative_plus_offset|3.3760990884|synthetic|synthetic_data_case02_three_faults|synthetic_earthquake|474.2135145|0.8760990884|0|288|0
494|2016-04-19T13:00:00.754560|2.794475068|4.21062016|0.0|SOFIANE|SPDE-ETAS|||relative_plus_offset|2.7005528887|synthetic|synthetic_data_case02_three_faults|synthetic_earthquake|474.5416754|0.2005528887|0|289|0
495|2016-04-19T16:07:14.802240|4.247344756|2.531862578|0.0|SOFIANE|SPDE-ETAS|||relative_plus_offset|3.1625338096|synthetic|synthetic_data_case02_three_faults|synthetic_earthquake|474.6716991|0.6625338096|0|290|0
496|2016-04-20T13:06:19.333440|1.493688083|2.265930646|0.0|SOFIANE|SPDE-ETAS|||relative_plus_offset|3.1575879037|synthetic|synthetic_data_case02_three_faults|synthetic_earthquake|475.5460571|0.6575879037|0|291|0
497|2016-04-21T13:23:17.842560|2.443747809|3.757914679|0.0|SOFIANE|SPDE-ETAS|||relative_plus_offset|4.412454595|synthetic|synthetic_data_case02_three_faults|synthetic_earthquake|476.5578454|1.912454595|0|292|0
498|2016-04-21T22:28:15.049920|2.768479976|3.985668828|0.0|SOFIANE|SPDE-ETAS|||relative_plus_offset|2.607123526|synthetic|synthetic_data_case02_three_faults|synthetic_earthquake|476.9362853|0.107123526|497|292|1
499|2016-04-21T22:57:27.432000|2.470814231|3.699500991|0.0|SOFIANE|SPDE-ETAS|||relative_plus_offset|4.16420429|synthetic|synthetic_data_case02_three_faults|synthetic_earthquake|476.9565675|1.66420429|497|292|1
500|2016-04-21T23:18:18.262080|3.734491956|4.219994761|0.0|SOFIANE|SPDE-ETAS|||relative_plus_offset|2.6766036988|synthetic|synthetic_data_case02_three_faults|synthetic_earthquake|476.9710447|0.1766036988|0|293|0
501|2016-04-21T23:24:24.494400|2.515527964|3.674159828|0.0|SOFIANE|SPDE-ETAS|||relative_plus_offset|2.8521011913|synthetic|synthetic_data_case02_three_faults|synthetic_earthquake|476.9752835|0.3521011913|499|292|2
502|2016-04-22T16:33:33.624000|2.465752564|3.697875519|0.0|SOFIANE|SPDE-ETAS|||relative_plus_offset|2.8078956959|synthetic|synthetic_data_case02_three_faults|synthetic_earthquake|477.6899725|0.3078956959|499|292|2
503|2016-04-22T16:57:50.604480|3.944235325|2.652031019|0.0|SOFIANE|SPDE-ETAS|||relative_plus_offset|2.6568213036|synthetic|synthetic_data_case02_three_faults|synthetic_earthquake|477.7068357|0.1568213036|0|294|0
504|2016-04-22T18:45:23.457600|3.940317368|2.647283189|0.0|SOFIANE|SPDE-ETAS|||relative_plus_offset|2.7027467914|synthetic|synthetic_data_case02_three_faults|synthetic_earthquake|477.7815215|0.2027467914|503|294|1
505|2016-04-23T18:01:55.845120|1.492727842|1.963212699|0.0|SOFIANE|SPDE-ETAS|||relative_plus_offset|2.6680342317|synthetic|synthetic_data_case02_three_faults|synthetic_earthquake|478.7513408|0.1680342317|0|295|0
506|2016-04-23T19:15:15.747840|1.44598405|1.339846285|0.0|SOFIANE|SPDE-ETAS|||relative_plus_offset|2.6422042233|synthetic|synthetic_data_case02_three_faults|synthetic_earthquake|478.8022656|0.1422042233|0|296|0
507|2016-04-23T21:36:17.254080|1.440249613|1.338723235|0.0|SOFIANE|SPDE-ETAS|||relative_plus_offset|2.6175414293|synthetic|synthetic_data_case02_three_faults|synthetic_earthquake|478.9001997|0.1175414293|506|296|1
508|2016-04-24T00:16:24.026880|1.497336446|2.940443037|0.0|SOFIANE|SPDE-ETAS|||relative_plus_offset|2.7772186336|synthetic|synthetic_data_case02_three_faults|synthetic_earthquake|479.0113892|0.2772186336|0|297|0
509|2016-04-24T10:02:46.599360|1.243636661|2.840322555|0.0|SOFIANE|SPDE-ETAS|||relative_plus_offset|2.8040742203|synthetic|synthetic_data_case02_three_faults|synthetic_earthquake|479.4185949|0.3040742203|0|298|0
510|2016-04-24T19:30:54.976320|2.13107151|1.207568603|0.0|SOFIANE|SPDE-ETAS|||relative_plus_offset|2.708444198|synthetic|synthetic_data_case02_three_faults|synthetic_earthquake|479.8131363|0.208444198|0|299|0
511|2016-04-25T18:47:36.729600|2.438231977|1.710899092|0.0|SOFIANE|SPDE-ETAS|||relative_plus_offset|2.7491387559|synthetic|synthetic_data_case02_three_faults|synthetic_earthquake|480.783064|0.2491387559|0|300|0
512|2016-04-25T18:48:43.197120|2.445482243|1.703886313|0.0|SOFIANE|SPDE-ETAS|||relative_plus_offset|2.8128872897|synthetic|synthetic_data_case02_three_faults|synthetic_earthquake|480.7838333|0.3128872897|511|300|1
513|2016-04-28T18:43:00.724800|0.4423206524|0.7558613763|0.0|SOFIANE|SPDE-ETAS|||relative_plus_offset|2.7662466389|synthetic|synthetic_data_case02_three_faults|synthetic_earthquake|483.7798695|0.2662466389|0|301|0
514|2016-04-30T02:16:00.220800|1.492813098|2.066700938|0.0|SOFIANE|SPDE-ETAS|||relative_plus_offset|2.6262003597|synthetic|synthetic_data_case02_three_faults|synthetic_earthquake|485.094447|0.1262003597|0|302|0
515|2016-04-30T03:06:43.392960|1.503267861|2.087055008|0.0|SOFIANE|SPDE-ETAS|||relative_plus_offset|4.592136266|synthetic|synthetic_data_case02_three_faults|synthetic_earthquake|485.1296689|2.092136266|514|302|1
516|2016-04-30T03:35:45.234240|1.468825677|2.079400689|0.0|SOFIANE|SPDE-ETAS|||relative_plus_offset|2.8144970966000002|synthetic|synthetic_data_case02_three_faults|synthetic_earthquake|485.1498291|0.3144970966|515|302|2
517|2016-04-30T03:54:57.291840|2.324372904|1.343124883|0.0|SOFIANE|SPDE-ETAS|||relative_plus_offset|2.59310719207|synthetic|synthetic_data_case02_three_faults|synthetic_earthquake|485.1631631|0.09310719207|515|302|2
518|2016-04-30T04:37:38.982720|1.457812097|2.008895156|0.0|SOFIANE|SPDE-ETAS|||relative_plus_offset|2.8888638355|synthetic|synthetic_data_case02_three_faults|synthetic_earthquake|485.1928123|0.3888638355|515|302|2
519|2016-04-30T07:22:41.882880|1.4655448|2.072728857|0.0|SOFIANE|SPDE-ETAS|||relative_plus_offset|2.5130487634|synthetic|synthetic_data_case02_three_faults|synthetic_earthquake|485.3074292|0.0130487634|516|302|3
520|2016-04-30T17:51:21.021120|3.971410757|2.537543467|0.0|SOFIANE|SPDE-ETAS|||relative_plus_offset|3.1486945574|synthetic|synthetic_data_case02_three_faults|synthetic_earthquake|485.7439933|0.6486945574|0|303|0
521|2016-04-30T19:55:24.864960|1.41726128|2.085256229|0.0|SOFIANE|SPDE-ETAS|||relative_plus_offset|2.6551518993|synthetic|synthetic_data_case02_three_faults|synthetic_earthquake|485.8301489|0.1551518993|515|302|2
522|2016-05-02T01:38:02.025600|2.607366046|3.700213236|0.0|SOFIANE|SPDE-ETAS|||relative_plus_offset|2.7246507254|synthetic|synthetic_data_case02_three_faults|synthetic_earthquake|487.068079|0.2246507254|499|292|2
523|2016-05-06T09:56:49.594560|2.419535837|2.046011757|0.0|SOFIANE|SPDE-ETAS|||relative_plus_offset|3.0456194169|synthetic|synthetic_data_case02_three_faults|synthetic_earthquake|491.4144629|0.5456194169|0|304|0
524|2016-05-12T04:07:45.811200|1.45951928|1.924859765|0.0|SOFIANE|SPDE-ETAS|||relative_plus_offset|2.6924334948|synthetic|synthetic_data_case02_three_faults|synthetic_earthquake|497.172058|0.1924334948|0|305|0
525|2016-05-12T14:46:03.527040|0.4111503062|2.214591707|0.0|SOFIANE|SPDE-ETAS|||relative_plus_offset|2.6536063136|synthetic|synthetic_data_case02_three_faults|synthetic_earthquake|497.6153186|0.1536063136|53|36|1
526|2016-05-14T10:44:10.530240|0.6933473555|2.955558132|0.0|SOFIANE|SPDE-ETAS|||relative_plus_offset|2.55606529602|synthetic|synthetic_data_case02_three_faults|synthetic_earthquake|499.4473441|0.05606529602|104|49|2
527|2016-05-15T12:25:17.132160|3.969954911|1.709914465|0.0|SOFIANE|SPDE-ETAS|||relative_plus_offset|3.4105341459|synthetic|synthetic_data_case02_three_faults|synthetic_earthquake|500.5175594|0.9105341459|0|306|0
528|2016-05-16T08:59:35.220480|1.415362629|2.854119932|0.0|SOFIANE|SPDE-ETAS|||relative_plus_offset|3.869951311|synthetic|synthetic_data_case02_three_faults|synthetic_earthquake|501.3747132|1.369951311|0|307|0
529|2016-05-16T09:04:31.166400|1.40859914|2.733618435|0.0|SOFIANE|SPDE-ETAS|||relative_plus_offset|2.501110374922|synthetic|synthetic_data_case02_three_faults|synthetic_earthquake|501.3781385|0.001110374922|528|307|1
530|2016-05-16T10:56:27.193920|1.406583007|2.778203587|0.0|SOFIANE|SPDE-ETAS|||relative_plus_offset|2.6893313557|synthetic|synthetic_data_case02_three_faults|synthetic_earthquake|501.4558703|0.1893313557|528|307|1
531|2016-05-18T10:02:36.922560|2.409093994|1.927852286|0.0|SOFIANE|SPDE-ETAS|||relative_plus_offset|2.663232391|synthetic|synthetic_data_case02_three_faults|synthetic_earthquake|503.4184829|0.163232391|0|308|0
532|2016-05-18T15:32:09.545280|1.406736152|2.890976543|0.0|SOFIANE|SPDE-ETAS|||relative_plus_offset|2.9244303833|synthetic|synthetic_data_case02_three_faults|synthetic_earthquake|503.6473327|0.4244303833|528|307|1
533|2016-05-19T07:40:55.758720|2.300112805|0.7387233342|0.0|SOFIANE|SPDE-ETAS|||relative_plus_offset|2.9441314416|synthetic|synthetic_data_case02_three_faults|synthetic_earthquake|504.3200898|0.4441314416|452|259|2
534|2016-05-19T12:08:42.495360|2.318464061|3.847852092|0.0|SOFIANE|SPDE-ETAS|||relative_plus_offset|2.57347769008|synthetic|synthetic_data_case02_three_faults|synthetic_earthquake|504.5060474|0.07347769008|279|153|1
535|2016-05-20T04:31:59.793600|2.320666007|3.845189996|0.0|SOFIANE|SPDE-ETAS|||relative_plus_offset|2.55768148733|synthetic|synthetic_data_case02_three_faults|synthetic_earthquake|505.1888865|0.05768148733|534|153|2
536|2016-05-20T10:51:16.793280|4.239262766|3.573648232|0.0|SOFIANE|SPDE-ETAS|||relative_plus_offset|3.2111338178|synthetic|synthetic_data_case02_three_faults|synthetic_earthquake|505.4522777|0.7111338178|0|309|0
537|2016-05-20T19:55:40.641600|4.491388763|0.1437494942|0.0|SOFIANE|SPDE-ETAS|||relative_plus_offset|2.9702323181|synthetic|synthetic_data_case02_three_faults|synthetic_earthquake|505.8303315|0.4702323181|0|310|0
538|2016-05-23T13:06:21.061440|0.5925232106|0.815674064|0.0|SOFIANE|SPDE-ETAS|||relative_plus_offset|2.7424229502|synthetic|synthetic_data_case02_three_faults|synthetic_earthquake|508.5460771|0.2424229502|0|311|0
539|2016-05-23T19:06:33.909120|0.6420759095|0.8321293497|0.0|SOFIANE|SPDE-ETAS|||relative_plus_offset|2.56406506701|synthetic|synthetic_data_case02_three_faults|synthetic_earthquake|508.7962258|0.06406506701|538|311|1
540|2016-05-24T20:24:29.937600|2.43657221|1.936752598|0.0|SOFIANE|SPDE-ETAS|||relative_plus_offset|3.1137300696|synthetic|synthetic_data_case02_three_faults|synthetic_earthquake|509.8503465|0.6137300696|531|308|1
541|2016-05-25T22:39:02.263680|2.448784815|1.94924629|0.0|SOFIANE|SPDE-ETAS|||relative_plus_offset|3.3405807158|synthetic|synthetic_data_case02_three_faults|synthetic_earthquake|510.9437762|0.8405807158|540|308|2
542|2016-05-26T07:20:41.337599|1.489611986|2.267160051|0.0|SOFIANE|SPDE-ETAS|||relative_plus_offset|3.0893118816|synthetic|synthetic_data_case02_three_faults|synthetic_earthquake|511.306034|0.5893118816|0|312|0
543|2016-05-26T11:15:02.211840|3.976218601|1.601183459|0.0|SOFIANE|SPDE-ETAS|||relative_plus_offset|3.2696540867|synthetic|synthetic_data_case02_three_faults|synthetic_earthquake|511.4687756|0.7696540867|0|313|0
544|2016-05-27T09:56:28.901760|2.439339078|2.173636753|0.0|SOFIANE|SPDE-ETAS|||relative_plus_offset|3.1855397787|synthetic|synthetic_data_case02_three_faults|synthetic_earthquake|512.4142234|0.6855397787|0|314|0
545|2016-05-27T21:09:45.394560|2.601314219|4.045654622|0.0|SOFIANE|SPDE-ETAS|||relative_plus_offset|3.0329415296|synthetic|synthetic_data_case02_three_faults|synthetic_earthquake|512.8817754|0.5329415296|0|315|0
546|2016-05-30T11:44:19.389120|3.901634984|2.747709491|0.0|SOFIANE|SPDE-ETAS|||relative_plus_offset|2.6789376024|synthetic|synthetic_data_case02_three_faults|synthetic_earthquake|515.4891133|0.1789376024|0|316|0
547|2016-05-31T16:31:39.826560|1.282975527|3.887533016|0.0|SOFIANE|SPDE-ETAS|||relative_plus_offset|2.6246293434|synthetic|synthetic_data_case02_three_faults|synthetic_earthquake|516.6886554|0.1246293434|0|317|0
548|2016-06-05T19:31:14.779200|3.94700984|2.148075165|0.0|SOFIANE|SPDE-ETAS|||relative_plus_offset|2.52123852294|synthetic|synthetic_data_case02_three_faults|synthetic_earthquake|521.8133655|0.02123852294|0|318|0
549|2016-06-06T06:11:46.302720|3.968452176|2.125179332|0.0|SOFIANE|SPDE-ETAS|||relative_plus_offset|2.56462110303|synthetic|synthetic_data_case02_three_faults|synthetic_earthquake|522.2581748|0.06462110303|548|318|1
550|2016-06-08T11:37:26.950080|2.4812958|1.248554447|0.0|SOFIANE|SPDE-ETAS|||relative_plus_offset|2.55437103618|synthetic|synthetic_data_case02_three_faults|synthetic_earthquake|524.4843397|0.05437103618|0|319|0
551|2016-06-09T06:32:23.974080|2.437141594|1.83933442|0.0|SOFIANE|SPDE-ETAS|||relative_plus_offset|2.9318228296|synthetic|synthetic_data_case02_three_faults|synthetic_earthquake|525.2724997|0.4318228296|0|320|0
552|2016-06-09T22:46:29.755200|3.945142628|2.658954634|0.0|SOFIANE|SPDE-ETAS|||relative_plus_offset|2.9250877475|synthetic|synthetic_data_case02_three_faults|synthetic_earthquake|525.9489555|0.4250877475|504|294|2
553|2016-06-11T02:24:45.334080|3.49873314|1.960955845|0.0|SOFIANE|SPDE-ETAS|||relative_plus_offset|3.092096767|synthetic|synthetic_data_case02_three_faults|synthetic_earthquake|527.1005247|0.592096767|0|321|0
554|2016-06-11T22:35:01.216320|1.307203537|2.979655158|0.0|SOFIANE|SPDE-ETAS|||relative_plus_offset|2.9470403907|synthetic|synthetic_data_case02_three_faults|synthetic_earthquake|527.9409863|0.4470403907|0|322|0
555|2016-06-12T10:59:00.571200|3.996889489|2.730771422|0.0|SOFIANE|SPDE-ETAS|||relative_plus_offset|2.6678503272|synthetic|synthetic_data_case02_three_faults|synthetic_earthquake|528.4576455|0.1678503272|0|323|0
556|2016-06-16T21:25:14.738879|0.1878076374|0.7745303753|0.0|SOFIANE|SPDE-ETAS|||relative_plus_offset|2.6058801838|synthetic|synthetic_data_case02_three_faults|synthetic_earthquake|532.8925317|0.1058801838|0|324|0
557|2016-06-16T22:20:36.758400|1.807145033|0.9089722891|0.0|SOFIANE|SPDE-ETAS|||relative_plus_offset|2.6169592492|synthetic|synthetic_data_case02_three_faults|synthetic_earthquake|532.930981|0.1169592492|0|325|0
558|2016-06-17T01:10:34.939199|2.498905869|3.515869797|0.0|SOFIANE|SPDE-ETAS|||relative_plus_offset|2.8313575883|synthetic|synthetic_data_case02_three_faults|synthetic_earthquake|533.0490155|0.3313575883|0|326|0
559|2016-06-19T02:58:39.224640|2.416975753|1.426074932|0.0|SOFIANE|SPDE-ETAS|||relative_plus_offset|2.505195027967|synthetic|synthetic_data_case02_three_faults|synthetic_earthquake|535.1240651|0.005195027967|0|327|0
560|2016-06-21T17:37:39.702719|1.445553128|2.086615223|0.0|SOFIANE|SPDE-ETAS|||relative_plus_offset|3.0496035817|synthetic|synthetic_data_case02_three_faults|synthetic_earthquake|537.7344873|0.5496035817|0|328|0
561|2016-06-27T08:40:43.726080|2.467890715|2.460013497|0.0|SOFIANE|SPDE-ETAS|||relative_plus_offset|3.3568000498|synthetic|synthetic_data_case02_three_faults|synthetic_earthquake|543.3616172|0.8568000498|0|329|0
562|2016-06-27T16:13:24.663360|2.478375222|3.398862466|0.0|SOFIANE|SPDE-ETAS|||relative_plus_offset|2.53074862213|synthetic|synthetic_data_case02_three_faults|synthetic_earthquake|543.6759799|0.03074862213|0|330|0
563|2016-06-27T17:16:00.635520|1.449938734|1.456177332|0.0|SOFIANE|SPDE-ETAS|||relative_plus_offset|3.3877963604|synthetic|synthetic_data_case02_three_faults|synthetic_earthquake|543.7194518|0.8877963604|0|331|0
564|2016-06-30T22:50:12.528960|1.474734977|1.077899423|0.0|SOFIANE|SPDE-ETAS|||relative_plus_offset|3.4258599732|synthetic|synthetic_data_case02_three_faults|synthetic_earthquake|546.9515339|0.9258599732|0|332|0
565|2016-07-01T01:23:02.281920|1.515564342|0.9926960747|0.0|SOFIANE|SPDE-ETAS|||relative_plus_offset|3.0911379958|synthetic|synthetic_data_case02_three_faults|synthetic_earthquake|547.0576653|0.5911379958|564|332|1
566|2016-07-01T01:24:09.285120|1.510300075|0.9697499832|0.0|SOFIANE|SPDE-ETAS|||relative_plus_offset|2.501318746361|synthetic|synthetic_data_case02_three_faults|synthetic_earthquake|547.0584408|0.001318746361|565|332|2
567|2016-07-03T20:53:38.258880|1.428961647|1.005132151|0.0|SOFIANE|SPDE-ETAS|||relative_plus_offset|3.0261232915000003|synthetic|synthetic_data_case02_three_faults|synthetic_earthquake|549.8705817|0.5261232915|564|332|1
568|2016-07-04T18:21:18.521280|2.892579154|2.418762202|0.0|SOFIANE|SPDE-ETAS|||relative_plus_offset|2.51758538352|synthetic|synthetic_data_case02_three_faults|synthetic_earthquake|550.7647977|0.01758538352|0|333|0
569|2016-07-05T05:50:20.420160|2.413161817|3.517632265|0.0|SOFIANE|SPDE-ETAS|||relative_plus_offset|3.572003254|synthetic|synthetic_data_case02_three_faults|synthetic_earthquake|551.2432919|1.072003254|0|334|0
570|2016-07-05T06:23:13.381439|2.392652091|3.484827297|0.0|SOFIANE|SPDE-ETAS|||relative_plus_offset|2.8501764159|synthetic|synthetic_data_case02_three_faults|synthetic_earthquake|551.2661271|0.3501764159|569|334|1
571|2016-07-10T17:27:18.987840|2.402575488|3.448600415|0.0|SOFIANE|SPDE-ETAS|||relative_plus_offset|2.51170426312|synthetic|synthetic_data_case02_three_faults|synthetic_earthquake|556.7273031|0.01170426312|0|335|0
572|2016-07-11T21:51:11.062079|2.433174468|2.645868572|0.0|SOFIANE|SPDE-ETAS|||relative_plus_offset|2.748846873|synthetic|synthetic_data_case02_three_faults|synthetic_earthquake|557.9105447|0.248846873|0|336|0
573|2016-07-12T12:45:34.551360|3.99117797|2.305488443|0.0|SOFIANE|SPDE-ETAS|||relative_plus_offset|3.3935800945|synthetic|synthetic_data_case02_three_faults|synthetic_earthquake|558.5316499|0.8935800945|0|337|0
574|2016-07-13T06:59:36.657600|2.574341855|2.035237675|0.0|SOFIANE|SPDE-ETAS|||relative_plus_offset|2.52360723136|synthetic|synthetic_data_case02_three_faults|synthetic_earthquake|559.2913965|0.02360723136|541|308|3
575|2016-07-14T15:41:34.584000|4.056347414|2.257349702|0.0|SOFIANE|SPDE-ETAS|||relative_plus_offset|2.6548440601|synthetic|synthetic_data_case02_three_faults|synthetic_earthquake|560.6538725|0.1548440601|573|337|1
576|2016-07-15T12:52:58.353599|1.484420424|1.304836558|0.0|SOFIANE|SPDE-ETAS|||relative_plus_offset|2.7184065532|synthetic|synthetic_data_case02_three_faults|synthetic_earthquake|561.5367865|0.2184065532|0|338|0
577|2016-07-15T18:55:22.572480|2.472313398|1.583030212|0.0|SOFIANE|SPDE-ETAS|||relative_plus_offset|2.9093803097|synthetic|synthetic_data_case02_three_faults|synthetic_earthquake|561.7884557|0.4093803097|0|339|0
578|2016-07-16T04:53:59.847360|1.452656977|2.575911117|0.0|SOFIANE|SPDE-ETAS|||relative_plus_offset|2.7491471837|synthetic|synthetic_data_case02_three_faults|synthetic_earthquake|562.2041649|0.2491471837|0|340|0
579|2016-07-16T08:06:30.715199|1.488892414|2.555143245|0.0|SOFIANE|SPDE-ETAS|||relative_plus_offset|2.9131531403|synthetic|synthetic_data_case02_three_faults|synthetic_earthquake|562.3378555|0.4131531403|578|340|1
580|2016-07-16T12:43:56.133119|2.47505509|1.640560095|0.0|SOFIANE|SPDE-ETAS|||relative_plus_offset|3.8685896790000003|synthetic|synthetic_data_case02_three_faults|synthetic_earthquake|562.5305108|1.368589679|0|341|0
581|2016-07-16T12:48:33.891840|2.499244618|1.670027681|0.0|SOFIANE|SPDE-ETAS|||relative_plus_offset|2.7866105196|synthetic|synthetic_data_case02_three_faults|synthetic_earthquake|562.5337256|0.2866105196|580|341|1
582|2016-07-18T01:12:55.840320|2.861932834|1.151222831|0.0|SOFIANE|SPDE-ETAS|||relative_plus_offset|2.7071702918|synthetic|synthetic_data_case02_three_faults|synthetic_earthquake|564.0506463|0.2071702918|0|342|0
583|2016-07-18T01:49:40.500480|4.692093806|0.3118016853|0.0|SOFIANE|SPDE-ETAS|||relative_plus_offset|2.506035347052|synthetic|synthetic_data_case02_three_faults|synthetic_earthquake|564.0761632|0.006035347052|0|343|0
584|2016-07-19T23:41:23.781119|2.452862715|4.005039912|0.0|SOFIANE|SPDE-ETAS|||relative_plus_offset|2.8905970509|synthetic|synthetic_data_case02_three_faults|synthetic_earthquake|565.9870808|0.3905970509|0|344|0
585|2016-07-23T14:51:57.101760|2.556116488|4.720049653|0.0|SOFIANE|SPDE-ETAS|||relative_plus_offset|3.823713829|synthetic|synthetic_data_case02_three_faults|synthetic_earthquake|569.6194109|1.323713829|0|345|0
586|2016-07-23T21:33:16.332480|3.952118702|2.28487483|0.0|SOFIANE|SPDE-ETAS|||relative_plus_offset|2.9559797542|synthetic|synthetic_data_case02_three_faults|synthetic_earthquake|569.8981057|0.4559797542|0|346|0
587|2016-07-23T22:43:45.059520|3.958096871|2.265721337|0.0|SOFIANE|SPDE-ETAS|||relative_plus_offset|3.2121878267|synthetic|synthetic_data_case02_three_faults|synthetic_earthquake|569.9470493|0.7121878267|586|346|1
588|2016-07-24T10:04:00.186240|2.473569164|1.357994073|0.0|SOFIANE|SPDE-ETAS|||relative_plus_offset|3.1406929084|synthetic|synthetic_data_case02_three_faults|synthetic_earthquake|570.4194466|0.6406929084|0|347|0
589|2016-07-24T10:15:11.194560|2.459966198|1.340049063|0.0|SOFIANE|SPDE-ETAS|||relative_plus_offset|2.9055148917|synthetic|synthetic_data_case02_three_faults|synthetic_earthquake|570.4272129|0.4055148917|588|347|1
590|2016-07-24T10:44:51.561600|2.47184721|1.364391775|0.0|SOFIANE|SPDE-ETAS|||relative_plus_offset|2.54121040271|synthetic|synthetic_data_case02_three_faults|synthetic_earthquake|570.447819|0.04121040271|588|347|1
591|2016-07-25T04:56:39.549120|4.696582545|0.2835327342|0.0|SOFIANE|SPDE-ETAS|||relative_plus_offset|2.58707173105|synthetic|synthetic_data_case02_three_faults|synthetic_earthquake|571.2060133|0.08707173105|583|343|1
592|2016-07-26T00:56:48.756480|4.708479436|0.2605251341|0.0|SOFIANE|SPDE-ETAS|||relative_plus_offset|2.8484154765|synthetic|synthetic_data_case02_three_faults|synthetic_earthquake|572.0394532|0.3484154765|591|343|2
593|2016-07-26T22:13:43.610880|3.206737596|4.980206026|0.0|SOFIANE|SPDE-ETAS|||relative_plus_offset|3.0583909346|synthetic|synthetic_data_case02_three_faults|synthetic_earthquake|572.9261992|0.5583909346|0|348|0
594|2016-07-29T13:26:56.261760|3.978167364|2.538897743|0.0|SOFIANE|SPDE-ETAS|||relative_plus_offset|2.6766740447|synthetic|synthetic_data_case02_three_faults|synthetic_earthquake|575.5603734|0.1766740447|0|349|0
595|2016-08-01T06:43:08.474880|3.341157145|4.270910167|0.0|SOFIANE|SPDE-ETAS|||relative_plus_offset|2.6330206206|synthetic|synthetic_data_case02_three_faults|synthetic_earthquake|578.2799592|0.1330206206|0|350|0
596|2016-08-01T09:30:40.337280|2.114425822|2.921060712|0.0|SOFIANE|SPDE-ETAS|||relative_plus_offset|2.7977120179|synthetic|synthetic_data_case02_three_faults|synthetic_earthquake|578.3963002|0.2977120179|0|351|0
597|2016-08-02T05:19:05.255040|4.998114253|0.1104549993|0.0|SOFIANE|SPDE-ETAS|||relative_plus_offset|3.37147717|synthetic|synthetic_data_case02_three_faults|synthetic_earthquake|579.2215886|0.87147717|0|352|0
598|2016-08-02T11:33:59.322240|2.813823816|2.417083402|0.0|SOFIANE|SPDE-ETAS|||relative_plus_offset|3.0099874758|synthetic|synthetic_data_case02_three_faults|synthetic_earthquake|579.4819366|0.5099874758|0|353|0
599|2016-08-02T20:17:28.193280|3.874206992|2.165735646|0.0|SOFIANE|SPDE-ETAS|||relative_plus_offset|2.9448546815|synthetic|synthetic_data_case02_three_faults|synthetic_earthquake|579.8454652|0.4448546815|0|354|0
600|2016-08-03T14:39:17.697600|4.961614203|0.03497889536|0.0|SOFIANE|SPDE-ETAS|||relative_plus_offset|2.51891092063|synthetic|synthetic_data_case02_three_faults|synthetic_earthquake|580.6106215|0.01891092063|597|352|1
601|2016-08-04T03:06:06.249600|2.842192863|2.346468925|0.0|SOFIANE|SPDE-ETAS|||relative_plus_offset|2.8213822788|synthetic|synthetic_data_case02_three_faults|synthetic_earthquake|581.129239|0.3213822788|598|353|1
602|2016-08-04T08:00:51.793919|0.5142690099|2.016661609|0.0|SOFIANE|SPDE-ETAS|||relative_plus_offset|3.2074554269|synthetic|synthetic_data_case02_three_faults|synthetic_earthquake|581.3339328|0.7074554269|0|355|0
603|2016-08-04T20:35:25.359360|2.462556225|3.095394615|0.0|SOFIANE|SPDE-ETAS|||relative_plus_offset|2.6144994611|synthetic|synthetic_data_case02_three_faults|synthetic_earthquake|581.8579324|0.1144994611|0|356|0
604|2016-08-07T12:05:56.685120|1.493484133|2.860839985|0.0|SOFIANE|SPDE-ETAS|||relative_plus_offset|2.56323165888|synthetic|synthetic_data_case02_three_faults|synthetic_earthquake|584.5041283|0.06323165888|0|357|0
605|2016-08-08T04:19:40.978560|1.359933326|2.895880079|0.0|SOFIANE|SPDE-ETAS|||relative_plus_offset|2.55703850142|synthetic|synthetic_data_case02_three_faults|synthetic_earthquake|585.1803354|0.05703850142|528|307|1
606|2016-08-08T15:06:22.095360|0.887344619|0.1173683463|0.0|SOFIANE|SPDE-ETAS|||relative_plus_offset|2.7298082697|synthetic|synthetic_data_case02_three_faults|synthetic_earthquake|585.6294224|0.2298082697|0|358|0
607|2016-08-10T07:18:18.241919|4.424782404|2.971582094|0.0|SOFIANE|SPDE-ETAS|||relative_plus_offset|2.51126568318|synthetic|synthetic_data_case02_three_faults|synthetic_earthquake|587.3043778|0.01126568318|0|359|0
608|2016-08-12T03:39:52.588800|1.492651803|1.125905217|0.0|SOFIANE|SPDE-ETAS|||relative_plus_offset|3.0752923765|synthetic|synthetic_data_case02_three_faults|synthetic_earthquake|589.152692|0.5752923765|0|360|0
609|2016-08-12T07:14:02.808960|2.435014876|2.772655438|0.0|SOFIANE|SPDE-ETAS|||relative_plus_offset|2.50266298473|synthetic|synthetic_data_case02_three_faults|synthetic_earthquake|589.3014214|0.00266298473|0|361|0
610|2016-08-12T19:13:30.780480|2.076651301|0.3707186985|0.0|SOFIANE|SPDE-ETAS|||relative_plus_offset|2.7505368149000002|synthetic|synthetic_data_case02_three_faults|synthetic_earthquake|589.8010507|0.2505368149|0|362|0
611|2016-08-13T00:18:40.996800|2.491753456|3.033461088|0.0|SOFIANE|SPDE-ETAS|||relative_plus_offset|2.7120841812|synthetic|synthetic_data_case02_three_faults|synthetic_earthquake|590.0129745|0.2120841812|0|363|0
612|2016-08-15T01:36:44.360640|2.481400841|3.721849724|0.0|SOFIANE|SPDE-ETAS|||relative_plus_offset|2.51545781097|synthetic|synthetic_data_case02_three_faults|synthetic_earthquake|592.0671801|0.01545781097|0|364|0
613|2016-08-17T20:57:34.649280|1.481032184|2.895775889|0.0|SOFIANE|SPDE-ETAS|||relative_plus_offset|2.51159527837|synthetic|synthetic_data_case02_three_faults|synthetic_earthquake|594.8733177|0.01159527837|0|365|0
614|2016-08-18T15:21:11.280959|2.430977721|2.873557001|0.0|SOFIANE|SPDE-ETAS|||relative_plus_offset|3.5070673709999998|synthetic|synthetic_data_case02_three_faults|synthetic_earthquake|595.6397139|1.007067371|0|366|0
615|2016-08-22T17:37:03.691200|0.668759188|3.164740922|0.0|SOFIANE|SPDE-ETAS|||relative_plus_offset|3.527244948|synthetic|synthetic_data_case02_three_faults|synthetic_earthquake|599.7340705|1.027244948|0|367|0
616|2016-08-22T17:48:58.659840|3.987203388|2.4502204|0.0|SOFIANE|SPDE-ETAS|||relative_plus_offset|3.009699286|synthetic|synthetic_data_case02_three_faults|synthetic_earthquake|599.7423456|0.509699286|0|368|0
617|2016-08-23T19:55:03.861120|1.402695147|2.474232359|0.0|SOFIANE|SPDE-ETAS|||relative_plus_offset|2.56781542321|synthetic|synthetic_data_case02_three_faults|synthetic_earthquake|600.8299058|0.06781542321|0|369|0
618|2016-08-28T01:56:08.989440|1.435122946|1.318812187|0.0|SOFIANE|SPDE-ETAS|||relative_plus_offset|2.51485642806|synthetic|synthetic_data_case02_three_faults|synthetic_earthquake|605.0806596|0.01485642806|0|370|0
619|2016-08-28T22:42:31.740480|1.48903991|2.850726931|0.0|SOFIANE|SPDE-ETAS|||relative_plus_offset|2.7710468892|synthetic|synthetic_data_case02_three_faults|synthetic_earthquake|605.9462007|0.2710468892|0|371|0
620|2016-08-29T15:32:39.880320|2.442027455|3.429912587|0.0|SOFIANE|SPDE-ETAS|||relative_plus_offset|2.835508898|synthetic|synthetic_data_case02_three_faults|synthetic_earthquake|606.6476838|0.335508898|0|372|0
621|2016-08-30T15:21:36.803520|2.415882737|2.992040036|0.0|SOFIANE|SPDE-ETAS|||relative_plus_offset|3.2559647349|synthetic|synthetic_data_case02_three_faults|synthetic_earthquake|607.6400093|0.7559647349|0|373|0
622|2016-08-30T17:24:51.399360|0.8074953377|3.980666936|0.0|SOFIANE|SPDE-ETAS|||relative_plus_offset|2.9771548946|synthetic|synthetic_data_case02_three_faults|synthetic_earthquake|607.7255949|0.4771548946|0|374|0
623|2016-09-03T18:17:00.522240|4.902499167|0.1636203545|0.0|SOFIANE|SPDE-ETAS|||relative_plus_offset|2.8223502306|synthetic|synthetic_data_case02_three_faults|synthetic_earthquake|611.7618116|0.3223502306|0|375|0
624|2016-09-08T09:02:02.679359|2.497905372|2.796598165|0.0|SOFIANE|SPDE-ETAS|||relative_plus_offset|2.887588207|synthetic|synthetic_data_case02_three_faults|synthetic_earthquake|616.3764199|0.387588207|0|376|0
625|2016-09-09T09:00:28.892160|1.415962235|1.224860564|0.0|SOFIANE|SPDE-ETAS|||relative_plus_offset|2.8303461061|synthetic|synthetic_data_case02_three_faults|synthetic_earthquake|617.3753344|0.3303461061|0|377|0
626|2016-09-11T21:14:53.064960|2.828619076|4.833413356|0.0|SOFIANE|SPDE-ETAS|||relative_plus_offset|3.1324275488|synthetic|synthetic_data_case02_three_faults|synthetic_earthquake|619.8853364|0.6324275488|0|378|0
627|2016-09-12T12:04:41.646720|3.211383959|4.173865018|0.0|SOFIANE|SPDE-ETAS|||relative_plus_offset|2.624473617|synthetic|synthetic_data_case02_three_faults|synthetic_earthquake|620.5032598|0.124473617|0|379|0
628|2016-09-13T17:26:16.632960|1.485795252|2.592476194|0.0|SOFIANE|SPDE-ETAS|||relative_plus_offset|3.2616608233999997|synthetic|synthetic_data_case02_three_faults|synthetic_earthquake|621.7265814|0.7616608234|0|380|0
629|2016-09-15T10:37:54.880320|4.123167143|3.792654135|0.0|SOFIANE|SPDE-ETAS|||relative_plus_offset|2.6211678446|synthetic|synthetic_data_case02_three_faults|synthetic_earthquake|623.4429963|0.1211678446|0|381|0
630|2016-09-17T15:08:35.013120|1.471807624|2.160530452|0.0|SOFIANE|SPDE-ETAS|||relative_plus_offset|2.53350732366|synthetic|synthetic_data_case02_three_faults|synthetic_earthquake|625.6309608|0.03350732366|0|382|0
631|2016-09-20T01:47:51.394560|2.4461639|2.148887862|0.0|SOFIANE|SPDE-ETAS|||relative_plus_offset|2.503479049023|synthetic|synthetic_data_case02_three_faults|synthetic_earthquake|628.0749004|0.003479049023|0|383|0
632|2016-09-20T03:52:11.870400|1.417890669|2.843956056|0.0|SOFIANE|SPDE-ETAS|||relative_plus_offset|2.55454552645|synthetic|synthetic_data_case02_three_faults|synthetic_earthquake|628.1612485|0.05454552645|0|384|0
633|2016-09-22T02:03:56.664000|4.443050984|1.966024816|0.0|SOFIANE|SPDE-ETAS|||relative_plus_offset|2.6355763539|synthetic|synthetic_data_case02_three_faults|synthetic_earthquake|630.0860725|0.1355763539|0|385|0
634|2016-09-22T15:33:57.199679|1.45671114|1.507923658|0.0|SOFIANE|SPDE-ETAS|||relative_plus_offset|2.7458007637|synthetic|synthetic_data_case02_three_faults|synthetic_earthquake|630.6485787|0.2458007637|0|386|0
635|2016-09-23T17:34:58.618560|2.514178701|1.470174326|0.0|SOFIANE|SPDE-ETAS|||relative_plus_offset|2.56083191234|synthetic|synthetic_data_case02_three_faults|synthetic_earthquake|631.7326229|0.06083191234|0|387|0
636|2016-09-25T12:30:45.840960|0.8029324701|2.430226009|0.0|SOFIANE|SPDE-ETAS|||relative_plus_offset|2.9393767661|synthetic|synthetic_data_case02_three_faults|synthetic_earthquake|633.5213639|0.4393767661|0|388|0
637|2016-09-28T12:00:24.563520|1.482141711|1.106432741|0.0|SOFIANE|SPDE-ETAS|||relative_plus_offset|2.53586179911|synthetic|synthetic_data_case02_three_faults|synthetic_earthquake|636.5002843|0.03586179911|0|389|0
638|2016-09-29T04:18:50.028480|2.04188096|0.5987516142|0.0|SOFIANE|SPDE-ETAS|||relative_plus_offset|3.6740497359999997|synthetic|synthetic_data_case02_three_faults|synthetic_earthquake|637.1797457|1.174049736|0|390|0
639|2016-09-30T04:37:58.405440|2.074574456|0.6106733005|0.0|SOFIANE|SPDE-ETAS|||relative_plus_offset|2.59826386372|synthetic|synthetic_data_case02_three_faults|synthetic_earthquake|638.1930371|0.09826386372|638|390|1
640|2016-09-30T21:06:16.678080|2.473937216|1.029273353|0.0|SOFIANE|SPDE-ETAS|||relative_plus_offset|2.8961691282|synthetic|synthetic_data_case02_three_faults|synthetic_earthquake|638.8793597|0.3961691282|0|391|0
641|2016-10-01T23:12:32.567040|3.15461549|1.798852125|0.0|SOFIANE|SPDE-ETAS|||relative_plus_offset|2.503676348417|synthetic|synthetic_data_case02_three_faults|synthetic_earthquake|639.9670436|0.003676348417|0|392|0
642|2016-10-04T08:10:31.987200|1.411825982|1.577672282|0.0|SOFIANE|SPDE-ETAS|||relative_plus_offset|2.6690150291|synthetic|synthetic_data_case02_three_faults|synthetic_earthquake|642.340648|0.1690150291|0|393|0
643|2016-10-04T08:17:05.461440|1.40744415|1.59009902|0.0|SOFIANE|SPDE-ETAS|||relative_plus_offset|4.043704752|synthetic|synthetic_data_case02_three_faults|synthetic_earthquake|642.3452021|1.543704752|642|393|1
644|2016-10-04T08:34:13.716480|1.367853101|1.611275046|0.0|SOFIANE|SPDE-ETAS|||relative_plus_offset|2.52749900743|synthetic|synthetic_data_case02_three_faults|synthetic_earthquake|642.3571032|0.02749900743|643|393|2
645|2016-10-04T12:23:22.807680|1.524814905|1.589010482|0.0|SOFIANE|SPDE-ETAS|||relative_plus_offset|3.0058244762|synthetic|synthetic_data_case02_three_faults|synthetic_earthquake|642.5162362|0.5058244762|643|393|2
646|2016-10-05T22:30:33.419520|2.430753463|3.041430602|0.0|SOFIANE|SPDE-ETAS|||relative_plus_offset|4.172545002|synthetic|synthetic_data_case02_three_faults|synthetic_earthquake|643.9378868|1.672545002|0|394|0
647|2016-10-06T06:14:48.027840|3.358400246|1.766158215|0.0|SOFIANE|SPDE-ETAS|||relative_plus_offset|2.7569436075000002|synthetic|synthetic_data_case02_three_faults|synthetic_earthquake|644.2602781|0.2569436075|0|395|0
648|2016-10-06T10:05:30.344640|2.507579055|3.055441199|0.0|SOFIANE|SPDE-ETAS|||relative_plus_offset|3.1503039964|synthetic|synthetic_data_case02_three_faults|synthetic_earthquake|644.4204901|0.6503039964|646|394|1
649|2016-10-06T10:30:54.967680|2.530899827|3.0671178|0.0|SOFIANE|SPDE-ETAS|||relative_plus_offset|2.6800715443|synthetic|synthetic_data_case02_three_faults|synthetic_earthquake|644.4381362|0.1800715443|648|394|2
650|2016-10-07T18:57:16.905600|2.197625776|3.016027333|0.0|SOFIANE|SPDE-ETAS|||relative_plus_offset|2.57453696164|synthetic|synthetic_data_case02_three_faults|synthetic_earthquake|645.789779|0.07453696164|646|394|1
651|2016-10-08T02:22:36.062400|1.440505255|2.485715547|0.0|SOFIANE|SPDE-ETAS|||relative_plus_offset|3.6471699099999997|synthetic|synthetic_data_case02_three_faults|synthetic_earthquake|646.0990285|1.14716991|0|396|0
652|2016-10-08T03:25:52.608000|1.546794255|2.465408073|0.0|SOFIANE|SPDE-ETAS|||relative_plus_offset|4.493988965|synthetic|synthetic_data_case02_three_faults|synthetic_earthquake|646.14297|1.993988965|651|396|1
653|2016-10-08T03:26:08.764800|1.530600063|2.709252912|0.0|SOFIANE|SPDE-ETAS|||relative_plus_offset|2.7857440255|synthetic|synthetic_data_case02_three_faults|synthetic_earthquake|646.143157|0.2857440255|652|396|2
654|2016-10-08T03:41:27.006720|1.522116886|2.490610877|0.0|SOFIANE|SPDE-ETAS|||relative_plus_offset|2.54959230148|synthetic|synthetic_data_case02_three_faults|synthetic_earthquake|646.1537848|0.04959230148|652|396|2
655|2016-10-08T08:40:09.935040|1.446484384|1.812215835|0.0|SOFIANE|SPDE-ETAS|||relative_plus_offset|2.9032504227|synthetic|synthetic_data_case02_three_faults|synthetic_earthquake|646.3612261|0.4032504227|0|397|0
656|2016-10-08T13:26:09.061440|3.234832411|2.799762489|0.0|SOFIANE|SPDE-ETAS|||relative_plus_offset|2.6847462897|synthetic|synthetic_data_case02_three_faults|synthetic_earthquake|646.5598271|0.1847462897|0|398|0
657|2016-10-09T16:15:08.438400|1.447849493|2.539899071|0.0|SOFIANE|SPDE-ETAS|||relative_plus_offset|2.6803578623|synthetic|synthetic_data_case02_three_faults|synthetic_earthquake|647.677181|0.1803578623|0|399|0
658|2016-10-09T20:48:23.304960|1.455222678|2.397575472|0.0|SOFIANE|SPDE-ETAS|||relative_plus_offset|2.9464003094|synthetic|synthetic_data_case02_three_faults|synthetic_earthquake|647.8669364|0.4464003094|652|396|2
659|2016-10-09T21:39:46.506240|2.440726524|1.325243387|0.0|SOFIANE|SPDE-ETAS|||relative_plus_offset|3.4587990426|synthetic|synthetic_data_case02_three_faults|synthetic_earthquake|647.9026216|0.9587990426|0|400|0
660|2016-10-10T00:28:46.833600|1.757028471|2.177824736|0.0|SOFIANE|SPDE-ETAS|||relative_plus_offset|3.2425615577|synthetic|synthetic_data_case02_three_faults|synthetic_earthquake|648.0199865|0.7425615577|652|396|2
661|2016-10-10T00:40:59.859840|1.759257006|2.20055491|0.0|SOFIANE|SPDE-ETAS|||relative_plus_offset|2.59781981851|synthetic|synthetic_data_case02_three_faults|synthetic_earthquake|648.0284706|0.09781981851|660|396|3
662|2016-10-10T02:15:29.980800|1.737806134|2.191658345|0.0|SOFIANE|SPDE-ETAS|||relative_plus_offset|2.9669630785|synthetic|synthetic_data_case02_three_faults|synthetic_earthquake|648.094097|0.4669630785|661|396|4
663|2016-10-10T05:29:33.806400|2.461282561|3.034771322|0.0|SOFIANE|SPDE-ETAS|||relative_plus_offset|2.7943467991|synthetic|synthetic_data_case02_three_faults|synthetic_earthquake|648.2288635|0.2943467991|646|394|1
664|2016-10-11T00:00:09.184320|1.777858072|2.195025166|0.0|SOFIANE|SPDE-ETAS|||relative_plus_offset|3.6378503269999998|synthetic|synthetic_data_case02_three_faults|synthetic_earthquake|649.0001063|1.137850327|662|396|5
665|2016-10-11T00:22:29.533440|1.786336032|2.18865252|0.0|SOFIANE|SPDE-ETAS|||relative_plus_offset|2.9375677991|synthetic|synthetic_data_case02_three_faults|synthetic_earthquake|649.0156196|0.4375677991|664|396|6
666|2016-10-11T01:13:43.749119|1.760007768|2.197313934|0.0|SOFIANE|SPDE-ETAS|||relative_plus_offset|3.0698169268999997|synthetic|synthetic_data_case02_three_faults|synthetic_earthquake|649.0512008|0.5698169269|665|396|7
667|2016-10-11T12:42:58.245120|0.4205930391|2.083223253|0.0|SOFIANE|SPDE-ETAS|||relative_plus_offset|3.768332417|synthetic|synthetic_data_case02_three_faults|synthetic_earthquake|649.5298408|1.268332417|652|396|2
668|2016-10-12T01:10:10.842240|1.900887523|2.163966666|0.0|SOFIANE|SPDE-ETAS|||relative_plus_offset|3.2412931372|synthetic|synthetic_data_case02_three_faults|synthetic_earthquake|650.0487366|0.7412931372|664|396|6
669|2016-10-12T18:26:49.899840|1.635074179|2.083202304|0.0|SOFIANE|SPDE-ETAS|||relative_plus_offset|3.0926918542|synthetic|synthetic_data_case02_three_faults|synthetic_earthquake|650.7686331|0.5926918542|662|396|5
670|2016-10-15T07:30:46.440000|2.421666764|1.683552622|0.0|SOFIANE|SPDE-ETAS|||relative_plus_offset|2.9775649705|synthetic|synthetic_data_case02_three_faults|synthetic_earthquake|653.3130375|0.4775649705|0|401|0
671|2016-10-16T04:25:11.726400|2.457273231|1.308613704|0.0|SOFIANE|SPDE-ETAS|||relative_plus_offset|3.2301694038999997|synthetic|synthetic_data_case02_three_faults|synthetic_earthquake|654.1841635|0.7301694039|0|402|0
672|2016-10-16T14:53:18.058559|1.531910787|0.4125982499|0.0|SOFIANE|SPDE-ETAS|||relative_plus_offset|2.7175097051|synthetic|synthetic_data_case02_three_faults|synthetic_earthquake|654.6203479|0.2175097051|0|403|0
673|2016-10-19T09:31:56.023680|2.307068972|3.115508845|0.0|SOFIANE|SPDE-ETAS|||relative_plus_offset|3.2385238163|synthetic|synthetic_data_case02_three_faults|synthetic_earthquake|657.3971762|0.7385238163|646|394|1
674|2016-10-19T09:44:06.155520|2.287314207|3.117667499|0.0|SOFIANE|SPDE-ETAS|||relative_plus_offset|2.8231732142|synthetic|synthetic_data_case02_three_faults|synthetic_earthquake|657.4056268|0.3231732142|673|394|2
675|2016-10-19T10:17:09.813120|2.264223492|3.081836358|0.0|SOFIANE|SPDE-ETAS|||relative_plus_offset|2.6403862684|synthetic|synthetic_data_case02_three_faults|synthetic_earthquake|657.4285858|0.1403862684|673|394|2
676|2016-10-25T03:47:00.156480|1.447715069|1.371472479|0.0|SOFIANE|SPDE-ETAS|||relative_plus_offset|3.3711455004|synthetic|synthetic_data_case02_three_faults|synthetic_earthquake|663.1576407|0.8711455004|0|404|0
677|2016-10-27T13:41:54.389759|2.395344923|1.406986835|0.0|SOFIANE|SPDE-ETAS|||relative_plus_offset|2.660573035|synthetic|synthetic_data_case02_three_faults|synthetic_earthquake|665.5707684|0.160573035|671|402|1
678|2016-10-27T18:50:18.539520|2.874447273|4.104366203|0.0|SOFIANE|SPDE-ETAS|||relative_plus_offset|2.9699746481|synthetic|synthetic_data_case02_three_faults|synthetic_earthquake|665.7849368|0.4699746481|0|405|0
679|2016-10-29T17:08:01.348800|3.999450029|2.061041532|0.0|SOFIANE|SPDE-ETAS|||relative_plus_offset|2.8718082654|synthetic|synthetic_data_case02_three_faults|synthetic_earthquake|667.7139045|0.3718082654|0|406|0
680|2016-10-29T23:18:56.476800|1.369632452|2.145140285|0.0|SOFIANE|SPDE-ETAS|||relative_plus_offset|3.801230898|synthetic|synthetic_data_case02_three_faults|synthetic_earthquake|667.971487|1.301230898|0|407|0
681|2016-10-30T01:02:23.314560|1.409461068|2.154527927|0.0|SOFIANE|SPDE-ETAS|||relative_plus_offset|2.56616728087|synthetic|synthetic_data_case02_three_faults|synthetic_earthquake|668.0433254|0.06616728087|680|407|1
682|2016-10-30T06:08:43.100160|2.495158959|1.23368424|0.0|SOFIANE|SPDE-ETAS|||relative_plus_offset|2.668099752|synthetic|synthetic_data_case02_three_faults|synthetic_earthquake|668.2560544|0.168099752|659|400|1
683|2016-10-31T19:46:22.056960|4.193092584|1.152630686|0.0|SOFIANE|SPDE-ETAS|||relative_plus_offset|2.53559803692|synthetic|synthetic_data_case02_three_faults|synthetic_earthquake|669.8238664|0.03559803692|0|408|0
684|2016-11-03T16:15:55.025280|0.4778486658|3.725971951|0.0|SOFIANE|SPDE-ETAS|||relative_plus_offset|2.9858829783|synthetic|synthetic_data_case02_three_faults|synthetic_earthquake|672.6777202|0.4858829783|0|409|0
685|2016-11-06T08:12:00.979200|2.450718205|3.871135066|0.0|SOFIANE|SPDE-ETAS|||relative_plus_offset|2.7554422036|synthetic|synthetic_data_case02_three_faults|synthetic_earthquake|675.341678|0.2554422036|0|410|0
686|2016-11-06T15:59:47.699520|4.72053239|2.867500367|0.0|SOFIANE|SPDE-ETAS|||relative_plus_offset|2.8902259497|synthetic|synthetic_data_case02_three_faults|synthetic_earthquake|675.6665243|0.3902259497|0|411|0
687|2016-11-06T22:35:10.176000|2.960879834|0.2639892847|0.0|SOFIANE|SPDE-ETAS|||relative_plus_offset|3.804819694|synthetic|synthetic_data_case02_three_faults|synthetic_earthquake|675.94109|1.304819694|0|412|0
688|2016-11-06T22:45:33.024960|4.899993734|0.1593386801|0.0|SOFIANE|SPDE-ETAS|||relative_plus_offset|3.0104921821|synthetic|synthetic_data_case02_three_faults|synthetic_earthquake|675.9482989|0.5104921821|623|375|1
689|2016-11-06T23:17:57.690239|3.004167541|0.5240677798|0.0|SOFIANE|SPDE-ETAS|||relative_plus_offset|2.792916293|synthetic|synthetic_data_case02_three_faults|synthetic_earthquake|675.9708066|0.292916293|687|412|1
690|2016-11-07T05:44:10.204800|1.472926141|2.807033212|0.0|SOFIANE|SPDE-ETAS|||relative_plus_offset|3.3593595546|synthetic|synthetic_data_case02_three_faults|synthetic_earthquake|676.239007|0.8593595546|0|413|0
691|2016-11-07T08:20:50.360640|1.466039705|2.799880169|0.0|SOFIANE|SPDE-ETAS|||relative_plus_offset|2.6329283195|synthetic|synthetic_data_case02_three_faults|synthetic_earthquake|676.3478051|0.1329283195|690|413|1
692|2016-11-08T03:52:53.195520|2.485469255|3.766608846|0.0|SOFIANE|SPDE-ETAS|||relative_plus_offset|3.811564606|synthetic|synthetic_data_case02_three_faults|synthetic_earthquake|677.1617268|1.311564606|0|414|0
693|2016-11-09T14:39:20.626560|2.461260075|2.92708054|0.0|SOFIANE|SPDE-ETAS|||relative_plus_offset|2.7189956158|synthetic|synthetic_data_case02_three_faults|synthetic_earthquake|678.6106554|0.2189956158|0|415|0
694|2016-11-11T02:14:21.327359|2.544079022|3.691870825|0.0|SOFIANE|SPDE-ETAS|||relative_plus_offset|2.53786650211|synthetic|synthetic_data_case02_three_faults|synthetic_earthquake|680.0933024|0.03786650211|692|414|1
695|2016-11-13T01:59:01.832640|1.434571706|2.368470596|0.0|SOFIANE|SPDE-ETAS|||relative_plus_offset|2.56655688537|synthetic|synthetic_data_case02_three_faults|synthetic_earthquake|682.0826601|0.06655688537|0|416|0
696|2016-11-14T17:56:14.720640|1.442946133|1.154727164|0.0|SOFIANE|SPDE-ETAS|||relative_plus_offset|2.878677046|synthetic|synthetic_data_case02_three_faults|synthetic_earthquake|683.7473926|0.378677046|0|417|0
697|2016-11-16T08:01:53.708160|0.9313409233|3.73969336|0.0|SOFIANE|SPDE-ETAS|||relative_plus_offset|2.75988992|synthetic|synthetic_data_case02_three_faults|synthetic_earthquake|685.3346494|0.25988992|0|418|0
698|2016-11-21T01:07:11.916479|3.976452631|2.071242881|0.0|SOFIANE|SPDE-ETAS|||relative_plus_offset|2.8023364101|synthetic|synthetic_data_case02_three_faults|synthetic_earthquake|690.0466657|0.3023364101|0|419|0
699|2016-11-21T17:20:57.903360|1.087303461|4.045492336|0.0|SOFIANE|SPDE-ETAS|||relative_plus_offset|2.8075018323|synthetic|synthetic_data_case02_three_faults|synthetic_earthquake|690.7228924|0.3075018323|0|420|0
700|2016-11-22T05:30:08.737920|1.491214157|1.885960393|0.0|SOFIANE|SPDE-ETAS|||relative_plus_offset|3.3848881806|synthetic|synthetic_data_case02_three_faults|synthetic_earthquake|691.2292678|0.8848881806|0|421|0
701|2016-11-28T08:34:20.853120|3.73845555|3.372649882|0.0|SOFIANE|SPDE-ETAS|||relative_plus_offset|4.04567942|synthetic|synthetic_data_case02_three_faults|synthetic_earthquake|697.3571858|1.54567942|0|422|0
702|2016-11-28T17:07:30.512639|1.447809779|1.209964701|0.0|SOFIANE|SPDE-ETAS|||relative_plus_offset|2.6757008673|synthetic|synthetic_data_case02_three_faults|synthetic_earthquake|697.7135476|0.1757008673|0|423|0
703|2016-11-28T17:10:50.010240|3.837138648|3.387615944|0.0|SOFIANE|SPDE-ETAS|||relative_plus_offset|2.7143315754|synthetic|synthetic_data_case02_three_faults|synthetic_earthquake|697.7158566|0.2143315754|701|422|1
704|2016-11-30T16:28:24.553920|1.496978167|1.437261884|0.0|SOFIANE|SPDE-ETAS|||relative_plus_offset|3.0336115237|synthetic|synthetic_data_case02_three_faults|synthetic_earthquake|699.6863953|0.5336115237|0|424|0
705|2016-12-01T05:10:52.628160|1.457498874|1.430948781|0.0|SOFIANE|SPDE-ETAS|||relative_plus_offset|2.648666783|synthetic|synthetic_data_case02_three_faults|synthetic_earthquake|700.2158869|0.148666783|0|425|0
706|2016-12-01T11:30:51.635520|0.807602018|0.04216947164|0.0|SOFIANE|SPDE-ETAS|||relative_plus_offset|3.1190302673|synthetic|synthetic_data_case02_three_faults|synthetic_earthquake|700.4797643|0.6190302673|0|426|0
707|2016-12-01T18:40:30.164159|0.05849263219|0.4443858683|0.0|SOFIANE|SPDE-ETAS|||relative_plus_offset|2.6021136144|synthetic|synthetic_data_case02_three_faults|synthetic_earthquake|700.7781269|0.1021136144|0|427|0
708|2016-12-03T23:14:08.998080|2.473294956|2.194886262|0.0|SOFIANE|SPDE-ETAS|||relative_plus_offset|3.703997161|synthetic|synthetic_data_case02_three_faults|synthetic_earthquake|702.9681597|1.203997161|0|428|0
709|2016-12-03T23:53:01.072320|2.465327403|2.134763503|0.0|SOFIANE|SPDE-ETAS|||relative_plus_offset|2.6362506936|synthetic|synthetic_data_case02_three_faults|synthetic_earthquake|702.9951513|0.1362506936|708|428|1
710|2016-12-06T02:25:48.622080|0.2661766097|4.348060711|0.0|SOFIANE|SPDE-ETAS|||relative_plus_offset|3.694568056|synthetic|synthetic_data_case02_three_faults|synthetic_earthquake|705.1012572|1.194568056|0|429|0
711|2016-12-06T02:25:59.197440|0.2260156397|4.359885386|0.0|SOFIANE|SPDE-ETAS|||relative_plus_offset|2.6747223039|synthetic|synthetic_data_case02_three_faults|synthetic_earthquake|705.1013796|0.1747223039|710|429|1
712|2016-12-06T09:31:57.241920|0.2108766693|4.31301517|0.0|SOFIANE|SPDE-ETAS|||relative_plus_offset|2.52784919912|synthetic|synthetic_data_case02_three_faults|synthetic_earthquake|705.3971903|0.02784919912|710|429|1
713|2016-12-07T10:26:09.899520|2.643512349|3.233528829|0.0|SOFIANE|SPDE-ETAS|||relative_plus_offset|2.7033548992|synthetic|synthetic_data_case02_three_faults|synthetic_earthquake|706.4348368|0.2033548992|0|430|0
714|2016-12-10T17:59:15.581760|2.459784977|3.890471289|0.0|SOFIANE|SPDE-ETAS|||relative_plus_offset|2.53068945141|synthetic|synthetic_data_case02_three_faults|synthetic_earthquake|709.7494859|0.03068945141|0|431|0
715|2016-12-10T20:41:59.032320|1.72903026|3.402972304|0.0|SOFIANE|SPDE-ETAS|||relative_plus_offset|2.6913570485|synthetic|synthetic_data_case02_three_faults|synthetic_earthquake|709.8624888|0.1913570485|0|432|0
716|2016-12-12T00:50:17.390400|2.469810125|2.203070534|0.0|SOFIANE|SPDE-ETAS|||relative_plus_offset|2.52072036782|synthetic|synthetic_data_case02_three_faults|synthetic_earthquake|711.0349235|0.02072036782|708|428|1
717|2016-12-12T21:45:37.307520|0.8486448847|2.799169476|0.0|SOFIANE|SPDE-ETAS|||relative_plus_offset|2.6277811389|synthetic|synthetic_data_case02_three_faults|synthetic_earthquake|711.9066818|0.1277811389|0|433|0
718|2016-12-12T23:01:06.879360|2.470723924|2.98801203|0.0|SOFIANE|SPDE-ETAS|||relative_plus_offset|3.1865580653|synthetic|synthetic_data_case02_three_faults|synthetic_earthquake|711.9591074|0.6865580653|0|434|0
719|2016-12-13T06:38:15.155520|2.460798283|2.982872824|0.0|SOFIANE|SPDE-ETAS|||relative_plus_offset|3.1738664177|synthetic|synthetic_data_case02_three_faults|synthetic_earthquake|712.2765643|0.6738664177|718|434|1
720|2016-12-13T07:55:36.589440|2.571451464|2.901912908|0.0|SOFIANE|SPDE-ETAS|||relative_plus_offset|2.786457692|synthetic|synthetic_data_case02_three_faults|synthetic_earthquake|712.3302846|0.286457692|719|434|2
721|2016-12-16T02:15:11.154239|2.44439195|3.384651087|0.0|SOFIANE|SPDE-ETAS|||relative_plus_offset|2.7675019381|synthetic|synthetic_data_case02_three_faults|synthetic_earthquake|715.0938791|0.2675019381|0|435|0
722|2016-12-17T07:28:00.517440|1.712277855|1.198393345|0.0|SOFIANE|SPDE-ETAS|||relative_plus_offset|3.1280223842|synthetic|synthetic_data_case02_three_faults|synthetic_earthquake|716.3111171|0.6280223842|92|47|3
723|2016-12-20T07:41:48.151680|2.479470758|3.29545578|0.0|SOFIANE|SPDE-ETAS|||relative_plus_offset|2.782437755|synthetic|synthetic_data_case02_three_faults|synthetic_earthquake|719.3206962|0.282437755|0|436|0
724|2016-12-23T17:18:11.194560|2.461325456|1.647807757|0.0|SOFIANE|SPDE-ETAS|||relative_plus_offset|3.0155966884|synthetic|synthetic_data_case02_three_faults|synthetic_earthquake|722.7209629|0.5155966884|0|437|0
725|2016-12-23T19:29:02.440320|2.452161837|1.647499847|0.0|SOFIANE|SPDE-ETAS|||relative_plus_offset|2.8141761167|synthetic|synthetic_data_case02_three_faults|synthetic_earthquake|722.8118338|0.3141761167|724|437|1
726|2016-12-31T13:39:47.208960|2.436128884|1.91265529|0.0|SOFIANE|SPDE-ETAS|||relative_plus_offset|2.6145385116|synthetic|synthetic_data_case02_three_faults|synthetic_earthquake|730.5692964|0.1145385116|0|438|0
727|2016-12-31T13:40:15.591360|2.436928356|1.938529772|0.0|SOFIANE|SPDE-ETAS|||relative_plus_offset|3.2193173502|synthetic|synthetic_data_case02_three_faults|synthetic_earthquake|730.5696249|0.7193173502|726|438|1
728|2017-01-03T00:06:46.823040|3.043283264|1.297346579|0.0|SOFIANE|SPDE-ETAS|||relative_plus_offset|2.7543104715|synthetic|synthetic_data_case02_three_faults|synthetic_earthquake|733.0047086|0.2543104715|478|278|1
729|2017-01-03T20:44:19.777920|0.6057271658|1.795501059|0.0|SOFIANE|SPDE-ETAS|||relative_plus_offset|2.6599674894|synthetic|synthetic_data_case02_three_faults|synthetic_earthquake|733.8641178|0.1599674894|0|439|0
730|2017-01-03T21:06:58.564800|1.438144292|2.626998037|0.0|SOFIANE|SPDE-ETAS|||relative_plus_offset|2.6446365976|synthetic|synthetic_data_case02_three_faults|synthetic_earthquake|733.8798445|0.1446365976|0|440|0
731|2017-01-04T16:13:56.380800|2.421316927|3.026778258|0.0|SOFIANE|SPDE-ETAS|||relative_plus_offset|2.54170382187|synthetic|synthetic_data_case02_three_faults|synthetic_earthquake|734.676347|0.04170382187|0|441|0
732|2017-01-11T07:32:27.467520|2.439501619|2.505203075|0.0|SOFIANE|SPDE-ETAS|||relative_plus_offset|2.7212197403|synthetic|synthetic_data_case02_three_faults|synthetic_earthquake|741.3142068|0.2212197403|0|442|0
733|2017-01-13T01:13:27.860160|3.973188427|2.011928195|0.0|SOFIANE|SPDE-ETAS|||relative_plus_offset|2.503773266055|synthetic|synthetic_data_case02_three_faults|synthetic_earthquake|743.0510169|0.003773266055|0|443|0
734|2017-01-13T16:14:01.884480|1.409441996|2.440928107|0.0|SOFIANE|SPDE-ETAS|||relative_plus_offset|2.6459599848|synthetic|synthetic_data_case02_three_faults|synthetic_earthquake|743.6764107|0.1459599848|0|444|0
735|2017-01-13T19:05:09.764160|3.766052094|1.992570456|0.0|SOFIANE|SPDE-ETAS|||relative_plus_offset|2.8151680185|synthetic|synthetic_data_case02_three_faults|synthetic_earthquake|743.7952519|0.3151680185|0|445|0
736|2017-01-13T19:52:18.647040|3.787924321|2.018788019|0.0|SOFIANE|SPDE-ETAS|||relative_plus_offset|3.241813605|synthetic|synthetic_data_case02_three_faults|synthetic_earthquake|743.8279936|0.741813605|735|445|1
737|2017-01-13T22:15:45.011520|2.479805618|2.73876703|0.0|SOFIANE|SPDE-ETAS|||relative_plus_offset|2.7178643096|synthetic|synthetic_data_case02_three_faults|synthetic_earthquake|743.9276043|0.2178643096|0|446|0
738|2017-01-15T23:17:16.520640|2.429625919|3.964643102|0.0|SOFIANE|SPDE-ETAS|||relative_plus_offset|4.138129502|synthetic|synthetic_data_case02_three_faults|synthetic_earthquake|745.9703301|1.638129502|0|447|0
739|2017-01-17T00:13:13.584000|1.439183358|2.595212118|0.0|SOFIANE|SPDE-ETAS|||relative_plus_offset|2.7238599805|synthetic|synthetic_data_case02_three_faults|synthetic_earthquake|747.009185|0.2238599805|0|448|0
740|2017-01-18T00:42:27.469440|0.7566476648|4.711158055|0.0|SOFIANE|SPDE-ETAS|||relative_plus_offset|2.877138062|synthetic|synthetic_data_case02_three_faults|synthetic_earthquake|748.0294846|0.377138062|0|449|0
741|2017-01-19T10:50:37.412160|2.414102209|2.737702753|0.0|SOFIANE|SPDE-ETAS|||relative_plus_offset|3.0851505981000003|synthetic|synthetic_data_case02_three_faults|synthetic_earthquake|749.4518219|0.5851505981|0|450|0
742|2017-01-19T11:15:59.149440|2.421174088|2.735028551|0.0|SOFIANE|SPDE-ETAS|||relative_plus_offset|2.7293219993|synthetic|synthetic_data_case02_three_faults|synthetic_earthquake|749.4694346|0.2293219993|741|450|1
743|2017-01-19T12:33:41.872320|2.405098961|2.731623153|0.0|SOFIANE|SPDE-ETAS|||relative_plus_offset|2.8814017412|synthetic|synthetic_data_case02_three_faults|synthetic_earthquake|749.5234013|0.3814017412|741|450|1
744|2017-01-19T14:25:28.801920|2.421204451|2.726583386|0.0|SOFIANE|SPDE-ETAS|||relative_plus_offset|3.819976022|synthetic|synthetic_data_case02_three_faults|synthetic_earthquake|749.6010278|1.319976022|742|450|2
745|2017-01-19T20:13:31.552320|2.871196815|2.090495383|0.0|SOFIANE|SPDE-ETAS|||relative_plus_offset|2.52629340515|synthetic|synthetic_data_case02_three_faults|synthetic_earthquake|749.8427263|0.02629340515|744|450|3
746|2017-01-20T13:03:53.879040|0.01379663578|4.128109716|0.0|SOFIANE|SPDE-ETAS|||relative_plus_offset|2.8387943756|synthetic|synthetic_data_case02_three_faults|synthetic_earthquake|750.5443736|0.3387943756|0|451|0
747|2017-01-21T15:21:46.748160|3.901636564|2.356832507|0.0|SOFIANE|SPDE-ETAS|||relative_plus_offset|3.1355618104|synthetic|synthetic_data_case02_three_faults|synthetic_earthquake|751.6401244|0.6355618104|0|452|0
748|2017-01-21T20:22:19.179840|3.899419007|2.37486036|0.0|SOFIANE|SPDE-ETAS|||relative_plus_offset|2.51186575663|synthetic|synthetic_data_case02_three_faults|synthetic_earthquake|751.8488331|0.01186575663|747|452|1
749|2017-01-25T11:16:34.478400|1.49533461|2.118256768|0.0|SOFIANE|SPDE-ETAS|||relative_plus_offset|3.1979961261|synthetic|synthetic_data_case02_three_faults|synthetic_earthquake|755.4698435|0.6979961261|0|453|0
750|2017-01-25T16:53:10.236479|2.422115094|1.700160491|0.0|SOFIANE|SPDE-ETAS|||relative_plus_offset|3.1774701067|synthetic|synthetic_data_case02_three_faults|synthetic_earthquake|755.7035907|0.6774701067|0|454|0
751|2017-01-25T17:17:23.994240|2.440109172|1.69052462|0.0|SOFIANE|SPDE-ETAS|||relative_plus_offset|2.7248009171|synthetic|synthetic_data_case02_three_faults|synthetic_earthquake|755.7204166|0.2248009171|750|454|1
752|2017-01-26T18:18:37.808640|2.461256691|3.106267667|0.0|SOFIANE|SPDE-ETAS|||relative_plus_offset|3.2420819965|synthetic|synthetic_data_case02_three_faults|synthetic_earthquake|756.7629376|0.7420819965|0|455|0
753|2017-01-27T21:59:18.228480|1.459135647|2.520062031|0.0|SOFIANE|SPDE-ETAS|||relative_plus_offset|2.51371053932|synthetic|synthetic_data_case02_three_faults|synthetic_earthquake|757.9161832|0.01371053932|0|456|0
754|2017-01-27T22:14:06.679680|1.390910246|2.434601087|0.0|SOFIANE|SPDE-ETAS|||relative_plus_offset|2.9873833012|synthetic|synthetic_data_case02_three_faults|synthetic_earthquake|757.9264662|0.4873833012|753|456|1
755|2017-01-28T05:51:53.611199|2.478519278|2.256849373|0.0|SOFIANE|SPDE-ETAS|||relative_plus_offset|2.8231804607|synthetic|synthetic_data_case02_three_faults|synthetic_earthquake|758.2443705|0.3231804607|0|457|0
756|2017-02-01T06:49:11.328960|1.438879909|1.255051236|0.0|SOFIANE|SPDE-ETAS|||relative_plus_offset|3.163459796|synthetic|synthetic_data_case02_three_faults|synthetic_earthquake|762.2841589|0.663459796|0|458|0
757|2017-02-02T12:07:30.636480|0.703291085|2.327903794|0.0|SOFIANE|SPDE-ETAS|||relative_plus_offset|2.7592482495|synthetic|synthetic_data_case02_three_faults|synthetic_earthquake|763.5052157|0.2592482495|0|459|0
758|2017-02-02T18:00:00.319680|1.431260497|2.647382347|0.0|SOFIANE|SPDE-ETAS|||relative_plus_offset|2.6755874584|synthetic|synthetic_data_case02_three_faults|synthetic_earthquake|763.7500037|0.1755874584|0|460|0
759|2017-02-05T14:07:48.509760|3.977183757|2.08828902|0.0|SOFIANE|SPDE-ETAS|||relative_plus_offset|2.6153153856999998|synthetic|synthetic_data_case02_three_faults|synthetic_earthquake|766.5887559|0.1153153857|0|461|0
760|2017-02-05T16:47:55.368960|3.966118897|2.081769151|0.0|SOFIANE|SPDE-ETAS|||relative_plus_offset|2.59581391812|synthetic|synthetic_data_case02_three_faults|synthetic_earthquake|766.6999464|0.09581391812|759|461|1
761|2017-02-06T21:28:49.797120|2.479901548|2.267543979|0.0|SOFIANE|SPDE-ETAS|||relative_plus_offset|2.7467866084|synthetic|synthetic_data_case02_three_faults|synthetic_earthquake|767.8950208|0.2467866084|0|462|0
762|2017-02-08T07:35:07.402560|2.026437093|0.6490569324|0.0|SOFIANE|SPDE-ETAS|||relative_plus_offset|2.7279050625|synthetic|synthetic_data_case02_three_faults|synthetic_earthquake|769.3160579|0.2279050625|638|390|1
763|2017-02-09T09:57:32.068800|1.420817828|2.067192421|0.0|SOFIANE|SPDE-ETAS|||relative_plus_offset|4.2429070630000005|synthetic|synthetic_data_case02_three_faults|synthetic_earthquake|770.4149545|1.742907063|0|463|0
764|2017-02-09T09:59:37.366080|1.346394138|2.088050456|0.0|SOFIANE|SPDE-ETAS|||relative_plus_offset|2.58998253806|synthetic|synthetic_data_case02_three_faults|synthetic_earthquake|770.4164047|0.08998253806|763|463|1
765|2017-02-09T17:39:41.068800|1.968173869|2.699947422|0.0|SOFIANE|SPDE-ETAS|||relative_plus_offset|3.4244599438|synthetic|synthetic_data_case02_three_faults|synthetic_earthquake|770.735892|0.9244599438|763|463|1
766|2017-02-09T22:28:22.895040|1.486542121|2.058952853|0.0|SOFIANE|SPDE-ETAS|||relative_plus_offset|2.9309050401|synthetic|synthetic_data_case02_three_faults|synthetic_earthquake|770.9363761|0.4309050401|763|463|1
767|2017-02-10T18:24:42.909120|2.034402767|0.6547898535|0.0|SOFIANE|SPDE-ETAS|||relative_plus_offset|2.9341687695|synthetic|synthetic_data_case02_three_faults|synthetic_earthquake|771.7671633|0.4341687695|762|390|2
768|2017-02-11T07:07:07.337280|2.409420271|2.038308906|0.0|SOFIANE|SPDE-ETAS|||relative_plus_offset|2.9566601736|synthetic|synthetic_data_case02_three_faults|synthetic_earthquake|772.2966127|0.4566601736|0|464|0
769|2017-02-11T07:27:36.290880|2.025772553|0.6182831361|0.0|SOFIANE|SPDE-ETAS|||relative_plus_offset|2.59295069738|synthetic|synthetic_data_case02_three_faults|synthetic_earthquake|772.3108367|0.09295069738|767|390|3
770|2017-02-12T01:57:42.932160|1.417000219|1.138119418|0.0|SOFIANE|SPDE-ETAS|||relative_plus_offset|2.6938533327|synthetic|synthetic_data_case02_three_faults|synthetic_earthquake|773.0817469|0.1938533327|0|465|0
771|2017-02-12T08:57:36.480959|2.417654436|2.043210656|0.0|SOFIANE|SPDE-ETAS|||relative_plus_offset|3.4790182418|synthetic|synthetic_data_case02_three_faults|synthetic_earthquake|773.3733389|0.9790182418|768|464|1
772|2017-02-12T09:52:23.845440|2.492509145|2.052659826|0.0|SOFIANE|SPDE-ETAS|||relative_plus_offset|3.0317598588|synthetic|synthetic_data_case02_three_faults|synthetic_earthquake|773.4113871|0.5317598588|771|464|2
773|2017-02-13T06:22:56.084160|3.795777353|3.446248943|0.0|SOFIANE|SPDE-ETAS|||relative_plus_offset|2.8636569432|synthetic|synthetic_data_case02_three_faults|synthetic_earthquake|774.2659269|0.3636569432|701|422|1
774|2017-02-14T05:33:13.089599|1.185458251|1.036971914|0.0|SOFIANE|SPDE-ETAS|||relative_plus_offset|2.59305610671|synthetic|synthetic_data_case02_three_faults|synthetic_earthquake|775.2314015|0.09305610671|0|466|0
775|2017-02-14T13:46:53.385599|2.421642151|3.980732247|0.0|SOFIANE|SPDE-ETAS|||relative_plus_offset|3.0109057392|synthetic|synthetic_data_case02_three_faults|synthetic_earthquake|775.574229|0.5109057392|0|467|0
776|2017-02-15T14:17:34.716480|2.490315308|3.634645867|0.0|SOFIANE|SPDE-ETAS|||relative_plus_offset|2.51551167596|synthetic|synthetic_data_case02_three_faults|synthetic_earthquake|776.5955407|0.01551167596|0|468|0
777|2017-02-16T11:03:21.041280|1.497641872|2.388885384|0.0|SOFIANE|SPDE-ETAS|||relative_plus_offset|2.9290177367|synthetic|synthetic_data_case02_three_faults|synthetic_earthquake|777.4606602|0.4290177367|0|469|0
778|2017-02-16T17:47:56.780160|0.6442469752|2.811102613|0.0|SOFIANE|SPDE-ETAS|||relative_plus_offset|3.0992589229|synthetic|synthetic_data_case02_three_faults|synthetic_earthquake|777.7416294|0.5992589229|0|470|0
779|2017-02-17T12:15:54.979199|3.301940708|4.300155844|0.0|SOFIANE|SPDE-ETAS|||relative_plus_offset|2.5222484739|synthetic|synthetic_data_case02_three_faults|synthetic_earthquake|778.511053|0.0222484739|0|471|0
780|2017-02-18T22:49:11.305920|1.324176336|2.212613858|0.0|SOFIANE|SPDE-ETAS|||relative_plus_offset|3.1105786023|synthetic|synthetic_data_case02_three_faults|synthetic_earthquake|779.9508253|0.6105786023|763|463|1
781|2017-02-21T10:39:47.200320|2.447864649|1.145772285|0.0|SOFIANE|SPDE-ETAS|||relative_plus_offset|3.1106162216|synthetic|synthetic_data_case02_three_faults|synthetic_earthquake|782.4442963|0.6106162216|0|472|0
782|2017-02-21T16:05:10.775040|3.190291457|2.083366895|0.0|SOFIANE|SPDE-ETAS|||relative_plus_offset|3.2750668826|synthetic|synthetic_data_case02_three_faults|synthetic_earthquake|782.6702636|0.7750668826|0|473|0
783|2017-02-24T21:16:08.595840|2.426319658|2.338475418|0.0|SOFIANE|SPDE-ETAS|||relative_plus_offset|2.6340899081|synthetic|synthetic_data_case02_three_faults|synthetic_earthquake|785.8862106|0.1340899081|0|474|0
784|2017-02-24T21:24:13.671360|2.451075533|3.767252277|0.0|SOFIANE|SPDE-ETAS|||relative_plus_offset|2.8368079699|synthetic|synthetic_data_case02_three_faults|synthetic_earthquake|785.8918249|0.3368079699|0|475|0
785|2017-02-25T05:54:15.229440|4.00746713|0.6234689877|0.0|SOFIANE|SPDE-ETAS|||relative_plus_offset|2.7927893221|synthetic|synthetic_data_case02_three_faults|synthetic_earthquake|786.2460096|0.2927893221|0|476|0
786|2017-02-27T12:52:45.894720|3.926961419|2.930403338|0.0|SOFIANE|SPDE-ETAS|||relative_plus_offset|2.8981873062|synthetic|synthetic_data_case02_three_faults|synthetic_earthquake|788.5366423|0.3981873062|0|477|0
787|2017-03-01T23:44:13.306560|3.576725565|3.273195765|0.0|SOFIANE|SPDE-ETAS|||relative_plus_offset|2.58638419384|synthetic|synthetic_data_case02_three_faults|synthetic_earthquake|790.9890429|0.08638419384|0|478|0
788|2017-03-02T06:50:28.250880|2.428874502|1.544227618|0.0|SOFIANE|SPDE-ETAS|||relative_plus_offset|2.7327925355|synthetic|synthetic_data_case02_three_faults|synthetic_earthquake|791.2850492|0.2327925355|0|479|0
789|2017-03-02T16:22:11.565119|1.033747639|1.314535679|0.0|SOFIANE|SPDE-ETAS|||relative_plus_offset|3.2905288319|synthetic|synthetic_data_case02_three_faults|synthetic_earthquake|791.6820783|0.7905288319|0|480|0
790|2017-03-04T01:29:32.939519|3.916834151|2.319294056|0.0|SOFIANE|SPDE-ETAS|||relative_plus_offset|2.8946569154|synthetic|synthetic_data_case02_three_faults|synthetic_earthquake|793.0621868|0.3946569154|0|481|0
791|2017-03-04T19:09:38.675520|0.8008265309|4.318431805|0.0|SOFIANE|SPDE-ETAS|||relative_plus_offset|2.508239270437|synthetic|synthetic_data_case02_three_faults|synthetic_earthquake|793.7983643|0.008239270437|0|482|0
792|2017-03-05T03:53:01.464000|2.476390604|3.169914922|0.0|SOFIANE|SPDE-ETAS|||relative_plus_offset|2.58786074272|synthetic|synthetic_data_case02_three_faults|synthetic_earthquake|794.1618225|0.08786074272|0|483|0
793|2017-03-05T23:02:28.691520|1.431479004|2.966013258|0.0|SOFIANE|SPDE-ETAS|||relative_plus_offset|2.59610132459|synthetic|synthetic_data_case02_three_faults|synthetic_earthquake|794.9600543|0.09610132459|0|484|0
794|2017-03-06T03:11:46.579200|1.409040336|2.202047557|0.0|SOFIANE|SPDE-ETAS|||relative_plus_offset|4.017760707|synthetic|synthetic_data_case02_three_faults|synthetic_earthquake|795.133178|1.517760707|0|485|0
795|2017-03-10T06:29:00.268800|1.411338386|1.874414895|0.0|SOFIANE|SPDE-ETAS|||relative_plus_offset|2.8678627262|synthetic|synthetic_data_case02_three_faults|synthetic_earthquake|799.270142|0.3678627262|0|486|0
796|2017-03-10T19:35:32.052480|1.45484008|2.429832391|0.0|SOFIANE|SPDE-ETAS|||relative_plus_offset|2.8804564186|synthetic|synthetic_data_case02_three_faults|synthetic_earthquake|799.8163432|0.3804564186|0|487|0
797|2017-03-11T11:36:01.776960|1.396570453|1.886290421|0.0|SOFIANE|SPDE-ETAS|||relative_plus_offset|2.9516100358|synthetic|synthetic_data_case02_three_faults|synthetic_earthquake|800.4833539|0.4516100358|795|486|1
798|2017-03-11T12:31:28.056000|1.388866784|1.886788561|0.0|SOFIANE|SPDE-ETAS|||relative_plus_offset|2.503593874011|synthetic|synthetic_data_case02_three_faults|synthetic_earthquake|800.5218525|0.003593874011|797|486|2
799|2017-03-11T12:36:39.260159|2.85553548|2.195810425|0.0|SOFIANE|SPDE-ETAS|||relative_plus_offset|4.002471262|synthetic|synthetic_data_case02_three_faults|synthetic_earthquake|800.5254544|1.502471262|0|488|0
800|2017-03-11T13:22:23.989440|1.612170527|2.197495923|0.0|SOFIANE|SPDE-ETAS|||relative_plus_offset|2.54848095884|synthetic|synthetic_data_case02_three_faults|synthetic_earthquake|800.5572221|0.04848095884|799|488|1
801|2017-03-11T18:53:04.125120|3.911574062|2.034410685|0.0|SOFIANE|SPDE-ETAS|||relative_plus_offset|2.9013677187|synthetic|synthetic_data_case02_three_faults|synthetic_earthquake|800.7868533|0.4013677187|0|489|0
802|2017-03-12T07:23:12.226560|1.42669089|2.426080237|0.0|SOFIANE|SPDE-ETAS|||relative_plus_offset|2.9226246553|synthetic|synthetic_data_case02_three_faults|synthetic_earthquake|801.3077804|0.4226246553|0|490|0
803|2017-03-13T20:46:26.811840|3.928019978|2.038168774|0.0|SOFIANE|SPDE-ETAS|||relative_plus_offset|4.287079302|synthetic|synthetic_data_case02_three_faults|synthetic_earthquake|802.8655881|1.787079302|801|489|1
804|2017-03-13T23:28:58.728000|3.910906447|2.037146328|0.0|SOFIANE|SPDE-ETAS|||relative_plus_offset|3.0870543932|synthetic|synthetic_data_case02_three_faults|synthetic_earthquake|802.9784575|0.5870543932|803|489|2
805|2017-03-14T04:26:52.028160|3.968532399|1.95831445|0.0|SOFIANE|SPDE-ETAS|||relative_plus_offset|3.0385373806000002|synthetic|synthetic_data_case02_three_faults|synthetic_earthquake|803.1853244|0.5385373806|803|489|2
806|2017-03-14T08:33:32.313600|3.980861815|1.929993376|0.0|SOFIANE|SPDE-ETAS|||relative_plus_offset|3.660742243|synthetic|synthetic_data_case02_three_faults|synthetic_earthquake|803.356624|1.160742243|805|489|3
807|2017-03-14T08:38:49.626240|3.958770179|1.92128519|0.0|SOFIANE|SPDE-ETAS|||relative_plus_offset|3.1460673827|synthetic|synthetic_data_case02_three_faults|synthetic_earthquake|803.3602966|0.6460673827|806|489|4
808|2017-03-14T08:46:23.191680|3.99524367|1.92604616|0.0|SOFIANE|SPDE-ETAS|||relative_plus_offset|2.6429940807|synthetic|synthetic_data_case02_three_faults|synthetic_earthquake|803.3655462|0.1429940807|807|489|5
809|2017-03-14T09:16:04.733760|3.899104193|1.952623529|0.0|SOFIANE|SPDE-ETAS|||relative_plus_offset|2.7152390099|synthetic|synthetic_data_case02_three_faults|synthetic_earthquake|803.3861659|0.2152390099|806|489|4
810|2017-03-14T22:56:06.855360|2.460464503|3.370346519|0.0|SOFIANE|SPDE-ETAS|||relative_plus_offset|2.9268243686|synthetic|synthetic_data_case02_three_faults|synthetic_earthquake|803.9556349|0.4268243686|0|491|0
811|2017-03-16T21:21:46.886400|2.854166959|3.106055447|0.0|SOFIANE|SPDE-ETAS|||relative_plus_offset|2.750373146|synthetic|synthetic_data_case02_three_faults|synthetic_earthquake|805.890126|0.250373146|0|492|0
812|2017-03-20T17:18:49.927680|4.794623712|1.290208265|0.0|SOFIANE|SPDE-ETAS|||relative_plus_offset|3.1462031308|synthetic|synthetic_data_case02_three_faults|synthetic_earthquake|809.7214112|0.6462031308|0|493|0
813|2017-03-21T19:53:15.429120|1.922056791|2.569969433|0.0|SOFIANE|SPDE-ETAS|||relative_plus_offset|2.51752164521|synthetic|synthetic_data_case02_three_faults|synthetic_earthquake|810.8286508|0.01752164521|0|494|0
814|2017-03-22T09:54:40.262400|2.412509504|3.881908955|0.0|SOFIANE|SPDE-ETAS|||relative_plus_offset|2.6469748751|synthetic|synthetic_data_case02_three_faults|synthetic_earthquake|811.412966|0.1469748751|0|495|0
815|2017-03-24T14:56:06.953280|0.6810743506|0.06610329953|0.0|SOFIANE|SPDE-ETAS|||relative_plus_offset|2.59227592575|synthetic|synthetic_data_case02_three_faults|synthetic_earthquake|813.6223027|0.09227592575|0|496|0
816|2017-03-25T14:58:09.468480|1.515267316|4.32173586|0.0|SOFIANE|SPDE-ETAS|||relative_plus_offset|2.6569853279|synthetic|synthetic_data_case02_three_faults|synthetic_earthquake|814.6237207|0.1569853279|0|497|0
817|2017-03-27T21:24:52.793280|1.496691305|2.380115049|0.0|SOFIANE|SPDE-ETAS|||relative_plus_offset|2.52989398885|synthetic|synthetic_data_case02_three_faults|synthetic_earthquake|816.8922777|0.02989398885|777|469|1
818|2017-03-28T12:07:26.662080|2.491716245|2.820663704|0.0|SOFIANE|SPDE-ETAS|||relative_plus_offset|2.9655869292|synthetic|synthetic_data_case02_three_faults|synthetic_earthquake|817.5051697|0.4655869292|0|498|0
819|2017-03-30T01:28:17.667839|4.083853486|4.963481443|0.0|SOFIANE|SPDE-ETAS|||relative_plus_offset|2.6883340952|synthetic|synthetic_data_case02_three_faults|synthetic_earthquake|819.0613156|0.1883340952|0|499|0
820|2017-03-31T02:58:46.983360|2.453978107|2.262468015|0.0|SOFIANE|SPDE-ETAS|||relative_plus_offset|2.9027373548|synthetic|synthetic_data_case02_three_faults|synthetic_earthquake|820.1241549|0.4027373548|0|500|0
821|2017-04-05T00:59:39.750720|1.278450292|0.6287097488|0.0|SOFIANE|SPDE-ETAS|||relative_plus_offset|2.8872796809|synthetic|synthetic_data_case02_three_faults|synthetic_earthquake|825.0414323|0.3872796809|0|501|0
822|2017-04-05T22:30:00.717120|1.427194522|2.129507417|0.0|SOFIANE|SPDE-ETAS|||relative_plus_offset|3.3176058343|synthetic|synthetic_data_case02_three_faults|synthetic_earthquake|825.9375083|0.8176058343|0|502|0
823|2017-04-06T02:46:07.155840|2.512679858|3.114425107|0.0|SOFIANE|SPDE-ETAS|||relative_plus_offset|4.5700814869999995|synthetic|synthetic_data_case02_three_faults|synthetic_earthquake|826.1153606|2.070081487|241|121|1
824|2017-04-06T06:13:01.107840|2.765151883|2.943172745|0.0|SOFIANE|SPDE-ETAS|||relative_plus_offset|2.7188113258|synthetic|synthetic_data_case02_three_faults|synthetic_earthquake|826.2590406|0.2188113258|823|121|2
825|2017-04-06T21:23:42.057600|1.75749938|2.246416432|0.0|SOFIANE|SPDE-ETAS|||relative_plus_offset|2.7231631838|synthetic|synthetic_data_case02_three_faults|synthetic_earthquake|826.891459|0.2231631838|0|503|0
826|2017-04-07T03:32:28.207680|1.466462918|1.184117024|0.0|SOFIANE|SPDE-ETAS|||relative_plus_offset|2.9709545468|synthetic|synthetic_data_case02_three_faults|synthetic_earthquake|827.1475487|0.4709545468|0|504|0
827|2017-04-07T08:48:04.841280|2.505925568|3.097159686|0.0|SOFIANE|SPDE-ETAS|||relative_plus_offset|3.7575256699999997|synthetic|synthetic_data_case02_three_faults|synthetic_earthquake|827.3667227|1.25752567|823|121|2
828|2017-04-07T21:11:54.882240|3.99336615|2.400828736|0.0|SOFIANE|SPDE-ETAS|||relative_plus_offset|3.492337256|synthetic|synthetic_data_case02_three_faults|synthetic_earthquake|827.8832741|0.992337256|0|505|0
829|2017-04-08T04:18:26.614079|3.986084736|1.929713443|0.0|SOFIANE|SPDE-ETAS|||relative_plus_offset|2.58676234379|synthetic|synthetic_data_case02_three_faults|synthetic_earthquake|828.1794747|0.08676234379|807|489|5
830|2017-04-08T05:31:33.409920|3.945422649|2.910208399|0.0|SOFIANE|SPDE-ETAS|||relative_plus_offset|2.8366635431000002|synthetic|synthetic_data_case02_three_faults|synthetic_earthquake|828.2302478|0.3366635431|0|506|0
831|2017-04-08T07:01:01.511040|4.699038472|3.383976261|0.0|SOFIANE|SPDE-ETAS|||relative_plus_offset|3.503210915|synthetic|synthetic_data_case02_three_faults|synthetic_earthquake|828.2923786|1.003210915|0|507|0
832|2017-04-09T02:50:32.922240|1.498934245|2.500984726|0.0|SOFIANE|SPDE-ETAS|||relative_plus_offset|2.6346519374|synthetic|synthetic_data_case02_three_faults|synthetic_earthquake|829.1184366|0.1346519374|0|508|0
833|2017-04-09T07:16:13.998720|2.455471308|3.042343888|0.0|SOFIANE|SPDE-ETAS|||relative_plus_offset|2.7856960826|synthetic|synthetic_data_case02_three_faults|synthetic_earthquake|829.3029398|0.2856960826|823|121|2
834|2017-04-10T03:54:53.542080|2.496206655|3.59733533|0.0|SOFIANE|SPDE-ETAS|||relative_plus_offset|2.54039572142|synthetic|synthetic_data_case02_three_faults|synthetic_earthquake|830.1631197|0.04039572142|0|509|0
835|2017-04-10T05:57:10.681920|1.457097149|1.165510513|0.0|SOFIANE|SPDE-ETAS|||relative_plus_offset|2.55416001377|synthetic|synthetic_data_case02_three_faults|synthetic_earthquake|830.2480403|0.05416001377|0|510|0
836|2017-04-11T00:29:03.456960|3.023003354|4.312418787|0.0|SOFIANE|SPDE-ETAS|||relative_plus_offset|2.7545235293|synthetic|synthetic_data_case02_three_faults|synthetic_earthquake|831.0201789|0.2545235293|0|511|0
837|2017-04-11T08:30:41.137920|2.911472262|1.473582266|0.0|SOFIANE|SPDE-ETAS|||relative_plus_offset|2.501665746535|synthetic|synthetic_data_case02_three_faults|synthetic_earthquake|831.3546428|0.001665746535|0|512|0
838|2017-04-12T10:05:11.328000|4.704716195|3.370711839|0.0|SOFIANE|SPDE-ETAS|||relative_plus_offset|2.6978993054|synthetic|synthetic_data_case02_three_faults|synthetic_earthquake|832.42027|0.1978993054|831|507|1
839|2017-04-14T02:39:16.038720|1.458044805|2.593163945|0.0|SOFIANE|SPDE-ETAS|||relative_plus_offset|2.7285180675|synthetic|synthetic_data_case02_three_faults|synthetic_earthquake|834.1106023|0.2285180675|0|513|0
840|2017-04-15T14:33:02.194560|2.411704751|2.282497894|0.0|SOFIANE|SPDE-ETAS|||relative_plus_offset|3.3198624315|synthetic|synthetic_data_case02_three_faults|synthetic_earthquake|835.6062754|0.8198624315|0|514|0
841|2017-04-16T15:01:54.998400|1.44850384|2.955908863|0.0|SOFIANE|SPDE-ETAS|||relative_plus_offset|3.2883089316|synthetic|synthetic_data_case02_three_faults|synthetic_earthquake|836.626331|0.7883089316|0|515|0
842|2017-04-18T10:36:40.256640|2.63203446|1.985528254|0.0|SOFIANE|SPDE-ETAS|||relative_plus_offset|2.882377281|synthetic|synthetic_data_case02_three_faults|synthetic_earthquake|838.4421326|0.382377281|0|516|0
843|2017-04-18T11:33:11.810880|3.993043741|2.181753271|0.0|SOFIANE|SPDE-ETAS|||relative_plus_offset|2.5899542046|synthetic|synthetic_data_case02_three_faults|synthetic_earthquake|838.4813867|0.0899542046|0|517|0
844|2017-04-18T21:37:47.568000|3.91075242|2.962120019|0.0|SOFIANE|SPDE-ETAS|||relative_plus_offset|3.1879655101999997|synthetic|synthetic_data_case02_three_faults|synthetic_earthquake|838.901245|0.6879655102|0|518|0
845|2017-04-21T07:48:23.976000|2.468507112|3.867708657|0.0|SOFIANE|SPDE-ETAS|||relative_plus_offset|2.710435227|synthetic|synthetic_data_case02_three_faults|synthetic_earthquake|841.3252775|0.210435227|0|519|0
846|2017-04-24T11:01:26.518080|1.495161329|1.799513387|0.0|SOFIANE|SPDE-ETAS|||relative_plus_offset|2.7683318487|synthetic|synthetic_data_case02_three_faults|synthetic_earthquake|844.4593347|0.2683318487|0|520|0
847|2017-04-26T05:58:17.244480|1.475757332|1.784019157|0.0|SOFIANE|SPDE-ETAS|||relative_plus_offset|2.8914832731|synthetic|synthetic_data_case02_three_faults|synthetic_earthquake|846.2488107|0.3914832731|846|520|1
848|2017-04-27T14:40:20.925120|0.1774213634|4.84207104|0.0|SOFIANE|SPDE-ETAS|||relative_plus_offset|2.52670618305|synthetic|synthetic_data_case02_three_faults|synthetic_earthquake|847.6113533|0.02670618305|0|521|0
849|2017-04-30T17:03:04.279680|2.475602815|1.368465339|0.0|SOFIANE|SPDE-ETAS|||relative_plus_offset|2.8182064829|synthetic|synthetic_data_case02_three_faults|synthetic_earthquake|850.7104662|0.3182064829|0|522|0
850|2017-05-02T07:56:40.404480|2.498422895|2.013247518|0.0|SOFIANE|SPDE-ETAS|||relative_plus_offset|3.2167846946000003|synthetic|synthetic_data_case02_three_faults|synthetic_earthquake|852.3310232|0.7167846946|0|523|0
851|2017-05-04T20:41:03.641280|2.491591015|2.679324443|0.0|SOFIANE|SPDE-ETAS|||relative_plus_offset|2.6707311361|synthetic|synthetic_data_case02_three_faults|synthetic_earthquake|854.8618477|0.1707311361|0|524|0
852|2017-05-08T01:42:39.024000|4.890325359|0.06440466411|0.0|SOFIANE|SPDE-ETAS|||relative_plus_offset|3.0836483219|synthetic|synthetic_data_case02_three_faults|synthetic_earthquake|858.071285|0.5836483219|0|525|0
853|2017-05-09T16:10:46.439040|1.490584101|1.398616592|0.0|SOFIANE|SPDE-ETAS|||relative_plus_offset|2.7842123164|synthetic|synthetic_data_case02_three_faults|synthetic_earthquake|859.6741486|0.2842123164|0|526|0
854|2017-05-10T21:47:37.455360|2.939407454|0.2260582771|0.0|SOFIANE|SPDE-ETAS|||relative_plus_offset|2.7718588687|synthetic|synthetic_data_case02_three_faults|synthetic_earthquake|860.9080724|0.2718588687|687|412|1
855|2017-05-11T04:54:52.162560|2.93813177|0.2501434913|0.0|SOFIANE|SPDE-ETAS|||relative_plus_offset|3.1867111446000003|synthetic|synthetic_data_case02_three_faults|synthetic_earthquake|861.2047704|0.6867111446|854|412|2
856|2017-05-14T09:26:15.348480|2.400764527|2.762855557|0.0|SOFIANE|SPDE-ETAS|||relative_plus_offset|2.6317136552|synthetic|synthetic_data_case02_three_faults|synthetic_earthquake|864.3932332|0.1317136552|0|527|0
857|2017-05-15T05:29:24.380160|0.3014220816|0.591131319|0.0|SOFIANE|SPDE-ETAS|||relative_plus_offset|2.527095548|synthetic|synthetic_data_case02_three_faults|synthetic_earthquake|865.2287544|0.027095548|0|528|0
858|2017-05-21T13:46:27.232320|1.473171701|2.358741514|0.0|SOFIANE|SPDE-ETAS|||relative_plus_offset|2.9229742007|synthetic|synthetic_data_case02_three_faults|synthetic_earthquake|871.5739263|0.4229742007|0|529|0
859|2017-05-23T03:41:25.416960|1.490454552|1.338814768|0.0|SOFIANE|SPDE-ETAS|||relative_plus_offset|3.1934537745|synthetic|synthetic_data_case02_three_faults|synthetic_earthquake|873.1537664|0.6934537745|0|530|0
860|2017-05-23T08:46:48.057599|1.420575502|2.357295472|0.0|SOFIANE|SPDE-ETAS|||relative_plus_offset|3.7375894599999997|synthetic|synthetic_data_case02_three_faults|synthetic_earthquake|873.365834|1.23758946|858|529|1
861|2017-05-23T09:07:13.546560|1.382884383|2.365681782|0.0|SOFIANE|SPDE-ETAS|||relative_plus_offset|2.6853209001|synthetic|synthetic_data_case02_three_faults|synthetic_earthquake|873.3800179|0.1853209001|860|529|2
862|2017-05-25T15:59:06.996480|1.081920624|4.897790424|0.0|SOFIANE|SPDE-ETAS|||relative_plus_offset|2.57509749434|synthetic|synthetic_data_case02_three_faults|synthetic_earthquake|875.6660532|0.07509749434|0|531|0
863|2017-05-27T06:31:37.352640|1.519722772|3.944068274|0.0|SOFIANE|SPDE-ETAS|||relative_plus_offset|3.0547070397000002|synthetic|synthetic_data_case02_three_faults|synthetic_earthquake|877.2719601|0.5547070397|0|532|0
864|2017-05-29T11:29:48.865920|3.9030513|2.575683573|0.0|SOFIANE|SPDE-ETAS|||relative_plus_offset|4.6729247009999995|synthetic|synthetic_data_case02_three_faults|synthetic_earthquake|879.4790378|2.172924701|0|533|0
865|2017-05-29T11:30:44.706240|4.05448558|2.420030302|0.0|SOFIANE|SPDE-ETAS|||relative_plus_offset|3.1899907752|synthetic|synthetic_data_case02_three_faults|synthetic_earthquake|879.4796841|0.6899907752|864|533|1
866|2017-05-29T18:27:56.341440|3.261263438|2.13897753|0.0|SOFIANE|SPDE-ETAS|||relative_plus_offset|2.52390581777|synthetic|synthetic_data_case02_three_faults|synthetic_earthquake|879.7694021|0.02390581777|864|533|1
867|2017-05-31T12:50:15.817920|2.432086914|3.448837105|0.0|SOFIANE|SPDE-ETAS|||relative_plus_offset|2.8981097239|synthetic|synthetic_data_case02_three_faults|synthetic_earthquake|881.5349053|0.3981097239|823|121|2
868|2017-06-02T09:43:14.669760|3.954108676|2.739976716|0.0|SOFIANE|SPDE-ETAS|||relative_plus_offset|2.52276253373|synthetic|synthetic_data_case02_three_faults|synthetic_earthquake|883.4050309|0.02276253373|0|534|0
869|2017-06-02T19:46:06.358079|1.93059879|3.69577452|0.0|SOFIANE|SPDE-ETAS|||relative_plus_offset|3.02795622|synthetic|synthetic_data_case02_three_faults|synthetic_earthquake|883.8236847|0.52795622|0|535|0
870|2017-06-03T01:32:58.208640|2.441805|3.900461958|0.0|SOFIANE|SPDE-ETAS|||relative_plus_offset|3.2555820367|synthetic|synthetic_data_case02_three_faults|synthetic_earthquake|884.0645626|0.7555820367|0|536|0
871|2017-06-07T03:33:28.774080|2.436459511|2.872787177|0.0|SOFIANE|SPDE-ETAS|||relative_plus_offset|2.8746321174|synthetic|synthetic_data_case02_three_faults|synthetic_earthquake|888.1482497|0.3746321174|0|537|0
872|2017-06-07T14:05:09.775680|3.541455742|0.6359595444|0.0|SOFIANE|SPDE-ETAS|||relative_plus_offset|2.7559003123|synthetic|synthetic_data_case02_three_faults|synthetic_earthquake|888.5869187|0.2559003123|0|538|0
873|2017-06-08T14:39:48.516480|2.476788135|1.307303691|0.0|SOFIANE|SPDE-ETAS|||relative_plus_offset|2.7816118346|synthetic|synthetic_data_case02_three_faults|synthetic_earthquake|889.6109782|0.2816118346|0|539|0
874|2017-06-10T20:12:05.385600|3.964897689|2.717538731|0.0|SOFIANE|SPDE-ETAS|||relative_plus_offset|2.56393357733|synthetic|synthetic_data_case02_three_faults|synthetic_earthquake|891.841729|0.06393357733|864|533|1
875|2017-06-11T10:59:35.105280|3.230608122|0.8776582465|0.0|SOFIANE|SPDE-ETAS|||relative_plus_offset|3.0428246763|synthetic|synthetic_data_case02_three_faults|synthetic_earthquake|892.4580452|0.5428246763|0|540|0
876|2017-06-11T11:07:06.035520|4.483411382|3.578318004|0.0|SOFIANE|SPDE-ETAS|||relative_plus_offset|2.508038694235|synthetic|synthetic_data_case02_three_faults|synthetic_earthquake|892.4632643|0.008038694235|0|541|0
877|2017-06-12T15:47:22.205760|1.133628709|4.675525384|0.0|SOFIANE|SPDE-ETAS|||relative_plus_offset|2.7036046608|synthetic|synthetic_data_case02_three_faults|synthetic_earthquake|893.6578959|0.2036046608|0|542|0
878|2017-06-13T07:33:29.796480|2.485444764|1.900547623|0.0|SOFIANE|SPDE-ETAS|||relative_plus_offset|2.8937111717|synthetic|synthetic_data_case02_three_faults|synthetic_earthquake|894.3149282|0.3937111717|0|543|0
879|2017-06-13T16:58:41.580480|2.759456778|0.8136225939|0.0|SOFIANE|SPDE-ETAS|||relative_plus_offset|3.179929731|synthetic|synthetic_data_case02_three_faults|synthetic_earthquake|894.7074257|0.679929731|0|544|0
880|2017-06-14T00:15:23.607360|4.147675628|2.175946722|0.0|SOFIANE|SPDE-ETAS|||relative_plus_offset|2.57416726001|synthetic|synthetic_data_case02_three_faults|synthetic_earthquake|895.0106899|0.07416726001|0|545|0
881|2017-06-14T15:10:55.896960|2.442169882|1.141387985|0.0|SOFIANE|SPDE-ETAS|||relative_plus_offset|2.7737780082|synthetic|synthetic_data_case02_three_faults|synthetic_earthquake|895.6325914|0.2737780082|0|546|0
882|2017-06-15T06:20:38.924160|2.450256039|2.618301128|0.0|SOFIANE|SPDE-ETAS|||relative_plus_offset|3.279981097|synthetic|synthetic_data_case02_three_faults|synthetic_earthquake|896.2643394|0.779981097|0|547|0
883|2017-06-15T15:26:58.747200|2.401651742|3.306656212|0.0|SOFIANE|SPDE-ETAS|||relative_plus_offset|2.9828364432|synthetic|synthetic_data_case02_three_faults|synthetic_earthquake|896.6437355|0.4828364432|0|548|0
884|2017-06-16T07:51:13.294080|2.805469925|2.42937412|0.0|SOFIANE|SPDE-ETAS|||relative_plus_offset|2.6940208113|synthetic|synthetic_data_case02_three_faults|synthetic_earthquake|897.3272372|0.1940208113|0|549|0
885|2017-06-16T14:24:50.932800|3.963854236|2.426474834|0.0|SOFIANE|SPDE-ETAS|||relative_plus_offset|3.0919100303000002|synthetic|synthetic_data_case02_three_faults|synthetic_earthquake|897.6005895|0.5919100303|0|550|0
886|2017-06-17T14:20:29.063040|1.448025682|1.841360284|0.0|SOFIANE|SPDE-ETAS|||relative_plus_offset|2.6752193559|synthetic|synthetic_data_case02_three_faults|synthetic_earthquake|898.5975586|0.1752193559|0|551|0
887|2017-06-18T05:30:35.539199|3.924986521|2.898208275|0.0|SOFIANE|SPDE-ETAS|||relative_plus_offset|2.8725014424|synthetic|synthetic_data_case02_three_faults|synthetic_earthquake|899.229578|0.3725014424|0|552|0
888|2017-06-20T18:24:53.873280|2.446048137|1.018737815|0.0|SOFIANE|SPDE-ETAS|||relative_plus_offset|2.58911241513|synthetic|synthetic_data_case02_three_faults|synthetic_earthquake|901.7672902|0.08911241513|0|553|0
889|2017-06-21T08:35:07.491839|4.189479257|2.698908242|0.0|SOFIANE|SPDE-ETAS|||relative_plus_offset|3.4666776327999997|synthetic|synthetic_data_case02_three_faults|synthetic_earthquake|902.3577256|0.9666776328|864|533|1
890|2017-06-21T12:05:01.380480|4.195891645|2.633009441|0.0|SOFIANE|SPDE-ETAS|||relative_plus_offset|3.0905799805000003|synthetic|synthetic_data_case02_three_faults|synthetic_earthquake|902.5034882|0.5905799805|889|533|2
891|2017-06-22T15:12:59.837760|1.421217238|1.946963109|0.0|SOFIANE|SPDE-ETAS|||relative_plus_offset|2.774153966|synthetic|synthetic_data_case02_three_faults|synthetic_earthquake|903.6340259|0.274153966|0|554|0
892|2017-06-25T05:22:59.312640|3.963845735|2.530022592|0.0|SOFIANE|SPDE-ETAS|||relative_plus_offset|2.7386598688|synthetic|synthetic_data_case02_three_faults|synthetic_earthquake|906.2242976|0.2386598688|0|555|0
893|2017-06-26T11:30:45.008640|1.076429585|1.744971726|0.0|SOFIANE|SPDE-ETAS|||relative_plus_offset|3.4915686483|synthetic|synthetic_data_case02_three_faults|synthetic_earthquake|907.4796876|0.9915686483|0|556|0
894|2017-06-28T10:20:44.257920|2.4467685|2.232572739|0.0|SOFIANE|SPDE-ETAS|||relative_plus_offset|3.4692480621|synthetic|synthetic_data_case02_three_faults|synthetic_earthquake|909.4310678|0.9692480621|840|514|1
895|2017-06-28T11:30:29.145600|2.473616276|2.185685251|0.0|SOFIANE|SPDE-ETAS|||relative_plus_offset|2.7633748898|synthetic|synthetic_data_case02_three_faults|synthetic_earthquake|909.479504|0.2633748898|894|514|2
896|2017-06-28T12:47:55.936320|0.01941964569|3.479729634|0.0|SOFIANE|SPDE-ETAS|||relative_plus_offset|2.5591094167|synthetic|synthetic_data_case02_three_faults|synthetic_earthquake|909.5332863|0.0591094167|0|557|0
897|2017-07-01T04:44:40.545600|2.125581914|3.12164289|0.0|SOFIANE|SPDE-ETAS|||relative_plus_offset|2.6710911001|synthetic|synthetic_data_case02_three_faults|synthetic_earthquake|912.1976915|0.1710911001|0|558|0
898|2017-07-02T01:07:38.147520|2.454462993|1.820406346|0.0|SOFIANE|SPDE-ETAS|||relative_plus_offset|2.53011454929|synthetic|synthetic_data_case02_three_faults|synthetic_earthquake|913.0469693|0.03011454929|0|559|0
899|2017-07-02T01:30:54.311040|2.449831433|3.469756685|0.0|SOFIANE|SPDE-ETAS|||relative_plus_offset|2.6080698659|synthetic|synthetic_data_case02_three_faults|synthetic_earthquake|913.0631286|0.1080698659|0|560|0
900|2017-07-03T20:58:24.277440|3.967134468|2.942854908|0.0|SOFIANE|SPDE-ETAS|||relative_plus_offset|2.50265303468|synthetic|synthetic_data_case02_three_faults|synthetic_earthquake|914.8738921|0.00265303468|0|561|0
901|2017-07-06T20:26:01.236480|2.465149566|2.588224764|0.0|SOFIANE|SPDE-ETAS|||relative_plus_offset|2.8830092218|synthetic|synthetic_data_case02_three_faults|synthetic_earthquake|917.8514032|0.3830092218|0|562|0
902|2017-07-15T12:09:51.477120|1.48348402|2.922842987|0.0|SOFIANE|SPDE-ETAS|||relative_plus_offset|2.55619579778|synthetic|synthetic_data_case02_three_faults|synthetic_earthquake|926.5068458|0.05619579778|0|563|0
903|2017-07-15T18:12:36.673920|3.333068824|2.28882287|0.0|SOFIANE|SPDE-ETAS|||relative_plus_offset|3.622144694|synthetic|synthetic_data_case02_three_faults|synthetic_earthquake|926.7587578|1.122144694|0|564|0
904|2017-07-15T22:20:27.427200|3.274252912|2.347918886|0.0|SOFIANE|SPDE-ETAS|||relative_plus_offset|3.0213816026|synthetic|synthetic_data_case02_three_faults|synthetic_earthquake|926.930873|0.5213816026|903|564|1
905|2017-07-17T00:21:01.604160|1.447645166|1.139640009|0.0|SOFIANE|SPDE-ETAS|||relative_plus_offset|3.714482489|synthetic|synthetic_data_case02_three_faults|synthetic_earthquake|928.0146019|1.214482489|0|565|0
906|2017-07-17T01:08:45.072960|1.496634568|2.099252706|0.0|SOFIANE|SPDE-ETAS|||relative_plus_offset|2.9343290108|synthetic|synthetic_data_case02_three_faults|synthetic_earthquake|928.0477439|0.4343290108|0|566|0
907|2017-07-17T01:31:52.518720|1.4926979|2.09301394|0.0|SOFIANE|SPDE-ETAS|||relative_plus_offset|2.6886353918|synthetic|synthetic_data_case02_three_faults|synthetic_earthquake|928.0638023|0.1886353918|906|566|1
908|2017-07-17T02:53:33.809280|1.470085233|1.180878833|0.0|SOFIANE|SPDE-ETAS|||relative_plus_offset|2.7981757191|synthetic|synthetic_data_case02_three_faults|synthetic_earthquake|928.1205302|0.2981757191|905|565|1
909|2017-07-17T04:06:46.635840|2.349699859|2.861361649|0.0|SOFIANE|SPDE-ETAS|||relative_plus_offset|2.7460090399|synthetic|synthetic_data_case02_three_faults|synthetic_earthquake|928.1713731|0.2460090399|0|567|0
910|2017-07-18T20:06:56.808000|2.488216545|3.276657579|0.0|SOFIANE|SPDE-ETAS|||relative_plus_offset|2.506078119744|synthetic|synthetic_data_case02_three_faults|synthetic_earthquake|929.8381575|0.006078119744|0|568|0
911|2017-07-23T05:54:56.960640|1.409899806|2.376536702|0.0|SOFIANE|SPDE-ETAS|||relative_plus_offset|2.52769035938|synthetic|synthetic_data_case02_three_faults|synthetic_earthquake|934.2464926|0.02769035938|0|569|0
912|2017-07-24T01:09:36.921600|1.40394897|2.366545561|0.0|SOFIANE|SPDE-ETAS|||relative_plus_offset|2.7582688119|synthetic|synthetic_data_case02_three_faults|synthetic_earthquake|935.048344|0.2582688119|911|569|1
913|2017-07-24T22:49:27.842880|2.424024541|1.226118593|0.0|SOFIANE|SPDE-ETAS|||relative_plus_offset|3.0755536020000003|synthetic|synthetic_data_case02_three_faults|synthetic_earthquake|935.9510167|0.575553602|0|570|0
914|2017-07-28T22:30:11.525760|3.615430576|4.222866884|0.0|SOFIANE|SPDE-ETAS|||relative_plus_offset|2.7821863055|synthetic|synthetic_data_case02_three_faults|synthetic_earthquake|939.9376334|0.2821863055|0|571|0
915|2017-07-30T13:15:59.561280|4.127290546|2.683180706|0.0|SOFIANE|SPDE-ETAS|||relative_plus_offset|2.6302524381|synthetic|synthetic_data_case02_three_faults|synthetic_earthquake|941.5527727|0.1302524381|889|533|2
916|2017-07-31T13:27:17.127360|1.803969098|3.243094391|0.0|SOFIANE|SPDE-ETAS|||relative_plus_offset|2.59748679258|synthetic|synthetic_data_case02_three_faults|synthetic_earthquake|942.5606149|0.09748679258|0|572|0
917|2017-08-01T01:44:00.430080|3.347191397|0.05395539496|0.0|SOFIANE|SPDE-ETAS|||relative_plus_offset|2.8632493062|synthetic|synthetic_data_case02_three_faults|synthetic_earthquake|943.0722272|0.3632493062|0|573|0
918|2017-08-02T01:50:19.726080|2.400698393|3.822496609|0.0|SOFIANE|SPDE-ETAS|||relative_plus_offset|2.58508890774|synthetic|synthetic_data_case02_three_faults|synthetic_earthquake|944.0766172|0.08508890774|0|574|0
919|2017-08-02T07:43:46.053120|3.216664934|2.849264926|0.0|SOFIANE|SPDE-ETAS|||relative_plus_offset|2.8012803475|synthetic|synthetic_data_case02_three_faults|synthetic_earthquake|944.3220608|0.3012803475|0|575|0
920|2017-08-03T09:02:53.931840|1.408160781|1.077290967|0.0|SOFIANE|SPDE-ETAS|||relative_plus_offset|2.9161754106|synthetic|synthetic_data_case02_three_faults|synthetic_earthquake|945.3770131|0.4161754106|0|576|0
921|2017-08-04T14:09:43.862400|0.4719329006|4.839083899|0.0|SOFIANE|SPDE-ETAS|||relative_plus_offset|2.6514635024|synthetic|synthetic_data_case02_three_faults|synthetic_earthquake|946.590091|0.1514635024|382|214|2
922|2017-08-05T18:58:36.402240|2.404615591|2.379019817|0.0|SOFIANE|SPDE-ETAS|||relative_plus_offset|2.9963589155|synthetic|synthetic_data_case02_three_faults|synthetic_earthquake|947.7906991|0.4963589155|0|577|0
923|2017-08-06T07:20:24.152640|2.484678537|2.263711061|0.0|SOFIANE|SPDE-ETAS|||relative_plus_offset|2.6582292561|synthetic|synthetic_data_case02_three_faults|synthetic_earthquake|948.3058351|0.1582292561|0|578|0
924|2017-08-06T07:21:23.535359|2.498744588|2.272713097|0.0|SOFIANE|SPDE-ETAS|||relative_plus_offset|4.172684252|synthetic|synthetic_data_case02_three_faults|synthetic_earthquake|948.3065224|1.672684252|923|578|1
925|2017-08-07T06:48:08.766720|1.431646912|2.404869202|0.0|SOFIANE|SPDE-ETAS|||relative_plus_offset|2.6864961321|synthetic|synthetic_data_case02_three_faults|synthetic_earthquake|949.2834348|0.1864961321|0|579|0
926|2017-08-07T10:01:04.232640|2.493975973|1.801883507|0.0|SOFIANE|SPDE-ETAS|||relative_plus_offset|3.1174152881|synthetic|synthetic_data_case02_three_faults|synthetic_earthquake|949.4174101|0.6174152881|0|580|0
927|2017-08-07T10:01:32.554560|2.466209092|1.840846685|0.0|SOFIANE|SPDE-ETAS|||relative_plus_offset|3.1317688203|synthetic|synthetic_data_case02_three_faults|synthetic_earthquake|949.4177379|0.6317688203|926|580|1
928|2017-08-11T01:40:44.837760|0.7994632007|4.304576201|0.0|SOFIANE|SPDE-ETAS|||relative_plus_offset|2.6796848364|synthetic|synthetic_data_case02_three_faults|synthetic_earthquake|953.0699634|0.1796848364|791|482|1
929|2017-08-11T16:51:57.833280|2.483391909|3.103232306|0.0|SOFIANE|SPDE-ETAS|||relative_plus_offset|2.672288217|synthetic|synthetic_data_case02_three_faults|synthetic_earthquake|953.7027527|0.172288217|0|581|0
930|2017-08-11T23:37:41.240640|1.779349132|4.549419738|0.0|SOFIANE|SPDE-ETAS|||relative_plus_offset|2.7391136564|synthetic|synthetic_data_case02_three_faults|synthetic_earthquake|953.9845051|0.2391136564|0|582|0
931|2017-08-11T23:45:10.416960|1.799518252|4.543545787|0.0|SOFIANE|SPDE-ETAS|||relative_plus_offset|2.59901134981|synthetic|synthetic_data_case02_three_faults|synthetic_earthquake|953.9897039|0.09901134981|930|582|1
932|2017-08-13T14:01:17.739839|2.430358673|3.360843128|0.0|SOFIANE|SPDE-ETAS|||relative_plus_offset|3.3671266472|synthetic|synthetic_data_case02_three_faults|synthetic_earthquake|955.5842331|0.8671266472|0|583|0
933|2017-08-14T23:46:12.737280|1.444468745|1.497276824|0.0|SOFIANE|SPDE-ETAS|||relative_plus_offset|2.6671500189|synthetic|synthetic_data_case02_three_faults|synthetic_earthquake|956.9904252|0.1671500189|0|584|0
934|2017-08-16T17:53:45.732480|2.406438246|2.481813471|0.0|SOFIANE|SPDE-ETAS|||relative_plus_offset|2.6110694487|synthetic|synthetic_data_case02_three_faults|synthetic_earthquake|958.7456682|0.1110694487|0|585|0
935|2017-08-18T03:44:26.554560|2.4395994|1.783586477|0.0|SOFIANE|SPDE-ETAS|||relative_plus_offset|2.5856699008|synthetic|synthetic_data_case02_three_faults|synthetic_earthquake|960.1558629|0.0856699008|0|586|0
936|2017-08-19T11:46:25.386240|2.32239283|3.576209752|0.0|SOFIANE|SPDE-ETAS|||relative_plus_offset|2.8182904819|synthetic|synthetic_data_case02_three_faults|synthetic_earthquake|961.4905716|0.3182904819|932|583|1
937|2017-08-19T14:35:19.484160|2.436219303|2.79163033|0.0|SOFIANE|SPDE-ETAS|||relative_plus_offset|2.6143294243|synthetic|synthetic_data_case02_three_faults|synthetic_earthquake|961.6078644|0.1143294243|0|587|0
938|2017-08-19T19:16:54.960960|3.037205811|3.563428824|0.0|SOFIANE|SPDE-ETAS|||relative_plus_offset|3.2969943645|synthetic|synthetic_data_case02_three_faults|synthetic_earthquake|961.8034139|0.7969943645|0|588|0
939|2017-08-19T22:28:07.368960|3.042831152|3.586501836|0.0|SOFIANE|SPDE-ETAS|||relative_plus_offset|2.9884161882|synthetic|synthetic_data_case02_three_faults|synthetic_earthquake|961.9361964|0.4884161882|938|588|1
940|2017-08-19T23:41:16.195200|3.07473722|3.584211411|0.0|SOFIANE|SPDE-ETAS|||relative_plus_offset|3.0089994596|synthetic|synthetic_data_case02_three_faults|synthetic_earthquake|961.986993|0.5089994596|939|588|2
941|2017-08-19T23:42:19.560960|2.946914668|3.685881987|0.0|SOFIANE|SPDE-ETAS|||relative_plus_offset|3.2193884863999997|synthetic|synthetic_data_case02_three_faults|synthetic_earthquake|961.9877264|0.7193884864|938|588|1
942|2017-08-20T06:00:31.518720|3.071233841|3.585775514|0.0|SOFIANE|SPDE-ETAS|||relative_plus_offset|2.54576942672|synthetic|synthetic_data_case02_three_faults|synthetic_earthquake|962.2503648|0.04576942672|938|588|1
943|2017-08-20T06:31:58.123200|3.065871996|3.579521417|0.0|SOFIANE|SPDE-ETAS|||relative_plus_offset|3.1140385216|synthetic|synthetic_data_case02_three_faults|synthetic_earthquake|962.2722005|0.6140385216|939|588|2
944|2017-08-31T01:13:52.069440|3.07076015|3.611777942|0.0|SOFIANE|SPDE-ETAS|||relative_plus_offset|2.7547503066|synthetic|synthetic_data_case02_three_faults|synthetic_earthquake|973.0512971|0.2547503066|942|588|2
945|2017-08-31T19:00:44.723519|3.078346369|3.605954151|0.0|SOFIANE|SPDE-ETAS|||relative_plus_offset|2.7168819674|synthetic|synthetic_data_case02_three_faults|synthetic_earthquake|973.7921843|0.2168819674|944|588|3
946|2017-09-01T21:13:00.027840|2.117121351|3.93812156|0.0|SOFIANE|SPDE-ETAS|||relative_plus_offset|4.10452128|synthetic|synthetic_data_case02_three_faults|synthetic_earthquake|974.8840281|1.60452128|738|447|1
947|2017-09-03T22:38:14.112960|2.173121505|3.992971405|0.0|SOFIANE|SPDE-ETAS|||relative_plus_offset|2.7672092011|synthetic|synthetic_data_case02_three_faults|synthetic_earthquake|976.9432189|0.2672092011|946|447|2
948|2017-09-04T22:03:49.913280|2.086379428|3.950543454|0.0|SOFIANE|SPDE-ETAS|||relative_plus_offset|2.5262653972|synthetic|synthetic_data_case02_three_faults|synthetic_earthquake|977.9193277|0.0262653972|946|447|2
949|2017-09-05T22:19:29.841600|2.401046232|2.843116425|0.0|SOFIANE|SPDE-ETAS|||relative_plus_offset|2.6116902876|synthetic|synthetic_data_case02_three_faults|synthetic_earthquake|978.9302065|0.1116902876|0|589|0
950|2017-09-06T02:03:22.043520|2.485895933|2.282899271|0.0|SOFIANE|SPDE-ETAS|||relative_plus_offset|3.772771554|synthetic|synthetic_data_case02_three_faults|synthetic_earthquake|979.0856718|1.272771554|0|590|0
951|2017-09-06T02:15:58.207680|2.491729187|2.29557464|0.0|SOFIANE|SPDE-ETAS|||relative_plus_offset|2.56778708844|synthetic|synthetic_data_case02_three_faults|synthetic_earthquake|979.0944237|0.06778708844|950|590|1
952|2017-09-06T04:53:11.713920|3.972494309|2.761773365|0.0|SOFIANE|SPDE-ETAS|||relative_plus_offset|2.6212516431|synthetic|synthetic_data_case02_three_faults|synthetic_earthquake|979.2036078|0.1212516431|0|591|0
953|2017-09-06T18:42:08.686080|2.968897938|1.140748143|0.0|SOFIANE|SPDE-ETAS|||relative_plus_offset|3.0386869595|synthetic|synthetic_data_case02_three_faults|synthetic_earthquake|979.7792672|0.5386869595|0|592|0
954|2017-09-07T22:21:22.196160|2.416244267|1.361398103|0.0|SOFIANE|SPDE-ETAS|||relative_plus_offset|3.1200295397|synthetic|synthetic_data_case02_three_faults|synthetic_earthquake|980.9315069|0.6200295397|0|593|0
955|2017-09-09T08:13:53.808960|2.201816302|3.995137778|0.0|SOFIANE|SPDE-ETAS|||relative_plus_offset|3.0170960188000002|synthetic|synthetic_data_case02_three_faults|synthetic_earthquake|982.3429839|0.5170960188|947|447|3
956|2017-09-13T20:19:09.860160|2.324628098|2.042383899|0.0|SOFIANE|SPDE-ETAS|||relative_plus_offset|3.0400616078000002|synthetic|synthetic_data_case02_three_faults|synthetic_earthquake|986.8466419|0.5400616078|0|594|0
957|2017-09-14T12:54:48.323520|2.446122351|3.116456758|0.0|SOFIANE|SPDE-ETAS|||relative_plus_offset|2.7189589473|synthetic|synthetic_data_case02_three_faults|synthetic_earthquake|987.5380593|0.2189589473|0|595|0
958|2017-09-15T09:39:45.383040|3.060652724|1.744275327|0.0|SOFIANE|SPDE-ETAS|||relative_plus_offset|3.0993175659|synthetic|synthetic_data_case02_three_faults|synthetic_earthquake|988.4026086|0.5993175659|0|596|0
959|2017-09-15T13:01:56.496000|3.026235037|1.743525496|0.0|SOFIANE|SPDE-ETAS|||relative_plus_offset|2.7016914956|synthetic|synthetic_data_case02_three_faults|synthetic_earthquake|988.543015|0.2016914956|958|596|1
960|2017-09-15T13:34:35.866560|3.026359365|1.756670004|0.0|SOFIANE|SPDE-ETAS|||relative_plus_offset|4.119265193|synthetic|synthetic_data_case02_three_faults|synthetic_earthquake|988.5656929|1.619265193|959|596|2
961|2017-09-16T09:32:16.586880|2.453655462|2.340495867|0.0|SOFIANE|SPDE-ETAS|||relative_plus_offset|2.52883653784|synthetic|synthetic_data_case02_three_faults|synthetic_earthquake|989.3974142|0.02883653784|0|597|0
962|2017-09-19T22:37:39.552960|1.819269241|0.2961674103|0.0|SOFIANE|SPDE-ETAS|||relative_plus_offset|2.8249827274|synthetic|synthetic_data_case02_three_faults|synthetic_earthquake|992.9428189|0.3249827274|0|598|0
963|2017-09-22T01:12:23.440320|3.954843011|2.703192847|0.0|SOFIANE|SPDE-ETAS|||relative_plus_offset|3.0835241102|synthetic|synthetic_data_case02_three_faults|synthetic_earthquake|995.0502713|0.5835241102|0|599|0
964|2017-09-22T15:56:38.656319|4.624669016|2.678041392|0.0|SOFIANE|SPDE-ETAS|||relative_plus_offset|2.840457402|synthetic|synthetic_data_case02_three_faults|synthetic_earthquake|995.6643363|0.340457402|0|600|0
965|2017-09-22T23:55:41.327040|3.262501464|4.161979848|0.0|SOFIANE|SPDE-ETAS|||relative_plus_offset|2.52450315174|synthetic|synthetic_data_case02_three_faults|synthetic_earthquake|995.9970061|0.02450315174|0|601|0
