#EventID|Time|Latitude|Longitude|Depth/Km|Author|Catalog|Contributor|ContributorID|MagType|Magnitude|MagAuthor|EventLocationName|EventType|t_years|bin_ix|bin_iy|lambda_true|f_true
1|2015-01-02T19:52:19.676675|36.177654521016|6.7093796956908305|2.152337865043588|SYNTHETIC|BvaluePG|Toni||Mw|2.7732767791973116|synthetic|synthetic unit-square catalog|earthquake|0.005004806343819057|3|0|0.3|-3.6635616461296463
2|2015-01-06T05:43:38.467488|36.00174587811695|7.911990754412532|3.1966785833558404|SYNTHETIC|BvaluePG|Toni||Mw|2.831564902002097|synthetic|synthetic unit-square catalog|earthquake|0.014342613744027233|9|0|0.3|-3.6635616461296463
3|2015-01-08T02:08:50.374041|36.04109283907411|7.999590162952609|5.728796972179625|SYNTHETIC|BvaluePG|Toni||Mw|2.9687202299783535|synthetic|synthetic unit-square catalog|earthquake|0.01940991628137434|9|0|0.3|-3.6635616461296463
4|2015-01-09T01:51:57.314795|36.105961419525315|8.001692191452287|14.780141145355847|SYNTHETIC|BvaluePG|Toni||Mw|2.5905662578280735|synthetic|synthetic unit-square catalog|earthquake|0.022115665158177755|9|0|0.3|-3.6635616461296463
5|2015-01-09T04:12:33.441874|36.09331105893591|7.843313438038597|2.5131402715213955|SYNTHETIC|BvaluePG|Toni||Mw|3.2090220801998073|synthetic|synthetic unit-square catalog|earthquake|0.022382989893874328|9|0|0.3|-3.6635616461296463
6|2015-01-14T05:35:48.121364|36.139357428720714|9.083429880213364|8.736557945414956|SYNTHETIC|BvaluePG|Toni||Mw|2.6344791302157304|synthetic|synthetic unit-square catalog|earthquake|0.036230515671799024|15|0|0.3|-3.6635616461296463
7|2015-01-14T16:28:36.532582|36.09902787839613|9.418821842280174|11.623039089571268|SYNTHETIC|BvaluePG|Toni||Mw|3.0184081904696867|synthetic|synthetic unit-square catalog|earthquake|0.03747168772602394|16|0|0.3|-3.6635616461296463
8|2015-01-16T11:49:24.376164|36.07580884088383|10.14368857143634|13.167634816313692|SYNTHETIC|BvaluePG|Toni||Mw|2.651291954512889|synthetic|synthetic unit-square catalog|earthquake|0.04241654549662521|20|0|0.3|-3.6635616461296463
9|2015-01-18T08:46:59.092527|36.05023483235797|10.616445457095566|14.57288123296159|SYNTHETIC|BvaluePG|Toni||Mw|2.6411859112925864|synthetic|synthetic unit-square catalog|earthquake|0.04754541196185569|22|0|0.3|-3.6635616461296463
10|2015-01-19T23:28:13.399699|36.03919798856728|10.90881293941629|7.531989113619346|SYNTHETIC|BvaluePG|Toni||Mw|2.8216968358642855|synthetic|synthetic unit-square catalog|earthquake|0.0519587484377626|24|0|0.3|-3.6635616461296463
11|2015-01-23T17:56:05.879285|36.13340571516429|12.094218047489056|15.654405458450043|SYNTHETIC|BvaluePG|Toni||Mw|3.954030120764655|synthetic|synthetic unit-square catalog|earthquake|0.062278686569494646|30|0|0.3|-3.6635616461296463
12|2015-01-27T17:46:41.991898|36.00650224871287|12.70152568406457|5.797753132526411|SYNTHETIC|BvaluePG|Toni||Mw|2.8617949755130896|synthetic|synthetic unit-square catalog|earthquake|0.07321222120497128|32|0|0.3|-3.6635616461296463
13|2015-01-28T08:50:09.255933|36.16854634577415|13.659303553845351|7.053569434707146|SYNTHETIC|BvaluePG|Toni||Mw|2.5621746237018552|synthetic|synthetic unit-square catalog|earthquake|0.07492994574789802|37|0|0.3|-3.6635616461296463
14|2015-01-30T13:11:14.132442|36.10482951163289|13.803911630202773|14.655982852739728|SYNTHETIC|BvaluePG|Toni||Mw|2.988866088229852|synthetic|synthetic unit-square catalog|earthquake|0.08090203730457213|38|0|0.3|-3.6635616461296463
15|2015-02-17T08:12:31.466329|36.03305171819833|14.511358236183426|7.212346895601396|SYNTHETIC|BvaluePG|Toni||Mw|2.66117430347665|synthetic|synthetic unit-square catalog|earthquake|0.12961541645530095|41|0|0.3|-3.6635616461296463
16|2015-02-17T15:51:23.910286|36.04751547332355|14.491799766467174|11.771899338217525|SYNTHETIC|BvaluePG|Toni||Mw|3.1465551929457947|synthetic|synthetic unit-square catalog|earthquake|0.13048786695713743|41|0|0.3|-3.6635616461296463
17|2015-02-20T00:56:17.962653|36.17485104579649|15.006783904502475|13.37382156187313|SYNTHETIC|BvaluePG|Toni||Mw|2.6602515245484586|synthetic|synthetic unit-square catalog|earthquake|0.13699958053380867|44|0|0.3|-3.6635616461296463
18|2015-02-23T04:25:51.703968|36.15567324129316|15.133600413392934|5.120616610988057|SYNTHETIC|BvaluePG|Toni||Mw|2.5508544631458783|synthetic|synthetic unit-square catalog|earthquake|0.1456115707141492|44|0|0.3|-3.6635616461296463
19|2015-02-24T07:22:58.727223|36.01302621748657|15.07677587122403|16.794454916700197|SYNTHETIC|BvaluePG|Toni||Mw|2.5206335025079083|synthetic|synthetic unit-square catalog|earthquake|0.14868617154739194|44|0|0.3|-3.6635616461296463
20|2015-02-24T15:22:30.680171|36.134277032184585|15.511928866244052|16.095698251863517|SYNTHETIC|BvaluePG|Toni||Mw|2.716039305533418|synthetic|synthetic unit-square catalog|earthquake|0.1495978997189651|46|0|0.3|-3.6635616461296463
21|2015-02-28T10:01:23.866492|36.048323522946916|15.580238229737011|14.906429141485278|SYNTHETIC|BvaluePG|Toni||Mw|3.0037104204422063|synthetic|synthetic unit-square catalog|earthquake|0.15993877438374327|47|0|0.3|-3.6635616461296463
22|2015-03-01T11:33:46.245365|36.0870013890277|16.934111146728327|13.685694908026463|SYNTHETIC|BvaluePG|Toni||Mw|2.517807429506451|synthetic|synthetic unit-square catalog|earthquake|0.16285225255930125|53|0|0.3|-3.6635616461296463
23|2015-03-02T12:56:02.080657|36.0961285980142|17.239145048783605|3.3486045840831267|SYNTHETIC|BvaluePG|Toni||Mw|3.196297813030021|synthetic|synthetic unit-square catalog|earthquake|0.16574651052862044|55|0|0.3|-3.6635616461296463
24|2015-03-04T21:04:12.846327|36.09506374948732|17.73630413021734|9.959683932693679|SYNTHETIC|BvaluePG|Toni||Mw|2.9678337957825103|synthetic|synthetic unit-square catalog|earthquake|0.17215038045756637|57|0|0.3|-3.6635616461296463
25|2015-03-06T19:32:39.714831|36.03428761766845|18.00527674188075|5.049678873652937|SYNTHETIC|BvaluePG|Toni||Mw|2.654678253072647|synthetic|synthetic unit-square catalog|earthquake|0.17745201519860476|59|0|0.3|-3.6635616461296463
26|2015-03-14T22:25:20.171604|36.17139629478294|18.373928458780764|6.168115426611802|SYNTHETIC|BvaluePG|Toni||Mw|2.5046671168522683|synthetic|synthetic unit-square catalog|earthquake|0.19968312455966641|60|0|0.3|-3.6635616461296463
27|2015-03-18T00:21:14.948368|36.17921384221367|18.79601359523274|17.44547889618569|SYNTHETIC|BvaluePG|Toni||Mw|2.5567966998528115|synthetic|synthetic unit-square catalog|earthquake|0.20811706049789214|62|0|0.3|-3.6635616461296463
28|2015-03-18T20:44:39.534041|36.18242283058546|6.082140303780921|17.59371112391578|SYNTHETIC|BvaluePG|Toni||Mw|2.5124367454861956|synthetic|synthetic unit-square catalog|earthquake|0.21044311145466232|0|1|0.3|-3.6635616461296463
29|2015-03-18T22:10:41.174291|36.3219271559571|6.435573927348273|12.284051473296413|SYNTHETIC|BvaluePG|Toni||Mw|2.6806905669777903|synthetic|synthetic unit-square catalog|earthquake|0.21060667396417654|2|1|0.3|-3.6635616461296463
30|2015-03-20T13:08:18.979096|36.311379474613474|7.859923217133445|6.788376720660905|SYNTHETIC|BvaluePG|Toni||Mw|2.7487684653025157|synthetic|synthetic unit-square catalog|earthquake|0.21505117559941223|9|1|0.3|-3.6635616461296463
31|2015-03-21T08:07:57.468961|36.33020356051199|8.324081224141304|12.39056019394203|SYNTHETIC|BvaluePG|Toni||Mw|2.522648152848093|synthetic|synthetic unit-square catalog|earthquake|0.2172179591908452|11|1|0.3|-3.6635616461296463
32|2015-03-21T12:30:23.591663|36.18275718689229|9.433605798635366|6.45107482495213|SYNTHETIC|BvaluePG|Toni||Mw|2.663705068723324|synthetic|synthetic unit-square catalog|earthquake|0.21771692370977314|16|1|0.3|-3.6635616461296463
33|2015-03-21T16:38:00.275707|36.19514371971776|9.933271686097102|17.536291368514423|SYNTHETIC|BvaluePG|Toni||Mw|2.9488474654670953|synthetic|synthetic unit-square catalog|earthquake|0.21818770361837436|19|1|0.3|-3.6635616461296463
34|2015-03-25T18:40:39.491459|36.191364629928565|10.876557115239102|17.430959459220276|SYNTHETIC|BvaluePG|Toni||Mw|3.1244790585912576|synthetic|synthetic unit-square catalog|earthquake|0.22937230624189842|24|1|0.3|-3.6635616461296463
35|2015-03-28T12:56:10.772973|36.27774386821916|10.939104046640002|11.086446614448729|SYNTHETIC|BvaluePG|Toni||Mw|3.3548597062918875|synthetic|synthetic unit-square catalog|earthquake|0.23693090643692738|24|1|0.3|-3.6635616461296463
36|2015-03-30T07:19:50.714523|36.29641944631551|11.675904453438635|9.993998113255374|SYNTHETIC|BvaluePG|Toni||Mw|2.6349911402773705|synthetic|synthetic unit-square catalog|earthquake|0.24176714054692794|27|1|0.3|-3.6635616461296463
37|2015-04-01T06:25:30.237167|36.25509458684652|11.517077764972552|6.6535156369331805|SYNTHETIC|BvaluePG|Toni||Mw|2.535868524675417|synthetic|synthetic unit-square catalog|earthquake|0.24713952382841908|27|1|0.3|-3.6635616461296463
38|2015-04-06T06:44:50.639623|36.33177832164024|11.989090822409654|10.509138294617154|SYNTHETIC|BvaluePG|Toni||Mw|2.791793585618711|synthetic|synthetic unit-square catalog|earthquake|0.26086554869898304|29|1|0.3|-3.6635616461296463
39|2015-04-13T03:43:39.042489|36.33289146562121|12.436565884337453|16.750870048617806|SYNTHETIC|BvaluePG|Toni||Mw|3.0737377473309198|synthetic|synthetic unit-square catalog|earthquake|0.27968600408426303|31|1|0.3|-3.6635616461296463
40|2015-04-13T12:22:53.032825|36.26862153025639|13.334793865467544|13.180879463255314|SYNTHETIC|BvaluePG|Toni||Mw|3.156386688519701|synthetic|synthetic unit-square catalog|earthquake|0.2806732144657753|36|1|0.3|-3.6635616461296463
41|2015-04-17T18:12:25.869740|36.19009948190149|14.120201662274425|15.038897783347121|SYNTHETIC|BvaluePG|Toni||Mw|2.913284244114298|synthetic|synthetic unit-square catalog|earthquake|0.29228920671219627|39|1|0.3|-3.6635616461296463
42|2015-04-22T09:44:36.409243|36.31501392144996|14.047941962700826|8.814929328964537|SYNTHETIC|BvaluePG|Toni||Mw|2.713191228787115|synthetic|synthetic unit-square catalog|earthquake|0.30501294170798054|39|1|0.3|-3.6635616461296463
43|2015-04-26T14:41:12.051647|36.31234597202571|15.037411120442576|16.659018207484714|SYNTHETIC|BvaluePG|Toni||Mw|3.1030333411462534|synthetic|synthetic unit-square catalog|earthquake|0.3165282547357029|44|1|0.3|-3.6635616461296463
44|2015-05-01T02:13:50.891414|36.332556185218124|16.28922625316768|15.87846555139748|SYNTHETIC|BvaluePG|Toni||Mw|2.7151789570487446|synthetic|synthetic unit-square catalog|earthquake|0.3287965780482349|50|1|0.3|-3.6635616461296463
45|2015-05-02T02:05:47.839108|36.30482143209493|16.752570860946236|11.862498084364187|SYNTHETIC|BvaluePG|Toni||Mw|3.108404095886758|synthetic|synthetic unit-square catalog|earthquake|0.3315191218314606|52|1|0.3|-3.6635616461296463
46|2015-05-02T16:36:50.572714|36.256611912459846|17.043868885107795|16.013186189729435|SYNTHETIC|BvaluePG|Toni||Mw|3.040106149999246|synthetic|synthetic unit-square catalog|earthquake|0.33317522792338017|54|1|0.3|-3.6635616461296463
47|2015-05-05T03:51:53.668838|36.3216452627112|17.877922164064806|7.955815371458307|SYNTHETIC|BvaluePG|Toni||Mw|3.2581690322283126|synthetic|synthetic unit-square catalog|earthquake|0.33993439516433854|58|1|0.3|-3.6635616461296463
48|2015-05-05T19:43:52.871442|36.27254261831043|17.924620736120936|10.909303017919623|SYNTHETIC|BvaluePG|Toni||Mw|2.851148441860305|synthetic|synthetic unit-square catalog|earthquake|0.3417443934723241|58|1|0.3|-3.6635616461296463
49|2015-05-06T10:46:43.503224|36.19054668636033|18.14407324111921|3.9586403279632094|SYNTHETIC|BvaluePG|Toni||Mw|2.6005079311475923|synthetic|synthetic unit-square catalog|earthquake|0.3434609572091829|59|1|0.3|-3.6635616461296463
50|2015-05-08T08:26:40.763369|36.52234904354544|6.315647657596089|13.054246199128645|SYNTHETIC|BvaluePG|Toni||Mw|2.7578792037063753|synthetic|synthetic unit-square catalog|earthquake|0.34867039202504446|1|2|0.3|-3.6635616461296463
51|2015-05-09T10:53:02.946372|36.36286028101217|6.6019405737351144|17.70641764887697|SYNTHETIC|BvaluePG|Toni||Mw|3.006411921697673|synthetic|synthetic unit-square catalog|earthquake|0.3516865333983754|2|2|0.3|-3.6635616461296463
52|2015-05-13T09:28:10.153954|36.485119576718496|6.730236072018676|8.249952107177359|SYNTHETIC|BvaluePG|Toni||Mw|2.741170504065703|synthetic|synthetic unit-square catalog|earthquake|0.3624765556935561|3|2|0.3|-3.6635616461296463
53|2015-05-15T18:45:02.073486|36.37147097847436|9.18369768004106|11.584278723242894|SYNTHETIC|BvaluePG|Toni||Mw|2.6867103764121674|synthetic|synthetic unit-square catalog|earthquake|0.36901101710796413|15|2|0.3|-3.6635616461296463
54|2015-05-17T03:22:06.175701|36.494882670546275|10.828574946874582|16.33467414441931|SYNTHETIC|BvaluePG|Toni||Mw|2.5705544299061955|synthetic|synthetic unit-square catalog|earthquake|0.3727319623704506|23|2|0.3|-3.6635616461296463
55|2015-05-19T05:32:07.151485|36.41621622527583|11.731593613286986|3.073257566361237|SYNTHETIC|BvaluePG|Toni||Mw|2.638081438730393|synthetic|synthetic unit-square catalog|earthquake|0.37845486195038913|28|2|0.3|-3.6635616461296463
56|2015-05-23T13:17:22.552659|36.44651276468579|12.03288145959523|13.422799821376579|SYNTHETIC|BvaluePG|Toni||Mw|2.5037667814008073|synthetic|synthetic unit-square catalog|earthquake|0.3902908507826919|29|2|0.3|-3.6635616461296463
57|2015-05-27T15:06:56.719053|36.41415978278525|12.872704447515932|16.27419479153187|SYNTHETIC|BvaluePG|Toni||Mw|2.577246027190774|synthetic|synthetic unit-square catalog|earthquake|0.4014505766932097|33|2|0.3|-3.6635616461296463
58|2015-05-29T10:27:51.049692|36.52374049267475|12.937106511331546|12.736634304514387|SYNTHETIC|BvaluePG|Toni||Mw|2.574796018840568|synthetic|synthetic unit-square catalog|earthquake|0.40639564002625694|34|2|0.3|-3.6635616461296463
59|2015-05-31T10:38:12.323811|36.402462839950644|13.585109544090063|5.628601116056064|SYNTHETIC|BvaluePG|Toni||Mw|3.534090867573129|synthetic|synthetic unit-square catalog|earthquake|0.41189102858936066|37|2|0.3|-3.6635616461296463
60|2015-05-31T15:14:59.750602|36.430772804512436|14.772444715922118|8.335566588891787|SYNTHETIC|BvaluePG|Toni||Mw|2.7417265608877717|synthetic|synthetic unit-square catalog|earthquake|0.412417286187865|43|2|0.3|-3.6635616461296463
61|2015-06-12T23:31:55.693625|36.359604242807656|14.88501303925709|8.011652998362653|SYNTHETIC|BvaluePG|Toni||Mw|2.511077888054109|synthetic|synthetic unit-square catalog|earthquake|0.44621630585422456|43|2|0.3|-3.6635616461296463
62|2015-06-13T08:33:14.244066|36.47426776370786|16.158321731195528|10.578401065275065|SYNTHETIC|BvaluePG|Toni||Mw|3.1545631367381413|synthetic|synthetic unit-square catalog|earthquake|0.4472454890126709|50|2|0.3|-3.6635616461296463
63|2015-06-18T00:26:07.203007|36.53537055086435|16.825330212981882|15.113974017627296|SYNTHETIC|BvaluePG|Toni||Mw|2.535854856808015|synthetic|synthetic unit-square catalog|earthquake|0.4600085939047216|53|2|0.3|-3.6635616461296463
64|2015-06-19T01:55:28.399707|36.47184549274168|17.11200198100184|9.69853923468384|SYNTHETIC|BvaluePG|Toni||Mw|2.8677434913296094|synthetic|synthetic unit-square catalog|earthquake|0.4629163307636808|54|2|0.3|-3.6635616461296463
65|2015-06-25T06:06:53.583060|36.50531868332803|17.7189395784131|6.104342546962304|SYNTHETIC|BvaluePG|Toni||Mw|2.5761445882993006|synthetic|synthetic unit-square catalog|earthquake|0.4798214561012326|57|2|0.3|-3.6635616461296463
66|2015-06-25T19:40:39.857999|36.43590969779863|18.69372956733632|15.789378318576468|SYNTHETIC|BvaluePG|Toni||Mw|2.777101320983757|synthetic|synthetic unit-square catalog|earthquake|0.4813686673891271|62|2|0.3|-3.6635616461296463
67|2015-06-26T13:22:35.968678|36.68664933782338|6.264120599607059|9.049459944467753|SYNTHETIC|BvaluePG|Toni||Mw|2.794944832754892|synthetic|synthetic unit-square catalog|earthquake|0.48338770909951534|1|3|0.3|-3.6635616461296463
68|2015-06-28T10:03:07.203104|36.59193849350506|6.749684797492575|3.2413993428368553|SYNTHETIC|BvaluePG|Toni||Mw|2.6546856044083373|synthetic|synthetic unit-square catalog|earthquake|0.4884841433792464|3|3|0.3|-3.6635616461296463
69|2015-06-30T08:55:03.934027|36.67005685259824|6.838453476084829|10.630787289653485|SYNTHETIC|BvaluePG|Toni||Mw|2.533210117769519|synthetic|synthetic unit-square catalog|earthquake|0.49383045396440894|4|3|0.3|-3.6635616461296463
70|2015-07-01T11:39:31.597870|36.624472530431845|8.009545780514678|6.113294521794645|SYNTHETIC|BvaluePG|Toni||Mw|3.1351057160225015|synthetic|synthetic unit-square catalog|earthquake|0.496880992149934|9|3|0.3|-3.6635616461296463
71|2015-07-03T18:06:42.172509|36.60029834297037|8.030039489136916|16.044490855630627|SYNTHETIC|BvaluePG|Toni||Mw|2.8807147264190975|synthetic|synthetic unit-square catalog|earthquake|0.5030928262133239|9|3|0.3|-3.6635616461296463
72|2015-07-05T04:11:33.610560|36.64552015978559|9.098270183693668|8.939353683017663|SYNTHETIC|BvaluePG|Toni||Mw|3.186175065583067|synthetic|synthetic unit-square catalog|earthquake|0.5069806832763235|15|3|0.3|-3.6635616461296463
73|2015-07-06T16:08:50.119758|36.629429815939055|9.572595964422412|12.925168489364955|SYNTHETIC|BvaluePG|Toni||Mw|2.5519042527775637|synthetic|synthetic unit-square catalog|earthquake|0.5110822787461256|17|3|0.3|-3.6635616461296463
74|2015-07-08T12:06:04.825404|36.65809694700104|9.815928109939051|7.221507229728278|SYNTHETIC|BvaluePG|Toni||Mw|2.590171629435264|synthetic|synthetic unit-square catalog|earthquake|0.516096433993869|18|3|0.3|-3.6635616461296463
75|2015-07-08T19:48:41.582156|36.71494391133327|10.44673839024631|16.289998347460013|SYNTHETIC|BvaluePG|Toni||Mw|2.8155354247544873|synthetic|synthetic unit-square catalog|earthquake|0.5169759925392425|21|3|0.3|-3.6635616461296463
76|2015-07-10T04:44:59.176149|36.71342256834009|11.088269764398891|3.821409579754608|SYNTHETIC|BvaluePG|Toni||Mw|3.444081093565935|synthetic|synthetic unit-square catalog|earthquake|0.5207334897504678|25|3|0.3|-3.6635616461296463
77|2015-07-16T06:27:08.849149|36.61161934772213|11.40842714845088|17.647115718530497|SYNTHETIC|BvaluePG|Toni||Mw|2.903285347907927|synthetic|synthetic unit-square catalog|earthquake|0.5373548320895705|26|3|0.3|-3.6635616461296463
78|2015-07-17T05:50:18.895730|36.55856188985333|11.853389297825569|12.817742382580754|SYNTHETIC|BvaluePG|Toni||Mw|2.843132251686332|synthetic|synthetic unit-square catalog|earthquake|0.5400226536786867|28|3|0.3|-3.6635616461296463
79|2015-07-19T04:19:49.099074|36.60889204217787|11.81993806330653|3.4498454189296037|SYNTHETIC|BvaluePG|Toni||Mw|2.624086430510649|synthetic|synthetic unit-square catalog|earthquake|0.5453262953796956|28|3|0.3|-3.6635616461296463
80|2015-07-19T15:32:29.182610|36.68671925184275|11.911905501418651|13.115758903185194|SYNTHETIC|BvaluePG|Toni||Mw|2.697061134737051|synthetic|synthetic unit-square catalog|earthquake|0.5466052292509771|29|3|0.3|-3.6635616461296463
81|2015-07-22T10:42:53.772849|36.59467265958043|12.699185832305192|9.491999161850888|SYNTHETIC|BvaluePG|Toni||Mw|2.5744860108532928|synthetic|synthetic unit-square catalog|earthquake|0.5542681881020473|32|3|0.3|-3.6635616461296463
82|2015-07-25T01:11:53.575255|36.65769964119934|12.764671555385933|14.622988869556583|SYNTHETIC|BvaluePG|Toni||Mw|3.734771720257149|synthetic|synthetic unit-square catalog|earthquake|0.5613961003135626|33|3|0.3|-3.6635616461296463
83|2015-07-26T22:11:02.432677|36.61421281299799|13.351277174209537|12.283019568843926|SYNTHETIC|BvaluePG|Toni||Mw|3.4429345025998406|synthetic|synthetic unit-square catalog|earthquake|0.5665279499289277|36|3|0.3|-3.6635616461296463
84|2015-07-30T22:06:57.795413|36.59196242949724|13.534104564574967|15.740735593308278|SYNTHETIC|BvaluePG|Toni||Mw|2.784723707933252|synthetic|synthetic unit-square catalog|earthquake|0.5774716009903735|37|3|0.3|-3.6635616461296463
85|2015-08-01T20:01:12.433740|36.69739229979198|14.003081207456448|9.366190669481659|SYNTHETIC|BvaluePG|Toni||Mw|2.911627060743437|synthetic|synthetic unit-square catalog|earthquake|0.5827082044813348|39|3|0.3|-3.6635616461296463
86|2015-08-03T23:17:37.058795|36.5913976042456|15.45628017922891|7.6905716227284415|SYNTHETIC|BvaluePG|Toni||Mw|3.1712128894209983|synthetic|synthetic unit-square catalog|earthquake|0.5885573382892162|46|3|0.3|-3.6635616461296463
87|2015-08-15T17:00:09.373216|36.586712947554965|15.518291890165484|7.4132283626766515|SYNTHETIC|BvaluePG|Toni||Mw|3.0416443120757024|synthetic|synthetic unit-square catalog|earthquake|0.6206938858853694|46|3|0.3|-3.6635616461296463
88|2015-08-18T08:49:40.657759|36.626099158272254|17.597914594701233|14.228744736385039|SYNTHETIC|BvaluePG|Toni||Mw|2.5761434246381305|synthetic|synthetic unit-square catalog|earthquake|0.6279748985271139|57|3|0.3|-3.6635616461296463
89|2015-08-21T23:01:01.984567|36.62993400300751|17.638413970355522|14.708537338739724|SYNTHETIC|BvaluePG|Toni||Mw|2.6087809847122845|synthetic|synthetic unit-square catalog|earthquake|0.6378071204580771|57|3|0.3|-3.6635616461296463
90|2015-09-03T01:38:46.652793|36.60104317206711|18.80578312582197|11.366377257601618|SYNTHETIC|BvaluePG|Toni||Mw|2.544247795987995|synthetic|synthetic unit-square catalog|earthquake|0.6709612471415316|63|3|0.3|-3.6635616461296463
91|2015-09-06T18:40:21.877180|36.82271872366536|6.421357175359308|12.809458616797178|SYNTHETIC|BvaluePG|Toni||Mw|4.278767013094758|synthetic|synthetic unit-square catalog|earthquake|0.6811171279558814|2|4|0.3|-3.6635616461296463
92|2015-09-08T21:57:50.272428|36.79804050331777|6.804942482012427|15.870381146814985|SYNTHETIC|BvaluePG|Toni||Mw|2.764042286096169|synthetic|synthetic unit-square catalog|earthquake|0.6869682825192192|3|4|0.3|-3.6635616461296463
93|2015-09-22T09:29:28.681198|36.83767014003952|6.7222859930257535|8.726961729684659|SYNTHETIC|BvaluePG|Toni||Mw|2.6770074827117045|synthetic|synthetic unit-square catalog|earthquake|0.7238753479731741|3|4|0.3|-3.6635616461296463
94|2015-09-23T05:39:48.827615|36.80098149801954|8.172520157086492|5.730404641487496|SYNTHETIC|BvaluePG|Toni||Mw|3.679936404857174|synthetic|synthetic unit-square catalog|earthquake|0.7261765415499044|10|4|0.3|-3.6635616461296463
95|2015-09-27T15:20:17.586563|36.89224484880407|8.575023209883362|17.69503177881799|SYNTHETIC|BvaluePG|Toni||Mw|3.232105644680076|synthetic|synthetic unit-square catalog|earthquake|0.7382316014704227|12|4|0.3|-3.6635616461296463
96|2015-09-29T18:48:01.088863|36.74338611397|8.784199191773514|16.428249337229865|SYNTHETIC|BvaluePG|Toni||Mw|3.0109402624981643|synthetic|synthetic unit-square catalog|earthquake|0.7441022476000481|13|4|0.3|-3.6635616461296463
97|2015-10-05T18:47:44.575889|36.81867236451396|11.466966991175198|16.328905731373887|SYNTHETIC|BvaluePG|Toni||Mw|2.516869753611482|synthetic|synthetic unit-square catalog|earthquake|0.7605288290582768|26|4|0.3|-3.6635616461296463
98|2015-10-05T22:12:09.474138|36.72031184811842|11.734609088174855|14.810707277282054|SYNTHETIC|BvaluePG|Toni||Mw|2.6650243258438384|synthetic|synthetic unit-square catalog|earthquake|0.760917480231027|28|4|0.3|-3.6635616461296463
99|2015-10-06T20:31:09.607233|36.86514221321311|11.78640034037654|9.161225482060246|SYNTHETIC|BvaluePG|Toni||Mw|2.867058467710591|synthetic|synthetic unit-square catalog|earthquake|0.7634633054235174|28|4|0.3|-3.6635616461296463
100|2015-10-11T14:49:16.527023|36.8611945043995|12.054241339419221|4.532245899827952|SYNTHETIC|BvaluePG|Toni||Mw|2.7057943160164557|synthetic|synthetic unit-square catalog|earthquake|0.7765025390721447|29|4|0.3|-3.6635616461296463
101|2015-10-12T14:29:16.990907|36.733571608807544|13.067184746533746|12.337372511100757|SYNTHETIC|BvaluePG|Toni||Mw|3.1761462515406933|synthetic|synthetic unit-square catalog|earthquake|0.7792023788534974|34|4|0.3|-3.6635616461296463
102|2015-10-15T14:14:11.898919|36.798527221333416|13.483059634615287|13.703979222214763|SYNTHETIC|BvaluePG|Toni||Mw|3.0078944250302104|synthetic|synthetic unit-square catalog|earthquake|0.7873872505805168|36|4|0.3|-3.6635616461296463
103|2015-10-19T14:01:07.330884|36.80413042719635|14.527288653085776|10.50047263848579|SYNTHETIC|BvaluePG|Toni||Mw|2.527488702868391|synthetic|synthetic unit-square catalog|earthquake|0.7983137922682382|41|4|0.3|-3.6635616461296463
104|2015-10-24T12:29:42.713691|36.795975378077685|15.082266797125483|14.362679511370125|SYNTHETIC|BvaluePG|Toni||Mw|2.5701578675608507|synthetic|synthetic unit-square catalog|earthquake|0.8118292491726853|44|4|0.3|-3.6635616461296463
105|2015-10-24T14:22:37.457256|36.82741759627828|14.961131557316115|16.793271993019815|SYNTHETIC|BvaluePG|Toni||Mw|2.7718289395553675|synthetic|synthetic unit-square catalog|earthquake|0.8120439278416813|44|4|0.3|-3.6635616461296463
106|2015-10-25T17:02:48.219542|36.80657449740862|15.514082743506119|15.808935534577454|SYNTHETIC|BvaluePG|Toni||Mw|3.040624808501222|synthetic|synthetic unit-square catalog|earthquake|0.8150863253080842|46|4|0.3|-3.6635616461296463
107|2015-11-09T02:20:50.266815|36.85072865667354|15.592613902863642|3.3809325050216863|SYNTHETIC|BvaluePG|Toni||Mw|2.520301809655359|synthetic|synthetic unit-square catalog|earthquake|0.8544772183821125|47|4|0.3|-3.6635616461296463
108|2015-11-11T13:57:49.819770|36.87280959202033|16.288431754604765|15.425548935353714|SYNTHETIC|BvaluePG|Toni||Mw|3.0869977805012105|synthetic|synthetic unit-square catalog|earthquake|0.8612781016227766|50|4|0.3|-3.6635616461296463
109|2015-11-12T22:57:18.592291|36.73914139461493|17.84207433786775|17.970126026247044|SYNTHETIC|BvaluePG|Toni||Mw|3.760306432629573|synthetic|synthetic unit-square catalog|earthquake|0.8650416569159691|58|4|0.3|-3.6635616461296463
110|2015-11-13T13:53:55.821413|36.867814957099874|18.38526531258369|7.506455533837368|SYNTHETIC|BvaluePG|Toni||Mw|2.5405890305855436|synthetic|synthetic unit-square catalog|earthquake|0.8667463882365567|60|4|0.3|-3.6635616461296463
111|2015-11-14T23:13:31.467812|36.86737245450564|18.31927465320045|6.401936490447767|SYNTHETIC|BvaluePG|Toni||Mw|3.1098482192931747|synthetic|synthetic unit-square catalog|earthquake|0.8705481870551879|60|4|0.3|-3.6635616461296463
112|2015-11-16T01:14:16.991657|36.777359420560494|18.28039216751855|10.681717949695392|SYNTHETIC|BvaluePG|Toni||Mw|3.0089678169111918|synthetic|synthetic unit-square catalog|earthquake|0.8735156346381634|60|4|0.3|-3.6635616461296463
113|2015-11-17T20:05:54.127917|36.967086504182966|6.575587292901588|16.847455513260407|SYNTHETIC|BvaluePG|Toni||Mw|2.5699325162567095|synthetic|synthetic unit-square catalog|earthquake|0.8784050158414414|2|5|0.3|-3.6635616461296463
114|2015-11-18T23:27:51.811593|37.06153812248686|7.299976370772042|9.813189844198|SYNTHETIC|BvaluePG|Toni||Mw|2.5328082124636966|synthetic|synthetic unit-square catalog|earthquake|0.8815268528529774|6|5|0.3|-3.6635616461296463
115|2015-11-22T09:11:25.189904|36.96217304617679|7.986260718873603|11.98903861164512|SYNTHETIC|BvaluePG|Toni||Mw|3.33483923773845|synthetic|synthetic unit-square catalog|earthquake|0.8908499122209623|9|5|0.3|-3.6635616461296463
116|2015-11-22T11:14:58.175517|37.04204576968274|8.089877557602396|16.882681900890887|SYNTHETIC|BvaluePG|Toni||Mw|2.6656175921825445|synthetic|synthetic unit-square catalog|earthquake|0.8910848155600459|10|5|0.3|-3.6635616461296463
117|2015-11-23T10:02:05.853184|36.97977884383836|8.314480586194218|8.26297324978256|SYNTHETIC|BvaluePG|Toni||Mw|2.900955973264647|synthetic|synthetic unit-square catalog|earthquake|0.8936841158131337|11|5|0.3|-3.6635616461296463
118|2015-11-29T19:31:34.916583|37.01988870028176|8.455880770515186|10.789149280996485|SYNTHETIC|BvaluePG|Toni||Mw|2.893701945507014|synthetic|synthetic unit-square catalog|earthquake|0.911193972817449|12|5|0.3|-3.6635616461296463
119|2015-11-30T04:45:54.872080|36.99440599274597|11.936721656633647|15.341827782783183|SYNTHETIC|BvaluePG|Toni||Mw|2.5124237739995503|synthetic|synthetic unit-square catalog|earthquake|0.9122479172079234|29|5|0.3|-3.6635616461296463
120|2015-11-30T12:40:29.782963|36.969041098782334|12.257484065983437|3.307869952480482|SYNTHETIC|BvaluePG|Toni||Mw|2.9073503436042234|synthetic|synthetic unit-square catalog|earthquake|0.9131502326844754|30|5|0.3|-3.6635616461296463
121|2015-11-30T20:34:00.248073|37.02547233186522|13.251940088037575|9.703483164866713|SYNTHETIC|BvaluePG|Toni||Mw|3.0205347219542737|synthetic|synthetic unit-square catalog|earthquake|0.9140505059977277|35|5|0.3|-3.6635616461296463
122|2015-12-01T05:52:59.290790|37.01594761687718|13.569022708626694|10.991499765020025|SYNTHETIC|BvaluePG|Toni||Mw|2.934657743909427|synthetic|synthetic unit-square catalog|earthquake|0.91511329412854|37|5|0.3|-3.6635616461296463
123|2015-12-13T23:49:15.774113|37.05188441848071|13.74815105898969|2.992821907870539|SYNTHETIC|BvaluePG|Toni||Mw|3.1032548504261843|synthetic|synthetic unit-square catalog|earthquake|0.9500138088483834|38|5|0.3|-3.6635616461296463
124|2015-12-16T23:35:09.507427|37.07367245338985|16.48869139336744|10.656994027269567|SYNTHETIC|BvaluePG|Toni||Mw|3.084332896339003|synthetic|synthetic unit-square catalog|earthquake|0.9582005446367259|51|5|0.3|-3.6635616461296463
125|2015-12-17T23:49:37.783735|37.045455241558386|17.683650198425322|2.7167854802138454|SYNTHETIC|BvaluePG|Toni||Mw|2.5324967247307026|synthetic|synthetic unit-square catalog|earthquake|0.9609659094397427|57|5|0.3|-3.6635616461296463
126|2015-12-18T23:36:07.219970|37.128032765720185|7.346095410584271|14.003374750739722|SYNTHETIC|BvaluePG|Toni||Mw|3.160698373232983|synthetic|synthetic unit-square catalog|earthquake|0.9636780750111007|6|6|0.3|-3.6635616461296463
127|2015-12-21T19:45:17.119475|37.256740259577555|7.95154430611461|12.358086697839306|SYNTHETIC|BvaluePG|Toni||Mw|3.1004593013209263|synthetic|synthetic unit-square catalog|earthquake|0.9714527441717724|9|6|0.3|-3.6635616461296463
128|2015-12-23T10:57:42.493848|37.11706372877222|8.158317200205659|2.5352745187838366|SYNTHETIC|BvaluePG|Toni||Mw|3.9569871815610087|synthetic|synthetic unit-square catalog|earthquake|0.9759253711894544|10|6|0.3|-3.6635616461296463
129|2015-12-25T04:03:35.148343|37.149780947449564|8.21301347345032|3.414888727902335|SYNTHETIC|BvaluePG|Toni||Mw|2.5732243598348146|synthetic|synthetic unit-square catalog|earthquake|0.9806137078974231|10|6|0.3|-3.6635616461296463
130|2015-12-30T12:39:49.240618|37.223478526248805|8.377279990884707|9.550052431649325|SYNTHETIC|BvaluePG|Toni||Mw|2.5307006245577033|synthetic|synthetic unit-square catalog|earthquake|0.9952844715890352|11|6|0.3|-3.6635616461296463
131|2016-01-01T05:21:42.249032|37.22017472093267|8.802276919975373|5.561956520752057|SYNTHETIC|BvaluePG|Toni||Mw|3.0263212268099657|synthetic|synthetic unit-square catalog|earthquake|0.9999271886655781|13|6|0.3|-3.6635616461296463
132|2016-01-01T07:22:17.026861|37.165920837386246|8.708527539039213|5.022288098888845|SYNTHETIC|BvaluePG|Toni||Mw|3.0158685878000475|synthetic|synthetic unit-square catalog|earthquake|1.0001564449407296|13|6|0.3|-3.6635616461296463
133|2016-01-02T15:42:27.374299|37.108612959257954|10.536279138646652|11.10075369334748|SYNTHETIC|BvaluePG|Toni||Mw|2.7549456316668053|synthetic|synthetic unit-square catalog|earthquake|1.003845266252802|22|6|0.3|-3.6635616461296463
134|2016-01-02T23:17:59.397005|37.078683828616754|12.125469094368512|14.586758686098532|SYNTHETIC|BvaluePG|Toni||Mw|3.5212518681923557|synthetic|synthetic unit-square catalog|earthquake|1.0047113657884588|30|6|0.3|-3.6635616461296463
135|2016-01-07T11:41:07.153807|37.18877389008063|14.068494137899181|10.183800110588882|SYNTHETIC|BvaluePG|Toni||Mw|2.503073332856808|synthetic|synthetic unit-square catalog|earthquake|1.017075669689963|39|6|0.3|-3.6635616461296463
136|2016-01-08T02:30:20.187963|37.08522092582059|14.718223121807686|13.82058005457909|SYNTHETIC|BvaluePG|Toni||Mw|3.3935935549161047|synthetic|synthetic unit-square catalog|earthquake|1.0187663253214385|42|6|0.3|-3.6635616461296463
137|2016-01-09T01:22:22.901253|37.23655807298872|14.789693057612094|13.3136671607163|SYNTHETIC|BvaluePG|Toni||Mw|2.6900453724159568|synthetic|synthetic unit-square catalog|earthquake|1.0213749746892664|43|6|0.3|-3.6635616461296463
138|2016-01-10T16:16:24.754969|37.09921646411005|15.098595274873617|16.1628675560709|SYNTHETIC|BvaluePG|Toni||Mw|3.2324556527626593|synthetic|synthetic unit-square catalog|earthquake|1.0258126332474449|44|6|0.3|-3.6635616461296463
139|2016-01-11T10:42:51.842085|37.11914714247734|16.90636230074307|10.726991093926404|SYNTHETIC|BvaluePG|Toni||Mw|2.694821056506016|synthetic|synthetic unit-square catalog|earthquake|1.0279163130936864|53|6|0.3|-3.6635616461296463
140|2016-01-12T05:11:38.909498|37.20161683090673|16.927827681297657|8.547860490781405|SYNTHETIC|BvaluePG|Toni||Mw|2.561579270155924|synthetic|synthetic unit-square catalog|earthquake|1.0300244286478843|53|6|0.3|-3.6635616461296463
141|2016-01-16T03:28:01.969999|37.424169422376444|6.186404672386466|14.247498031030688|SYNTHETIC|BvaluePG|Toni||Mw|2.647172855032072|synthetic|synthetic unit-square catalog|earthquake|1.040778828871649|0|7|0.3|-3.6635616461296463
142|2016-01-25T17:41:04.538578|37.379883906788905|7.0664566895624805|14.14088229734787|SYNTHETIC|BvaluePG|Toni||Mw|3.4183999848542244|synthetic|synthetic unit-square catalog|earthquake|1.0670413636835108|5|7|0.3|-3.6635616461296463
143|2016-01-26T02:52:07.213828|37.30979928148845|7.254452150132074|12.09326738708273|SYNTHETIC|BvaluePG|Toni||Mw|2.903458932142135|synthetic|synthetic unit-square catalog|earthquake|1.0680890566402035|6|7|0.3|-3.6635616461296463
144|2016-01-29T23:32:17.500256|37.38053951038731|7.323727803174924|13.11531865035589|SYNTHETIC|BvaluePG|Toni||Mw|2.5288386685877593|synthetic|synthetic unit-square catalog|earthquake|1.078660528692198|6|7|0.3|-3.6635616461296463
145|2016-02-01T06:57:57.901026|37.395768960210184|8.376716136243195|5.327194298786264|SYNTHETIC|BvaluePG|Toni||Mw|2.7162898721531903|synthetic|synthetic unit-square catalog|earthquake|1.0849835824342269|11|7|0.3|-3.6635616461296463
146|2016-02-05T18:41:20.676755|37.432447325763235|8.89518937195021|16.165261332402153|SYNTHETIC|BvaluePG|Toni||Mw|3.3831886158065907|synthetic|synthetic unit-square catalog|earthquake|1.097272310846058|14|7|0.3|-3.6635616461296463
147|2016-02-07T00:36:25.349711|37.39434179873522|9.3557224003772|6.383650405193629|SYNTHETIC|BvaluePG|Toni||Mw|2.9578790140640154|synthetic|synthetic unit-square catalog|earthquake|1.1006852659806599|16|7|0.3|-3.6635616461296463
148|2016-02-07T17:29:59.026016|37.43441079803438|11.719392563839255|13.118476355888557|SYNTHETIC|BvaluePG|Toni||Mw|2.721296680463959|synthetic|synthetic unit-square catalog|earthquake|1.1026123350956996|28|7|0.3|-3.6635616461296463
149|2016-02-10T02:05:13.974443|37.356788303909056|12.207140196693244|14.770092616165151|SYNTHETIC|BvaluePG|Toni||Mw|3.1864041773074403|synthetic|synthetic unit-square catalog|earthquake|1.1090676722704862|30|7|0.3|-3.6635616461296463
150|2016-02-11T18:19:32.141566|37.40371364163431|12.263777183126148|3.0745505173503833|SYNTHETIC|BvaluePG|Toni||Mw|4.0157442337889755|synthetic|synthetic unit-square catalog|earthquake|1.1136579505908684|30|7|0.3|-3.6635616461296463
151|2016-02-12T01:01:04.613572|37.28459975312667|12.299618037136778|12.556414628379212|SYNTHETIC|BvaluePG|Toni||Mw|3.0260765010887494|synthetic|synthetic unit-square catalog|earthquake|1.1144213949594417|31|7|0.3|-3.6635616461296463
152|2016-02-12T22:47:28.607724|37.394207226499354|13.056319271515108|8.055607814109688|SYNTHETIC|BvaluePG|Toni||Mw|2.5156774706703837|synthetic|synthetic unit-square catalog|earthquake|1.1169052338493535|34|7|0.3|-3.6635616461296463
153|2016-02-13T09:50:58.266287|37.393934707125105|13.94337224166891|9.810193216739844|SYNTHETIC|BvaluePG|Toni||Mw|2.5240778480150383|synthetic|synthetic unit-square catalog|earthquake|1.1181667258057437|39|7|0.3|-3.6635616461296463
154|2016-02-15T08:11:32.988710|37.396132545843344|16.74599269797496|2.649755456106808|SYNTHETIC|BvaluePG|Toni||Mw|2.6582026062063617|synthetic|synthetic unit-square catalog|earthquake|1.1234533991403317|52|7|0.3|-3.6635616461296463
155|2016-02-16T02:54:09.213068|37.33024139482748|16.81522312417678|10.346651438032374|SYNTHETIC|BvaluePG|Toni||Mw|2.594692090333637|synthetic|synthetic unit-square catalog|earthquake|1.1255877890925947|53|7|0.3|-3.6635616461296463
156|2016-02-17T22:37:05.438406|37.34162023820167|17.636740317437177|14.539376240540618|SYNTHETIC|BvaluePG|Toni||Mw|2.952821763934062|synthetic|synthetic unit-square catalog|earthquake|1.1305747407409328|57|7|0.3|-3.6635616461296463
157|2016-02-20T13:19:43.203180|37.26252356452772|18.409208116864644|14.335011802649237|SYNTHETIC|BvaluePG|Toni||Mw|2.8599640879797215|synthetic|synthetic unit-square catalog|earthquake|1.137728572615816|61|7|0.3|-3.6635616461296463
158|2016-02-24T12:34:19.528469|37.46349785515833|6.308366904799974|3.0308372376963924|SYNTHETIC|BvaluePG|Toni||Mw|2.5083692556795696|synthetic|synthetic unit-square catalog|earthquake|1.1485936677209152|1|8|0.3|-3.6635616461296463
159|2016-02-26T17:58:40.739286|37.55497672901087|6.857666978005227|9.102326926919694|SYNTHETIC|BvaluePG|Toni||Mw|2.710718310741994|synthetic|synthetic unit-square catalog|earthquake|1.154686057852512|4|8|0.3|-3.6635616461296463
160|2016-03-02T13:50:11.654048|37.55509081640803|6.9466631293232215|17.03559850520635|SYNTHETIC|BvaluePG|Toni||Mw|2.7967102305061|synthetic|synthetic unit-square catalog|earthquake|1.1679028713859219|4|8|0.3|-3.6635616461296463
161|2016-03-03T00:54:24.701343|37.47974304524402|7.016170055458867|10.982465953285706|SYNTHETIC|BvaluePG|Toni||Mw|2.5603267751270105|synthetic|synthetic unit-square catalog|earthquake|1.1691657382482723|5|8|0.3|-3.6635616461296463
162|2016-03-03T10:24:57.054198|37.596436602145275|7.225581011928887|17.992284094231877|SYNTHETIC|BvaluePG|Toni||Mw|2.537527709256419|synthetic|synthetic unit-square catalog|earthquake|1.170250496051628|6|8|0.3|-3.6635616461296463
163|2016-03-05T11:30:43.782589|37.44810730553478|8.034997299779507|10.530188843262843|SYNTHETIC|BvaluePG|Toni||Mw|2.687899489387223|synthetic|synthetic unit-square catalog|earthquake|1.1758512619017047|10|8|0.3|-3.6635616461296463
164|2016-03-07T20:08:16.628154|37.49961538282068|9.751800873996588|16.44689903415213|SYNTHETIC|BvaluePG|Toni||Mw|2.5746159004581335|synthetic|synthetic unit-square catalog|earthquake|1.1823109687731181|18|8|0.3|-3.6635616461296463
165|2016-03-08T13:37:12.156809|37.533677716469256|10.428074471285052|17.959577713867738|SYNTHETIC|BvaluePG|Toni||Mw|2.991539410892223|synthetic|synthetic unit-square catalog|earthquake|1.184305275331774|21|8|0.3|-3.6635616461296463
166|2016-03-11T16:46:13.305099|37.46730574124775|10.643146434489907|15.511980775138818|SYNTHETIC|BvaluePG|Toni||Mw|3.2304065569014426|synthetic|synthetic unit-square catalog|earthquake|1.1928782069960775|22|8|0.3|-3.6635616461296463
167|2016-03-14T23:54:25.046848|37.4568174579517|13.713789276084288|12.150443589421721|SYNTHETIC|BvaluePG|Toni||Mw|2.7168155915717915|synthetic|synthetic unit-square catalog|earthquake|1.201905881526114|37|8|0.3|-3.6635616461296463
168|2016-03-15T16:08:43.440028|37.6064865403086|14.254831150936063|4.174262182773806|SYNTHETIC|BvaluePG|Toni||Mw|2.6319367528986044|synthetic|synthetic unit-square catalog|earthquake|1.203758316222654|40|8|0.3|-3.6635616461296463
169|2016-03-16T00:26:17.151945|37.452514557752025|15.970833144581443|10.775668633954693|SYNTHETIC|BvaluePG|Toni||Mw|2.587577841815093|synthetic|synthetic unit-square catalog|earthquake|1.2047043232674592|49|8|0.3|-3.6635616461296463
170|2016-03-22T05:27:16.588509|37.5419023547776|18.426861153804367|15.283621429149958|SYNTHETIC|BvaluePG|Toni||Mw|3.504656634214391|synthetic|synthetic unit-square catalog|earthquake|1.2217036970019635|61|8|0.3|-3.6635616461296463
171|2016-03-23T16:03:54.268107|37.513278888397544|18.40904681157766|14.557981191837852|SYNTHETIC|BvaluePG|Toni||Mw|2.535127469803658|synthetic|synthetic unit-square catalog|earthquake|1.2256519592145099|61|8|0.3|-3.6635616461296463
172|2016-03-28T21:51:02.853984|37.737211245481234|9.110993611823176|9.398226580908805|SYNTHETIC|BvaluePG|Toni||Mw|3.6049694774925465|synthetic|synthetic unit-square catalog|earthquake|1.2400012312084863|15|9|0.3|-3.6635616461296463
173|2016-03-30T18:41:03.949490|37.69928876108537|9.490181509054516|7.998922690753027|SYNTHETIC|BvaluePG|Toni||Mw|2.9247902609524936|synthetic|synthetic unit-square catalog|earthquake|1.2451157232961596|17|9|0.3|-3.6635616461296463
174|2016-03-31T23:11:27.304326|37.79033826993986|10.377560106139667|9.618102972159164|SYNTHETIC|BvaluePG|Toni||Mw|2.7018118632320896|synthetic|synthetic unit-square catalog|earthquake|1.2483676611759575|21|9|0.3|-3.6635616461296463
175|2016-04-03T15:20:22.556138|37.7781909944052|10.795026217984837|7.106196232913696|SYNTHETIC|BvaluePG|Toni||Mw|3.2318030066581267|synthetic|synthetic unit-square catalog|earthquake|1.2556855577147208|23|9|0.3|-3.6635616461296463
176|2016-04-04T19:25:54.572074|37.64846988742956|11.03223972991195|12.896594277119249|SYNTHETIC|BvaluePG|Toni||Mw|2.540277546122022|synthetic|synthetic unit-square catalog|earthquake|1.2588902379165234|24|9|0.3|-3.6635616461296463
177|2016-04-10T13:15:38.018602|37.79432004028777|11.703821504851174|11.807168869103357|SYNTHETIC|BvaluePG|Toni||Mw|3.0259494899584993|synthetic|synthetic unit-square catalog|earthquake|1.274613342541976|28|9|0.3|-3.6635616461296463
178|2016-04-11T13:47:41.022552|37.676893141393|11.997094557001766|3.643092998933559|SYNTHETIC|BvaluePG|Toni||Mw|2.5676981363312485|synthetic|synthetic unit-square catalog|earthquake|1.2774121296471397|29|9|0.3|-3.6635616461296463
179|2016-04-13T21:57:24.420950|37.792126416579315|13.958146689732363|14.48394367958465|SYNTHETIC|BvaluePG|Toni||Mw|2.880460680889029|synthetic|synthetic unit-square catalog|earthquake|1.2838189349301232|39|9|0.3|-3.6635616461296463
180|2016-04-15T18:20:57.993525|37.76221462589167|14.021555698795536|8.500316428385132|SYNTHETIC|BvaluePG|Toni||Mw|2.6779365192874685|synthetic|synthetic unit-square catalog|earthquake|1.288883121451756|39|9|0.3|-3.6635616461296463
181|2016-04-20T02:31:43.206860|37.63692094363794|14.392334495968862|4.938059426951954|SYNTHETIC|BvaluePG|Toni||Mw|2.690131941349856|synthetic|synthetic unit-square catalog|earthquake|1.3007675871061186|41|9|0.3|-3.6635616461296463
182|2016-04-24T20:49:17.336434|37.72304472995072|14.596466244064422|15.865421291565132|SYNTHETIC|BvaluePG|Toni||Mw|3.0319981746731135|synthetic|synthetic unit-square catalog|earthquake|1.3138057816955206|42|9|0.3|-3.6635616461296463
183|2016-04-28T01:31:53.236632|37.734811325158574|14.811911030187254|9.832268161144405|SYNTHETIC|BvaluePG|Toni||Mw|3.432058602811243|synthetic|synthetic unit-square catalog|earthquake|1.322556634111357|43|9|0.3|-3.6635616461296463
184|2016-04-28T03:07:02.174175|37.766934865191246|15.536870266292858|3.720166137666034|SYNTHETIC|BvaluePG|Toni||Mw|2.5245191434042957|synthetic|synthetic unit-square catalog|earthquake|1.3227375394255358|46|9|0.3|-3.6635616461296463
185|2016-04-28T21:20:29.987372|37.66654899001794|15.821756707189287|2.136290376410132|SYNTHETIC|BvaluePG|Toni||Mw|2.5081341611870287|synthetic|synthetic unit-square catalog|earthquake|1.3248165255714073|48|9|0.3|-3.6635616461296463
186|2016-05-06T10:48:19.456082|37.67788117356233|16.03106895957233|9.845617475953402|SYNTHETIC|BvaluePG|Toni||Mw|2.666121349573658|synthetic|synthetic unit-square catalog|earthquake|1.345517385862114|49|9|0.3|-3.6635616461296463
187|2016-05-14T08:01:24.434995|37.75820161173452|16.079002413911766|8.949727273541157|SYNTHETIC|BvaluePG|Toni||Mw|2.7804858231383767|synthetic|synthetic unit-square catalog|earthquake|1.3671028352915193|49|9|0.3|-3.6635616461296463
188|2016-05-17T12:07:40.014432|37.6192367786005|16.133455464111506|3.087410613041511|SYNTHETIC|BvaluePG|Toni||Mw|2.538562250776034|synthetic|synthetic unit-square catalog|earthquake|1.3757845975116145|49|9|0.3|-3.6635616461296463
189|2016-05-20T11:02:25.345162|37.687941476153696|16.43853287744649|15.29400881586975|SYNTHETIC|BvaluePG|Toni||Mw|3.733761296893643|synthetic|synthetic unit-square catalog|earthquake|1.3838741014894052|51|9|0.3|-3.6635616461296463
190|2016-05-21T21:42:55.483026|37.7367898180179|17.44002680332983|9.318224614674449|SYNTHETIC|BvaluePG|Toni||Mw|2.6781480881227235|synthetic|synthetic unit-square catalog|earthquake|1.3878297298598763|56|9|0.3|-3.6635616461296463
191|2016-05-22T02:14:03.622107|37.71422705269179|18.67820865766751|8.159775248730398|SYNTHETIC|BvaluePG|Toni||Mw|3.2243703129330465|synthetic|synthetic unit-square catalog|earthquake|1.388345236079671|62|9|0.3|-3.6635616461296463
192|2016-05-23T17:02:31.620563|37.75905208826482|18.635310250401215|15.414586322952086|SYNTHETIC|BvaluePG|Toni||Mw|2.541792412142742|synthetic|synthetic unit-square catalog|earthquake|1.3927723154030613|62|9|0.3|-3.6635616461296463
193|2016-05-26T17:14:28.629378|37.90820198764037|6.092166416039249|10.32440845916373|SYNTHETIC|BvaluePG|Toni||Mw|2.681947932957142|synthetic|synthetic unit-square catalog|earthquake|1.401008588402759|0|10|0.3|-3.6635616461296463
194|2016-05-26T20:31:07.895688|37.94684956504288|6.148259116233641|4.326890320648559|SYNTHETIC|BvaluePG|Toni||Mw|2.9611134885621833|synthetic|synthetic unit-square catalog|earthquake|1.401382484589705|0|10|0.3|-3.6635616461296463
195|2016-05-27T08:28:54.619295|37.88639045387407|7.138397739130321|2.100546277997644|SYNTHETIC|BvaluePG|Toni||Mw|3.1423511709276464|synthetic|synthetic unit-square catalog|earthquake|1.4027471867092278|5|10|0.3|-3.6635616461296463
196|2016-06-04T09:05:49.142485|37.86243831191186|7.130827481617871|3.193221213948153|SYNTHETIC|BvaluePG|Toni||Mw|2.7101068174171297|synthetic|synthetic unit-square catalog|earthquake|1.4247201670116039|5|10|0.3|-3.6635616461296463
197|2016-06-04T12:22:23.963006|37.89157798691389|7.204618061093613|13.510138063604984|SYNTHETIC|BvaluePG|Toni||Mw|2.8479810768909877|synthetic|synthetic unit-square catalog|earthquake|1.425093922320041|5|10|0.3|-3.6635616461296463
198|2016-06-04T19:47:48.199756|37.889301038889556|7.241686325315153|7.00519384549802|SYNTHETIC|BvaluePG|Toni||Mw|2.6587140805466944|synthetic|synthetic unit-square catalog|earthquake|1.4259407622809295|6|10|0.3|-3.6635616461296463
199|2016-06-05T18:58:29.710085|37.952145324787544|8.494660263443048|16.039196118765503|SYNTHETIC|BvaluePG|Toni||Mw|3.0816621120493015|synthetic|synthetic unit-square catalog|earthquake|1.4285848641875654|12|10|0.3|-3.6635616461296463
200|2016-06-06T22:01:33.653515|37.89493572146632|8.84396059215927|2.4237079143043125|SYNTHETIC|BvaluePG|Toni||Mw|2.8124330458158204|synthetic|synthetic unit-square catalog|earthquake|1.4316707751386448|14|10|0.3|-3.6635616461296463
201|2016-06-12T14:24:17.530391|37.953906894254544|9.224342392970645|11.288802644129648|SYNTHETIC|BvaluePG|Toni||Mw|3.8746430310487714|synthetic|synthetic unit-square catalog|earthquake|1.4472284815826186|15|10|0.3|-3.6635616461296463
202|2016-06-13T23:14:05.935004|37.97389799269309|10.427637497551412|12.51172928314229|SYNTHETIC|BvaluePG|Toni||Mw|2.7030328609189604|synthetic|synthetic unit-square catalog|earthquake|1.4509736461265876|21|10|0.3|-3.6635616461296463
203|2016-06-19T07:50:01.817845|37.88355778871681|11.005993454485369|7.0121609026506295|SYNTHETIC|BvaluePG|Toni||Mw|2.7143291344744713|synthetic|synthetic unit-square catalog|earthquake|1.465643832796093|24|10|0.3|-3.6635616461296463
204|2016-06-19T19:15:35.867624|37.97518308720229|10.892856003099455|14.406479260442405|SYNTHETIC|BvaluePG|Toni||Mw|3.6920099154683186|synthetic|synthetic unit-square catalog|earthquake|1.466947292177615|24|10|0.3|-3.6635616461296463
205|2016-06-20T20:23:51.407388|37.957298497207745|13.312453977963667|9.84936543203214|SYNTHETIC|BvaluePG|Toni||Mw|2.670772792075226|synthetic|synthetic unit-square catalog|earthquake|1.4698149227884294|35|10|0.3|-3.6635616461296463
206|2016-06-25T13:42:52.263982|37.941274706841774|13.516006355571005|5.3868509679774395|SYNTHETIC|BvaluePG|Toni||Mw|4.292103118676885|synthetic|synthetic unit-square catalog|earthquake|1.4827417884751148|37|10|0.3|-3.6635616461296463
207|2016-06-25T16:03:31.064322|37.902126742284636|13.975517396068872|12.351201547058563|SYNTHETIC|BvaluePG|Toni||Mw|2.5596138816923166|synthetic|synthetic unit-square catalog|earthquake|1.48300919792135|39|10|0.3|-3.6635616461296463
208|2016-06-28T15:25:00.104577|37.97523876558618|14.51328025148618|9.284817221793423|SYNTHETIC|BvaluePG|Toni||Mw|3.8440901978315685|synthetic|synthetic unit-square catalog|earthquake|1.4911495203874159|41|10|0.3|-3.6635616461296463
209|2016-06-29T23:55:30.253005|37.82805182092618|15.270740567207588|14.83095653252935|SYNTHETIC|BvaluePG|Toni||Mw|2.6691919451253288|synthetic|synthetic unit-square catalog|earthquake|1.4948579820076624|45|10|0.3|-3.6635616461296463
210|2016-06-30T05:02:59.620180|37.911711471427104|16.485547233090614|15.10181256838382|SYNTHETIC|BvaluePG|Toni||Mw|2.71528278672686|synthetic|synthetic unit-square catalog|earthquake|1.4954426071748306|51|10|0.3|-3.6635616461296463
211|2016-07-05T10:32:14.636672|37.79849224394916|17.574600567357784|14.672964675476504|SYNTHETIC|BvaluePG|Toni||Mw|2.511808713012489|synthetic|synthetic unit-square catalog|earthquake|1.5097578598078665|56|10|0.3|-3.6635616461296463
212|2016-07-06T09:11:46.336881|37.8427035891565|17.4908838900971|12.870400841744994|SYNTHETIC|BvaluePG|Toni||Mw|2.741495256478291|synthetic|synthetic unit-square catalog|earthquake|1.5123427110072152|56|10|0.3|-3.6635616461296463
213|2016-07-07T15:31:20.607756|37.84915688846437|18.02624853425877|10.52477386787245|SYNTHETIC|BvaluePG|Toni||Mw|2.6690600694934443|synthetic|synthetic unit-square catalog|earthquake|1.5158022348897315|59|10|0.3|-3.6635616461296463
214|2016-07-08T23:38:46.594718|37.800084148835424|18.20459203074863|3.7495246266392623|SYNTHETIC|BvaluePG|Toni||Mw|2.9041101680300003|synthetic|synthetic unit-square catalog|earthquake|1.5194668350799256|60|10|0.3|-3.6635616461296463
215|2016-07-11T13:08:02.451267|38.140788814352376|6.172047410643648|15.013911370593082|SYNTHETIC|BvaluePG|Toni||Mw|3.006847392140672|synthetic|synthetic unit-square catalog|earthquake|1.5264811789004151|0|11|0.3|-3.6635616461296463
216|2016-07-11T15:00:28.073582|37.9810383319789|9.016494434466797|5.659564545483931|SYNTHETIC|BvaluePG|Toni||Mw|3.0000356655859948|synthetic|synthetic unit-square catalog|earthquake|1.52669493477268|14|11|0.3|-3.6635616461296463
217|2016-07-12T07:00:19.151399|38.08254644722943|9.12871948547085|7.919584499367511|SYNTHETIC|BvaluePG|Toni||Mw|2.521856232645482|synthetic|synthetic unit-square catalog|earthquake|1.528519885903864|15|11|0.3|-3.6635616461296463
218|2016-07-12T18:26:54.198095|38.042986945562006|9.280631473062726|8.397950785704072|SYNTHETIC|BvaluePG|Toni||Mw|2.8021470351195545|synthetic|synthetic unit-square catalog|earthquake|1.529825278161071|16|11|0.3|-3.6635616461296463
219|2016-07-15T17:12:34.808236|38.089036313649586|10.09135394203923|9.345479963762244|SYNTHETIC|BvaluePG|Toni||Mw|2.64755268113981|synthetic|synthetic unit-square catalog|earthquake|1.5378975209849932|20|11|0.3|-3.6635616461296463
220|2016-07-16T10:43:34.379817|38.15109781628636|10.770198924565577|13.610732963020599|SYNTHETIC|BvaluePG|Toni||Mw|2.5618953178526698|synthetic|synthetic unit-square catalog|earthquake|1.5398957582267903|23|11|0.3|-3.6635616461296463
221|2016-07-16T18:29:40.090440|38.0875681117086|11.981547849623386|11.650005347119567|SYNTHETIC|BvaluePG|Toni||Mw|2.6416527895875346|synthetic|synthetic unit-square catalog|earthquake|1.54078193812077|29|11|0.3|-3.6635616461296463
222|2016-07-21T22:49:34.066991|38.06036954281615|12.605757932684973|16.313384295840557|SYNTHETIC|BvaluePG|Toni||Mw|2.5131953380233547|synthetic|synthetic unit-square catalog|earthquake|1.5549653353547743|32|11|0.3|-3.6635616461296463
223|2016-07-23T11:22:14.028474|38.09551381006036|13.530775130079984|3.2906580429289995|SYNTHETIC|BvaluePG|Toni||Mw|3.0430893254356315|synthetic|synthetic unit-square catalog|earthquake|1.5591342189670465|37|11|0.3|-3.6635616461296463
224|2016-07-28T05:06:29.096430|38.10072204110494|13.880491606502606|9.526272796198352|SYNTHETIC|BvaluePG|Toni||Mw|3.1796969290554844|synthetic|synthetic unit-square catalog|earthquake|1.572109067116324|38|11|0.3|-3.6635616461296463
225|2016-07-29T01:30:47.144697|38.0123881754773|14.554180901351081|11.608388677150932|SYNTHETIC|BvaluePG|Toni||Mw|2.6818836615176687|synthetic|synthetic unit-square catalog|earthquake|1.5744368122004526|42|11|0.3|-3.6635616461296463
226|2016-08-03T00:06:45.715992|38.092217484006746|14.865274656604438|8.06357273052855|SYNTHETIC|BvaluePG|Toni||Mw|2.66914514703988|synthetic|synthetic unit-square catalog|earthquake|1.587966312900615|43|11|0.3|-3.6635616461296463
227|2016-08-04T09:30:39.478727|38.05239196746876|15.70632044339433|4.078744095724447|SYNTHETIC|BvaluePG|Toni||Mw|2.6660310315154283|synthetic|synthetic unit-square catalog|earthquake|1.5917762909323718|47|11|0.3|-3.6635616461296463
228|2016-08-05T00:56:04.913007|38.0657563881363|16.297703913821596|5.601398908747614|SYNTHETIC|BvaluePG|Toni||Mw|2.6013515816266732|synthetic|synthetic unit-square catalog|earthquake|1.5935357857697363|50|11|0.3|-3.6635616461296463
229|2016-08-07T19:35:53.814895|37.99780670532633|16.263486984530456|16.15788533542047|SYNTHETIC|BvaluePG|Toni||Mw|2.5114999091382524|synthetic|synthetic unit-square catalog|earthquake|1.6011405751671615|50|11|0.3|-3.6635616461296463
230|2016-08-08T08:47:07.018622|38.13999154611429|16.46540350088047|13.611670641798243|SYNTHETIC|BvaluePG|Toni||Mw|2.62812166019229|synthetic|synthetic unit-square catalog|earthquake|1.6026449102156703|51|11|0.3|-3.6635616461296463
231|2016-08-10T09:08:18.656019|38.04811859823815|17.04307709420611|9.941152082880395|SYNTHETIC|BvaluePG|Toni||Mw|2.5171392126270082|synthetic|synthetic unit-square catalog|earthquake|1.608160907547438|54|11|0.3|-3.6635616461296463
232|2016-08-10T22:28:00.748762|38.04687278220101|17.875901676098124|15.933436009804879|SYNTHETIC|BvaluePG|Toni||Mw|2.5337645522797545|synthetic|synthetic unit-square catalog|earthquake|1.6096813683157962|58|11|0.3|-3.6635616461296463
233|2016-08-15T10:46:29.929547|38.07957129123935|17.929973861608115|5.657601921989304|SYNTHETIC|BvaluePG|Toni||Mw|2.5433727074419115|synthetic|synthetic unit-square catalog|earthquake|1.6220368446759914|58|11|0.3|-3.6635616461296463
234|2016-08-17T17:29:34.697711|38.05997637244505|18.029657311000708|14.29900153519724|SYNTHETIC|BvaluePG|Toni||Mw|2.511979811818284|synthetic|synthetic unit-square catalog|earthquake|1.6282789153076205|59|11|0.3|-3.6635616461296463
235|2016-08-19T12:00:41.570023|37.99410840567429|18.521104480718794|9.437374236277682|SYNTHETIC|BvaluePG|Toni||Mw|3.1961366588593743|synthetic|synthetic unit-square catalog|earthquake|1.633129311798861|61|11|0.3|-3.6635616461296463
236|2016-08-19T23:11:47.210808|37.9850820118856|18.770349764711423|16.315627011101334|SYNTHETIC|BvaluePG|Toni||Mw|2.5825075699425266|synthetic|synthetic unit-square catalog|earthquake|1.6344052529599362|62|11|0.3|-3.6635616461296463
237|2016-08-23T21:03:16.166768|38.28809084870314|6.315143977848391|17.107833283651082|SYNTHETIC|BvaluePG|Toni||Mw|2.643661907947297|synthetic|synthetic unit-square catalog|earthquake|1.6451123078677876|1|12|0.3|-3.6635616461296463
238|2016-08-23T23:16:48.663817|38.29584096509187|6.279196000430456|16.4652719778343|SYNTHETIC|BvaluePG|Toni||Mw|2.7002393185141695|synthetic|synthetic unit-square catalog|earthquake|1.645366208577883|1|12|0.3|-3.6635616461296463
239|2016-08-26T12:35:46.727550|38.28943128748248|6.711198799187968|10.868390414185678|SYNTHETIC|BvaluePG|Toni||Mw|2.545743237544351|synthetic|synthetic unit-square catalog|earthquake|1.6523609757253577|3|12|0.3|-3.6635616461296463
240|2016-08-26T15:35:34.421705|38.3255124632737|7.517763399439275|2.9260583918666416|SYNTHETIC|BvaluePG|Toni||Mw|2.6823036264756515|synthetic|synthetic unit-square catalog|earthquake|1.6527028171250646|7|12|0.3|-3.6635616461296463
241|2016-08-28T15:39:15.781687|38.26806863021617|9.023571654349816|3.380527075236129|SYNTHETIC|BvaluePG|Toni||Mw|2.9171008182924965|synthetic|synthetic unit-square catalog|earthquake|1.6581855331738637|14|12|0.3|-3.6635616461296463
242|2016-08-30T18:34:08.522125|38.333932693423336|9.257132082052625|14.170462911609821|SYNTHETIC|BvaluePG|Toni||Mw|3.126293685944769|synthetic|synthetic unit-square catalog|earthquake|1.6639937296285445|16|12|0.3|-3.6635616461296463
243|2016-09-07T11:28:46.828406|38.33471988275941|10.659556858372707|3.2960529640058525|SYNTHETIC|BvaluePG|Toni||Mw|3.184812786954285|synthetic|synthetic unit-square catalog|earthquake|1.6850878022538673|22|12|0.3|-3.6635616461296463
244|2016-09-09T06:17:07.898511|38.20926082224292|10.629766688891543|12.86840443136166|SYNTHETIC|BvaluePG|Toni||Mw|2.9798932882041615|synthetic|synthetic unit-square catalog|earthquake|1.6899709704955734|22|12|0.3|-3.6635616461296463
245|2016-09-09T16:19:53.288687|38.17513809881717|10.486070712313367|13.008544129246859|SYNTHETIC|BvaluePG|Toni||Mw|2.7061594006865994|synthetic|synthetic unit-square catalog|earthquake|1.6911169825552996|22|12|0.3|-3.6635616461296463
246|2016-09-12T11:32:53.959114|38.24852201433822|11.035915388230059|7.661074053017673|SYNTHETIC|BvaluePG|Toni||Mw|3.133653068349749|synthetic|synthetic unit-square catalog|earthquake|1.6987848872890876|24|12|0.3|-3.6635616461296463
247|2016-09-13T02:40:03.552193|38.25742673327851|11.781685937120113|9.775906330713791|SYNTHETIC|BvaluePG|Toni||Mw|3.5173728603538383|synthetic|synthetic unit-square catalog|earthquake|1.7005096570142786|28|12|0.3|-3.6635616461296463
248|2016-09-13T05:31:05.978813|38.17244295826212|12.630176248723501|2.290883042366861|SYNTHETIC|BvaluePG|Toni||Mw|3.2072985926148796|synthetic|synthetic unit-square catalog|earthquake|1.700834853690184|32|12|0.3|-3.6635616461296463
249|2016-09-17T08:30:54.354612|38.21701329807488|12.554014087268124|15.624362399405003|SYNTHETIC|BvaluePG|Toni||Mw|2.70060902260651|synthetic|synthetic unit-square catalog|earthquake|1.7121281198384108|32|12|0.3|-3.6635616461296463
250|2016-09-21T11:15:36.484234|38.318292777929756|12.75920220330128|12.621869066428411|SYNTHETIC|BvaluePG|Toni||Mw|3.102899752051391|synthetic|synthetic unit-square catalog|earthquake|1.723392668778172|33|12|0.3|-3.6635616461296463
251|2016-09-24T00:58:48.873748|38.235358792767386|15.074777593891293|4.241256286042743|SYNTHETIC|BvaluePG|Toni||Mw|2.904023314942502|synthetic|synthetic unit-square catalog|earthquake|1.730433520728708|44|12|0.3|-3.6635616461296463
252|2016-09-25T15:52:00.805106|38.3020428601168|15.55687985533033|9.860844097760932|SYNTHETIC|BvaluePG|Toni||Mw|2.832725350460968|synthetic|synthetic unit-square catalog|earthquake|1.7348695973428518|47|12|0.3|-3.6635616461296463
253|2016-09-27T06:36:58.308125|38.215694684348584|15.588786771432012|3.7813966431223385|SYNTHETIC|BvaluePG|Toni||Mw|2.6222988592125063|synthetic|synthetic unit-square catalog|earthquake|1.7392900064683359|47|12|0.3|-3.6635616461296463
254|2016-09-28T02:37:05.241280|38.23712722114554|15.803200677985817|11.852786566218766|SYNTHETIC|BvaluePG|Toni||Mw|2.8110233589247535|synthetic|synthetic unit-square catalog|earthquake|1.7415717684893905|48|12|0.3|-3.6635616461296463
255|2016-09-30T06:52:45.696889|38.25055675387111|16.680731169408|11.37192986235836|SYNTHETIC|BvaluePG|Toni||Mw|2.512952666847607|synthetic|synthetic unit-square catalog|earthquake|1.7475335797681057|52|12|0.3|-3.6635616461296463
256|2016-10-01T23:19:31.308738|38.32057613333635|17.877732212039795|14.813444966039718|SYNTHETIC|BvaluePG|Toni||Mw|2.673882371657293|synthetic|synthetic unit-square catalog|earthquake|1.752147543182565|58|12|0.3|-3.6635616461296463
257|2016-10-02T10:11:36.077039|38.173835773918434|18.192521003620502|6.477973134589867|SYNTHETIC|BvaluePG|Toni||Mw|4.550027227474712|synthetic|synthetic unit-square catalog|earthquake|1.7533873322762172|60|12|0.3|-3.6635616461296463
258|2016-10-04T03:41:26.710009|38.227967276484186|18.695864583610987|4.549373091594916|SYNTHETIC|BvaluePG|Toni||Mw|2.804999420426501|synthetic|synthetic unit-square catalog|earthquake|1.7581212357723652|62|12|0.3|-3.6635616461296463
259|2016-10-05T02:11:31.482766|38.457280653140465|6.8159330404174145|6.428219079516623|SYNTHETIC|BvaluePG|Toni||Mw|4.660316355437544|synthetic|synthetic unit-square catalog|earthquake|1.7606881221248194|4|13|0.3|-3.6635616461296463
260|2016-10-07T15:55:27.803932|38.46076036983079|7.692819412020194|7.736611353061242|SYNTHETIC|BvaluePG|Toni||Mw|3.1251498277389835|synthetic|synthetic unit-square catalog|earthquake|1.7677303661853894|8|13|0.3|-3.6635616461296463
261|2016-10-08T00:41:13.609467|38.431978851854|8.335064271170303|13.952117037502799|SYNTHETIC|BvaluePG|Toni||Mw|2.562220692490173|synthetic|synthetic unit-square catalog|earthquake|1.7687299924413769|11|13|0.3|-3.6635616461296463
262|2016-10-14T07:37:09.216979|38.46568177139995|11.578224292656758|4.354567220513886|SYNTHETIC|BvaluePG|Toni||Mw|3.0060050442669475|synthetic|synthetic unit-square catalog|earthquake|1.785947892646449|27|13|0.3|-3.6635616461296463
263|2016-10-17T16:19:55.234344|38.43434896543671|12.862708637687692|14.895301346634433|SYNTHETIC|BvaluePG|Toni||Mw|2.5138444242280467|synthetic|synthetic unit-square catalog|earthquake|1.7951553741204795|33|13|0.3|-3.6635616461296463
264|2016-10-22T20:34:51.447316|38.51258896030512|13.020402866534592|15.890195268922868|SYNTHETIC|BvaluePG|Toni||Mw|3.1636923905073573|synthetic|synthetic unit-square catalog|earthquake|1.8093293357960227|34|13|0.3|-3.6635616461296463
265|2016-10-24T18:50:43.934474|38.49075897512687|14.159137990336017|11.681119251307132|SYNTHETIC|BvaluePG|Toni||Mw|3.6817255197733285|synthetic|synthetic unit-square catalog|earthquake|1.8146070656347235|40|13|0.3|-3.6635616461296463
266|2016-10-24T21:18:20.891049|38.38164494549421|16.31835574557985|9.842494678377983|SYNTHETIC|BvaluePG|Toni||Mw|3.420258347127581|synthetic|synthetic unit-square catalog|earthquake|1.8148877256524365|50|13|0.3|-3.6635616461296463
267|2016-10-25T06:17:10.641619|38.45212825468029|18.31476756046571|12.227472495549307|SYNTHETIC|BvaluePG|Toni||Mw|2.571237039480216|synthetic|synthetic unit-square catalog|earthquake|1.8159121936274991|60|13|0.3|-3.6635616461296463
268|2016-10-25T23:16:27.910011|38.35247761307393|18.7553033302205|11.680115097378174|SYNTHETIC|BvaluePG|Toni||Mw|3.137102620830449|synthetic|synthetic unit-square catalog|earthquake|1.8178501505187739|62|13|0.3|-3.6635616461296463
269|2016-10-26T05:21:43.895601|38.64458528568542|7.866748130953615|7.005464259592552|SYNTHETIC|BvaluePG|Toni||Mw|2.8058864561100467|synthetic|synthetic unit-square catalog|earthquake|1.8185446261947003|9|14|0.3|-3.6635616461296463
270|2016-10-27T14:09:20.473600|38.621521790316244|8.694992513231494|16.985926182161872|SYNTHETIC|BvaluePG|Toni||Mw|2.759993379321746|synthetic|synthetic unit-square catalog|earthquake|1.82228561340536|13|14|0.3|-3.6635616461296463
271|2016-10-28T15:24:51.876823|38.62981887602919|8.859209346457144|3.890340638087581|SYNTHETIC|BvaluePG|Toni||Mw|2.828334619934198|synthetic|synthetic unit-square catalog|earthquake|1.8251670556957167|14|14|0.3|-3.6635616461296463
272|2016-10-28T20:56:55.663098|38.5690576910488|9.79445224733695|9.162972795294285|SYNTHETIC|BvaluePG|Toni||Mw|2.636829792861151|synthetic|synthetic unit-square catalog|earthquake|1.8257984023847995|18|14|0.3|-3.6635616461296463
273|2016-11-01T23:48:50.627780|38.577534502871146|10.592251898494476|9.916966761345515|SYNTHETIC|BvaluePG|Toni||Mw|2.564845509481382|synthetic|synthetic unit-square catalog|earthquake|1.8370766670399608|22|14|0.3|-3.6635616461296463
274|2016-11-02T15:17:23.968266|38.516023257228284|10.540009551894235|12.43237959438015|SYNTHETIC|BvaluePG|Toni||Mw|2.653200956462251|synthetic|synthetic unit-square catalog|earthquake|1.8388421162656887|22|14|0.3|-3.6635616461296463
275|2016-11-06T09:18:35.423310|38.57534748850174|12.044416343728948|10.551993110111095|SYNTHETIC|BvaluePG|Toni||Mw|2.542918020137595|synthetic|synthetic unit-square catalog|earthquake|1.8491113209911525|29|14|0.3|-3.6635616461296463
276|2016-11-08T12:43:54.235591|38.60094580898388|12.230785142276691|3.996966049022216|SYNTHETIC|BvaluePG|Toni||Mw|2.886733997600524|synthetic|synthetic unit-square catalog|earthquake|1.8549773821707527|30|14|0.3|-3.6635616461296463
277|2016-11-09T03:41:15.494045|38.55572771810718|12.61450957180806|4.440382697316226|SYNTHETIC|BvaluePG|Toni||Mw|2.7229182013980706|synthetic|synthetic unit-square catalog|earthquake|1.8566835086966649|32|14|0.3|-3.6635616461296463
278|2016-11-10T20:47:32.999097|38.586017191073964|12.551163082846475|7.177046698059264|SYNTHETIC|BvaluePG|Toni||Mw|3.3243835036044853|synthetic|synthetic unit-square catalog|earthquake|1.861372632871252|32|14|0.3|-3.6635616461296463
279|2016-11-11T07:52:18.125009|38.595569826904374|12.6895420054095|17.91376257766401|SYNTHETIC|BvaluePG|Toni||Mw|2.759592273009745|synthetic|synthetic unit-square catalog|earthquake|1.8626365162436243|32|14|0.3|-3.6635616461296463
280|2016-11-15T06:45:38.096813|38.52239126328991|12.584649558048367|9.05019674055321|SYNTHETIC|BvaluePG|Toni||Mw|2.556397070170799|synthetic|synthetic unit-square catalog|earthquake|1.8734611661473977|32|14|0.3|-3.6635616461296463
281|2016-11-16T22:48:47.536654|38.660925133379536|14.205788672011556|8.315129640268365|SYNTHETIC|BvaluePG|Toni||Mw|2.8405613869120425|synthetic|synthetic unit-square catalog|earthquake|1.8780302537789573|40|14|0.3|-3.6635616461296463
282|2016-11-17T13:53:09.495388|38.55366254746895|14.993576266463721|4.309803500411313|SYNTHETIC|BvaluePG|Toni||Mw|2.7037723936468447|synthetic|synthetic unit-square catalog|earthquake|1.8797497114922646|44|14|0.3|-3.6635616461296463
283|2016-11-18T09:28:28.145966|38.61378590169171|15.706647628937809|11.827631961064627|SYNTHETIC|BvaluePG|Toni||Mw|3.436083599749152|synthetic|synthetic unit-square catalog|earthquake|1.8819843126843294|47|14|0.3|-3.6635616461296463
284|2016-11-22T07:09:54.061091|38.542903560484014|15.812997701338483|4.395225917320671|SYNTHETIC|BvaluePG|Toni||Mw|2.71241748564071|synthetic|synthetic unit-square catalog|earthquake|1.8926722583812272|48|14|0.3|-3.6635616461296463
285|2016-11-22T21:42:12.547146|38.691837326076914|16.316331354842305|15.483497603894268|SYNTHETIC|BvaluePG|Toni||Mw|2.8115382948369407|synthetic|synthetic unit-square catalog|earthquake|1.8943307649233831|50|14|0.3|-3.6635616461296463
286|2016-11-24T14:01:43.914171|38.74379410838505|6.580955672813341|9.638450812858155|SYNTHETIC|BvaluePG|Toni||Mw|2.829130629072156|synthetic|synthetic unit-square catalog|earthquake|1.8989309679497524|2|15|0.3|-3.6635616461296463
287|2016-11-26T04:20:30.979940|38.81659306291645|6.530449073848542|16.581713709904776|SYNTHETIC|BvaluePG|Toni||Mw|2.519610200114558|synthetic|synthetic unit-square catalog|earthquake|1.9033016129217717|2|15|0.3|-3.6635616461296463
288|2016-11-27T02:07:26.217000|38.720348327874895|6.57691354444087|5.72282087769276|SYNTHETIC|BvaluePG|Toni||Mw|2.6473606578605597|synthetic|synthetic unit-square catalog|earthquake|1.9057864418397075|2|15|0.3|-3.6635616461296463
289|2016-11-29T15:58:50.190678|38.78048892524719|6.61891660924735|14.761001346082447|SYNTHETIC|BvaluePG|Toni||Mw|3.5354847563946543|synthetic|synthetic unit-square catalog|earthquake|1.9128428711523715|3|15|0.3|-3.6635616461296463
290|2016-12-01T22:41:56.046459|38.717754616939814|8.915886852572378|6.775701856918733|SYNTHETIC|BvaluePG|Toni||Mw|3.0526276012473255|synthetic|synthetic unit-square catalog|earthquake|1.9190849762484863|14|15|0.3|-3.6635616461296463
291|2016-12-06T05:28:13.072287|38.797477847027764|8.949662991833005|14.604387936120608|SYNTHETIC|BvaluePG|Toni||Mw|2.695450426171|synthetic|synthetic unit-square catalog|earthquake|1.93080884073209|14|15|0.3|-3.6635616461296463
292|2016-12-06T08:54:57.336144|38.74090326434313|9.22475527967574|17.72951088286839|SYNTHETIC|BvaluePG|Toni||Mw|3.485251874342408|synthetic|synthetic unit-square catalog|earthquake|1.9312019081344778|15|15|0.3|-3.6635616461296463
293|2016-12-07T00:03:34.175984|38.76402740984693|10.082567057602652|3.057538762417094|SYNTHETIC|BvaluePG|Toni||Mw|2.5380047733203726|synthetic|synthetic unit-square catalog|earthquake|1.9329294425426635|20|15|0.3|-3.6635616461296463
294|2016-12-09T14:54:35.597359|38.70488692453302|10.70841248589245|17.457042311255982|SYNTHETIC|BvaluePG|Toni||Mw|2.6493004261599857|synthetic|synthetic unit-square catalog|earthquake|1.9400992343321144|23|15|0.3|-3.6635616461296463
295|2016-12-10T16:51:57.332612|38.8626886239052|12.073856141636352|4.086415158675258|SYNTHETIC|BvaluePG|Toni||Mw|2.5538192559444317|synthetic|synthetic unit-square catalog|earthquake|1.943060224244314|29|15|0.3|-3.6635616461296463
296|2016-12-12T01:21:57.853624|38.74346665701489|11.964504682898209|6.6293025157039285|SYNTHETIC|BvaluePG|Toni||Mw|3.7616934868357617|synthetic|synthetic unit-square catalog|earthquake|1.9467677470284206|29|15|0.3|-3.6635616461296463
297|2016-12-12T04:01:52.942779|38.71505278277285|12.915478110634972|13.987976380130123|SYNTHETIC|BvaluePG|Toni||Mw|2.612584496376501|synthetic|synthetic unit-square catalog|earthquake|1.9470717970561735|34|15|0.3|-3.6635616461296463
298|2016-12-13T15:39:35.258283|38.70516422024879|13.227729127775165|11.81955739219449|SYNTHETIC|BvaluePG|Toni||Mw|3.5136072923879826|synthetic|synthetic unit-square catalog|earthquake|1.9511361845730701|35|15|0.3|-3.6635616461296463
299|2016-12-14T20:49:53.252359|38.85913678649451|14.523741848645255|3.5631805531324776|SYNTHETIC|BvaluePG|Toni||Mw|3.6152747780522683|synthetic|synthetic unit-square catalog|earthquake|1.9544640039914218|41|15|0.3|-3.6635616461296463
300|2016-12-14T21:53:35.248451|38.75383908294025|15.435946558587322|3.66609335942624|SYNTHETIC|BvaluePG|Toni||Mw|3.2263780810625846|synthetic|synthetic unit-square catalog|earthquake|1.9545851157392058|46|15|0.3|-3.6635616461296463
301|2016-12-16T08:27:27.579229|38.70157580735233|15.423491648851044|13.73470975011676|SYNTHETIC|BvaluePG|Toni||Mw|2.765042714722865|synthetic|synthetic unit-square catalog|earthquake|1.9585281383637865|46|15|0.3|-3.6635616461296463
302|2016-12-19T04:55:32.525540|38.76412261231127|15.769734463034256|2.1818581025874444|SYNTHETIC|BvaluePG|Toni||Mw|2.556803395528936|synthetic|synthetic unit-square catalog|earthquake|1.9663387749873373|48|15|0.3|-3.6635616461296463
303|2016-12-21T04:31:58.417358|38.796789427291266|16.863451191406966|3.7358233764440794|SYNTHETIC|BvaluePG|Toni||Mw|3.0703579299889046|synthetic|synthetic unit-square catalog|earthquake|1.9717696661773398|53|15|0.3|-3.6635616461296463
304|2016-12-22T17:58:38.155301|38.778565610162765|16.821270447278586|8.413858683566962|SYNTHETIC|BvaluePG|Toni||Mw|2.528829517530589|synthetic|synthetic unit-square catalog|earthquake|1.9760412121106052|53|15|0.3|-3.6635616461296463
305|2016-12-23T07:32:51.906679|38.843367162195726|17.42366147003589|7.30512534904789|SYNTHETIC|BvaluePG|Toni||Mw|3.1427674268289993|synthetic|synthetic unit-square catalog|earthquake|1.9775892940743023|56|15|0.3|-3.6635616461296463
306|2016-12-29T02:51:21.589185|38.960417870856084|7.019241304763395|13.092052375204995|SYNTHETIC|BvaluePG|Toni||Mw|2.825949387679474|synthetic|synthetic unit-square catalog|earthquake|1.9934811769331562|5|16|0.3|-3.6635616461296463
307|2016-12-29T17:06:16.400874|38.9743354032928|7.8518323429918375|10.082723858311505|SYNTHETIC|BvaluePG|Toni||Mw|2.646711254924812|synthetic|synthetic unit-square catalog|earthquake|1.9951066114303406|9|16|0.3|-3.6635616461296463
308|2016-12-30T14:02:09.171113|38.96691594985962|9.673849076572374|10.868639641205778|SYNTHETIC|BvaluePG|Toni||Mw|2.788965996567633|synthetic|synthetic unit-square catalog|earthquake|1.9974943966307068|18|16|0.3|-3.6635616461296463
309|2016-12-31T21:48:06.183293|38.99746385007694|11.66113621534555|7.931792337314478|SYNTHETIC|BvaluePG|Toni||Mw|2.6275299040827504|synthetic|synthetic unit-square catalog|earthquake|2.0011181516748278|27|16|0.3|-3.6635616461296463
310|2017-01-02T12:57:31.000768|39.03880997876439|11.720879716237494|6.575641655932582|SYNTHETIC|BvaluePG|Toni||Mw|2.9040710254610334|synthetic|synthetic unit-square catalog|earthquake|2.005585057189653|28|16|0.3|-3.6635616461296463
311|2017-01-06T21:26:51.918075|38.914700650629165|12.551009146872676|14.914978442386657|SYNTHETIC|BvaluePG|Toni||Mw|3.3121027248817794|synthetic|synthetic unit-square catalog|earthquake|2.0175048773694915|32|16|0.3|-3.6635616461296463
312|2017-01-08T10:22:14.129810|39.03264511506614|12.969811226951794|3.9954190588188734|SYNTHETIC|BvaluePG|Toni||Mw|2.7779217751705643|synthetic|synthetic unit-square catalog|earthquake|2.021716928087401|34|16|0.3|-3.6635616461296463
313|2017-01-09T19:22:15.673096|39.04333616573548|13.90990578461206|5.754738219659011|SYNTHETIC|BvaluePG|Toni||Mw|3.7384148011437035|synthetic|synthetic unit-square catalog|earthquake|2.025481521823489|38|16|0.3|-3.6635616461296463
314|2017-01-11T04:12:19.760451|38.90346194909821|14.06917091152846|14.294264725491889|SYNTHETIC|BvaluePG|Toni||Mw|2.5647617911863825|synthetic|synthetic unit-square catalog|earthquake|2.0292271833235564|39|16|0.3|-3.6635616461296463
315|2017-01-11T15:43:53.473282|38.91678218607547|14.019660123097673|17.611693026092723|SYNTHETIC|BvaluePG|Toni||Mw|2.7976749461930215|synthetic|synthetic unit-square catalog|earthquake|2.0305420397394713|39|16|0.3|-3.6635616461296463
316|2017-01-14T08:26:22.118000|38.93835746939558|14.845923650149212|3.7026171271970814|SYNTHETIC|BvaluePG|Toni||Mw|2.5470300516399065|synthetic|synthetic unit-square catalog|earthquake|2.037923736849475|43|16|0.3|-3.6635616461296463
317|2017-01-17T13:58:23.218224|38.991754717190055|16.895515815843332|5.993815566060309|SYNTHETIC|BvaluePG|Toni||Mw|2.7780271965300765|synthetic|synthetic unit-square catalog|earthquake|2.0467685507841016|53|16|0.3|-3.6635616461296463
318|2017-01-18T22:06:52.380438|39.01352236956025|16.818134597560967|15.027367906637235|SYNTHETIC|BvaluePG|Toni||Mw|2.590652156561411|synthetic|synthetic unit-square catalog|earthquake|2.050435152877217|53|16|0.3|-3.6635616461296463
319|2017-01-21T23:14:06.767429|38.93466273955106|17.56110170427395|13.557774706043062|SYNTHETIC|BvaluePG|Toni||Mw|2.611791458019179|synthetic|synthetic unit-square catalog|earthquake|2.058776547247867|56|16|0.3|-3.6635616461296463
320|2017-01-23T12:50:33.028432|39.04863644620321|18.025530115467628|8.116611661975579|SYNTHETIC|BvaluePG|Toni||Mw|2.5912250045600946|synthetic|synthetic unit-square catalog|earthquake|2.0630666789753507|59|16|0.3|-3.6635616461296463
321|2017-01-24T14:30:53.229547|38.92475314039164|18.01408730077403|9.347249823945953|SYNTHETIC|BvaluePG|Toni||Mw|2.822417015579059|synthetic|synthetic unit-square catalog|earthquake|2.065995298424074|59|16|0.3|-3.6635616461296463
322|2017-01-27T00:32:17.022196|39.00370293931832|18.93225817661851|4.915778057341962|SYNTHETIC|BvaluePG|Toni||Mw|2.5465389193777273|synthetic|synthetic unit-square catalog|earthquake|2.072614426388454|63|16|0.3|-3.6635616461296463
323|2017-01-28T18:57:46.724254|39.2070242669742|6.7153744974368905|9.175231148839181|SYNTHETIC|BvaluePG|Toni||Mw|2.6174228076155512|synthetic|synthetic unit-square catalog|earthquake|2.077454138599073|3|17|0.3|-3.6635616461296463
324|2017-01-30T06:06:31.704798|39.139402093643646|6.892606606683783|9.803985782078163|SYNTHETIC|BvaluePG|Toni||Mw|3.1270374897952506|synthetic|synthetic unit-square catalog|earthquake|2.0814634732932182|4|17|0.3|-3.6635616461296463
325|2017-02-03T21:24:44.400776|39.1872347653152|7.265339406693605|11.216559328910998|SYNTHETIC|BvaluePG|Toni||Mw|2.7579593643737854|synthetic|synthetic unit-square catalog|earthquake|2.094160658629829|6|17|0.3|-3.6635616461296463
326|2017-02-07T10:52:12.698219|39.116176300704474|8.337315444813463|5.7156170846058885|SYNTHETIC|BvaluePG|Toni||Mw|2.6292400059447414|synthetic|synthetic unit-square catalog|earthquake|2.10390944489503|11|17|0.3|-3.6635616461296463
327|2017-02-09T07:08:30.559960|39.142106900891626|9.012343864096676|16.748186339551218|SYNTHETIC|BvaluePG|Toni||Mw|3.5477563532144836|synthetic|synthetic unit-square catalog|earthquake|2.1089598245734953|14|17|0.3|-3.6635616461296463
328|2017-02-11T22:58:42.883520|39.070324537791464|9.489332141480746|8.535052495783756|SYNTHETIC|BvaluePG|Toni||Mw|2.6156508057761756|synthetic|synthetic unit-square catalog|earthquake|2.1162421376632135|17|17|0.3|-3.6635616461296463
329|2017-02-13T02:45:21.365540|39.20482659917736|10.65176207293909|14.826759856147902|SYNTHETIC|BvaluePG|Toni||Mw|2.827439744487892|synthetic|synthetic unit-square catalog|earthquake|2.119410898342722|22|17|0.3|-3.6635616461296463
330|2017-02-15T06:59:36.805709|39.11838745886577|11.243546354311555|2.1110600999534324|SYNTHETIC|BvaluePG|Toni||Mw|2.6203730383515964|synthetic|synthetic unit-square catalog|earthquake|2.1253700156446986|25|17|0.3|-3.6635616461296463
331|2017-02-16T00:14:11.322438|39.15085024592563|12.606851500348533|3.4607909683069575|SYNTHETIC|BvaluePG|Toni||Mw|2.584303618183659|synthetic|synthetic unit-square catalog|earthquake|2.1273370383818246|32|17|0.3|-3.6635616461296463
332|2017-02-18T06:51:22.082997|39.10399531841362|12.718552370304558|9.130751303913508|SYNTHETIC|BvaluePG|Toni||Mw|2.5224230353134276|synthetic|synthetic unit-square catalog|earthquake|2.1335678911893696|33|17|0.3|-3.6635616461296463
333|2017-02-21T10:19:31.501293|39.19576986699024|14.134097958929644|4.877000076076708|SYNTHETIC|BvaluePG|Toni||Mw|2.8770601592785563|synthetic|synthetic unit-square catalog|earthquake|2.1421772093344726|40|17|0.3|-3.6635616461296463
334|2017-02-25T08:58:35.787672|39.063484942809225|14.487342403044286|3.209125213960837|SYNTHETIC|BvaluePG|Toni||Mw|2.5148582711547105|synthetic|synthetic unit-square catalog|earthquake|2.15297474420339|41|17|0.3|-3.6635616461296463
335|2017-02-26T06:50:26.645295|39.068244425578506|14.399197185482311|6.880220865295843|SYNTHETIC|BvaluePG|Toni||Mw|2.653008820525514|synthetic|synthetic unit-square catalog|earthquake|2.155468940771661|41|17|0.3|-3.6635616461296463
336|2017-03-02T12:13:37.587934|39.093417912477875|14.71530257604266|13.065968994551842|SYNTHETIC|BvaluePG|Toni||Mw|2.6509062895354614|synthetic|synthetic unit-square catalog|earthquake|2.167034805813336|42|17|0.3|-3.6635616461296463
337|2017-03-06T01:57:12.769946|39.1197450562772|14.762923391832441|2.0885328164497903|SYNTHETIC|BvaluePG|Toni||Mw|2.838347990511688|synthetic|synthetic unit-square catalog|earthquake|2.1768142308016456|43|17|0.3|-3.6635616461296463
338|2017-03-06T14:12:37.565064|39.19093868637588|17.15881015841459|9.610780403163709|SYNTHETIC|BvaluePG|Toni||Mw|2.5645300513368725|synthetic|synthetic unit-square catalog|earthquake|2.1782124611841502|54|17|0.3|-3.6635616461296463
339|2017-03-08T03:35:52.834073|39.09650262220662|18.27110497160829|9.050840909371695|SYNTHETIC|BvaluePG|Toni||Mw|2.7838245147022422|synthetic|synthetic unit-square catalog|earthquake|2.1824775278878397|60|17|0.3|-3.6635616461296463
340|2017-03-08T12:40:59.949476|39.09808660212886|18.76033151429383|7.4753781865390145|SYNTHETIC|BvaluePG|Toni||Mw|2.5081526905848626|synthetic|synthetic unit-square catalog|earthquake|2.183513953832872|62|17|0.3|-3.6635616461296463
341|2017-03-08T14:44:19.719810|39.14322039010306|18.71393691963225|4.822029260408961|SYNTHETIC|BvaluePG|Toni||Mw|2.6807318542710243|synthetic|synthetic unit-square catalog|earthquake|2.1837484384050363|62|17|0.3|-3.6635616461296463
342|2017-03-09T01:51:15.549537|39.36581149432936|6.264753529390587|2.108113833870876|SYNTHETIC|BvaluePG|Toni||Mw|2.539845932234806|synthetic|synthetic unit-square catalog|earthquake|2.185016463531355|1|18|0.3|-3.6635616461296463
343|2017-03-09T02:20:29.812486|39.299687381493804|6.7975796737648|10.76550477536593|SYNTHETIC|BvaluePG|Toni||Mw|2.5429723067861674|synthetic|synthetic unit-square catalog|earthquake|2.185072052769751|3|18|0.3|-3.6635616461296463
344|2017-03-09T23:10:56.888329|39.28410605735382|6.991123078441873|17.7996009890768|SYNTHETIC|BvaluePG|Toni||Mw|2.5478711315564304|synthetic|synthetic unit-square catalog|earthquake|2.187449517337475|4|18|0.3|-3.6635616461296463
345|2017-03-11T01:13:09.617675|39.265724583405124|7.118519277956532|7.085302334186464|SYNTHETIC|BvaluePG|Toni||Mw|2.6980706714826135|synthetic|synthetic unit-square catalog|earthquake|2.190419728296048|5|18|0.3|-3.6635616461296463
346|2017-03-20T22:38:44.699061|39.41098888159725|7.147481007207372|16.601907102696565|SYNTHETIC|BvaluePG|Toni||Mw|2.7988896502937264|synthetic|synthetic unit-square catalog|earthquake|2.217504648612749|5|18|0.3|-3.6635616461296463
347|2017-03-21T10:06:09.003622|39.411834989270154|7.320914454747818|15.478905547256993|SYNTHETIC|BvaluePG|Toni||Mw|2.8098047911633186|synthetic|synthetic unit-square catalog|earthquake|2.218811601757497|6|18|0.3|-3.6635616461296463
348|2017-03-27T15:48:58.046432|39.36920722558519|7.576678098172006|3.215381784492946|SYNTHETIC|BvaluePG|Toni||Mw|2.741178151406387|synthetic|synthetic unit-square catalog|earthquake|2.235890500115114|7|18|0.3|-3.6635616461296463
349|2017-03-28T13:34:11.807548|39.26956373796723|8.417319810902221|11.909743458556127|SYNTHETIC|BvaluePG|Toni||Mw|3.106181067884653|synthetic|synthetic unit-square catalog|earthquake|2.2383721134543952|11|18|0.3|-3.6635616461296463
350|2017-04-02T06:01:08.117510|39.307079406441055|8.806481204530296|12.969346735168942|SYNTHETIC|BvaluePG|Toni||Mw|3.5494148293929086|synthetic|synthetic unit-square catalog|earthquake|2.2511999682330153|13|18|0.3|-3.6635616461296463
351|2017-04-05T08:10:26.434408|39.35541244344516|9.350246964597137|14.856814835612779|SYNTHETIC|BvaluePG|Toni||Mw|2.7534752200212083|synthetic|synthetic unit-square catalog|earthquake|2.2596593668215617|16|18|0.3|-3.6635616461296463
352|2017-04-07T17:20:00.724054|39.38735359994911|10.789525879057518|4.947543740964074|SYNTHETIC|BvaluePG|Toni||Mw|4.0780813598353305|synthetic|synthetic unit-square catalog|earthquake|2.2661799605817414|23|18|0.3|-3.6635616461296463
353|2017-04-08T10:09:36.247174|39.3676981279924|11.124310759207184|11.9155194979043|SYNTHETIC|BvaluePG|Toni||Mw|2.7664317922445387|synthetic|synthetic unit-square catalog|earthquake|2.268099483077762|25|18|0.3|-3.6635616461296463
354|2017-04-11T17:36:29.088115|39.378660596610686|11.60940951248856|10.502216752499681|SYNTHETIC|BvaluePG|Toni||Mw|2.5375509358742763|synthetic|synthetic unit-square catalog|earthquake|2.2771626830974325|27|18|0.3|-3.6635616461296463
355|2017-04-12T06:38:06.353874|39.302013127881914|11.841088645267211|10.196412928119909|SYNTHETIC|BvaluePG|Toni||Mw|2.6140495190246504|synthetic|synthetic unit-square catalog|earthquake|2.2786487677730327|28|18|0.3|-3.6635616461296463
356|2017-04-12T10:20:35.611750|39.25554806928448|13.22034346957751|13.221332964412072|SYNTHETIC|BvaluePG|Toni||Mw|2.8996168324396496|synthetic|synthetic unit-square catalog|earthquake|2.279071780228863|35|18|0.3|-3.6635616461296463
357|2017-04-17T09:37:50.586558|39.36110212310069|14.472773769585945|3.0449356061065807|SYNTHETIC|BvaluePG|Toni||Mw|2.736187881080841|synthetic|synthetic unit-square catalog|earthquake|2.2926797534210017|41|18|0.3|-3.6635616461296463
358|2017-04-17T11:43:13.981585|39.25025023762387|15.797129025092707|11.582806709806869|SYNTHETIC|BvaluePG|Toni||Mw|2.554040350680808|synthetic|synthetic unit-square catalog|earthquake|2.2929181554232825|48|18|0.3|-3.6635616461296463
359|2017-04-17T15:09:27.031513|39.35916297238681|16.866516046827478|2.0206321370422913|SYNTHETIC|BvaluePG|Toni||Mw|2.7938710522659895|synthetic|synthetic unit-square catalog|earthquake|2.2933102337159106|53|18|0.3|-3.6635616461296463
360|2017-04-18T00:10:02.346674|39.27866571330101|17.232845409321847|2.7957792261292926|SYNTHETIC|BvaluePG|Toni||Mw|2.6521247532047942|synthetic|synthetic unit-square catalog|earthquake|2.294338046831026|55|18|0.3|-3.6635616461296463
361|2017-04-19T04:15:14.419915|39.39438863153637|18.50678295080415|6.990104193717526|SYNTHETIC|BvaluePG|Toni||Mw|2.653367100855167|synthetic|synthetic unit-square catalog|earthquake|2.2975420950869485|61|18|0.3|-3.6635616461296463
362|2017-04-23T13:00:25.145994|39.35826516174047|18.530552759368675|14.606554813311758|SYNTHETIC|BvaluePG|Toni||Mw|2.600061603798754|synthetic|synthetic unit-square catalog|earthquake|2.3094920128905247|61|18|0.3|-3.6635616461296463
363|2017-04-26T20:19:05.334126|39.28584042352254|18.89283913897263|3.9132918858877677|SYNTHETIC|BvaluePG|Toni||Mw|2.554913430679478|synthetic|synthetic unit-square catalog|earthquake|2.318539601684745|63|18|0.3|-3.6635616461296463
364|2017-04-27T13:56:15.720106|39.43057623153825|11.178501297307204|10.60347192071335|SYNTHETIC|BvaluePG|Toni||Mw|2.582232098113375|synthetic|synthetic unit-square catalog|earthquake|2.3205495893257666|25|19|0.3|-3.6635616461296463
365|2017-04-29T04:11:25.471653|39.4906289462334|11.390610711093364|4.2227071711487465|SYNTHETIC|BvaluePG|Toni||Mw|2.8157061772330247|synthetic|synthetic unit-square catalog|earthquake|2.324913348025622|26|19|0.3|-3.6635616461296463
366|2017-05-06T05:19:02.868841|39.4760607858995|11.438251302536749|10.148414476585156|SYNTHETIC|BvaluePG|Toni||Mw|3.253498247458847|synthetic|synthetic unit-square catalog|earthquake|2.3442068746939393|26|19|0.3|-3.6635616461296463
367|2017-05-09T09:41:42.703360|39.483478655041175|12.81566662337359|2.434271980504519|SYNTHETIC|BvaluePG|Toni||Mw|2.750211758737359|synthetic|synthetic unit-square catalog|earthquake|2.35291982607552|33|19|0.3|-3.6635616461296463
368|2017-05-09T21:23:45.586899|39.48369984851948|14.211805010977784|16.76257062795912|SYNTHETIC|BvaluePG|Toni||Mw|3.006082500274589|synthetic|synthetic unit-square catalog|earthquake|2.3542546197080725|40|19|0.3|-3.6635616461296463
369|2017-05-10T21:04:34.281121|39.50595855216488|14.725529117073966|6.246768612743358|SYNTHETIC|BvaluePG|Toni||Mw|2.5901148728606405|synthetic|synthetic unit-square catalog|earthquake|2.3569559878166024|42|19|0.3|-3.6635616461296463
370|2017-05-12T04:21:49.745110|39.57616040485173|15.225419330342982|17.805734355320716|SYNTHETIC|BvaluePG|Toni||Mw|3.1723720782589906|synthetic|synthetic unit-square catalog|earthquake|2.3605251902904656|45|19|0.3|-3.6635616461296463
371|2017-05-13T03:56:51.627782|39.416834258696085|15.655410369569276|2.0616957861361627|SYNTHETIC|BvaluePG|Toni||Mw|2.8558402464751227|synthetic|synthetic unit-square catalog|earthquake|2.363215568604166|47|19|0.3|-3.6635616461296463
372|2017-05-14T17:52:12.252020|39.553252580116016|18.883400644185187|14.116559900767719|SYNTHETIC|BvaluePG|Toni||Mw|2.6933342906047772|synthetic|synthetic unit-square catalog|earthquake|2.367541646133431|63|19|0.3|-3.6635616461296463
373|2017-05-15T17:43:11.845379|39.60321846181598|6.620356888206025|10.820468969195982|SYNTHETIC|BvaluePG|Toni||Mw|2.5582688224557057|synthetic|synthetic unit-square catalog|earthquake|2.3702623724674687|3|20|0.3|-3.6635616461296463
374|2017-05-15T21:11:44.400113|39.654513841117385|7.598835185128635|14.870946953869293|SYNTHETIC|BvaluePG|Toni||Mw|2.5188372526927316|synthetic|synthetic unit-square catalog|earthquake|2.3706588714006482|7|20|0.3|-3.6635616461296463
375|2017-05-18T14:30:38.630354|39.67081141678366|8.976437980069266|12.094708275219155|SYNTHETIC|BvaluePG|Toni||Mw|3.5128156954086753|synthetic|synthetic unit-square catalog|earthquake|2.3781098255366127|14|20|0.3|-3.6635616461296463
376|2017-05-20T14:03:37.561396|39.59936332006499|9.690517539687638|7.257154167913118|SYNTHETIC|BvaluePG|Toni||Mw|2.9656930086285147|synthetic|synthetic unit-square catalog|earthquake|2.383534158535401|18|20|0.3|-3.6635616461296463
377|2017-05-24T08:07:29.682604|39.606340754892805|9.976832467098514|11.970939333546763|SYNTHETIC|BvaluePG|Toni||Mw|3.118097498747135|synthetic|synthetic unit-square catalog|earthquake|2.3938084544643665|19|20|0.3|-3.6635616461296463
378|2017-06-02T21:08:55.419794|39.642063561503626|10.228833972149614|12.004678087115442|SYNTHETIC|BvaluePG|Toni||Mw|2.918803050423131|synthetic|synthetic unit-square catalog|earthquake|2.419934830905859|20|20|0.3|-3.6635616461296463
379|2017-06-03T06:50:58.684034|39.68672624445643|11.868273001479533|7.505380640232556|SYNTHETIC|BvaluePG|Toni||Mw|3.7358612388072294|synthetic|synthetic unit-square catalog|earthquake|2.4210414823698367|28|20|0.3|-3.6635616461296463
380|2017-06-11T10:32:13.211356|39.62338681947065|11.797719106733158|17.024035101823625|SYNTHETIC|BvaluePG|Toni||Mw|2.776637732434244|synthetic|synthetic unit-square catalog|earthquake|2.443364933054367|28|20|0.3|-3.6635616461296463
381|2017-06-15T07:28:49.277276|39.598465900772226|13.900976378572148|3.7234178743195603|SYNTHETIC|BvaluePG|Toni||Mw|2.6129852759369543|synthetic|synthetic unit-square catalog|earthquake|2.453967642573472|38|20|0.3|-3.6635616461296463
382|2017-06-16T20:39:34.616034|39.612270919838124|13.876118373348971|16.435515835338183|SYNTHETIC|BvaluePG|Toni||Mw|2.7979500225290708|synthetic|synthetic unit-square catalog|earthquake|2.4582089454215215|38|20|0.3|-3.6635616461296463
383|2017-06-17T19:03:50.524120|39.766748121859436|14.020282620744561|7.409763519533513|SYNTHETIC|BvaluePG|Toni||Mw|2.593138795781479|synthetic|synthetic unit-square catalog|earthquake|2.460764776919672|39|20|0.3|-3.6635616461296463
384|2017-06-29T14:48:33.273849|39.64462043582019|14.537743332931386|3.731195646195504|SYNTHETIC|BvaluePG|Toni||Mw|2.974604932885531|synthetic|synthetic unit-square catalog|earthquake|2.493133611993621|42|20|0.3|-3.6635616461296463
385|2017-06-29T19:06:04.194004|39.730526121343445|15.536176936934819|15.8595829388662|SYNTHETIC|BvaluePG|Toni||Mw|3.299353279032189|synthetic|synthetic unit-square catalog|earthquake|2.4936232221082797|46|20|0.3|-3.6635616461296463
386|2017-06-30T19:47:45.118180|39.7393437143123|15.61121854531179|7.382285856142882|SYNTHETIC|BvaluePG|Toni||Mw|2.5167372476164984|synthetic|synthetic unit-square catalog|earthquake|2.4964403224003204|47|20|0.3|-3.6635616461296463
387|2017-07-01T02:25:18.063065|39.598529625930254|16.94468163209234|4.051053738547212|SYNTHETIC|BvaluePG|Toni||Mw|3.5335190660615616|synthetic|synthetic unit-square catalog|earthquake|2.4971961766124764|53|20|0.3|-3.6635616461296463
388|2017-07-01T05:29:05.259718|39.75791579848571|16.79618116423497|15.608510508418197|SYNTHETIC|BvaluePG|Toni||Mw|2.6180228880613736|synthetic|synthetic unit-square catalog|earthquake|2.497545607388336|53|20|0.3|-3.6635616461296463
389|2017-07-02T07:15:50.171357|39.7362889366804|17.148640625334586|7.121696802258278|SYNTHETIC|BvaluePG|Toni||Mw|2.5505758155275062|synthetic|synthetic unit-square catalog|earthquake|2.5004864175779318|54|20|0.3|-3.6635616461296463
390|2017-07-03T13:10:15.670348|39.7266712840182|17.344825903960995|4.551494979475068|SYNTHETIC|BvaluePG|Toni||Mw|2.5846168127565776|synthetic|synthetic unit-square catalog|earthquake|2.503898131364506|55|20|0.3|-3.6635616461296463
391|2017-07-08T02:58:48.756581|39.666700512370255|18.039655762429206|10.571585083839928|SYNTHETIC|BvaluePG|Toni||Mw|3.0161168087723325|synthetic|synthetic unit-square catalog|earthquake|2.5164248471550845|59|20|0.3|-3.6635616461296463
392|2017-07-08T15:33:56.047730|39.79703021763593|7.892524855033494|5.633666300976785|SYNTHETIC|BvaluePG|Toni||Mw|2.9350523755954248|synthetic|synthetic unit-square catalog|earthquake|2.5178605485756425|9|21|0.3|-3.6635616461296463
393|2017-07-08T19:13:34.743953|39.89094220508988|8.195250972429223|2.7741155281629855|SYNTHETIC|BvaluePG|Toni||Mw|2.699452685964838|synthetic|synthetic unit-square catalog|earthquake|2.518278156258813|10|21|0.3|-3.6635616461296463
394|2017-07-11T14:10:54.613490|39.86739536681192|8.410187746507628|14.026886227973486|SYNTHETIC|BvaluePG|Toni||Mw|3.1048825544445973|synthetic|synthetic unit-square catalog|earthquake|2.5259162488113853|11|21|0.3|-3.6635616461296463
395|2017-07-20T18:30:57.981192|39.83805875343256|8.47095481204926|14.46420369044323|SYNTHETIC|BvaluePG|Toni||Mw|2.9065249853845945|synthetic|synthetic unit-square catalog|earthquake|2.5510513467815157|12|21|0.3|-3.6635616461296463
396|2017-07-21T05:52:26.067984|39.82382234466943|10.62267124913519|11.651072827128948|SYNTHETIC|BvaluePG|Toni||Mw|3.6438444804663237|synthetic|synthetic unit-square catalog|earthquake|2.5523470120663294|22|21|0.3|-3.6635616461296463
397|2017-07-27T08:48:58.139947|39.83490667612189|11.191014749168467|6.5795219892184615|SYNTHETIC|BvaluePG|Toni||Mw|2.9967722819152556|synthetic|synthetic unit-square catalog|earthquake|2.5691097592956202|25|21|0.3|-3.6635616461296463
398|2017-07-30T00:38:59.773973|39.93248330740004|13.158202682473101|11.312807470708542|SYNTHETIC|BvaluePG|Toni||Mw|2.5766519879426313|synthetic|synthetic unit-square catalog|earthquake|2.576391733654436|35|21|0.3|-3.6635616461296463
399|2017-07-30T01:34:46.657886|39.936475544109676|15.369638260356817|15.27022078970387|SYNTHETIC|BvaluePG|Toni||Mw|3.2506603336958366|synthetic|synthetic unit-square catalog|earthquake|2.5764977900057886|46|21|0.3|-3.6635616461296463
400|2017-08-06T02:43:55.518981|39.82463006889515|16.92494172437|15.884178026438953|SYNTHETIC|BvaluePG|Toni||Mw|2.5325361727118083|synthetic|synthetic unit-square catalog|earthquake|2.5957942149904136|53|21|0.3|-3.6635616461296463
401|2017-08-12T06:44:10.137046|39.860955356498515|17.001769023177424|2.954993780158114|SYNTHETIC|BvaluePG|Toni||Mw|2.5295192019951265|synthetic|synthetic unit-square catalog|earthquake|2.612678091396271|54|21|0.3|-3.6635616461296463
402|2017-08-15T16:32:08.731468|39.92064546005127|17.05931577176036|17.58385839304124|SYNTHETIC|BvaluePG|Toni||Mw|3.5044543569734605|synthetic|synthetic unit-square catalog|earthquake|2.622009554955657|54|21|0.3|-3.6635616461296463
403|2017-08-15T19:58:20.180494|39.78416547823118|18.308647793338814|3.1566594443236458|SYNTHETIC|BvaluePG|Toni||Mw|2.659778087936|synthetic|synthetic unit-square catalog|earthquake|2.6224015825187874|60|21|0.3|-3.6635616461296463
404|2017-08-16T07:54:43.225490|39.856917154857705|18.81164761083312|14.394684231089855|SYNTHETIC|BvaluePG|Toni||Mw|3.101017138617824|synthetic|synthetic unit-square catalog|earthquake|2.623763633023125|63|21|0.3|-3.6635616461296463
405|2017-08-23T15:17:20.497395|40.01682444755118|7.252324883505951|16.89994769558534|SYNTHETIC|BvaluePG|Toni||Mw|2.6121724157984976|synthetic|synthetic unit-square catalog|earthquake|2.6437701376972877|6|22|0.3|-3.6635616461296463
406|2017-08-25T04:32:52.566630|40.09669559274116|7.6112334612129775|12.62620227174726|SYNTHETIC|BvaluePG|Toni||Mw|2.9684376105078814|synthetic|synthetic unit-square catalog|earthquake|2.648020526485877|7|22|0.3|-3.6635616461296463
407|2017-08-27T13:21:21.243119|40.099130067860884|8.418729401599698|7.406041577615952|SYNTHETIC|BvaluePG|Toni||Mw|2.8760085807273645|synthetic|synthetic unit-square catalog|earthquake|2.654501015385188|11|22|0.3|-3.6635616461296463
408|2017-08-27T22:24:23.687179|40.06514904892713|10.728122468534634|3.043640723570631|SYNTHETIC|BvaluePG|Toni||Mw|2.575249967134682|synthetic|synthetic unit-square catalog|earthquake|2.655533490733748|23|22|0.3|-3.6635616461296463
409|2017-08-30T15:01:41.601824|40.04238062118957|11.047723782693726|10.934220655091812|SYNTHETIC|BvaluePG|Toni||Mw|2.744871479990817|synthetic|synthetic unit-square catalog|earthquake|2.6629053414018946|24|22|0.3|-3.6635616461296463
410|2017-08-31T11:36:55.615811|40.0524788303901|12.209318985610237|8.521155962991573|SYNTHETIC|BvaluePG|Toni||Mw|2.5818137647888664|synthetic|synthetic unit-square catalog|earthquake|2.66525387278537|30|22|0.3|-3.6635616461296463
411|2017-09-04T23:53:46.941538|39.9918243550114|12.376609036064714|7.8862907357374255|SYNTHETIC|BvaluePG|Toni||Mw|2.8593198312534085|synthetic|synthetic unit-square catalog|earthquake|2.677606248305903|31|22|0.3|-3.6635616461296463
412|2017-09-07T13:03:32.366136|40.0607693982388|13.035662301510948|13.357022264782403|SYNTHETIC|BvaluePG|Toni||Mw|2.599559041987061|synthetic|synthetic unit-square catalog|earthquake|2.6845835033759355|34|22|0.3|-3.6635616461296463
413|2017-09-08T11:04:30.221605|40.00210896566516|14.131778677837659|16.66236891093235|SYNTHETIC|BvaluePG|Toni||Mw|2.5451877102352345|synthetic|synthetic unit-square catalog|earthquake|2.687095033260002|40|22|0.3|-3.6635616461296463
414|2017-09-13T01:30:03.436156|40.095727722206824|15.45410621514083|5.329128063946504|SYNTHETIC|BvaluePG|Toni||Mw|4.809265239431272|synthetic|synthetic unit-square catalog|earthquake|2.699692100671678|46|22|0.3|-3.6635616461296463
415|2017-09-18T22:40:34.100361|39.993714246479875|15.779416579695122|17.649421752424793|SYNTHETIC|BvaluePG|Toni||Mw|2.504460609854065|synthetic|synthetic unit-square catalog|earthquake|2.7157969585887787|48|22|0.3|-3.6635616461296463
416|2017-09-20T14:16:27.474106|40.12960511035559|16.013629208124996|6.712616445731763|SYNTHETIC|BvaluePG|Toni||Mw|3.3205284387923086|synthetic|synthetic unit-square catalog|earthquake|2.720314202414218|49|22|0.3|-3.6635616461296463
417|2017-10-02T00:42:45.377973|40.10852117779831|17.198891433261984|6.798548962609415|SYNTHETIC|BvaluePG|Toni||Mw|2.7627475965165655|synthetic|synthetic unit-square catalog|earthquake|2.751621332990263|55|22|0.3|-3.6635616461296463
418|2017-10-03T17:47:12.591773|40.028294857351014|17.528526867504418|10.68696288617964|SYNTHETIC|BvaluePG|Toni||Mw|2.954141444733602|synthetic|synthetic unit-square catalog|earthquake|2.756306962245987|56|22|0.3|-3.6635616461296463
419|2017-10-05T01:06:02.313793|40.05360814664633|17.98797697083122|3.0760547942813723|SYNTHETIC|BvaluePG|Toni||Mw|2.529198348895695|synthetic|synthetic unit-square catalog|earthquake|2.759879151576594|59|22|0.3|-3.6635616461296463
420|2017-10-05T02:03:50.579299|40.0190264485045|18.170390377058666|8.995375344778205|SYNTHETIC|BvaluePG|Toni||Mw|2.5222895158779712|synthetic|synthetic unit-square catalog|earthquake|2.7599890542784977|59|22|0.3|-3.6635616461296463
421|2017-10-05T05:09:58.242616|40.053795762336065|18.587269956881116|13.196242995802601|SYNTHETIC|BvaluePG|Toni||Mw|2.5502139247152633|synthetic|synthetic unit-square catalog|earthquake|2.7603429361743705|61|22|0.3|-3.6635616461296463
422|2017-10-05T18:01:53.862016|40.15789885934437|6.719357785640262|8.46877779710424|SYNTHETIC|BvaluePG|Toni||Mw|3.0038279213932886|synthetic|synthetic unit-square catalog|earthquake|2.7618105895890857|3|23|0.3|-3.6635616461296463
423|2017-10-07T03:47:20.350408|40.14413208299726|7.519109519633983|15.994916079130078|SYNTHETIC|BvaluePG|Toni||Mw|2.6127348003151267|synthetic|synthetic unit-square catalog|earthquake|2.765661531624979|7|23|0.3|-3.6635616461296463
424|2017-10-10T14:58:36.339782|40.24589883943423|7.569729064838912|14.826962858469791|SYNTHETIC|BvaluePG|Toni||Mw|2.9106537165377677|synthetic|synthetic unit-square catalog|earthquake|2.7751513530744454|7|23|0.3|-3.6635616461296463
425|2017-10-13T08:03:13.999126|40.170400002856404|7.712970759909417|15.807122674220034|SYNTHETIC|BvaluePG|Toni||Mw|2.670751034397369|synthetic|synthetic unit-square catalog|earthquake|2.782575164116605|8|23|0.3|-3.6635616461296463
426|2017-10-13T16:41:35.976766|40.22009028338422|8.677477749089732|11.056902864635818|SYNTHETIC|BvaluePG|Toni||Mw|2.7629639085730675|synthetic|synthetic unit-square catalog|earthquake|2.7835607263152573|13|23|0.3|-3.6635616461296463
427|2017-10-14T03:00:47.296993|40.216986961037975|9.152979867593567|3.795035401513177|SYNTHETIC|BvaluePG|Toni||Mw|2.921664075483039|synthetic|synthetic unit-square catalog|earthquake|2.7847379806130137|15|23|0.3|-3.6635616461296463
428|2017-10-14T11:25:59.159579|40.29317744492617|9.908271304390507|16.449719481134913|SYNTHETIC|BvaluePG|Toni||Mw|2.7475381890594903|synthetic|synthetic unit-square catalog|earthquake|2.785698505576452|19|23|0.3|-3.6635616461296463
429|2017-10-15T20:37:29.686925|40.27113259697044|10.594265081768956|14.041351804774777|SYNTHETIC|BvaluePG|Toni||Mw|2.952375201643994|synthetic|synthetic unit-square catalog|earthquake|2.789484931899925|22|23|0.3|-3.6635616461296463
430|2017-10-22T18:42:06.282621|40.24387505286954|10.818875049283356|13.340994394362097|SYNTHETIC|BvaluePG|Toni||Mw|2.9831920795718423|synthetic|synthetic unit-square catalog|earthquake|2.808430497966291|23|23|0.3|-3.6635616461296463
431|2017-10-27T11:34:13.684208|40.1628993498008|10.998173613727273|2.2569585448263645|SYNTHETIC|BvaluePG|Toni||Mw|2.5419198724202317|synthetic|synthetic unit-square catalog|earthquake|2.8213062363490424|24|23|0.3|-3.6635616461296463
432|2017-10-28T19:11:05.289764|40.160189016422564|11.534773002318754|17.431958223435387|SYNTHETIC|BvaluePG|Toni||Mw|3.104846762305235|synthetic|synthetic unit-square catalog|earthquake|2.8249127085001624|27|23|0.3|-3.6635616461296463
433|2017-10-30T08:36:44.173655|40.17865401746138|12.357906188134033|9.773656947664081|SYNTHETIC|BvaluePG|Toni||Mw|2.529133467192123|synthetic|synthetic unit-square catalog|earthquake|2.8291823260848705|31|23|0.3|-3.6635616461296463
434|2017-10-31T08:23:09.563070|40.15424563240769|12.958816848847205|4.167340733056976|SYNTHETIC|BvaluePG|Toni||Mw|2.8280501193058556|synthetic|synthetic unit-square catalog|earthquake|2.831894363420232|34|23|0.3|-3.6635616461296463
435|2017-10-31T08:30:04.917470|40.23314105167533|13.625777603205332|15.341961719792208|SYNTHETIC|BvaluePG|Toni||Mw|2.7822274328172734|synthetic|synthetic unit-square catalog|earthquake|2.8319075252069457|37|23|0.3|-3.6635616461296463
436|2017-11-05T03:50:42.644231|40.26644165176784|15.234446063527706|2.3483969574680117|SYNTHETIC|BvaluePG|Toni||Mw|2.6907120083547977|synthetic|synthetic unit-square catalog|earthquake|2.845065614756229|45|23|0.3|-3.6635616461296463
437|2017-11-07T07:08:33.528113|40.30158738029181|15.39832662648095|7.11072772531333|SYNTHETIC|BvaluePG|Toni||Mw|3.353884101838732|synthetic|synthetic unit-square catalog|earthquake|2.8509174819413765|46|23|0.3|-3.6635616461296463
438|2017-11-09T17:13:54.339905|40.263162195457184|15.649517759227013|13.301761712964801|SYNTHETIC|BvaluePG|Toni||Mw|3.366013491159423|synthetic|synthetic unit-square catalog|earthquake|2.8575441205891816|47|23|0.3|-3.6635616461296463
439|2017-11-09T21:55:01.780327|40.20842538746069|15.80350158197109|7.418354123323768|SYNTHETIC|BvaluePG|Toni||Mw|2.8563852696044436|synthetic|synthetic unit-square catalog|earthquake|2.858078617522489|48|23|0.3|-3.6635616461296463
440|2017-11-10T17:32:51.859054|40.22504428897315|17.842498628502128|4.1795772159239135|SYNTHETIC|BvaluePG|Toni||Mw|3.441087559889077|synthetic|synthetic unit-square catalog|earthquake|2.8603180171830034|58|23|0.3|-3.6635616461296463
441|2017-11-20T13:35:52.460945|40.1462465359291|18.581854017467524|12.590935549940934|SYNTHETIC|BvaluePG|Toni||Mw|2.6573253894046234|synthetic|synthetic unit-square catalog|earthquake|2.8872459395183947|61|23|0.3|-3.6635616461296463
442|2017-11-20T14:27:45.582046|40.232831169664976|18.884928123730802|7.521250109124928|SYNTHETIC|BvaluePG|Toni||Mw|3.356620422181895|synthetic|synthetic unit-square catalog|earthquake|2.8873445883732076|63|23|0.3|-3.6635616461296463
443|2017-11-20T16:56:26.869085|40.45033929402965|6.761676644371214|14.109183826914716|SYNTHETIC|BvaluePG|Toni||Mw|3.337287683994975|synthetic|synthetic unit-square catalog|earthquake|2.8876272869003206|3|24|0.3|-3.6635616461296463
444|2017-11-25T01:40:39.991393|40.32431467898736|6.697533180226862|3.113760268085617|SYNTHETIC|BvaluePG|Toni||Mw|3.0264917949530963|synthetic|synthetic unit-square catalog|earthquake|2.8995753793505683|3|24|0.3|-3.6635616461296463
445|2017-12-05T03:52:44.964896|40.332991420502445|7.645741029172993|17.49898867666508|SYNTHETIC|BvaluePG|Toni||Mw|2.648027475029105|synthetic|synthetic unit-square catalog|earthquake|2.927205014478189|8|24|0.3|-3.6635616461296463
446|2017-12-05T12:51:36.543694|40.336818840038156|7.839323263279491|15.084705540273939|SYNTHETIC|BvaluePG|Toni||Mw|2.50984227547208|synthetic|synthetic unit-square catalog|earthquake|2.9282295403863046|9|24|0.3|-3.6635616461296463
447|2017-12-07T07:18:36.035723|40.45736842816142|8.382201761358935|12.056445544404829|SYNTHETIC|BvaluePG|Toni||Mw|3.537854033433679|synthetic|synthetic unit-square catalog|earthquake|2.9330720978693936|11|24|0.3|-3.6635616461296463
448|2017-12-08T13:15:31.812560|40.41232217567575|8.979706004649424|16.46793432838356|SYNTHETIC|BvaluePG|Toni||Mw|2.614906539982579|synthetic|synthetic unit-square catalog|earthquake|2.9364885736735555|14|24|2.0|-1.6094379124341005
449|2017-12-09T19:33:38.204702|40.312855878160406|9.175057935216987|2.5959406666232994|SYNTHETIC|BvaluePG|Toni||Mw|2.8932755339476506|synthetic|synthetic unit-square catalog|earthquake|2.9399453128470485|15|24|2.0|-1.6094379124341005
450|2017-12-12T14:32:35.876528|40.47384707107103|9.401053337816176|2.6822545104348894|SYNTHETIC|BvaluePG|Toni||Mw|2.8489707717362034|synthetic|synthetic unit-square catalog|earthquake|2.947586504567148|16|24|2.0|-1.6094379124341005
451|2017-12-18T12:27:22.208979|40.32027594678063|9.371497586224372|11.38548339690997|SYNTHETIC|BvaluePG|Toni||Mw|2.767564539862319|synthetic|synthetic unit-square catalog|earthquake|2.9637755155328627|16|24|2.0|-1.6094379124341005
452|2017-12-21T21:00:12.204441|40.39660459590986|9.274831036323203|8.706848197133677|SYNTHETIC|BvaluePG|Toni||Mw|2.6702488174541443|synthetic|synthetic unit-square catalog|earthquake|2.972964110212496|16|24|2.0|-1.6094379124341005
453|2017-12-22T18:21:03.233028|40.315478658038145|9.439073516602594|11.81886004859874|SYNTHETIC|BvaluePG|Toni||Mw|2.7373585247728887|synthetic|synthetic unit-square catalog|earthquake|2.9753993723549508|16|24|2.0|-1.6094379124341005
454|2017-12-28T12:30:03.780979|40.42696102088221|9.292944390149872|3.1206727401418366|SYNTHETIC|BvaluePG|Toni||Mw|2.8194103926091802|synthetic|synthetic unit-square catalog|earthquake|2.9911591433119034|16|24|2.0|-1.6094379124341005
455|2018-01-01T09:42:24.335994|40.37686518711081|9.925072937251553|10.694779799740244|SYNTHETIC|BvaluePG|Toni||Mw|2.5398834080584938|synthetic|synthetic unit-square catalog|earthquake|3.0017917818843944|19|24|2.0|-1.6094379124341005
456|2018-01-01T15:03:42.627860|40.39537457936151|9.921895905463614|2.431430248398428|SYNTHETIC|BvaluePG|Toni||Mw|2.5365293947827743|synthetic|synthetic unit-square catalog|earthquake|3.00240267408992|19|24|2.0|-1.6094379124341005
457|2018-01-02T07:21:07.006930|40.39779946386311|10.060289841597848|11.344427818670852|SYNTHETIC|BvaluePG|Toni||Mw|2.632321224700127|synthetic|synthetic unit-square catalog|earthquake|3.0042610023237137|19|24|2.0|-1.6094379124341005
458|2018-01-02T20:47:16.756631|40.47639599176573|10.087825212847235|6.365626385718352|SYNTHETIC|BvaluePG|Toni||Mw|3.35408934635765|synthetic|synthetic unit-square catalog|earthquake|3.0057937471997587|20|24|2.0|-1.6094379124341005
459|2018-01-03T18:32:09.965573|40.42048468588312|10.098535262314734|5.645788097145228|SYNTHETIC|BvaluePG|Toni||Mw|2.6536396832507667|synthetic|synthetic unit-square catalog|earthquake|3.008274709279978|20|24|2.0|-1.6094379124341005
460|2018-01-06T11:27:38.104944|40.37216056636862|10.43043126876401|14.470407176267482|SYNTHETIC|BvaluePG|Toni||Mw|3.21459807502162|synthetic|synthetic unit-square catalog|earthquake|3.0156811070849585|21|24|2.0|-1.6094379124341005
461|2018-01-08T15:53:51.886789|40.36930352616147|10.3544082913177|11.463174780377269|SYNTHETIC|BvaluePG|Toni||Mw|2.741095358027909|synthetic|synthetic unit-square catalog|earthquake|3.021662987261071|21|24|2.0|-1.6094379124341005
462|2018-01-13T11:31:10.888473|40.31791314970684|10.336282678489818|17.525698176501635|SYNTHETIC|BvaluePG|Toni||Mw|2.590799032844102|synthetic|synthetic unit-square catalog|earthquake|3.034852805298056|21|24|2.0|-1.6094379124341005
463|2018-01-14T05:30:11.657291|40.34420332233183|10.523965602205536|7.869647176685218|SYNTHETIC|BvaluePG|Toni||Mw|2.8741197985255793|synthetic|synthetic unit-square catalog|earthquake|3.0369043164654963|22|24|2.0|-1.6094379124341005
464|2018-01-14T08:27:04.801407|40.394862064161636|10.622879670985082|7.471985435100629|SYNTHETIC|BvaluePG|Toni||Mw|2.540518123095315|synthetic|synthetic unit-square catalog|earthquake|3.0372406267082352|22|24|2.0|-1.6094379124341005
465|2018-01-15T22:42:46.466840|40.35610490469288|10.671469501900878|10.300215308941643|SYNTHETIC|BvaluePG|Toni||Mw|2.755239581376346|synthetic|synthetic unit-square catalog|earthquake|3.0416053966981114|22|24|2.0|-1.6094379124341005
466|2018-01-16T01:13:59.626290|40.482317975205206|10.884767977880509|11.869438933331775|SYNTHETIC|BvaluePG|Toni||Mw|2.6982115360905157|synthetic|synthetic unit-square catalog|earthquake|3.0418929077715227|24|24|2.0|-1.6094379124341005
467|2018-01-20T14:39:58.289363|40.3663735166438|10.989448703955976|10.238370666294466|SYNTHETIC|BvaluePG|Toni||Mw|3.258164691637016|synthetic|synthetic unit-square catalog|earthquake|3.054376704482059|24|24|2.0|-1.6094379124341005
468|2018-01-23T02:23:20.131595|40.45608618182761|11.021701722616974|14.180020959657881|SYNTHETIC|BvaluePG|Toni||Mw|2.694305995695797|synthetic|synthetic unit-square catalog|earthquake|3.061189701738909|24|24|2.0|-1.6094379124341005
469|2018-01-30T23:13:22.694839|40.40617549633493|11.19309443839154|9.164520803422725|SYNTHETIC|BvaluePG|Toni||Mw|4.464021965622137|synthetic|synthetic unit-square catalog|earthquake|3.082731345059181|25|24|2.0|-1.6094379124341005
470|2018-02-01T00:15:07.487491|40.36573949691651|11.13656266047938|6.609200655967209|SYNTHETIC|BvaluePG|Toni||Mw|2.7523796505672045|synthetic|synthetic unit-square catalog|earthquake|3.0855865936411875|25|24|2.0|-1.6094379124341005
471|2018-02-03T00:53:46.709329|40.41028106364831|11.358540523992211|7.487898370449578|SYNTHETIC|BvaluePG|Toni||Mw|2.576726776290633|synthetic|synthetic unit-square catalog|earthquake|3.0911357869207388|26|24|2.0|-1.6094379124341005
472|2018-02-06T12:06:31.582623|40.363374096449284|11.300073589464649|17.919242902663495|SYNTHETIC|BvaluePG|Toni||Mw|2.643167900059174|synthetic|synthetic unit-square catalog|earthquake|3.1006284249316654|26|24|2.0|-1.6094379124341005
473|2018-02-07T23:57:02.406970|40.371873886297415|11.350628531585318|2.8647507649965362|SYNTHETIC|BvaluePG|Toni||Mw|2.513128303957954|synthetic|synthetic unit-square catalog|earthquake|3.104717165024289|26|24|2.0|-1.6094379124341005
474|2018-02-11T05:54:19.112969|40.31760194509807|11.316464447636825|12.226359169175886|SYNTHETIC|BvaluePG|Toni||Mw|3.2157984473525856|synthetic|synthetic unit-square catalog|earthquake|3.1136100056078195|26|24|2.0|-1.6094379124341005
475|2018-02-12T19:35:58.670742|40.36553811477524|11.529471624649709|3.411478644404278|SYNTHETIC|BvaluePG|Toni||Mw|3.2433976355745027|synthetic|synthetic unit-square catalog|earthquake|3.1179100651108573|27|24|2.0|-1.6094379124341005
476|2018-02-17T01:20:36.752837|40.41421176784406|11.488352520552839|14.810470688491694|SYNTHETIC|BvaluePG|Toni||Mw|2.580813030879614|synthetic|synthetic unit-square catalog|earthquake|3.129516717140628|27|24|2.0|-1.6094379124341005
477|2018-02-21T04:26:19.614577|40.33673167325985|11.502803086610175|10.644893921690395|SYNTHETIC|BvaluePG|Toni||Mw|2.648874445471606|synthetic|synthetic unit-square catalog|earthquake|3.1408212162704983|27|24|2.0|-1.6094379124341005
478|2018-02-22T00:27:21.892302|40.31936894136406|11.627794597997896|3.3120363323373123|SYNTHETIC|BvaluePG|Toni||Mw|2.5184323794509718|synthetic|synthetic unit-square catalog|earthquake|3.143104732055111|27|24|2.0|-1.6094379124341005
479|2018-02-24T18:07:43.610154|40.44838156768316|12.047430610503945|8.768181012651242|SYNTHETIC|BvaluePG|Toni||Mw|2.563104990491348|synthetic|synthetic unit-square catalog|earthquake|3.1505964842115555|29|24|2.0|-1.6094379124341005
480|2018-02-27T14:13:24.812867|40.42424904446231|12.093319723714115|15.555540202725146|SYNTHETIC|BvaluePG|Toni||Mw|2.8485373208279574|synthetic|synthetic unit-square catalog|earthquake|3.1583645401699623|29|24|2.0|-1.6094379124341005
481|2018-03-01T15:42:16.525718|40.39480564722963|11.980360788865621|15.786149340605617|SYNTHETIC|BvaluePG|Toni||Mw|2.5979620489086646|synthetic|synthetic unit-square catalog|earthquake|3.1640091935292505|29|24|2.0|-1.6094379124341005
482|2018-03-02T02:25:18.274856|40.42021922919247|12.383689979823037|8.01732405525841|SYNTHETIC|BvaluePG|Toni||Mw|2.610879765982171|synthetic|synthetic unit-square catalog|earthquake|3.1652317753839334|31|24|2.0|-1.6094379124341005
483|2018-03-04T09:53:21.986668|40.457306235713624|12.447620002483948|12.674110460331049|SYNTHETIC|BvaluePG|Toni||Mw|3.2311611828327074|synthetic|synthetic unit-square catalog|earthquake|3.1715593703788656|31|24|2.0|-1.6094379124341005
484|2018-03-06T02:47:52.019075|40.4871598311672|12.34465031644103|16.20759555657392|SYNTHETIC|BvaluePG|Toni||Mw|2.5716628193142084|synthetic|synthetic unit-square catalog|earthquake|3.1762260760981595|31|24|2.0|-1.6094379124341005
485|2018-03-07T01:14:50.177649|40.44705316705088|12.412871702470238|16.800828261971418|SYNTHETIC|BvaluePG|Toni||Mw|2.725675637779663|synthetic|synthetic unit-square catalog|earthquake|3.178787049004037|31|24|2.0|-1.6094379124341005
486|2018-03-08T16:33:52.341928|40.35330342326666|12.724581358839902|3.7720136132562825|SYNTHETIC|BvaluePG|Toni||Mw|3.645084711078832|synthetic|synthetic unit-square catalog|earthquake|3.1832722495350807|33|24|2.0|-1.6094379124341005
487|2018-03-09T00:34:48.899445|40.369091678688726|12.720617403289715|7.915371845196956|SYNTHETIC|BvaluePG|Toni||Mw|3.073401252018182|synthetic|synthetic unit-square catalog|earthquake|3.1841866586636867|33|24|2.0|-1.6094379124341005
488|2018-03-11T17:38:36.409621|40.42626142553391|13.001198566728942|5.920330229222747|SYNTHETIC|BvaluePG|Toni||Mw|2.549693061132065|synthetic|synthetic unit-square catalog|earthquake|3.19160888057461|34|24|2.0|-1.6094379124341005
489|2018-03-12T21:25:26.845334|40.421233292724864|12.979456369269787|2.621687952733417|SYNTHETIC|BvaluePG|Toni||Mw|3.7013422646539436|synthetic|synthetic unit-square catalog|earthquake|3.1947780200438016|34|24|2.0|-1.6094379124341005
490|2018-03-13T18:07:45.927359|40.48937433563746|13.229925062395141|17.962801221991395|SYNTHETIC|BvaluePG|Toni||Mw|2.5484881376541018|synthetic|synthetic unit-square catalog|earthquake|3.1971400210206014|35|24|2.0|-1.6094379124341005
491|2018-03-13T22:04:22.164461|40.40444925824181|13.336508079629837|12.358537167114319|SYNTHETIC|BvaluePG|Toni||Mw|2.9724316949219824|synthetic|synthetic unit-square catalog|earthquake|3.197589872628508|36|24|2.0|-1.6094379124341005
492|2018-03-14T05:42:37.641553|40.382480166699786|13.616032511995098|15.95142120587459|SYNTHETIC|BvaluePG|Toni||Mw|2.6685561212466262|synthetic|synthetic unit-square catalog|earthquake|3.198461151721097|37|24|2.0|-1.6094379124341005
493|2018-03-15T20:07:45.902789|40.405397327241964|13.91534871724969|3.3586412511064268|SYNTHETIC|BvaluePG|Toni||Mw|2.6520325867516754|synthetic|synthetic unit-square catalog|earthquake|3.2028438760485467|38|24|2.0|-1.6094379124341005
494|2018-03-22T01:32:43.059628|40.48329633783983|13.992152135393734|6.9412436052795154|SYNTHETIC|BvaluePG|Toni||Mw|2.8104151471144676|synthetic|synthetic unit-square catalog|earthquake|3.219888808389373|39|24|2.0|-1.6094379124341005
495|2018-03-22T22:31:54.152604|40.448224582080904|13.939509076627932|16.31202090484219|SYNTHETIC|BvaluePG|Toni||Mw|3.1869657864998993|synthetic|synthetic unit-square catalog|earthquake|3.2222828780580457|39|24|2.0|-1.6094379124341005
496|2018-03-24T19:52:01.887013|40.31735259277237|14.1070865045204|13.919332731391169|SYNTHETIC|BvaluePG|Toni||Mw|2.577844727159206|synthetic|synthetic unit-square catalog|earthquake|3.227454619077937|39|24|2.0|-1.6094379124341005
497|2018-03-25T04:06:26.754252|40.407165576476054|14.326018102015205|4.0736881247676795|SYNTHETIC|BvaluePG|Toni||Mw|4.031255056020732|synthetic|synthetic unit-square catalog|earthquake|3.2283946419959983|40|24|2.0|-1.6094379124341005
498|2018-03-31T12:46:40.151267|40.410755147626276|14.221321652194595|9.70354005037976|SYNTHETIC|BvaluePG|Toni||Mw|2.589304210205663|synthetic|synthetic unit-square catalog|earthquake|3.2458108395843697|40|24|2.0|-1.6094379124341005
499|2018-04-02T04:52:42.643691|40.47248278041105|14.28806212613573|6.653299021377547|SYNTHETIC|BvaluePG|Toni||Mw|2.6432264739635456|synthetic|synthetic unit-square catalog|earthquake|3.2503854109213606|40|24|2.0|-1.6094379124341005
500|2018-04-02T19:14:03.602528|40.483427195305325|14.628746380898852|6.619884637323322|SYNTHETIC|BvaluePG|Toni||Mw|2.551740150071011|synthetic|synthetic unit-square catalog|earthquake|3.252023081683293|42|24|2.0|-1.6094379124341005
501|2018-04-04T09:09:32.486942|40.48358594622549|14.664197488940584|14.946395274009731|SYNTHETIC|BvaluePG|Toni||Mw|2.63253071975589|synthetic|synthetic unit-square catalog|earthquake|3.256349420961743|42|24|2.0|-1.6094379124341005
502|2018-04-08T00:14:14.029220|40.37896944296736|14.920919643693553|8.311157179771724|SYNTHETIC|BvaluePG|Toni||Mw|2.903471413719792|synthetic|synthetic unit-square catalog|earthquake|3.266283051601534|43|24|2.0|-1.6094379124341005
503|2018-04-11T03:43:03.560948|40.488985345814115|14.88294055684403|7.109851452383332|SYNTHETIC|BvaluePG|Toni||Mw|3.2924141082279297|synthetic|synthetic unit-square catalog|earthquake|3.2748936408646023|43|24|2.0|-1.6094379124341005
504|2018-04-13T18:10:18.584808|40.459512080681286|15.111544665788884|17.03968898523207|SYNTHETIC|BvaluePG|Toni||Mw|2.858449207389101|synthetic|synthetic unit-square catalog|earthquake|3.2820182328443313|44|24|2.0|-1.6094379124341005
505|2018-04-15T02:28:04.152679|40.36925606918196|15.118690134350745|10.982045515569183|SYNTHETIC|BvaluePG|Toni||Mw|2.784175395242969|synthetic|synthetic unit-square catalog|earthquake|3.2857024663687695|44|24|2.0|-1.6094379124341005
506|2018-04-23T18:56:55.821386|40.45780253900891|15.1196527516343|12.750130494818725|SYNTHETIC|BvaluePG|Toni||Mw|3.606890079670804|synthetic|synthetic unit-square catalog|earthquake|3.309485379793978|44|24|2.0|-1.6094379124341005
507|2018-04-24T19:32:05.649692|40.44436362716696|15.062883554596356|3.3479962845731954|SYNTHETIC|BvaluePG|Toni||Mw|3.121629198962135|synthetic|synthetic unit-square catalog|earthquake|3.312290087005737|44|24|2.0|-1.6094379124341005
508|2018-04-26T03:47:58.008233|40.44673612143766|15.173449063737783|13.758039166215749|SYNTHETIC|BvaluePG|Toni||Mw|2.9054947438522047|synthetic|synthetic unit-square catalog|earthquake|3.31597073314299|45|24|2.0|-1.6094379124341005
509|2018-04-27T08:14:44.464455|40.466193719020076|15.242913325380101|16.011074460425103|SYNTHETIC|BvaluePG|Toni||Mw|3.137226536616893|synthetic|synthetic unit-square catalog|earthquake|3.3192157979204904|45|24|2.0|-1.6094379124341005
510|2018-04-28T22:43:34.310622|40.37337926130765|15.170955688469123|13.251536265373158|SYNTHETIC|BvaluePG|Toni||Mw|3.1055484216100675|synthetic|synthetic unit-square catalog|earthquake|3.3236055438506886|45|24|2.0|-1.6094379124341005
511|2018-04-30T20:00:48.633081|40.35812015185327|15.644010066104297|2.32900324044164|SYNTHETIC|BvaluePG|Toni||Mw|3.73008052740237|synthetic|synthetic unit-square catalog|earthquake|3.328771789777476|47|24|2.0|-1.6094379124341005
512|2018-04-30T20:50:29.852805|40.33748164625887|15.555023149530976|9.437422052954137|SYNTHETIC|BvaluePG|Toni||Mw|2.7015966663344213|synthetic|synthetic unit-square catalog|earthquake|3.328866258929888|47|24|2.0|-1.6094379124341005
513|2018-05-03T13:18:19.547244|40.3877771763943|15.598194260099882|8.278626919097073|SYNTHETIC|BvaluePG|Toni||Mw|2.572927025743575|synthetic|synthetic unit-square catalog|earthquake|3.3362201037862205|47|24|2.0|-1.6094379124341005
514|2018-05-11T20:32:23.147594|40.39116139980917|15.815087903225937|6.954911694635548|SYNTHETIC|BvaluePG|Toni||Mw|2.867937457990253|synthetic|synthetic unit-square catalog|earthquake|3.358948181978192|48|24|2.0|-1.6094379124341005
515|2018-05-14T11:19:29.000532|40.32862484601997|16.10535418521207|16.511015823613683|SYNTHETIC|BvaluePG|Toni||Mw|2.8393651559646154|synthetic|synthetic unit-square catalog|earthquake|3.366110509054324|49|24|2.0|-1.6094379124341005
516|2018-05-15T22:22:53.672654|40.4421483795228|16.00147729870108|9.696625574423757|SYNTHETIC|BvaluePG|Toni||Mw|2.806208433099568|synthetic|synthetic unit-square catalog|earthquake|3.370109693787068|49|24|2.0|-1.6094379124341005
517|2018-05-17T02:25:39.572957|40.418351604251406|15.998643359443099|15.968805631410154|SYNTHETIC|BvaluePG|Toni||Mw|2.623643396682584|synthetic|synthetic unit-square catalog|earthquake|3.3733091101020687|49|24|2.0|-1.6094379124341005
518|2018-05-23T05:46:23.671525|40.450065949498025|16.501482255955345|3.8241523355802123|SYNTHETIC|BvaluePG|Toni||Mw|2.5801858487704714|synthetic|synthetic unit-square catalog|earthquake|3.3901178692779412|51|24|0.3|-3.6635616461296463
519|2018-05-27T02:48:21.521869|40.427021372125324|17.059709289684807|8.112126185644824|SYNTHETIC|BvaluePG|Toni||Mw|3.13503082920072|synthetic|synthetic unit-square catalog|earthquake|3.400730775530123|54|24|0.3|-3.6635616461296463
520|2018-06-09T07:56:58.591092|40.371819192082015|18.406250239490966|16.675004078993815|SYNTHETIC|BvaluePG|Toni||Mw|3.1606888449793242|synthetic|synthetic unit-square catalog|earthquake|3.4369096062784257|61|24|0.3|-3.6635616461296463
521|2018-06-17T12:03:02.639359|40.461718808226685|18.784436824109996|7.593963362718673|SYNTHETIC|BvaluePG|Toni||Mw|2.5525988477537744|synthetic|synthetic unit-square catalog|earthquake|3.4592802570334777|62|24|0.3|-3.6635616461296463
522|2018-06-17T15:32:49.868223|40.335782950132796|18.886433710854682|5.826070411936131|SYNTHETIC|BvaluePG|Toni||Mw|2.5402834642327585|synthetic|synthetic unit-square catalog|earthquake|3.4596791222470613|63|24|0.3|-3.6635616461296463
523|2018-06-24T21:06:02.442608|40.5979351861322|6.185021549995156|15.729207153540958|SYNTHETIC|BvaluePG|Toni||Mw|2.907606421963945|synthetic|synthetic unit-square catalog|earthquake|3.4794776042097117|0|25|0.3|-3.6635616461296463
524|2018-06-25T22:31:45.038846|40.510761532422954|6.882894858981446|8.499097452153167|SYNTHETIC|BvaluePG|Toni||Mw|3.083048026237792|synthetic|synthetic unit-square catalog|earthquake|3.4823784140380365|4|25|0.3|-3.6635616461296463
525|2018-06-26T01:19:50.003042|40.498929062287104|8.3760120816745|3.21272263489805|SYNTHETIC|BvaluePG|Toni||Mw|2.545152014867725|synthetic|synthetic unit-square catalog|earthquake|3.482697987269081|11|25|0.3|-3.6635616461296463
526|2018-06-27T05:14:26.741799|40.541476993144634|9.611206762355371|8.800805677461423|SYNTHETIC|BvaluePG|Toni||Mw|2.796974768213869|synthetic|synthetic unit-square catalog|earthquake|3.4858819029900676|17|25|0.3|-3.6635616461296463
527|2018-06-28T06:02:52.329197|40.64601675201433|9.5962210349794|4.126886602060999|SYNTHETIC|BvaluePG|Toni||Mw|2.536650290580611|synthetic|synthetic unit-square catalog|earthquake|3.4887118262858365|17|25|0.3|-3.6635616461296463
528|2018-06-30T05:30:20.586192|40.65313728198885|9.867089348349893|3.546143465548518|SYNTHETIC|BvaluePG|Toni||Mw|3.1474583245203127|synthetic|synthetic unit-square catalog|earthquake|3.494125680856345|19|25|0.3|-3.6635616461296463
529|2018-06-30T18:40:06.552661|40.537852807164256|9.986402219993098|2.5725092660888684|SYNTHETIC|BvaluePG|Toni||Mw|2.810622087164256|synthetic|synthetic unit-square catalog|earthquake|3.495627251522989|19|25|0.3|-3.6635616461296463
530|2018-07-01T20:44:03.069598|40.57239985445704|10.046890547756817|6.843475782326399|SYNTHETIC|BvaluePG|Toni||Mw|2.8057087941711525|synthetic|synthetic unit-square catalog|earthquake|3.4986007513118422|19|25|0.3|-3.6635616461296463
531|2018-07-04T15:50:04.363474|40.619045485474416|11.990309733496247|5.63358128450796|SYNTHETIC|BvaluePG|Toni||Mw|2.5399462598620954|synthetic|synthetic unit-square catalog|earthquake|3.506255366804644|29|25|0.3|-3.6635616461296463
532|2018-07-05T08:56:35.092048|40.50387613765296|12.06310473648915|13.625895160634355|SYNTHETIC|BvaluePG|Toni||Mw|2.723297449746467|synthetic|synthetic unit-square catalog|earthquake|3.5082070592202363|29|25|0.3|-3.6635616461296463
533|2018-07-06T00:01:04.118000|40.496832595326396|12.256765976116686|6.358728876689984|SYNTHETIC|BvaluePG|Toni||Mw|2.958494139434248|synthetic|synthetic unit-square catalog|earthquake|3.5099267408801937|30|25|0.3|-3.6635616461296463
534|2018-07-06T12:22:18.068027|40.55933347242589|14.691284299487478|10.874322206679112|SYNTHETIC|BvaluePG|Toni||Mw|2.7773507794028642|synthetic|synthetic unit-square catalog|earthquake|3.511336035314081|42|25|0.3|-3.6635616461296463
535|2018-07-06T23:27:58.348103|40.52491637600332|15.112447222725638|9.381738322108104|SYNTHETIC|BvaluePG|Toni||Mw|4.898553966861555|synthetic|synthetic unit-square catalog|earthquake|3.5126016664164474|44|25|0.3|-3.6635616461296463
536|2018-07-07T16:17:26.556803|40.632251593622236|14.979630834693396|5.59836686361694|SYNTHETIC|BvaluePG|Toni||Mw|2.847648061075477|synthetic|synthetic unit-square catalog|earthquake|3.514520957132452|44|25|0.3|-3.6635616461296463
537|2018-07-08T21:19:45.115014|40.54273539377814|17.395681390971912|6.500770051983677|SYNTHETIC|BvaluePG|Toni||Mw|3.1595144582725068|synthetic|synthetic unit-square catalog|earthquake|3.5178335841450235|56|25|0.3|-3.6635616461296463
538|2018-07-09T20:39:49.200062|40.60440625699252|18.049297522274927|5.8882004518047495|SYNTHETIC|BvaluePG|Toni||Mw|3.0784261598736564|synthetic|synthetic unit-square catalog|earthquake|3.5204955129687576|59|25|0.3|-3.6635616461296463
539|2018-07-12T16:31:05.434845|40.60659903542539|18.665070608553698|4.55137699520963|SYNTHETIC|BvaluePG|Toni||Mw|3.369112452907622|synthetic|synthetic unit-square catalog|earthquake|3.52823615974743|62|25|0.3|-3.6635616461296463
540|2018-07-12T20:01:33.811158|40.7938717129824|6.518983516910097|11.876729907709372|SYNTHETIC|BvaluePG|Toni||Mw|2.6682878694630525|synthetic|synthetic unit-square catalog|earthquake|3.528636328845|2|26|0.3|-3.6635616461296463
541|2018-07-13T05:13:32.023076|40.69198988587254|6.691947282303255|11.950337356318435|SYNTHETIC|BvaluePG|Toni||Mw|3.5234751565542535|synthetic|synthetic unit-square catalog|earthquake|3.5296857816524883|3|26|0.3|-3.6635616461296463
542|2018-07-15T01:30:56.050944|40.81912623008259|6.7400046893175585|8.725858847917598|SYNTHETIC|BvaluePG|Toni||Mw|2.717736442277407|synthetic|synthetic unit-square catalog|earthquake|3.5347382580089945|3|26|0.3|-3.6635616461296463
543|2018-07-15T17:28:36.444635|40.845201257362525|7.264005634359247|13.483519494924495|SYNTHETIC|BvaluePG|Toni||Mw|3.230355781021225|synthetic|synthetic unit-square catalog|earthquake|3.536559068010109|6|26|0.3|-3.6635616461296463
544|2018-07-19T12:00:20.577382|40.69272809341629|8.127411359595452|8.972351620914427|SYNTHETIC|BvaluePG|Toni||Mw|3.569030334487361|synthetic|synthetic unit-square catalog|earthquake|3.5468863467875424|10|26|0.3|-3.6635616461296463
545|2018-07-31T01:29:03.802295|40.74372945156239|8.674966466145996|5.946423127609023|SYNTHETIC|BvaluePG|Toni||Mw|3.3097500509601887|synthetic|synthetic unit-square catalog|earthquake|3.5785403136580642|13|26|0.3|-3.6635616461296463
546|2018-08-04T07:03:54.484160|40.67717758292299|8.934835448056996|14.14837456136575|SYNTHETIC|BvaluePG|Toni||Mw|2.5879588445553106|synthetic|synthetic unit-square catalog|earthquake|3.59012835209777|14|26|0.3|-3.6635616461296463
547|2018-08-09T11:07:15.239328|40.810713805537006|12.962077663443898|14.703504192651337|SYNTHETIC|BvaluePG|Toni||Mw|3.731338312222127|synthetic|synthetic unit-square catalog|earthquake|3.6042802760453307|34|26|0.3|-3.6635616461296463
548|2018-08-20T03:44:21.136896|40.772048845751705|13.059151137719981|5.842037220976794|SYNTHETIC|BvaluePG|Toni||Mw|2.5099052954080925|synthetic|synthetic unit-square catalog|earthquake|3.6335545522123356|34|26|0.3|-3.6635616461296463
549|2018-08-21T04:20:50.800963|40.835063294474416|13.691478687808509|5.779509798607068|SYNTHETIC|BvaluePG|Toni||Mw|2.578055630840458|synthetic|synthetic unit-square catalog|earthquake|3.6363617892667377|37|26|0.3|-3.6635616461296463
550|2018-08-21T20:09:07.423089|40.75980702580474|14.177705496755992|4.980662792222361|SYNTHETIC|BvaluePG|Toni||Mw|2.69491568329303|synthetic|synthetic unit-square catalog|earthquake|3.638164734424987|40|26|0.3|-3.6635616461296463
551|2018-08-22T06:04:30.451157|40.70964100400297|15.129205156814358|11.448879075325076|SYNTHETIC|BvaluePG|Toni||Mw|2.891393963224594|synthetic|synthetic unit-square catalog|earthquake|3.639296728875372|44|26|0.3|-3.6635616461296463
552|2018-09-01T07:59:59.914656|40.74510785042392|15.189596972143633|15.535737839182264|SYNTHETIC|BvaluePG|Toni||Mw|2.933756674106028|synthetic|synthetic unit-square catalog|earthquake|3.666894818194563|45|26|0.3|-3.6635616461296463
553|2018-09-04T10:30:19.560913|40.6908330777243|16.282244804600033|14.300553333485059|SYNTHETIC|BvaluePG|Toni||Mw|2.8719943894864173|synthetic|synthetic unit-square catalog|earthquake|3.675394185898587|50|26|0.3|-3.6635616461296463
554|2018-09-11T05:28:27.304246|40.72667533977953|17.229048986719803|9.86348209185559|SYNTHETIC|BvaluePG|Toni||Mw|3.1725388114104214|synthetic|synthetic unit-square catalog|earthquake|3.6939851986287486|55|26|0.3|-3.6635616461296463
555|2018-09-11T15:59:44.885372|41.027927235614|6.154132349273715|4.590612423554893|SYNTHETIC|BvaluePG|Toni||Mw|2.7001733730892634|synthetic|synthetic unit-square catalog|earthquake|3.6951854667456576|0|27|0.3|-3.6635616461296463
556|2018-09-11T19:30:23.920749|40.911413701222074|6.502736514727507|16.57913207075137|SYNTHETIC|BvaluePG|Toni||Mw|2.510748949665764|synthetic|synthetic unit-square catalog|earthquake|3.6955859736085706|2|27|0.3|-3.6635616461296463
557|2018-09-15T18:45:43.239432|40.964935079887866|7.8084568868138975|6.64940074869298|SYNTHETIC|BvaluePG|Toni||Mw|3.1666955570233433|synthetic|synthetic unit-square catalog|earthquake|3.706452431092111|8|27|0.3|-3.6635616461296463
558|2018-09-17T21:16:11.264823|40.88135520674898|8.408004973034572|17.189259194542018|SYNTHETIC|BvaluePG|Toni||Mw|2.861887666976065|synthetic|synthetic unit-square catalog|earthquake|3.7122142135277603|11|27|0.3|-3.6635616461296463
559|2018-09-22T08:56:46.705757|40.94022605921658|8.682722025337675|9.338528314276378|SYNTHETIC|BvaluePG|Toni||Mw|2.726823974440179|synthetic|synthetic unit-square catalog|earthquake|3.7244976394199125|13|27|0.3|-3.6635616461296463
560|2018-09-23T16:42:52.284816|40.870440700533706|9.247436093633208|2.279801041259738|SYNTHETIC|BvaluePG|Toni||Mw|2.798956028031748|synthetic|synthetic unit-square catalog|earthquake|3.7281216659320107|15|27|0.3|-3.6635616461296463
561|2018-09-26T08:10:15.615750|40.87696616687565|9.35912253845434|2.953118154340295|SYNTHETIC|BvaluePG|Toni||Mw|2.6824800153236095|synthetic|synthetic unit-square catalog|earthquake|3.735360598263183|16|27|0.3|-3.6635616461296463
562|2018-09-27T18:38:05.058906|40.98376473175363|10.05015669207673|17.87905587211751|SYNTHETIC|BvaluePG|Toni||Mw|2.7379087338898223|synthetic|synthetic unit-square catalog|earthquake|3.7392921216729436|19|27|0.3|-3.6635616461296463
563|2018-10-03T12:29:37.670427|41.017915904178835|10.246828355243952|6.495133717126382|SYNTHETIC|BvaluePG|Toni||Mw|2.5507271761613106|synthetic|synthetic unit-square catalog|earthquake|3.7550186855282908|20|27|0.3|-3.6635616461296463
564|2018-10-04T10:53:07.177096|40.97123670597493|10.75823977859097|10.384060484363257|SYNTHETIC|BvaluePG|Toni||Mw|3.2601994401279564|synthetic|synthetic unit-square catalog|earthquake|3.757573046654249|23|27|0.3|-3.6635616461296463
565|2018-10-05T07:30:32.251365|40.86069672162081|11.412797492686062|10.565508823022174|SYNTHETIC|BvaluePG|Toni||Mw|3.545896334531365|synthetic|synthetic unit-square catalog|earthquake|3.7599257310874434|26|27|0.3|-3.6635616461296463
566|2018-10-06T04:57:13.006165|40.976494373898895|11.382416632979245|3.444308435455099|SYNTHETIC|BvaluePG|Toni||Mw|2.9559883948203924|synthetic|synthetic unit-square catalog|earthquake|3.7623720753848633|26|27|0.3|-3.6635616461296463
567|2018-10-08T23:17:57.503775|40.93731582030255|11.843740144966969|7.578437737262368|SYNTHETIC|BvaluePG|Toni||Mw|2.523446797902266|synthetic|synthetic unit-square catalog|earthquake|3.769940600799023|28|27|0.3|-3.6635616461296463
568|2018-10-12T01:51:08.022702|41.01338182196548|12.357064861846288|4.422004834431814|SYNTHETIC|BvaluePG|Toni||Mw|2.6759126399886366|synthetic|synthetic unit-square catalog|earthquake|3.778445383131256|31|27|0.3|-3.6635616461296463
569|2018-10-15T05:23:59.152905|40.906980083912316|12.93297291747491|15.30153137041435|SYNTHETIC|BvaluePG|Toni||Mw|2.6018577252711554|synthetic|synthetic unit-square catalog|earthquake|3.787063628188009|34|27|0.3|-3.6635616461296463
570|2018-10-17T06:53:04.627312|40.915637215832746|13.84948997634061|3.987628577805854|SYNTHETIC|BvaluePG|Toni||Mw|3.0929705050131|synthetic|synthetic unit-square catalog|earthquake|3.7927087176246896|38|27|0.3|-3.6635616461296463
571|2018-11-01T09:24:18.607485|40.91150582356724|13.730722821514394|3.8297124434292584|SYNTHETIC|BvaluePG|Toni||Mw|3.5093535015851725|synthetic|synthetic unit-square catalog|earthquake|3.8340640165121966|38|27|0.3|-3.6635616461296463
572|2018-11-08T12:48:28.568663|41.02226883654714|13.982931674827814|3.6788859554915074|SYNTHETIC|BvaluePG|Toni||Mw|2.5733882716635144|synthetic|synthetic unit-square catalog|earthquake|3.853617149867664|39|27|0.3|-3.6635616461296463
573|2018-11-10T10:00:30.170641|40.98887981196525|17.080702699083297|13.11041444079014|SYNTHETIC|BvaluePG|Toni||Mw|2.9105929871072567|synthetic|synthetic unit-square catalog|earthquake|3.85877348628038|54|27|0.3|-3.6635616461296463
574|2018-11-11T10:15:32.829013|41.008451122589626|18.854980941816756|7.002553183239494|SYNTHETIC|BvaluePG|Toni||Mw|2.657528277646438|synthetic|synthetic unit-square catalog|earthquake|3.86153994058526|63|27|0.3|-3.6635616461296463
575|2018-11-12T07:39:10.643191|41.06893433032156|6.314182731956983|16.377101640976406|SYNTHETIC|BvaluePG|Toni||Mw|2.9562907259807707|synthetic|synthetic unit-square catalog|earthquake|3.8639804878441897|1|28|0.3|-3.6635616461296463
576|2018-11-15T08:32:36.582372|41.18489400397619|6.570318033908791|8.727789400942404|SYNTHETIC|BvaluePG|Toni||Mw|3.204483720530094|synthetic|synthetic unit-square catalog|earthquake|3.8722956302878675|2|28|0.3|-3.6635616461296463
577|2018-11-17T17:39:38.136899|41.15619198819249|7.252600402290474|11.761407592553388|SYNTHETIC|BvaluePG|Toni||Mw|2.5119460465568344|synthetic|synthetic unit-square catalog|earthquake|3.878811384164167|6|28|0.3|-3.6635616461296463
578|2018-11-22T16:56:32.583488|41.04008882453291|7.481028360846078|15.56224824989597|SYNTHETIC|BvaluePG|Toni||Mw|2.758354209553291|synthetic|synthetic unit-square catalog|earthquake|3.8924187068563096|7|28|0.3|-3.6635616461296463
579|2018-11-23T01:37:03.481984|41.0919298995317|7.798707189109946|5.21748461430694|SYNTHETIC|BvaluePG|Toni||Mw|2.9827411976258027|synthetic|synthetic unit-square catalog|earthquake|3.893408354310357|8|28|0.3|-3.6635616461296463
580|2018-11-24T03:13:01.810341|41.05422312697073|8.796380571801624|6.339270268413843|SYNTHETIC|BvaluePG|Toni||Mw|2.8543160351955557|synthetic|synthetic unit-square catalog|earthquake|3.8963286755121374|13|28|0.3|-3.6635616461296463
581|2018-11-25T17:25:28.377185|41.06881537271261|9.508904922940198|5.009506770677705|SYNTHETIC|BvaluePG|Toni||Mw|2.7015706934889026|synthetic|synthetic unit-square catalog|earthquake|3.900687263200784|17|28|0.3|-3.6635616461296463
582|2018-11-25T20:09:04.640490|41.206126224570745|9.82780980184327|17.730442282591106|SYNTHETIC|BvaluePG|Toni||Mw|2.8986393792719167|synthetic|synthetic unit-square catalog|earthquake|3.900998321814418|18|28|0.3|-3.6635616461296463
583|2018-11-26T11:04:54.979166|41.112858792024944|10.093249757302788|9.649941021765647|SYNTHETIC|BvaluePG|Toni||Mw|3.1371742599320696|synthetic|synthetic unit-square catalog|earthquake|3.9027015672664076|20|28|0.3|-3.6635616461296463
584|2018-12-02T06:55:48.704742|41.112868407328826|10.520691648680703|11.254129803100883|SYNTHETIC|BvaluePG|Toni||Mw|2.8942704973672386|synthetic|synthetic unit-square catalog|earthquake|3.9186550531327766|22|28|0.3|-3.6635616461296463
585|2018-12-03T10:21:31.141600|41.20384076847893|10.766815409199118|7.212119257267382|SYNTHETIC|BvaluePG|Toni||Mw|3.121811221213856|synthetic|synthetic unit-square catalog|earthquake|3.9217840121428873|23|28|0.3|-3.6635616461296463
586|2018-12-05T11:30:44.102993|41.13920344636776|11.194122464326679|8.360310179905005|SYNTHETIC|BvaluePG|Toni||Mw|3.1398080648460054|synthetic|synthetic unit-square catalog|earthquake|3.9273913131224667|25|28|0.3|-3.6635616461296463
587|2018-12-06T06:46:39.144061|41.06518192726829|11.288327054184599|2.6394939751559168|SYNTHETIC|BvaluePG|Toni||Mw|3.019492637572301|synthetic|synthetic unit-square catalog|earthquake|3.92958904175416|26|28|0.3|-3.6635616461296463
588|2018-12-07T17:35:47.853752|41.04415973610151|11.423274259373256|12.063753060090328|SYNTHETIC|BvaluePG|Toni||Mw|2.9018437429016313|synthetic|synthetic unit-square catalog|earthquake|3.933561102674248|26|28|0.3|-3.6635616461296463
589|2018-12-12T19:46:43.706421|41.090163223012055|13.465724479187305|17.967212590868655|SYNTHETIC|BvaluePG|Toni||Mw|3.2046993522101728|synthetic|synthetic unit-square catalog|earthquake|3.9474992935591215|36|28|0.3|-3.6635616461296463
590|2018-12-13T16:08:40.133248|41.16460127470829|17.14185414084936|11.66834372450472|SYNTHETIC|BvaluePG|Toni||Mw|2.525253144346172|synthetic|synthetic unit-square catalog|earthquake|3.949822550930623|54|28|0.3|-3.6635616461296463
591|2018-12-15T00:49:07.164941|41.14958055097019|17.53678730380946|17.718875917977165|SYNTHETIC|BvaluePG|Toni||Mw|2.533326674118571|synthetic|synthetic unit-square catalog|earthquake|3.953549926640214|56|28|0.3|-3.6635616461296463
592|2018-12-15T09:10:45.941356|41.10274094871355|18.139072072636694|9.151417896164245|SYNTHETIC|BvaluePG|Toni||Mw|2.6249572242024297|synthetic|synthetic unit-square catalog|earthquake|3.9545036993103477|59|28|0.3|-3.6635616461296463
593|2018-12-15T15:27:47.715647|41.11104653513313|17.999033491279615|14.736718995968609|SYNTHETIC|BvaluePG|Toni||Mw|2.6386644065885094|synthetic|synthetic unit-square catalog|earthquake|3.9552205400806093|59|28|0.3|-3.6635616461296463
594|2018-12-19T17:50:29.451238|41.240575874962495|7.102579807203801|9.16466793009626|SYNTHETIC|BvaluePG|Toni||Mw|3.07793717194793|synthetic|synthetic unit-square catalog|earthquake|3.9664432482583845|5|29|0.3|-3.6635616461296463
595|2018-12-19T21:40:03.058424|41.343720609525505|7.862555885815293|11.540886521055253|SYNTHETIC|BvaluePG|Toni||Mw|2.519616106486497|synthetic|synthetic unit-square catalog|earthquake|3.9668797075323905|9|29|0.3|-3.6635616461296463
596|2018-12-20T06:25:10.461961|41.341606694139216|8.391126622559455|9.321595060773642|SYNTHETIC|BvaluePG|Toni||Mw|3.6285060579824107|synthetic|synthetic unit-square catalog|earthquake|3.9678781169024715|11|29|0.3|-3.6635616461296463
597|2018-12-23T17:44:18.714650|41.353575239583996|9.558259758676915|2.0515847163142187|SYNTHETIC|BvaluePG|Toni||Mw|2.6172252132956406|synthetic|synthetic unit-square catalog|earthquake|3.9773829034733432|17|29|0.3|-3.6635616461296463
598|2018-12-25T08:20:50.681661|41.25154451213327|11.533289702649483|16.55220568671838|SYNTHETIC|BvaluePG|Toni||Mw|3.2698362039463595|synthetic|synthetic unit-square catalog|earthquake|3.9817872931294493|27|29|0.3|-3.6635616461296463
599|2018-12-26T21:35:16.340908|41.313638526241576|12.723316153255023|8.11730547330069|SYNTHETIC|BvaluePG|Toni||Mw|2.8928549019899794|synthetic|synthetic unit-square catalog|earthquake|3.986035577512501|33|29|0.3|-3.6635616461296463
600|2018-12-27T07:05:58.753797|41.33859335236633|13.036764891449167|13.708137641968436|SYNTHETIC|BvaluePG|Toni||Mw|3.2395258580852566|synthetic|synthetic unit-square catalog|earthquake|3.987120654099078|34|29|0.3|-3.6635616461296463
601|2019-01-01T17:02:32.313841|41.277002793447245|14.289057367529175|16.728496429731308|SYNTHETIC|BvaluePG|Toni||Mw|3.0278230167314355|synthetic|synthetic unit-square catalog|earthquake|4.001944137508592|40|29|0.3|-3.6635616461296463
602|2019-01-01T19:03:35.956577|41.25470309768419|15.030304794303673|15.643234019243376|SYNTHETIC|BvaluePG|Toni||Mw|2.8260609055713726|synthetic|synthetic unit-square catalog|earthquake|4.00217430845747|44|29|0.3|-3.6635616461296463
603|2019-01-02T17:23:33.820728|41.21646183644577|15.842347016750534|6.2930561329516905|SYNTHETIC|BvaluePG|Toni||Mw|2.8912933246114987|synthetic|synthetic unit-square catalog|earthquake|4.004721963036749|48|29|0.3|-3.6635616461296463
604|2019-01-03T15:59:31.446866|41.229371195070506|16.26768589380408|4.1635293027964|SYNTHETIC|BvaluePG|Toni||Mw|2.8982862619460428|synthetic|synthetic unit-square catalog|earthquake|4.007300030638149|50|29|0.3|-3.6635616461296463
605|2019-01-04T23:34:49.788274|41.323936151053125|17.717701229241328|5.9437237688887095|SYNTHETIC|BvaluePG|Toni||Mw|3.1266289416198854|synthetic|synthetic unit-square catalog|earthquake|4.010903547426744|57|29|0.3|-3.6635616461296463
606|2019-01-05T13:50:35.003079|41.386470266472244|17.99806424689463|6.468420768081083|SYNTHETIC|BvaluePG|Toni||Mw|2.5345057768504087|synthetic|synthetic unit-square catalog|earthquake|4.012530579102327|59|29|0.3|-3.6635616461296463
607|2019-01-06T03:40:21.573683|41.3373387444775|18.250424764729757|17.853897337329503|SYNTHETIC|BvaluePG|Toni||Mw|2.611497248350024|synthetic|synthetic unit-square catalog|earthquake|4.01410822032359|60|29|0.3|-3.6635616461296463
608|2019-01-11T23:56:52.371658|41.22464998987073|18.566084889354315|4.121193831839253|SYNTHETIC|BvaluePG|Toni||Mw|2.576093323928554|synthetic|synthetic unit-square catalog|earthquake|4.030110413075088|61|29|0.3|-3.6635616461296463
609|2019-01-13T22:45:49.377922|41.526087867760054|6.40729006798616|12.168258454896012|SYNTHETIC|BvaluePG|Toni||Mw|3.5347229252529475|synthetic|synthetic unit-square catalog|earthquake|4.035451028529513|2|30|0.3|-3.6635616461296463
610|2019-01-17T13:11:52.983356|41.39313621782301|7.534428539025326|3.346466981250792|SYNTHETIC|BvaluePG|Toni||Mw|3.1337140445881895|synthetic|synthetic unit-square catalog|earthquake|4.045311208183015|7|30|0.3|-3.6635616461296463
611|2019-01-18T00:51:35.744538|41.41780035166813|7.50596209260736|6.1652442172625666|SYNTHETIC|BvaluePG|Toni||Mw|2.6580095193874573|synthetic|synthetic unit-square catalog|earthquake|4.0466415616060205|7|30|0.3|-3.6635616461296463
612|2019-01-26T06:59:51.003483|41.41157385181664|7.928945142884102|2.4682703503119665|SYNTHETIC|BvaluePG|Toni||Mw|3.0924417784301634|synthetic|synthetic unit-square catalog|earthquake|4.069244524408813|9|30|0.3|-3.6635616461296463
613|2019-01-27T20:55:18.240513|41.42563634433805|8.94844316739897|9.614431628664915|SYNTHETIC|BvaluePG|Toni||Mw|2.5499852692899365|synthetic|synthetic unit-square catalog|earthquake|4.073570811484832|14|30|0.3|-3.6635616461296463
614|2019-01-30T20:36:58.371212|41.54595350717037|9.746267414984699|15.336802114428265|SYNTHETIC|BvaluePG|Toni||Mw|2.8782937103147868|synthetic|synthetic unit-square catalog|earthquake|4.081749511091237|18|30|0.3|-3.6635616461296463
615|2019-02-02T12:59:43.761078|41.47009870596895|10.511159902028634|5.84604609275139|SYNTHETIC|BvaluePG|Toni||Mw|3.301653192219248|synthetic|synthetic unit-square catalog|earthquake|4.089093713117542|22|30|0.3|-3.6635616461296463
616|2019-02-03T22:17:51.475916|41.53681249596889|11.417122262661497|16.59375342615032|SYNTHETIC|BvaluePG|Toni||Mw|3.671642229878899|synthetic|synthetic unit-square catalog|earthquake|4.09289272555316|26|30|0.3|-3.6635616461296463
617|2019-02-04T01:20:38.678092|41.40437440103288|11.894915560475308|7.287860382813641|SYNTHETIC|BvaluePG|Toni||Mw|2.57041365797601|synthetic|synthetic unit-square catalog|earthquake|4.093240255218786|29|30|0.3|-3.6635616461296463
618|2019-02-05T20:38:29.775945|41.45571517594976|13.019951884625227|3.9445303821991384|SYNTHETIC|BvaluePG|Toni||Mw|2.5861424496238166|synthetic|synthetic unit-square catalog|earthquake|4.098179512255232|34|30|0.3|-3.6635616461296463
619|2019-02-07T12:54:49.263628|41.48088075003727|12.960554664206345|2.5990320716518074|SYNTHETIC|BvaluePG|Toni||Mw|2.77864104222131|synthetic|synthetic unit-square catalog|earthquake|4.1027736349921495|34|30|0.3|-3.6635616461296463
620|2019-02-07T14:27:03.306093|41.44814598457622|13.431787757455101|10.402596713025924|SYNTHETIC|BvaluePG|Toni||Mw|3.4574154359416776|synthetic|synthetic unit-square catalog|earthquake|4.1029489982157505|36|30|0.3|-3.6635616461296463
621|2019-02-19T17:37:17.170741|41.45954730232119|14.284504869358027|5.189033921125892|SYNTHETIC|BvaluePG|Toni||Mw|2.728465993530449|synthetic|synthetic unit-square catalog|earthquake|4.136164891206602|40|30|0.3|-3.6635616461296463
622|2019-02-20T01:29:29.487260|41.554209214537764|15.352602634027912|6.596822012599224|SYNTHETIC|BvaluePG|Toni||Mw|3.6634298108655194|synthetic|synthetic unit-square catalog|earthquake|4.13706268814042|46|30|0.3|-3.6635616461296463
623|2019-02-27T07:43:41.741610|41.53015199977654|15.563074868862016|7.5050954957760005|SYNTHETIC|BvaluePG|Toni||Mw|2.6209043842145645|synthetic|synthetic unit-square catalog|earthquake|4.156939112657812|47|30|0.3|-3.6635616461296463
624|2019-03-03T08:27:11.489007|41.56596465667231|16.253102146316508|10.910757493095014|SYNTHETIC|BvaluePG|Toni||Mw|2.5521088171912685|synthetic|synthetic unit-square catalog|earthquake|4.1679732137110275|50|30|0.3|-3.6635616461296463
625|2019-03-07T03:39:57.956969|41.39171588238049|17.239131840309454|10.678797093090498|SYNTHETIC|BvaluePG|Toni||Mw|3.197810838565335|synthetic|synthetic unit-square catalog|earthquake|4.178378519183015|55|30|0.3|-3.6635616461296463
626|2019-03-15T19:40:18.910679|41.47762822900193|17.425731225728438|16.06481628775851|SYNTHETIC|BvaluePG|Toni||Mw|2.9141905501498555|synthetic|synthetic unit-square catalog|earthquake|4.202107223321141|56|30|0.3|-3.6635616461296463
627|2019-03-26T14:19:18.634828|41.63206998176845|6.44975442382428|8.497371817154065|SYNTHETIC|BvaluePG|Toni||Mw|2.6644036880910997|synthetic|synthetic unit-square catalog|earthquake|4.231613260667119|2|31|0.3|-3.6635616461296463
628|2019-03-30T19:29:51.709203|41.67306257201753|7.363293663860203|17.63676222562107|SYNTHETIC|BvaluePG|Toni||Mw|2.6446224830634497|synthetic|synthetic unit-square catalog|earthquake|4.243155110312692|6|31|0.3|-3.6635616461296463
629|2019-04-04T20:17:50.102126|41.588318741055765|7.3757683455403695|4.8008586141234115|SYNTHETIC|BvaluePG|Toni||Mw|2.592861360645675|synthetic|synthetic unit-square catalog|earthquake|4.256935575016046|6|31|0.3|-3.6635616461296463
630|2019-04-07T05:17:47.534236|41.698884491222444|8.555565244768228|16.99189645180674|SYNTHETIC|BvaluePG|Toni||Mw|2.624050188685286|synthetic|synthetic unit-square catalog|earthquake|4.263437889263967|12|31|0.3|-3.6635616461296463
631|2019-04-10T08:17:27.804104|41.73641147214553|8.88632065647056|4.21843609055184|SYNTHETIC|BvaluePG|Toni||Mw|3.6588740148242014|synthetic|synthetic unit-square catalog|earthquake|4.2719930477636066|14|31|0.3|-3.6635616461296463
632|2019-04-16T23:50:08.580903|41.72186023242861|8.885623562138477|5.796000647322879|SYNTHETIC|BvaluePG|Toni||Mw|2.6366836046683257|synthetic|synthetic unit-square catalog|earthquake|4.290193442495752|14|31|0.3|-3.6635616461296463
633|2019-04-18T14:25:10.519315|41.57768721137499|9.1429839825317|14.778729571014303|SYNTHETIC|BvaluePG|Toni||Mw|2.8442638059996295|synthetic|synthetic unit-square catalog|earthquake|4.294594979317691|15|31|0.3|-3.6635616461296463
634|2019-04-20T03:18:20.016981|41.708541226276495|12.27434084800046|12.933440090227375|SYNTHETIC|BvaluePG|Toni||Mw|3.165612718185269|synthetic|synthetic unit-square catalog|earthquake|4.298802824580501|30|31|0.3|-3.6635616461296463
635|2019-04-25T09:06:36.443291|41.63596654307684|12.605297151856977|5.192728099602755|SYNTHETIC|BvaluePG|Toni||Mw|2.606068806727816|synthetic|synthetic unit-square catalog|earthquake|4.313154246308061|32|31|0.3|-3.6635616461296463
636|2019-04-25T23:10:10.703802|41.68925717362886|12.83599874072776|9.786284511221586|SYNTHETIC|BvaluePG|Toni||Mw|2.910172060769453|synthetic|synthetic unit-square catalog|earthquake|4.314758115439795|33|31|0.3|-3.6635616461296463
637|2019-04-26T06:58:01.693984|41.63442467732722|13.196220009924232|3.5393245276570315|SYNTHETIC|BvaluePG|Toni||Mw|2.721374494247049|synthetic|synthetic unit-square catalog|earthquake|4.315647631441696|35|31|0.3|-3.6635616461296463
638|2019-05-01T00:09:49.608213|41.724195543652854|13.356731866693348|4.164588571139927|SYNTHETIC|BvaluePG|Toni||Mw|2.753029355017881|synthetic|synthetic unit-square catalog|earthquake|4.32856077801271|36|31|0.3|-3.6635616461296463
639|2019-05-02T15:27:54.622494|41.63356920849346|13.523195043440019|10.18268279746994|SYNTHETIC|BvaluePG|Toni||Mw|2.9103091161367307|synthetic|synthetic unit-square catalog|earthquake|4.333044167569603|37|31|0.3|-3.6635616461296463
640|2019-05-07T09:20:52.718774|41.74929230352887|13.740173451863384|12.16130919543582|SYNTHETIC|BvaluePG|Toni||Mw|2.8285218412633855|synthetic|synthetic unit-square catalog|earthquake|4.346035589486361|38|31|0.3|-3.6635616461296463
641|2019-05-09T01:22:42.215109|41.62276640418792|14.664722838865938|15.397738135162458|SYNTHETIC|BvaluePG|Toni||Mw|2.746359972131416|synthetic|synthetic unit-square catalog|earthquake|4.350602143861054|42|31|0.3|-3.6635616461296463
642|2019-05-13T22:18:07.150003|41.73522797110016|15.222765914685016|13.723776801353187|SYNTHETIC|BvaluePG|Toni||Mw|2.5896132818621007|synthetic|synthetic unit-square catalog|earthquake|4.363940450161089|45|31|0.3|-3.6635616461296463
643|2019-05-17T22:57:58.353687|41.74162576756689|17.447000412501637|15.153810521927564|SYNTHETIC|BvaluePG|Toni||Mw|2.6411696557398243|synthetic|synthetic unit-square catalog|earthquake|4.374967625981931|56|31|0.3|-3.6635616461296463
644|2019-05-19T17:35:52.682541|41.75936323928317|6.841338537415888|11.879832712062345|SYNTHETIC|BvaluePG|Toni||Mw|3.5458930712709797|synthetic|synthetic unit-square catalog|earthquake|4.37983093399187|4|32|0.3|-3.6635616461296463
645|2019-05-20T21:59:30.667335|41.80956649761396|8.85894779287538|2.9160862454690246|SYNTHETIC|BvaluePG|Toni||Mw|2.566611281509087|synthetic|synthetic unit-square catalog|earthquake|4.383070026470172|14|32|4.0|-0.6931471805599454
646|2019-05-23T03:16:28.603216|41.792317677646864|8.863134160736962|17.339737613172513|SYNTHETIC|BvaluePG|Toni||Mw|2.72133882926448|synthetic|synthetic unit-square catalog|earthquake|4.389148370066693|14|32|4.0|-0.6931471805599454
647|2019-05-23T22:28:26.438466|41.92729224688289|9.06795781203706|2.5591228024823938|SYNTHETIC|BvaluePG|Toni||Mw|2.659611138298707|synthetic|synthetic unit-square catalog|earthquake|4.391338582099619|15|32|4.0|-0.6931471805599454
648|2019-05-23T23:06:09.586581|41.86745463763556|9.145990024870992|14.655152887842588|SYNTHETIC|BvaluePG|Toni||Mw|2.8686753080516003|synthetic|synthetic unit-square catalog|earthquake|4.391410296935812|15|32|4.0|-0.6931471805599454
649|2019-06-05T06:11:47.692216|41.860839721581364|9.100159473604252|7.89772780866892|SYNTHETIC|BvaluePG|Toni||Mw|2.783124364860561|synthetic|synthetic unit-square catalog|earthquake|4.425073760115358|15|32|4.0|-0.6931471805599454
650|2019-06-10T02:48:20.750615|41.81726266212798|9.064551307056586|4.745785838622334|SYNTHETIC|BvaluePG|Toni||Mw|3.5956907509458955|synthetic|synthetic unit-square catalog|earthquake|4.438376199413635|15|32|4.0|-0.6931471805599454
651|2019-06-10T05:41:14.033972|41.751562941514464|9.21223885738209|4.139215723890771|SYNTHETIC|BvaluePG|Toni||Mw|3.111957352323879|synthetic|synthetic unit-square catalog|earthquake|4.438704908927561|15|32|4.0|-0.6931471805599454
652|2019-06-15T17:32:34.608919|41.91566861611835|9.117718668898998|4.975665956863594|SYNTHETIC|BvaluePG|Toni||Mw|2.825509008564427|synthetic|synthetic unit-square catalog|earthquake|4.45374662867009|15|32|4.0|-0.6931471805599454
653|2019-06-16T00:30:51.176012|41.902954221145706|9.355936138813371|9.65433031867002|SYNTHETIC|BvaluePG|Toni||Mw|2.5513228276904267|synthetic|synthetic unit-square catalog|earthquake|4.454541890891971|16|32|4.0|-0.6931471805599454
654|2019-06-18T18:30:10.143739|41.82030755994513|9.441393835531033|5.053636857096784|SYNTHETIC|BvaluePG|Toni||Mw|3.40414981757275|synthetic|synthetic unit-square catalog|earthquake|4.462069680322323|16|32|4.0|-0.6931471805599454
655|2019-06-19T12:48:34.474894|41.755314349170064|9.401115909698229|15.282994667025015|SYNTHETIC|BvaluePG|Toni||Mw|3.708128182646968|synthetic|synthetic unit-square catalog|earthquake|4.464158062555287|16|32|4.0|-0.6931471805599454
656|2019-06-20T05:22:22.595036|41.79046679497732|9.327318441461541|11.954031994241811|SYNTHETIC|BvaluePG|Toni||Mw|2.5421193748641935|synthetic|synthetic unit-square catalog|earthquake|4.466047563662535|16|32|4.0|-0.6931471805599454
657|2019-06-20T11:16:10.197181|41.91462458562205|9.390016657920944|17.266933876729894|SYNTHETIC|BvaluePG|Toni||Mw|2.5905526618025783|synthetic|synthetic unit-square catalog|earthquake|4.466720225783392|16|32|4.0|-0.6931471805599454
658|2019-06-22T15:12:13.986640|41.88322119510047|9.299777808721107|13.081240507104825|SYNTHETIC|BvaluePG|Toni||Mw|2.510726403163165|synthetic|synthetic unit-square catalog|earthquake|4.4726447507618|16|32|4.0|-0.6931471805599454
659|2019-06-24T05:27:50.453155|41.79433825188443|9.644975336066196|10.355007290393662|SYNTHETIC|BvaluePG|Toni||Mw|2.772276806420005|synthetic|synthetic unit-square catalog|earthquake|4.477009356007917|17|32|4.0|-0.6931471805599454
660|2019-06-28T07:19:49.947703|41.79295026104415|9.483253714189377|7.627428410043873|SYNTHETIC|BvaluePG|Toni||Mw|3.899246629989064|synthetic|synthetic unit-square catalog|earthquake|4.488173687089743|17|32|4.0|-0.6931471805599454
661|2019-06-30T02:17:48.142148|41.904911833948375|9.599836166183973|4.2308798021976735|SYNTHETIC|BvaluePG|Toni||Mw|2.5593783423713057|synthetic|synthetic unit-square catalog|earthquake|4.49307514329824|17|32|4.0|-0.6931471805599454
662|2019-07-01T08:23:42.023760|41.86369395360076|9.562155344203058|13.464993849168955|SYNTHETIC|BvaluePG|Toni||Mw|2.772222489374653|synthetic|synthetic unit-square catalog|earthquake|4.49650867061375|17|32|4.0|-0.6931471805599454
663|2019-07-03T23:39:53.080585|41.758854680103966|9.572634264351793|3.4324023186039216|SYNTHETIC|BvaluePG|Toni||Mw|3.017255616656724|synthetic|synthetic unit-square catalog|earthquake|4.5037262998639065|17|32|4.0|-0.6931471805599454
664|2019-07-07T00:25:23.142410|41.75769344941348|9.458947113017585|10.298070914202503|SYNTHETIC|BvaluePG|Toni||Mw|2.65125032147674|synthetic|synthetic unit-square catalog|earthquake|4.512026362664161|17|32|4.0|-0.6931471805599454
665|2019-07-10T06:36:25.202288|41.8660914642286|9.824795527018832|7.318112339127737|SYNTHETIC|BvaluePG|Toni||Mw|2.856697471793777|synthetic|synthetic unit-square catalog|earthquake|4.5209453571339|18|32|4.0|-0.6931471805599454
666|2019-07-12T01:16:08.992548|41.821895633869126|9.731800934377958|8.182413428543455|SYNTHETIC|BvaluePG|Toni||Mw|3.4965047114017302|synthetic|synthetic unit-square catalog|earthquake|4.52581213376647|18|32|4.0|-0.6931471805599454
667|2019-07-18T00:16:44.424529|41.82053946466446|10.032904570456324|4.41940902418442|SYNTHETIC|BvaluePG|Toni||Mw|2.922660949874702|synthetic|synthetic unit-square catalog|earthquake|4.542126284144848|19|32|4.0|-0.6931471805599454
668|2019-07-19T03:46:19.902646|41.753487568358686|9.99594680659979|3.3731872943055645|SYNTHETIC|BvaluePG|Toni||Mw|2.9977384228756203|synthetic|synthetic unit-square catalog|earthquake|4.545262627786856|19|32|4.0|-0.6931471805599454
669|2019-07-20T00:49:54.089339|41.87304996163577|9.916790973233496|14.558164657238562|SYNTHETIC|BvaluePG|Toni||Mw|2.5643676306642975|synthetic|synthetic unit-square catalog|earthquake|4.547665034392318|19|32|4.0|-0.6931471805599454
670|2019-07-25T06:08:33.579859|41.84996686550034|10.2390855843706|11.520639521503544|SYNTHETIC|BvaluePG|Toni||Mw|2.91583843771605|synthetic|synthetic unit-square catalog|earthquake|4.561960148422564|20|32|4.0|-0.6931471805599454
671|2019-07-26T05:45:46.322630|41.89324484489594|10.218793338258273|4.758834931617823|SYNTHETIC|BvaluePG|Toni||Mw|3.194113399619331|synthetic|synthetic unit-square catalog|earthquake|4.564654673442533|20|32|4.0|-0.6931471805599454
672|2019-07-26T18:06:33.703404|41.87035672935975|10.253109018947207|4.365635667587563|SYNTHETIC|BvaluePG|Toni||Mw|2.915584751319911|synthetic|synthetic unit-square catalog|earthquake|4.566063125947631|20|32|4.0|-0.6931471805599454
673|2019-07-31T05:05:59.214312|41.92493072517706|10.322061302548367|3.188199791384731|SYNTHETIC|BvaluePG|Toni||Mw|2.5966774349174746|synthetic|synthetic unit-square catalog|earthquake|4.5782682844801945|21|32|4.0|-0.6931471805599454
674|2019-07-31T12:43:57.497060|41.800945609547036|10.329890016343478|3.2938679862709144|SYNTHETIC|BvaluePG|Toni||Mw|2.506850712903101|synthetic|synthetic unit-square catalog|earthquake|4.5791390187169085|21|32|4.0|-0.6931471805599454
675|2019-08-08T23:33:24.633519|41.86462701599485|10.447276747762409|3.4239244401272764|SYNTHETIC|BvaluePG|Toni||Mw|2.725257877680818|synthetic|synthetic unit-square catalog|earthquake|4.602276619055945|21|32|4.0|-0.6931471805599454
676|2019-08-11T15:29:11.446894|41.80987156866183|10.460168014024617|9.012667524887306|SYNTHETIC|BvaluePG|Toni||Mw|3.123916051566165|synthetic|synthetic unit-square catalog|earthquake|4.609569531488276|21|32|4.0|-0.6931471805599454
677|2019-08-14T11:04:03.424095|41.907535470923385|10.62150842000969|13.894424121614191|SYNTHETIC|BvaluePG|Toni||Mw|2.6662021403264373|synthetic|synthetic unit-square catalog|earthquake|4.617278989026266|22|32|4.0|-0.6931471805599454
678|2019-08-15T13:03:18.332180|41.76135745908476|10.651546237370884|8.888813491870634|SYNTHETIC|BvaluePG|Toni||Mw|2.7666437532420476|synthetic|synthetic unit-square catalog|earthquake|4.6202435651690905|22|32|4.0|-0.6931471805599454
679|2019-08-21T06:08:51.237312|41.86844175469696|10.834988393491717|15.249023047002638|SYNTHETIC|BvaluePG|Toni||Mw|2.8655234286360187|synthetic|synthetic unit-square catalog|earthquake|4.635882679206041|23|32|4.0|-0.6931471805599454
680|2019-08-22T19:19:10.449119|41.91155315943473|10.782708587774664|8.270134065431543|SYNTHETIC|BvaluePG|Toni||Mw|2.508790337442874|synthetic|synthetic unit-square catalog|earthquake|4.640123154140996|23|32|4.0|-0.6931471805599454
681|2019-08-25T20:24:24.961296|41.881030037274044|11.069550273568325|4.652741520217004|SYNTHETIC|BvaluePG|Toni||Mw|3.361116510844563|synthetic|synthetic unit-square catalog|earthquake|4.648460749908002|24|32|4.0|-0.6931471805599454
682|2019-08-30T06:37:01.946250|41.83317560617905|11.010637987919438|3.9600804120401527|SYNTHETIC|BvaluePG|Toni||Mw|3.164866161267072|synthetic|synthetic unit-square catalog|earthquake|4.660576911623531|24|32|4.0|-0.6931471805599454
683|2019-08-31T21:55:57.905720|41.891049281805266|11.417454785634096|6.4071251634823145|SYNTHETIC|BvaluePG|Toni||Mw|3.3410665302804|synthetic|synthetic unit-square catalog|earthquake|4.665061915536048|26|32|4.0|-0.6931471805599454
684|2019-09-01T01:45:42.511822|41.85510860582598|11.381026078845332|10.944888547219104|SYNTHETIC|BvaluePG|Toni||Mw|2.6643746474910754|synthetic|synthetic unit-square catalog|earthquake|4.665498723344682|26|32|4.0|-0.6931471805599454
685|2019-09-04T11:34:59.519430|41.872209142881665|11.351081328165861|14.263052833486304|SYNTHETIC|BvaluePG|Toni||Mw|2.837407927793282|synthetic|synthetic unit-square catalog|earthquake|4.6748326716680175|26|32|4.0|-0.6931471805599454
686|2019-09-09T12:17:07.938403|41.92288426210105|11.572168446246657|12.905173595964255|SYNTHETIC|BvaluePG|Toni||Mw|2.701797884958547|synthetic|synthetic unit-square catalog|earthquake|4.68860204636611|27|32|4.0|-0.6931471805599454
687|2019-09-10T15:45:25.780360|41.80274620435615|11.525514682982237|15.85856229161488|SYNTHETIC|BvaluePG|Toni||Mw|2.5131721958622504|synthetic|synthetic unit-square catalog|earthquake|4.6917359298666845|27|32|4.0|-0.6931471805599454
688|2019-09-15T12:53:17.335982|41.79666830615711|11.67374131944026|13.744166443445437|SYNTHETIC|BvaluePG|Toni||Mw|3.5220044968697306|synthetic|synthetic unit-square catalog|earthquake|4.705097895149899|27|32|4.0|-0.6931471805599454
689|2019-09-18T09:08:45.244729|41.802073668625525|11.784123257749181|6.0014397019510906|SYNTHETIC|BvaluePG|Toni||Mw|2.700653247528053|synthetic|synthetic unit-square catalog|earthquake|4.712884542700637|28|32|4.0|-0.6931471805599454
690|2019-09-20T19:39:50.634954|41.770974623690456|11.733199505723878|4.550560843626606|SYNTHETIC|BvaluePG|Toni||Mw|2.8817300378068618|synthetic|synthetic unit-square catalog|earthquake|4.719560126085457|28|32|4.0|-0.6931471805599454
691|2019-09-22T00:18:05.464116|41.85309432670111|11.75174976785046|6.604083792257599|SYNTHETIC|BvaluePG|Toni||Mw|2.531325473161405|synthetic|synthetic unit-square catalog|earthquake|4.72282700408511|28|32|4.0|-0.6931471805599454
692|2019-09-24T05:54:32.538268|41.926651330607804|11.883670912653322|4.679375273964549|SYNTHETIC|BvaluePG|Toni||Mw|3.3073087025586796|synthetic|synthetic unit-square catalog|earthquake|4.728942395437807|28|32|4.0|-0.6931471805599454
693|2019-09-27T04:23:52.629372|41.781489075287354|12.036755482295582|4.751251825764511|SYNTHETIC|BvaluePG|Toni||Mw|3.455875198193302|synthetic|synthetic unit-square catalog|earthquake|4.736983567488426|29|32|4.0|-0.6931471805599454
694|2019-09-30T21:28:29.508908|41.87883586035119|11.91647243471352|15.381269913803061|SYNTHETIC|BvaluePG|Toni||Mw|2.7318421192935416|synthetic|synthetic unit-square catalog|earthquake|4.7471452046070794|29|32|4.0|-0.6931471805599454
695|2019-10-03T06:14:50.804978|41.84164481057411|11.932037220630546|3.086214266103582|SYNTHETIC|BvaluePG|Toni||Mw|2.694060273263789|synthetic|synthetic unit-square catalog|earthquake|4.753621657064486|29|32|4.0|-0.6931471805599454
696|2019-10-09T13:24:43.647477|41.77537863389974|11.95808314360091|7.831157138680327|SYNTHETIC|BvaluePG|Toni||Mw|3.0765344217426267|synthetic|synthetic unit-square catalog|earthquake|4.770866087645368|29|32|4.0|-0.6931471805599454
697|2019-10-10T17:19:47.760641|41.81433051158081|12.129043569648832|16.067747845612626|SYNTHETIC|BvaluePG|Toni||Mw|2.784397721641668|synthetic|synthetic unit-square catalog|earthquake|4.774050870808985|30|32|4.0|-0.6931471805599454
698|2019-10-14T23:15:34.158037|41.873221070130086|12.179326620144183|7.747295320977189|SYNTHETIC|BvaluePG|Toni||Mw|3.754872427229163|synthetic|synthetic unit-square catalog|earthquake|4.78567870047272|30|32|4.0|-0.6931471805599454
699|2019-10-16T16:46:29.629966|41.84437454671365|12.147127327424787|12.84885586112918|SYNTHETIC|BvaluePG|Toni||Mw|2.872043807356052|synthetic|synthetic unit-square catalog|earthquake|4.790414658591466|30|32|4.0|-0.6931471805599454
700|2019-10-18T15:32:26.720639|41.79916633536533|12.19245316980939|12.149847854864092|SYNTHETIC|BvaluePG|Toni||Mw|3.3515077368521533|synthetic|synthetic unit-square catalog|earthquake|4.795749572864843|30|32|4.0|-0.6931471805599454
701|2019-10-22T15:07:00.630776|41.7632661016794|12.318816563002942|10.20356712668061|SYNTHETIC|BvaluePG|Toni||Mw|2.893019461245339|synthetic|synthetic unit-square catalog|earthquake|4.806652617143785|31|32|4.0|-0.6931471805599454
702|2019-10-22T19:57:29.986243|41.75427315317506|12.353776967381577|12.098661002507244|SYNTHETIC|BvaluePG|Toni||Mw|3.2726525802497624|synthetic|synthetic unit-square catalog|earthquake|4.807204920090353|31|32|4.0|-0.6931471805599454
703|2019-10-25T06:03:01.913327|41.8824015650412|12.418516678578627|8.784734084150433|SYNTHETIC|BvaluePG|Toni||Mw|3.1032944143244694|synthetic|synthetic unit-square catalog|earthquake|4.813831910960503|31|32|4.0|-0.6931471805599454
704|2019-10-28T04:02:24.791856|41.770184156891546|12.396196688049315|16.6733948265641|SYNTHETIC|BvaluePG|Toni||Mw|2.796136646407864|synthetic|synthetic unit-square catalog|earthquake|4.821816132781212|31|32|4.0|-0.6931471805599454
705|2019-10-31T02:27:24.712495|41.84671838460481|12.343539958739736|10.290167328510766|SYNTHETIC|BvaluePG|Toni||Mw|2.5053979073991046|synthetic|synthetic unit-square catalog|earthquake|4.829849060527282|31|32|4.0|-0.6931471805599454
706|2019-11-02T11:53:27.966016|41.891457791965415|12.42774065448424|2.0058026468072967|SYNTHETIC|BvaluePG|Toni||Mw|3.4026316697417878|synthetic|synthetic unit-square catalog|earthquake|4.836400992661555|31|32|4.0|-0.6931471805599454
707|2019-11-09T07:49:58.446823|41.792631353318825|12.83886346704213|4.164928155948182|SYNTHETIC|BvaluePG|Toni||Mw|2.6191722640141326|synthetic|synthetic unit-square catalog|earthquake|4.85510300044438|33|32|4.0|-0.6931471805599454
708|2019-11-12T11:19:15.847151|41.762899041129465|12.818365004580063|8.923072892279569|SYNTHETIC|BvaluePG|Toni||Mw|3.063945541104814|synthetic|synthetic unit-square catalog|earthquake|4.863714472810072|33|32|4.0|-0.6931471805599454
709|2019-11-12T23:14:19.386546|41.823293765068264|12.77925330092292|11.499654916868144|SYNTHETIC|BvaluePG|Toni||Mw|3.309652607694057|synthetic|synthetic unit-square catalog|earthquake|4.865074003933957|33|32|4.0|-0.6931471805599454
710|2019-11-16T11:04:44.013512|41.76851339614745|12.84925464564267|2.9771306165344917|SYNTHETIC|BvaluePG|Toni||Mw|3.110440506207218|synthetic|synthetic unit-square catalog|earthquake|4.874638249217689|33|32|4.0|-0.6931471805599454
711|2019-11-17T08:57:29.706831|41.78605363358138|13.016804621813188|12.728280072526923|SYNTHETIC|BvaluePG|Toni||Mw|2.6233242447229266|synthetic|synthetic unit-square catalog|earthquake|4.877134183424328|34|32|4.0|-0.6931471805599454
712|2019-11-17T11:13:56.229777|41.815724608861174|13.012283876162819|5.068030696398324|SYNTHETIC|BvaluePG|Toni||Mw|2.8172791748140953|synthetic|synthetic unit-square catalog|earthquake|4.8773935986823425|34|32|4.0|-0.6931471805599454
713|2019-11-17T15:03:05.180042|41.81545510937751|12.945316810317939|14.55476713398708|SYNTHETIC|BvaluePG|Toni||Mw|2.9009271369408203|synthetic|synthetic unit-square catalog|earthquake|4.877829276625678|34|32|4.0|-0.6931471805599454
714|2019-11-19T11:02:52.363615|41.88778288466175|13.047889776867788|10.101062412663177|SYNTHETIC|BvaluePG|Toni||Mw|2.6938732140388844|synthetic|synthetic unit-square catalog|earthquake|4.8828482636073565|34|32|4.0|-0.6931471805599454
715|2019-11-21T21:25:10.679675|41.91813192822529|12.945423748222204|6.779595758741923|SYNTHETIC|BvaluePG|Toni||Mw|2.516846685469667|synthetic|synthetic unit-square catalog|earthquake|4.889507145019758|34|32|4.0|-0.6931471805599454
716|2019-11-25T23:28:35.585904|41.913905724987345|13.071872697397161|13.09855677168978|SYNTHETIC|BvaluePG|Toni||Mw|2.5774843456881937|synthetic|synthetic unit-square catalog|earthquake|4.900693195487134|34|32|4.0|-0.6931471805599454
717|2019-11-26T08:49:32.640784|41.83425414746896|13.072867034445284|16.687461341020377|SYNTHETIC|BvaluePG|Toni||Mw|3.6248292686239356|synthetic|synthetic unit-square catalog|earthquake|4.9017597231977215|34|32|4.0|-0.6931471805599454
718|2019-11-26T18:48:24.961057|41.79725976699538|13.153201737364597|10.656732720182836|SYNTHETIC|BvaluePG|Toni||Mw|3.258241457840131|synthetic|synthetic unit-square catalog|earthquake|4.902898349717898|35|32|4.0|-0.6931471805599454
719|2019-11-29T01:10:50.129360|41.76692247178974|13.297018371803597|15.924305558514819|SYNTHETIC|BvaluePG|Toni||Mw|2.5183910413212023|synthetic|synthetic unit-square catalog|earthquake|4.909101139800254|35|32|4.0|-0.6931471805599454
720|2019-12-02T03:17:51.914101|41.888115360047976|13.285277670842603|3.47719817033202|SYNTHETIC|BvaluePG|Toni||Mw|3.618707957131421|synthetic|synthetic unit-square catalog|earthquake|4.917556211945817|35|32|4.0|-0.6931471805599454
721|2019-12-03T06:14:30.155521|41.79063708490092|13.49925032834442|17.925258881032317|SYNTHETIC|BvaluePG|Toni||Mw|3.4903772851746675|synthetic|synthetic unit-square catalog|earthquake|4.9206299007377465|36|32|4.0|-0.6931471805599454
722|2019-12-04T21:13:58.714435|41.86395229608464|13.440288318803745|3.9731764380584096|SYNTHETIC|BvaluePG|Toni||Mw|2.6207571865541213|synthetic|synthetic unit-square catalog|earthquake|4.925077911958943|36|32|4.0|-0.6931471805599454
723|2019-12-10T17:38:32.270521|41.917622823293094|13.349824112806417|17.80987673820747|SYNTHETIC|BvaluePG|Toni||Mw|2.6942916769416057|synthetic|synthetic unit-square catalog|earthquake|4.941095402391857|36|32|4.0|-0.6931471805599454
724|2019-12-16T12:54:57.668769|41.752686387109286|13.39478587043808|8.518683580888132|SYNTHETIC|BvaluePG|Toni||Mw|2.618146154048716|synthetic|synthetic unit-square catalog|earthquake|4.956983346920223|36|32|4.0|-0.6931471805599454
725|2019-12-18T18:50:32.263669|41.86311252039519|13.6300167304576|5.614008057563572|SYNTHETIC|BvaluePG|Toni||Mw|2.7419545593095775|synthetic|synthetic unit-square catalog|earthquake|4.963135101011167|37|32|4.0|-0.6931471805599454
726|2019-12-24T22:43:51.161254|41.80720905207519|13.668050582933876|6.678292405239889|SYNTHETIC|BvaluePG|Toni||Mw|2.7256227633551293|synthetic|synthetic unit-square catalog|earthquake|4.980005804029912|37|32|4.0|-0.6931471805599454
727|2019-12-26T18:47:08.981060|41.78280465457031|13.542545442183862|9.064965379778094|SYNTHETIC|BvaluePG|Toni||Mw|3.0740052470979657|synthetic|synthetic unit-square catalog|earthquake|4.985031465671048|37|32|4.0|-0.6931471805599454
728|2019-12-29T08:35:24.087298|41.76278173115891|13.532079304646668|5.039108073697189|SYNTHETIC|BvaluePG|Toni||Mw|2.8885193443458355|synthetic|synthetic unit-square catalog|earthquake|4.992081910135717|37|32|4.0|-0.6931471805599454
729|2019-12-30T00:04:23.318128|41.791558052895965|13.626640214710829|12.415484751939825|SYNTHETIC|BvaluePG|Toni||Mw|2.587874774077691|synthetic|synthetic unit-square catalog|earthquake|4.993848179776923|37|32|4.0|-0.6931471805599454
730|2020-01-03T17:38:19.157042|41.88581866821918|13.903254332772637|17.210136556697954|SYNTHETIC|BvaluePG|Toni||Mw|2.9679187998898633|synthetic|synthetic unit-square catalog|earthquake|5.006803405741975|38|32|4.0|-0.6931471805599454
731|2020-01-04T11:39:41.592293|41.916239326181845|13.768094577114129|2.4772311029530627|SYNTHETIC|BvaluePG|Toni||Mw|2.596630036136994|synthetic|synthetic unit-square catalog|earthquake|5.008859406047783|38|32|4.0|-0.6931471805599454
732|2020-01-07T13:14:56.190104|41.88725753192943|13.920721643979295|13.998314858736117|SYNTHETIC|BvaluePG|Toni||Mw|2.8071640813024246|synthetic|synthetic unit-square catalog|earthquake|5.017254043086444|38|32|4.0|-0.6931471805599454
733|2020-01-11T22:38:31.850908|41.76193253117531|13.79102924343394|7.570903427408682|SYNTHETIC|BvaluePG|Toni||Mw|2.8301715103613114|synthetic|synthetic unit-square catalog|earthquake|5.02927699986402|38|32|4.0|-0.6931471805599454
734|2020-01-14T09:16:26.511521|41.842027533783465|13.95739462810758|3.8604131835659476|SYNTHETIC|BvaluePG|Toni||Mw|2.982762773651744|synthetic|synthetic unit-square catalog|earthquake|5.035965552244843|39|32|4.0|-0.6931471805599454
735|2020-01-25T02:50:13.752996|41.86355792894876|13.994542622230803|8.894267684960301|SYNTHETIC|BvaluePG|Toni||Mw|3.0846383905733585|synthetic|synthetic unit-square catalog|earthquake|5.065347610496249|39|32|4.0|-0.6931471805599454
736|2020-01-29T03:29:00.333453|41.88697843681526|13.994696566431335|12.7706464302535|SYNTHETIC|BvaluePG|Toni||Mw|2.519317046644282|synthetic|synthetic unit-square catalog|earthquake|5.0763727385306066|39|32|4.0|-0.6931471805599454
737|2020-01-29T19:45:30.988988|41.91337643534306|14.112085042015499|7.8688811817354996|SYNTHETIC|BvaluePG|Toni||Mw|3.21526644366816|synthetic|synthetic unit-square catalog|earthquake|5.0782293643682666|39|32|4.0|-0.6931471805599454
738|2020-01-30T12:36:03.792735|41.77806413827832|14.011029944589504|10.419463353914672|SYNTHETIC|BvaluePG|Toni||Mw|2.5680213054885526|synthetic|synthetic unit-square catalog|earthquake|5.080150701977826|39|32|4.0|-0.6931471805599454
739|2020-02-06T21:24:23.276982|41.852684884456096|13.944689520458049|16.225139999400312|SYNTHETIC|BvaluePG|Toni||Mw|4.7148821772407725|synthetic|synthetic unit-square catalog|earthquake|5.100320153528237|39|32|4.0|-0.6931471805599454
740|2020-02-07T04:38:02.757038|41.865399784776386|14.274792120610552|3.9718194940995684|SYNTHETIC|BvaluePG|Toni||Mw|2.8607576039847395|synthetic|synthetic unit-square catalog|earthquake|5.101144661097114|40|32|4.0|-0.6931471805599454
741|2020-02-07T05:18:30.720749|41.896340391523864|14.521735047086757|16.95182953603445|SYNTHETIC|BvaluePG|Toni||Mw|2.836342248245752|synthetic|synthetic unit-square catalog|earthquake|5.101221598624396|41|32|4.0|-0.6931471805599454
742|2020-02-08T17:15:48.750562|41.843147020209535|14.371684715168488|10.874790709591384|SYNTHETIC|BvaluePG|Toni||Mw|3.3707564442808686|synthetic|synthetic unit-square catalog|earthquake|5.1053232422796055|41|32|4.0|-0.6931471805599454
743|2020-02-09T11:58:08.604766|41.86910468152585|14.466426382023602|14.183990199634287|SYNTHETIC|BvaluePG|Toni||Mw|2.618813194433938|synthetic|synthetic unit-square catalog|earthquake|5.107457113492998|41|32|4.0|-0.6931471805599454
744|2020-02-09T14:41:36.889600|41.83716728178152|14.521707514557328|12.11887415209756|SYNTHETIC|BvaluePG|Toni||Mw|2.9808871309678935|synthetic|synthetic unit-square catalog|earthquake|5.107767919284132|41|32|4.0|-0.6931471805599454
745|2020-02-10T04:39:49.534616|41.75316530899524|14.665312008367195|16.18263907940809|SYNTHETIC|BvaluePG|Toni||Mw|2.9627448630746764|synthetic|synthetic unit-square catalog|earthquake|5.1093615970357895|42|32|4.0|-0.6931471805599454
746|2020-02-17T11:45:14.613278|41.81650025194042|14.593065143909106|10.287150080534849|SYNTHETIC|BvaluePG|Toni||Mw|3.050615994098131|synthetic|synthetic unit-square catalog|earthquake|5.129335393479824|42|32|4.0|-0.6931471805599454
747|2020-02-19T10:52:17.532909|41.88744283819329|14.576777130538785|4.194529646163831|SYNTHETIC|BvaluePG|Toni||Mw|2.742145053390352|synthetic|synthetic unit-square catalog|earthquake|5.134710419452353|42|32|4.0|-0.6931471805599454
748|2020-02-20T18:05:25.076958|41.909260341851244|14.874260188495944|15.393173319330977|SYNTHETIC|BvaluePG|Toni||Mw|2.6017849203064127|synthetic|synthetic unit-square catalog|earthquake|5.138271765817394|43|32|4.0|-0.6931471805599454
749|2020-02-20T22:27:46.443539|41.7550681992164|14.923146968530581|6.476581192664382|SYNTHETIC|BvaluePG|Toni||Mw|2.5672443432562773|synthetic|synthetic unit-square catalog|earthquake|5.13877057962392|43|32|4.0|-0.6931471805599454
750|2020-02-23T04:02:51.994645|41.891982833654566|14.889845188251089|15.474546879152392|SYNTHETIC|BvaluePG|Toni||Mw|2.594446339603782|synthetic|synthetic unit-square catalog|earthquake|5.144883387667183|43|32|4.0|-0.6931471805599454
751|2020-02-25T07:15:36.932441|41.90864154964747|14.898810366435887|14.061607931601511|SYNTHETIC|BvaluePG|Toni||Mw|2.8234048580079785|synthetic|synthetic unit-square catalog|earthquake|5.150725560005891|43|32|4.0|-0.6931471805599454
752|2020-02-26T18:00:33.052357|41.858368977203746|15.053075363354937|17.097851262284905|SYNTHETIC|BvaluePG|Toni||Mw|3.1156081721676228|synthetic|synthetic unit-square catalog|earthquake|5.1546896168389615|44|32|4.0|-0.6931471805599454
753|2020-02-28T10:52:47.920439|41.78322745211587|15.036845218169153|8.637728249671252|SYNTHETIC|BvaluePG|Toni||Mw|2.603451524446992|synthetic|synthetic unit-square catalog|earthquake|5.159352039459249|44|32|4.0|-0.6931471805599454
754|2020-03-03T07:48:28.255671|41.76868299172416|15.021983384806745|2.5175235946407497|SYNTHETIC|BvaluePG|Toni||Mw|2.5977248176947647|synthetic|synthetic unit-square catalog|earthquake|5.16995298297941|44|32|4.0|-0.6931471805599454
755|2020-03-03T23:58:21.616253|41.862708545073055|15.012865898909602|5.611114606680864|SYNTHETIC|BvaluePG|Toni||Mw|2.8898519849144706|synthetic|synthetic unit-square catalog|earthquake|5.1717970192997464|44|32|4.0|-0.6931471805599454
756|2020-03-04T03:39:46.558760|41.788496632364726|14.97529433631442|5.827468470397106|SYNTHETIC|BvaluePG|Toni||Mw|2.889518168203746|synthetic|synthetic unit-square catalog|earthquake|5.172217993724496|44|32|4.0|-0.6931471805599454
757|2020-03-04T16:21:38.718964|41.84398050910866|15.19847169073932|16.265919871418383|SYNTHETIC|BvaluePG|Toni||Mw|2.5358463199445684|synthetic|synthetic unit-square catalog|earthquake|5.173666524671219|45|32|4.0|-0.6931471805599454
758|2020-03-08T18:38:23.778370|41.84861996070354|15.503347949171339|10.37060723876715|SYNTHETIC|BvaluePG|Toni||Mw|3.251408569017212|synthetic|synthetic unit-square catalog|earthquake|5.184877930462722|46|32|4.0|-0.6931471805599454
759|2020-03-09T19:31:15.698974|41.813962404581076|15.441879711711312|10.508784479801449|SYNTHETIC|BvaluePG|Toni||Mw|3.4785259828742983|synthetic|synthetic unit-square catalog|earthquake|5.187716293348483|46|32|4.0|-0.6931471805599454
760|2020-03-09T20:21:46.040205|41.7698773469402|15.575757536322405|9.089633719258114|SYNTHETIC|BvaluePG|Toni||Mw|2.501621180878975|synthetic|synthetic unit-square catalog|earthquake|5.187812319067541|47|32|4.0|-0.6931471805599454
761|2020-03-10T23:06:18.320035|41.83654358395713|15.711683856620507|4.627821444786392|SYNTHETIC|BvaluePG|Toni||Mw|2.5943030932029614|synthetic|synthetic unit-square catalog|earthquake|5.19086300352485|47|32|4.0|-0.6931471805599454
762|2020-03-12T00:56:06.903796|41.80411230926218|15.746062151929976|4.0215664247380865|SYNTHETIC|BvaluePG|Toni||Mw|2.636400920436468|synthetic|synthetic unit-square catalog|earthquake|5.193809633932773|47|32|4.0|-0.6931471805599454
763|2020-03-12T07:10:02.864183|41.79853716587803|15.60531612138392|13.523154063111523|SYNTHETIC|BvaluePG|Toni||Mw|3.035571745602076|synthetic|synthetic unit-square catalog|earthquake|5.194520586615702|47|32|4.0|-0.6931471805599454
764|2020-03-12T13:40:25.063595|41.75065749259782|15.713956312814664|17.51421069358871|SYNTHETIC|BvaluePG|Toni||Mw|2.566487762092471|synthetic|synthetic unit-square catalog|earthquake|5.1952627913274485|47|32|4.0|-0.6931471805599454
765|2020-03-27T22:50:23.941881|41.76835970414573|15.58906285142636|8.177833879167805|SYNTHETIC|BvaluePG|Toni||Mw|2.510643655520212|synthetic|synthetic unit-square catalog|earthquake|5.237376224487335|47|32|4.0|-0.6931471805599454
766|2020-03-30T05:19:47.452901|41.817291082838516|15.920865283783584|14.757583949196404|SYNTHETIC|BvaluePG|Toni||Mw|3.249832737433864|synthetic|synthetic unit-square catalog|earthquake|5.243592271050438|48|32|4.0|-0.6931471805599454
767|2020-04-01T04:04:11.618078|41.901461758422954|15.868875532737807|13.909249662979306|SYNTHETIC|BvaluePG|Toni||Mw|2.8046042798878403|synthetic|synthetic unit-square catalog|earthquake|5.248924240692524|48|32|4.0|-0.6931471805599454
768|2020-04-08T02:45:11.835743|41.879508580157186|15.94590892713114|15.683606741820787|SYNTHETIC|BvaluePG|Toni||Mw|2.5834050052290625|synthetic|synthetic unit-square catalog|earthquake|5.267939001563593|48|32|4.0|-0.6931471805599454
769|2020-04-09T20:30:15.324337|41.874020816876275|15.875542115372632|17.53187915549269|SYNTHETIC|BvaluePG|Toni||Mw|2.814954571131744|synthetic|synthetic unit-square catalog|earthquake|5.272701831708936|48|32|4.0|-0.6931471805599454
770|2020-04-11T19:27:47.761286|41.889898979100266|15.912175035853743|14.958686141910333|SYNTHETIC|BvaluePG|Toni||Mw|2.908537083685829|synthetic|synthetic unit-square catalog|earthquake|5.278058780176131|48|32|4.0|-0.6931471805599454
771|2020-04-13T23:09:13.583741|41.83127061555699|15.77873455401522|9.232183977425441|SYNTHETIC|BvaluePG|Toni||Mw|3.0914448771633514|synthetic|synthetic unit-square catalog|earthquake|5.283955484059039|48|32|4.0|-0.6931471805599454
772|2020-04-18T17:25:05.040851|41.8077630415943|16.099942190071232|12.418488230296123|SYNTHETIC|BvaluePG|Toni||Mw|2.538064083387133|synthetic|synthetic unit-square catalog|earthquake|5.296990425154378|49|32|4.0|-0.6931471805599454
773|2020-04-19T17:59:10.105623|41.85333661283237|16.14427459299916|8.264456401583837|SYNTHETIC|BvaluePG|Toni||Mw|3.4156519108476022|synthetic|synthetic unit-square catalog|earthquake|5.299793080133589|49|32|4.0|-0.6931471805599454
774|2020-04-22T02:54:39.127935|41.886671062477106|16.05431043076245|3.615134390273319|SYNTHETIC|BvaluePG|Toni||Mw|2.8154074574909904|synthetic|synthetic unit-square catalog|earthquake|5.306286888988252|49|32|4.0|-0.6931471805599454
775|2020-04-22T03:53:56.086543|41.88659100111143|16.130448321653624|12.551567400542107|SYNTHETIC|BvaluePG|Toni||Mw|3.662704047122923|synthetic|synthetic unit-square catalog|earthquake|5.3063996022049675|49|32|4.0|-0.6931471805599454
776|2020-05-02T14:02:45.363876|41.8237234593833|16.473260808303365|4.668688822453694|SYNTHETIC|BvaluePG|Toni||Mw|3.1287079650792253|synthetic|synthetic unit-square catalog|earthquake|5.3349356530242105|51|32|0.3|-3.6635616461296463
777|2020-05-04T10:19:04.572794|41.91268915307155|16.398443231498923|12.739747356500933|SYNTHETIC|BvaluePG|Toni||Mw|3.24301471105377|synthetic|synthetic unit-square catalog|earthquake|5.339986075392108|51|32|0.3|-3.6635616461296463
778|2020-05-05T12:02:06.310117|41.82015923281476|17.35526506075454|12.8610232899686|SYNTHETIC|BvaluePG|Toni||Mw|2.704251760911849|synthetic|synthetic unit-square catalog|earthquake|5.342919813614384|55|32|0.3|-3.6635616461296463
779|2020-05-17T03:16:22.763723|41.78731618031395|17.30124660699428|6.1937785483310375|SYNTHETIC|BvaluePG|Toni||Mw|3.0761690396591144|synthetic|synthetic unit-square catalog|earthquake|5.374774468391888|55|32|0.3|-3.6635616461296463
780|2020-05-17T11:12:21.112345|41.90611243552521|18.118317385796125|13.05273177483375|SYNTHETIC|BvaluePG|Toni||Mw|2.6712453186616836|synthetic|synthetic unit-square catalog|earthquake|5.3756794278508195|59|32|0.3|-3.6635616461296463
781|2020-05-23T21:40:08.101549|41.770880421106654|18.19323488666516|3.0337996634579145|SYNTHETIC|BvaluePG|Toni||Mw|2.5361875559431586|synthetic|synthetic unit-square catalog|earthquake|5.393300127435216|60|32|0.3|-3.6635616461296463
782|2020-05-23T22:38:42.123450|41.90396473732683|18.520839938493097|14.143348179643867|SYNTHETIC|BvaluePG|Toni||Mw|2.5217841485892643|synthetic|synthetic unit-square catalog|earthquake|5.3934114800698065|61|32|0.3|-3.6635616461296463
783|2020-05-24T02:42:38.371439|41.88975108652621|18.414032894006496|17.514401481331955|SYNTHETIC|BvaluePG|Toni||Mw|2.7197291700277852|synthetic|synthetic unit-square catalog|earthquake|5.393875274781336|61|32|0.3|-3.6635616461296463
784|2020-05-31T17:28:54.699312|41.76524422335024|18.684942872257068|9.329868433061723|SYNTHETIC|BvaluePG|Toni||Mw|2.726584264670562|synthetic|synthetic unit-square catalog|earthquake|5.41472528643853|62|32|0.3|-3.6635616461296463
785|2020-06-02T10:59:19.185156|41.97922489310654|6.552712214874901|9.867414393993535|SYNTHETIC|BvaluePG|Toni||Mw|3.4655797076927506|synthetic|synthetic unit-square catalog|earthquake|5.419460262667518|2|33|0.3|-3.6635616461296463
786|2020-06-20T06:12:07.913838|42.05377304051695|6.928159690935968|2.700625209587068|SYNTHETIC|BvaluePG|Toni||Mw|2.7796131200101075|synthetic|synthetic unit-square catalog|earthquake|5.468195550797221|4|33|0.3|-3.6635616461296463
787|2020-06-20T18:07:41.895671|42.09616858835833|7.409164039011552|8.418809799420709|SYNTHETIC|BvaluePG|Toni||Mw|2.8970481715125356|synthetic|synthetic unit-square catalog|earthquake|5.469556046583744|6|33|0.3|-3.6635616461296463
788|2020-06-20T19:02:37.573474|41.939980032462316|8.23882991437454|2.5540737692601354|SYNTHETIC|BvaluePG|Toni||Mw|2.6952179028494028|synthetic|synthetic unit-square catalog|earthquake|5.469660480311397|11|33|0.3|-3.6635616461296463
789|2020-06-27T17:53:40.334757|41.95270131013585|8.721179237939706|5.545928051005314|SYNTHETIC|BvaluePG|Toni||Mw|2.8895401743898526|synthetic|synthetic unit-square catalog|earthquake|5.488694334637537|13|33|0.3|-3.6635616461296463
790|2020-06-28T18:52:14.816331|41.990660972342326|9.480181765471189|10.419110843924653|SYNTHETIC|BvaluePG|Toni||Mw|4.276583629965993|synthetic|synthetic unit-square catalog|earthquake|5.4915435526254175|17|33|0.3|-3.6635616461296463
791|2020-06-29T12:25:11.965948|42.000443071544865|10.224741756993692|8.254710391662508|SYNTHETIC|BvaluePG|Toni||Mw|2.6613416982415274|synthetic|synthetic unit-square catalog|earthquake|5.493545515690304|20|33|0.3|-3.6635616461296463
792|2020-07-01T02:23:58.841387|41.97501204129027|10.34228299806853|7.785652554716441|SYNTHETIC|BvaluePG|Toni||Mw|2.9332540047871523|synthetic|synthetic unit-square catalog|earthquake|5.497878128925768|21|33|0.3|-3.6635616461296463
793|2020-07-03T05:03:05.349562|41.99755450006582|11.218783756331558|8.66524180206063|SYNTHETIC|BvaluePG|Toni||Mw|2.54886421362754|synthetic|synthetic unit-square catalog|earthquake|5.503656341089397|25|33|0.3|-3.6635616461296463
794|2020-07-04T21:02:01.086298|42.079296920681394|11.355675272994178|10.46071794486558|SYNTHETIC|BvaluePG|Toni||Mw|2.5693360680261446|synthetic|synthetic unit-square catalog|earthquake|5.5082173893546695|26|33|0.3|-3.6635616461296463
795|2020-07-04T21:08:12.329932|42.106700958437536|12.001871955173556|2.518556534178275|SYNTHETIC|BvaluePG|Toni||Mw|3.12600175315559|synthetic|synthetic unit-square catalog|earthquake|5.508229153355527|29|33|0.3|-3.6635616461296463
796|2020-07-12T22:30:59.826125|42.059385748458894|12.510816414223651|15.054579370738173|SYNTHETIC|BvaluePG|Toni||Mw|2.631831985701714|synthetic|synthetic unit-square catalog|earthquake|5.530289370108163|32|33|0.3|-3.6635616461296463
797|2020-07-17T02:57:13.732376|42.0323224436282|12.96594904498045|13.51360598047401|SYNTHETIC|BvaluePG|Toni||Mw|3.6554953689765837|synthetic|synthetic unit-square catalog|earthquake|5.541746955800711|34|33|0.3|-3.6635616461296463
798|2020-07-19T21:02:23.537871|42.02583324501158|12.923447786560448|6.078476421881275|SYNTHETIC|BvaluePG|Toni||Mw|2.6289771238401154|synthetic|synthetic unit-square catalog|earthquake|5.549285862609061|34|33|0.3|-3.6635616461296463
799|2020-07-20T17:17:12.896711|42.02684742490915|12.967861002006705|9.509365463030951|SYNTHETIC|BvaluePG|Toni||Mw|4.499171057316962|synthetic|synthetic unit-square catalog|earthquake|5.551595587012672|34|33|0.3|-3.6635616461296463
800|2020-07-21T06:43:41.921245|42.05572109822616|14.316186075853016|16.472908182981893|SYNTHETIC|BvaluePG|Toni||Mw|2.528848375353635|synthetic|synthetic unit-square catalog|earthquake|5.553128942671339|40|33|0.3|-3.6635616461296463
801|2020-07-22T22:51:10.040804|42.0143979194431|14.505635077134732|14.458016092236544|SYNTHETIC|BvaluePG|Toni||Mw|3.3109874918213142|synthetic|synthetic unit-square catalog|earthquake|5.557706227368515|41|33|0.3|-3.6635616461296463
802|2020-07-24T12:39:33.724283|41.96799356092831|14.606616900104276|17.14173408332189|SYNTHETIC|BvaluePG|Toni||Mw|2.685433900261557|synthetic|synthetic unit-square catalog|earthquake|5.562019092842415|42|33|0.3|-3.6635616461296463
803|2020-07-28T07:12:48.931588|42.0013627561308|14.58822522698133|13.291900530421145|SYNTHETIC|BvaluePG|Toni||Mw|2.5898508610505853|synthetic|synthetic unit-square catalog|earthquake|5.572349257598436|42|33|0.3|-3.6635616461296463
804|2020-07-29T17:36:09.927886|42.10631811228776|15.199093022518332|4.354507645149479|SYNTHETIC|BvaluePG|Toni||Mw|2.694252919540055|synthetic|synthetic unit-square catalog|earthquake|5.576272274440582|45|33|0.3|-3.6635616461296463
805|2020-07-30T07:02:53.855766|41.98065562452173|15.700019682812917|6.293930800831767|SYNTHETIC|BvaluePG|Toni||Mw|2.8066144457303412|synthetic|synthetic unit-square catalog|earthquake|5.577806102357808|47|33|0.3|-3.6635616461296463
806|2020-08-03T09:16:06.360956|42.06139071159544|16.139073181234128|10.463384745210629|SYNTHETIC|BvaluePG|Toni||Mw|3.321023608606327|synthetic|synthetic unit-square catalog|earthquake|5.589010772712628|49|33|0.3|-3.6635616461296463
807|2020-08-03T10:09:01.890471|41.97486547827003|17.17898315613195|4.146619106578704|SYNTHETIC|BvaluePG|Toni||Mw|2.652162853808277|synthetic|synthetic unit-square catalog|earthquake|5.58911139917078|55|33|0.3|-3.6635616461296463
808|2020-08-05T04:55:17.396328|41.972323107586|18.75771703139649|5.152886612474214|SYNTHETIC|BvaluePG|Toni||Mw|2.6299337218903225|synthetic|synthetic unit-square catalog|earthquake|5.593990588521576|62|33|0.3|-3.6635616461296463
809|2020-08-07T17:40:04.932748|42.2352231919164|6.238909617657953|14.97968832173807|SYNTHETIC|BvaluePG|Toni||Mw|2.6027029968311863|synthetic|synthetic unit-square catalog|earthquake|5.600920378379499|1|34|0.3|-3.6635616461296463
810|2020-08-11T04:10:27.785215|42.122796998811054|6.690224791312548|6.0649992693423105|SYNTHETIC|BvaluePG|Toni||Mw|2.652894713962831|synthetic|synthetic unit-square catalog|earthquake|5.6103324646112265|3|34|0.3|-3.6635616461296463
811|2020-08-15T20:26:34.338743|42.196641681529385|7.577624494898593|17.793026809826927|SYNTHETIC|BvaluePG|Toni||Mw|3.3673389643719926|synthetic|synthetic unit-square catalog|earthquake|5.623139729850939|7|34|0.3|-3.6635616461296463
812|2020-08-16T06:46:06.777236|42.118855036643524|7.884281899812723|7.585977885171088|SYNTHETIC|BvaluePG|Toni||Mw|2.51729042101007|synthetic|synthetic unit-square catalog|earthquake|5.624317653346141|9|34|0.3|-3.6635616461296463
813|2020-08-16T07:43:49.916996|42.2439684713274|9.104093636956733|12.295730324817436|SYNTHETIC|BvaluePG|Toni||Mw|2.7002740233701332|synthetic|synthetic unit-square catalog|earthquake|5.624427393622991|15|34|0.3|-3.6635616461296463
814|2020-08-21T08:44:48.791848|42.16960653232034|9.764029278446301|4.63552469448938|SYNTHETIC|BvaluePG|Toni||Mw|2.549528103295294|synthetic|synthetic unit-square catalog|earthquake|5.638232590306236|18|34|0.3|-3.6635616461296463
815|2020-08-23T11:57:56.243635|42.19839727181267|10.049028579176419|3.386966232884113|SYNTHETIC|BvaluePG|Toni||Mw|2.5016907542268094|synthetic|synthetic unit-square catalog|earthquake|5.6440754760702845|19|34|0.3|-3.6635616461296463
816|2020-08-24T21:27:47.811763|42.23185816199418|10.186714121460957|17.758062274266884|SYNTHETIC|BvaluePG|Toni||Mw|2.620470446192786|synthetic|synthetic unit-square catalog|earthquake|5.647896792270758|20|34|0.3|-3.6635616461296463
817|2020-08-25T18:46:21.667889|42.12457653523513|10.172498249536249|6.731263330543351|SYNTHETIC|BvaluePG|Toni||Mw|2.6030871900688646|synthetic|synthetic unit-square catalog|earthquake|5.650327707680227|20|34|0.3|-3.6635616461296463
818|2020-08-26T10:07:43.703225|42.22840818683085|10.195339406180294|10.025567954706844|SYNTHETIC|BvaluePG|Toni||Mw|2.797469690775634|synthetic|synthetic unit-square catalog|earthquake|5.652079489670481|20|34|0.3|-3.6635616461296463
819|2020-08-26T15:03:12.651743|42.2841853686377|10.823120449805604|6.686704790257764|SYNTHETIC|BvaluePG|Toni||Mw|3.4657089247978665|synthetic|synthetic unit-square catalog|earthquake|5.6526412861479844|23|34|0.3|-3.6635616461296463
820|2020-08-28T14:04:45.001260|42.183426368836045|12.396539868078579|8.254735467530002|SYNTHETIC|BvaluePG|Toni||Mw|2.8512527381154174|synthetic|synthetic unit-square catalog|earthquake|5.658005836985721|31|34|0.3|-3.6635616461296463
821|2020-08-30T08:46:07.116321|42.186725206682226|12.778173445784866|13.839926311087147|SYNTHETIC|BvaluePG|Toni||Mw|2.6377377791487326|synthetic|synthetic unit-square catalog|earthquake|5.662875729343209|33|34|0.3|-3.6635616461296463
822|2020-09-04T08:30:28.600959|42.22422553954205|14.069259829803409|4.245860311057308|SYNTHETIC|BvaluePG|Toni||Mw|2.5148015417697565|synthetic|synthetic unit-square catalog|earthquake|5.676535243521666|39|34|0.3|-3.6635616461296463
823|2020-09-11T20:26:33.536874|42.18258077380928|14.463188718863542|3.5220655951384714|SYNTHETIC|BvaluePG|Toni||Mw|2.64721443193929|synthetic|synthetic unit-square catalog|earthquake|5.697061675693808|41|34|0.3|-3.6635616461296463
824|2020-09-12T14:03:12.472555|42.23977878137197|15.550188356024606|17.745448238527118|SYNTHETIC|BvaluePG|Toni||Mw|2.803083518862478|synthetic|synthetic unit-square catalog|earthquake|5.699070666734956|47|34|0.3|-3.6635616461296463
825|2020-09-18T09:32:59.761376|42.23163965792486|16.413541643119604|6.686864978107714|SYNTHETIC|BvaluePG|Toni||Mw|4.265909317578532|synthetic|synthetic unit-square catalog|earthquake|5.71498402164221|51|34|0.3|-3.6635616461296463
826|2020-09-20T12:02:03.633191|42.120414668035735|17.37086098967716|17.33822846956832|SYNTHETIC|BvaluePG|Toni||Mw|2.6797955664191293|synthetic|synthetic unit-square catalog|earthquake|5.7207431374119615|55|34|0.3|-3.6635616461296463
827|2020-09-20T17:42:31.069037|42.13874637766078|17.480520841406342|2.20456585229841|SYNTHETIC|BvaluePG|Toni||Mw|2.9402543817776317|synthetic|synthetic unit-square catalog|earthquake|5.721390443792849|56|34|0.3|-3.6635616461296463
828|2020-09-21T03:54:39.512201|42.223762552476245|18.090083620483412|5.225173677203513|SYNTHETIC|BvaluePG|Toni||Mw|3.9151997189587693|synthetic|synthetic unit-square catalog|earthquake|5.722554297925125|59|34|0.3|-3.6635616461296463
829|2020-09-21T13:30:35.679119|42.320517542726094|6.249452821346959|7.189628257037564|SYNTHETIC|BvaluePG|Toni||Mw|4.833901977114449|synthetic|synthetic unit-square catalog|earthquake|5.723649316776931|1|35|0.3|-3.6635616461296463
830|2020-09-28T19:06:43.707034|42.310015190364076|7.538551069728661|11.030188601185571|SYNTHETIC|BvaluePG|Toni||Mw|2.504538288667921|synthetic|synthetic unit-square catalog|earthquake|5.743453358526454|7|35|0.3|-3.6635616461296463
831|2020-10-01T14:47:14.837440|42.465846357378105|7.949735589843075|13.144257900736458|SYNTHETIC|BvaluePG|Toni||Mw|2.85135642124575|synthetic|synthetic unit-square catalog|earthquake|5.751173563180981|9|35|0.3|-3.6635616461296463
832|2020-10-02T22:42:54.302304|42.29265618840995|8.111996286684919|4.946185585805663|SYNTHETIC|BvaluePG|Toni||Mw|2.544040708692286|synthetic|synthetic unit-square catalog|earthquake|5.754815775036908|10|35|0.3|-3.6635616461296463
833|2020-10-04T03:27:36.930953|42.34854631029154|8.415176456457452|13.506106848319831|SYNTHETIC|BvaluePG|Toni||Mw|2.597077523500927|synthetic|synthetic unit-square catalog|earthquake|5.758094941660761|11|35|0.3|-3.6635616461296463
834|2020-10-11T00:42:06.893555|42.4368582232689|8.415535722015598|13.39072959233587|SYNTHETIC|BvaluePG|Toni||Mw|2.541900663083495|synthetic|synthetic unit-square catalog|earthquake|5.776945233273611|11|35|0.3|-3.6635616461296463
835|2020-10-12T18:18:43.087651|42.32214597950591|8.333993719848221|6.544201593918553|SYNTHETIC|BvaluePG|Toni||Mw|3.1503831790582146|synthetic|synthetic unit-square catalog|earthquake|5.781691988226352|11|35|0.3|-3.6635616461296463
836|2020-10-19T12:51:42.213125|42.4653911836321|8.930733935387469|17.2075293345808|SYNTHETIC|BvaluePG|Toni||Mw|3.0977091459738357|synthetic|synthetic unit-square catalog|earthquake|5.800235195741302|14|35|0.3|-3.6635616461296463
837|2020-10-22T03:05:05.181664|42.314700744449475|10.185221948082305|7.981736086726901|SYNTHETIC|BvaluePG|Toni||Mw|2.7528144011222966|synthetic|synthetic unit-square catalog|earthquake|5.80733342147896|20|35|0.3|-3.6635616461296463
838|2020-10-27T21:43:59.911673|42.43703375553428|11.32813277069354|8.46827230808912|SYNTHETIC|BvaluePG|Toni||Mw|2.612214391591968|synthetic|synthetic unit-square catalog|earthquake|5.823150046634527|26|35|0.3|-3.6635616461296463
839|2020-11-02T09:41:46.908504|42.31675104090592|12.1596056832056|2.958519007249853|SYNTHETIC|BvaluePG|Toni||Mw|3.4460743483362433|synthetic|synthetic unit-square catalog|earthquake|5.838204011347653|30|35|0.3|-3.6635616461296463
840|2020-11-03T10:16:44.760302|42.4589674883962|12.309326449962652|14.440679907812026|SYNTHETIC|BvaluePG|Toni||Mw|2.7206000348413193|synthetic|synthetic unit-square catalog|earthquake|5.841008339046775|31|35|0.3|-3.6635616461296463
841|2020-11-06T16:59:53.384363|42.314242616902696|13.531103113917421|14.949798089565238|SYNTHETIC|BvaluePG|Toni||Mw|2.671639084662373|synthetic|synthetic unit-square catalog|earthquake|5.849988382651512|37|35|0.3|-3.6635616461296463
842|2020-11-08T18:38:37.919360|42.30076710536888|15.299420135285924|15.931329856407318|SYNTHETIC|BvaluePG|Toni||Mw|3.447720449866451|synthetic|synthetic unit-square catalog|earthquake|5.85565182141103|45|35|0.3|-3.6635616461296463
843|2020-11-11T00:38:02.204060|42.33900230481707|16.328295574280062|14.996958260908636|SYNTHETIC|BvaluePG|Toni||Mw|3.2034472919571497|synthetic|synthetic unit-square catalog|earthquake|5.8618108539325195|50|35|0.3|-3.6635616461296463
844|2020-11-22T23:05:38.735588|42.451512872962795|16.504411448833405|8.922449202071864|SYNTHETIC|BvaluePG|Toni||Mw|2.865620129954647|synthetic|synthetic unit-square catalog|earthquake|5.894489401462351|51|35|0.3|-3.6635616461296463
845|2020-11-23T12:16:23.308302|42.42993498667295|16.764814133364865|9.24548649133471|SYNTHETIC|BvaluePG|Toni||Mw|2.627711705766293|synthetic|synthetic unit-square catalog|earthquake|5.895992829248823|52|35|0.3|-3.6635616461296463
846|2020-11-27T07:43:50.809550|42.41784742376418|16.770161456571124|7.11676003451935|SYNTHETIC|BvaluePG|Toni||Mw|2.8048489987734753|synthetic|synthetic unit-square catalog|earthquake|5.9064260529809145|53|35|0.3|-3.6635616461296463
847|2020-11-29T21:51:09.825771|42.37580355160025|16.949261327951525|15.618105874619468|SYNTHETIC|BvaluePG|Toni||Mw|3.328429391857704|synthetic|synthetic unit-square catalog|earthquake|5.913512745765575|53|35|0.3|-3.6635616461296463
848|2020-12-08T01:58:48.871159|42.43004703786419|17.010325432972753|3.8974186348503963|SYNTHETIC|BvaluePG|Toni||Mw|2.668838804163936|synthetic|synthetic unit-square catalog|earthquake|5.935886406797723|54|35|0.3|-3.6635616461296463
849|2020-12-09T09:40:59.365615|42.381127607888914|17.55033051034168|14.41939698502184|SYNTHETIC|BvaluePG|Toni||Mw|2.573692352453758|synthetic|synthetic unit-square catalog|earthquake|5.9395029839282945|56|35|0.3|-3.6635616461296463
850|2020-12-10T21:34:16.208543|42.519105822067|7.179733210460427|9.403790790791124|SYNTHETIC|BvaluePG|Toni||Mw|3.031091052597548|synthetic|synthetic unit-square catalog|earthquake|5.943596984832304|5|36|0.3|-3.6635616461296463
851|2020-12-13T08:23:15.293979|42.55543421093787|7.552821904450211|15.41848894564559|SYNTHETIC|BvaluePG|Toni||Mw|2.5955377469383873|synthetic|synthetic unit-square catalog|earthquake|5.950306591565253|7|36|0.3|-3.6635616461296463
852|2020-12-14T13:47:46.849040|42.61229258040002|7.56401376703852|3.0373469277997582|SYNTHETIC|BvaluePG|Toni||Mw|3.0460682812489264|synthetic|synthetic unit-square catalog|earthquake|5.9536614586990275|7|36|0.3|-3.6635616461296463
853|2020-12-15T12:07:57.537527|42.52357769828722|8.013888418980866|15.092038423669969|SYNTHETIC|BvaluePG|Toni||Mw|2.7872229114284846|synthetic|synthetic unit-square catalog|earthquake|5.956209519656977|9|36|0.3|-3.6635616461296463
854|2020-12-19T23:48:29.810448|42.4747903732851|9.48071639372025|12.673171422496827|SYNTHETIC|BvaluePG|Toni||Mw|3.2276534363907|synthetic|synthetic unit-square catalog|earthquake|5.9684928451608785|17|36|0.3|-3.6635616461296463
855|2020-12-22T06:56:59.032242|42.47798510207848|9.68128585120165|2.965225890305918|SYNTHETIC|BvaluePG|Toni||Mw|3.2932002046458133|synthetic|synthetic unit-square catalog|earthquake|5.974783222812973|18|36|0.3|-3.6635616461296463
856|2020-12-25T13:33:52.989017|42.54580399474687|12.669378829947235|15.831565171674896|SYNTHETIC|BvaluePG|Toni||Mw|2.7184924351387103|synthetic|synthetic unit-square catalog|earthquake|5.983751393927835|32|36|0.3|-3.6635616461296463
857|2020-12-25T21:37:10.548736|42.50960560361169|12.905189270093938|17.058517200074856|SYNTHETIC|BvaluePG|Toni||Mw|2.731345179061867|synthetic|synthetic unit-square catalog|earthquake|5.98467027114663|33|36|0.3|-3.6635616461296463
858|2020-12-27T07:03:42.640460|42.63844049385456|12.837179589279486|17.82120606215026|SYNTHETIC|BvaluePG|Toni||Mw|2.834554216615779|synthetic|synthetic unit-square catalog|earthquake|5.98848526632128|33|36|0.3|-3.6635616461296463
859|2020-12-31T07:16:40.265319|42.5821973428486|13.406759866263009|5.671512393602086|SYNTHETIC|BvaluePG|Toni||Mw|2.6108414839027936|synthetic|synthetic unit-square catalog|earthquake|5.999461310914638|36|36|0.3|-3.6635616461296463
860|2021-01-01T22:22:23.559676|42.60588161400856|15.511507977424186|13.49425463172247|SYNTHETIC|BvaluePG|Toni||Mw|2.755262913569341|synthetic|synthetic unit-square catalog|earthquake|6.003921196785451|46|36|0.3|-3.6635616461296463
861|2021-01-10T12:45:36.684866|42.48541912946718|16.405047628030506|9.782458553925558|SYNTHETIC|BvaluePG|Toni||Mw|3.3060271772955163|synthetic|synthetic unit-square catalog|earthquake|6.027465228181702|51|36|0.3|-3.6635616461296463
862|2021-01-11T10:41:27.381842|42.614759226043226|16.62259486157027|16.931655935904907|SYNTHETIC|BvaluePG|Toni||Mw|2.5381632477811835|synthetic|synthetic unit-square catalog|earthquake|6.029967024800456|52|36|0.3|-3.6635616461296463
863|2021-01-15T15:14:07.107129|42.52693372951309|16.96406021519639|12.331718790185024|SYNTHETIC|BvaluePG|Toni||Mw|3.4751094995941085|synthetic|synthetic unit-square catalog|earthquake|6.041436836360488|53|36|0.3|-3.6635616461296463
864|2021-01-17T03:46:55.352370|42.59776117324875|17.1602832643348|2.502039360662863|SYNTHETIC|BvaluePG|Toni||Mw|2.5307866336503397|synthetic|synthetic unit-square catalog|earthquake|6.045605982469214|54|36|0.3|-3.6635616461296463
865|2021-01-18T08:33:36.511576|42.63455590523359|18.074687644689|6.771869959246491|SYNTHETIC|BvaluePG|Toni||Mw|4.541698752904386|synthetic|synthetic unit-square catalog|earthquake|6.048888905099762|59|36|0.3|-3.6635616461296463
866|2021-01-18T18:49:38.660937|42.54044318504531|18.315126404566747|11.033778655551435|SYNTHETIC|BvaluePG|Toni||Mw|3.813652451686967|synthetic|synthetic unit-square catalog|earthquake|6.050060164934505|60|36|0.3|-3.6635616461296463
867|2021-01-18T20:55:54.302556|42.612972504864366|18.754011734019166|4.658030133097352|SYNTHETIC|BvaluePG|Toni||Mw|2.6153335319815416|synthetic|synthetic unit-square catalog|earthquake|6.050300222531395|62|36|0.3|-3.6635616461296463
868|2021-01-23T21:44:01.924719|42.67279168575575|6.021025504517164|15.918560421428715|SYNTHETIC|BvaluePG|Toni||Mw|3.125607788979969|synthetic|synthetic unit-square catalog|earthquake|6.064080979691738|0|37|0.3|-3.6635616461296463
869|2021-01-24T17:31:38.992726|42.66733869220144|7.106723050603225|9.798867540948118|SYNTHETIC|BvaluePG|Toni||Mw|3.276794539265554|synthetic|synthetic unit-square catalog|earthquake|6.066338979920099|5|37|0.3|-3.6635616461296463
870|2021-01-28T12:24:24.397350|42.79634989008726|7.891663704596631|7.172302036875045|SYNTHETIC|BvaluePG|Toni||Mw|2.69471651595753|synthetic|synthetic unit-square catalog|earthquake|6.076706225991525|9|37|0.3|-3.6635616461296463
871|2021-01-28T20:15:30.511273|42.73179856337174|8.262241350068756|17.51200600235739|SYNTHETIC|BvaluePG|Toni||Mw|2.67179931290335|synthetic|synthetic unit-square catalog|earthquake|6.077601925091686|11|37|0.3|-3.6635616461296463
872|2021-01-30T09:39:31.646286|42.69891670183149|8.471577622752006|5.05660355848069|SYNTHETIC|BvaluePG|Toni||Mw|2.703867676063263|synthetic|synthetic unit-square catalog|earthquake|6.0818684452013505|12|37|0.3|-3.6635616461296463
873|2021-02-01T10:28:45.022424|42.666453107840034|10.213998721593386|2.187291086168946|SYNTHETIC|BvaluePG|Toni||Mw|2.991117727686457|synthetic|synthetic unit-square catalog|earthquake|6.08743773361803|20|37|0.3|-3.6635616461296463
874|2021-02-02T15:34:55.316761|42.67544936578288|10.42576950402467|6.200697240342635|SYNTHETIC|BvaluePG|Toni||Mw|2.760430373987299|synthetic|synthetic unit-square catalog|earthquake|6.0907577039053|21|37|0.3|-3.6635616461296463
875|2021-02-06T00:35:07.344725|42.68728788911961|11.810791753360409|5.3653111335471895|SYNTHETIC|BvaluePG|Toni||Mw|2.8457671681542136|synthetic|synthetic unit-square catalog|earthquake|6.099998331455039|28|37|0.3|-3.6635616461296463
876|2021-02-06T20:08:03.360445|42.76074101453882|11.932988506420298|15.517416341088575|SYNTHETIC|BvaluePG|Toni||Mw|2.728882177122281|synthetic|synthetic unit-square catalog|earthquake|6.102228412821168|29|37|0.3|-3.6635616461296463
877|2021-02-08T10:53:45.886250|42.70980906982389|12.309281340273788|8.753929367587988|SYNTHETIC|BvaluePG|Toni||Mw|4.340734837422985|synthetic|synthetic unit-square catalog|earthquake|6.1066502486326755|31|37|0.3|-3.6635616461296463
878|2021-02-23T14:15:04.700933|42.75233978106789|12.97933928605227|10.193575145689314|SYNTHETIC|BvaluePG|Toni||Mw|2.764450037484211|synthetic|synthetic unit-square catalog|earthquake|6.148100764980006|34|37|0.3|-3.6635616461296463
879|2021-02-24T13:33:55.390610|42.76137989889303|13.331554935087079|13.638835716504065|SYNTHETIC|BvaluePG|Toni||Mw|3.663456806538769|synthetic|synthetic unit-square catalog|earthquake|6.1507603680448|36|37|0.3|-3.6635616461296463
880|2021-02-24T13:38:19.640383|42.76946299416008|14.83424456313153|9.544045499711503|SYNTHETIC|BvaluePG|Toni||Mw|3.0111744488031396|synthetic|synthetic unit-square catalog|earthquake|6.150768741614812|43|37|0.3|-3.6635616461296463
881|2021-02-25T21:33:56.228779|42.70308733634638|14.964727104461199|5.983053436083509|SYNTHETIC|BvaluePG|Toni||Mw|2.7114258989665827|synthetic|synthetic unit-square catalog|earthquake|6.154410862320944|44|37|0.3|-3.6635616461296463
882|2021-02-26T08:09:03.881577|42.65917332452086|15.045107348102349|8.753430793944851|SYNTHETIC|BvaluePG|Toni||Mw|3.67114488397804|synthetic|synthetic unit-square catalog|earthquake|6.155618420969198|44|37|0.3|-3.6635616461296463
883|2021-02-26T19:23:13.587868|42.74329943565727|15.221201457123561|7.233433850042388|SYNTHETIC|BvaluePG|Toni||Mw|2.638508705779432|synthetic|synthetic unit-square catalog|earthquake|6.156900194814212|45|37|0.3|-3.6635616461296463
884|2021-02-27T11:09:02.808423|42.65990262777771|17.561912313882125|17.35571696291814|SYNTHETIC|BvaluePG|Toni||Mw|2.6665965740664217|synthetic|synthetic unit-square catalog|earthquake|6.158698469098509|56|37|0.3|-3.6635616461296463
885|2021-03-06T17:44:12.768072|42.72550356438375|17.69318371150076|4.6598655895365635|SYNTHETIC|BvaluePG|Toni||Mw|3.3246508653183158|synthetic|synthetic unit-square catalog|earthquake|6.178614747891866|57|37|0.3|-3.6635616461296463
886|2021-03-07T10:04:21.811697|42.73871021955078|18.703800014999644|3.9939324669421055|SYNTHETIC|BvaluePG|Toni||Mw|3.268952928928957|synthetic|synthetic unit-square catalog|earthquake|6.180478294030527|62|37|0.3|-3.6635616461296463
887|2021-03-12T11:06:13.066258|42.83389662988224|6.218063031128479|15.514152835942127|SYNTHETIC|BvaluePG|Toni||Mw|3.173337113983111|synthetic|synthetic unit-square catalog|earthquake|6.194285150526609|1|38|0.3|-3.6635616461296463
888|2021-03-16T07:36:21.633935|42.85693932019786|6.840511001699617|15.888142643145972|SYNTHETIC|BvaluePG|Toni||Mw|2.6905729603894675|synthetic|synthetic unit-square catalog|earthquake|6.204837555261992|4|38|0.3|-3.6635616461296463
889|2021-03-28T13:44:37.526682|42.99786028517246|7.5576026529662315|17.21775327699701|SYNTHETIC|BvaluePG|Toni||Mw|2.932699974270779|synthetic|synthetic unit-square catalog|earthquake|6.238391941297254|7|38|0.3|-3.6635616461296463
890|2021-03-30T10:59:51.389403|42.97882104405012|8.089529451484658|9.725399070031484|SYNTHETIC|BvaluePG|Toni||Mw|2.631504586199132|synthetic|synthetic unit-square catalog|earthquake|6.24355437008529|10|38|0.3|-3.6635616461296463
891|2021-03-31T17:25:19.162579|42.9684734713515|8.162373787053166|3.8493941669575626|SYNTHETIC|BvaluePG|Toni||Mw|3.202663975869764|synthetic|synthetic unit-square catalog|earthquake|6.2470250957797635|10|38|0.3|-3.6635616461296463
892|2021-04-02T06:15:34.427347|42.8802048408672|8.903193849912592|8.144211843158052|SYNTHETIC|BvaluePG|Toni||Mw|2.770250275516288|synthetic|synthetic unit-square catalog|earthquake|6.251227419935198|14|38|0.3|-3.6635616461296463
893|2021-04-04T04:49:14.783145|42.95415830485445|9.231114945257065|7.2964945620472115|SYNTHETIC|BvaluePG|Toni||Mw|2.5889029673072397|synthetic|synthetic unit-square catalog|earthquake|6.25653898848916|15|38|0.3|-3.6635616461296463
894|2021-04-05T02:27:49.215958|42.95488726015161|9.50624296249392|8.461443549946765|SYNTHETIC|BvaluePG|Toni||Mw|2.878226189303608|synthetic|synthetic unit-square catalog|earthquake|6.2590079478781115|17|38|0.3|-3.6635616461296463
895|2021-04-11T11:56:31.333279|42.880822976857836|10.608778960263773|2.742384302570896|SYNTHETIC|BvaluePG|Toni||Mw|3.4387071147400854|synthetic|synthetic unit-square catalog|earthquake|6.276516317250993|22|38|0.3|-3.6635616461296463
896|2021-04-12T03:59:35.271354|42.98794717260775|10.955977882843126|17.781239560256843|SYNTHETIC|BvaluePG|Toni||Mw|2.766224507419913|synthetic|synthetic unit-square catalog|earthquake|6.278347379754935|24|38|0.3|-3.6635616461296463
897|2021-04-16T10:20:59.726294|42.91400620133099|11.829206534463472|2.301984885749901|SYNTHETIC|BvaluePG|Toni||Mw|2.7433762218100712|synthetic|synthetic unit-square catalog|earthquake|6.2900239475211865|28|38|0.3|-3.6635616461296463
898|2021-04-17T03:54:45.316612|42.905157702803386|12.885237022414067|8.858132189718848|SYNTHETIC|BvaluePG|Toni||Mw|2.6874572711712377|synthetic|synthetic unit-square catalog|earthquake|6.292027445579259|33|38|0.3|-3.6635616461296463
899|2021-04-17T13:27:29.239907|42.866566728692376|12.953851487218223|17.118823457833276|SYNTHETIC|BvaluePG|Toni||Mw|3.2690348599215158|synthetic|synthetic unit-square catalog|earthquake|6.29311637259827|34|38|0.3|-3.6635616461296463
900|2021-04-17T22:30:59.509877|42.87166386498526|13.444685477493948|10.983415540449009|SYNTHETIC|BvaluePG|Toni||Mw|3.3712641743512703|synthetic|synthetic unit-square catalog|earthquake|6.294149729696729|36|38|0.3|-3.6635616461296463
901|2021-04-19T23:59:33.596217|42.87084342777377|13.736343871800806|12.325942825551145|SYNTHETIC|BvaluePG|Toni||Mw|2.5039056446871997|synthetic|synthetic unit-square catalog|earthquake|6.2997938245055725|38|38|0.3|-3.6635616461296463
902|2021-04-21T18:41:54.919884|42.85789785646314|18.301564038743646|14.633123609186356|SYNTHETIC|BvaluePG|Toni||Mw|3.3769293004740026|synthetic|synthetic unit-square catalog|earthquake|6.304665593070602|60|38|0.3|-3.6635616461296463
903|2021-04-22T18:27:04.685372|43.054350954569536|6.248126811791194|2.5685505945007296|SYNTHETIC|BvaluePG|Toni||Mw|2.5588080896106025|synthetic|synthetic unit-square catalog|earthquake|6.307375234028333|1|39|0.3|-3.6635616461296463
904|2021-04-25T21:09:25.863940|43.01245188877618|6.822459203810246|16.21328248991407|SYNTHETIC|BvaluePG|Toni||Mw|4.857258566913077|synthetic|synthetic unit-square catalog|earthquake|6.315897465711591|4|39|0.3|-3.6635616461296463
905|2021-04-28T07:48:27.325161|43.128618094756334|7.116377535811248|17.451947178331217|SYNTHETIC|BvaluePG|Toni||Mw|3.2599551382773613|synthetic|synthetic unit-square catalog|earthquake|6.322588134875955|5|39|0.3|-3.6635616461296463
906|2021-05-05T05:44:52.828034|43.18007733648699|7.695806483472559|14.315211884307185|SYNTHETIC|BvaluePG|Toni||Mw|2.772617788846703|synthetic|synthetic unit-square catalog|earthquake|6.341518139149837|8|39|0.3|-3.6635616461296463
907|2021-05-05T16:06:17.542826|43.030623459559614|8.959067625288567|7.417109434060505|SYNTHETIC|BvaluePG|Toni||Mw|3.4571132724816573|synthetic|synthetic unit-square catalog|earthquake|6.34269962046627|14|39|0.3|-3.6635616461296463
908|2021-05-05T18:21:01.099045|43.16827253895023|10.012236806931066|6.631144394941179|SYNTHETIC|BvaluePG|Toni||Mw|2.6951029092108283|synthetic|synthetic unit-square catalog|earthquake|6.342955772905594|19|39|0.3|-3.6635616461296463
909|2021-05-07T05:00:22.432206|43.13018505003849|10.360767483030479|15.05591850911577|SYNTHETIC|BvaluePG|Toni||Mw|2.8988837019547478|synthetic|synthetic unit-square catalog|earthquake|6.3469092209865865|21|39|0.3|-3.6635616461296463
910|2021-05-11T09:40:10.504799|43.03755269985598|11.023102854675214|5.039295733947068|SYNTHETIC|BvaluePG|Toni||Mw|3.5820731007194517|synthetic|synthetic unit-square catalog|earthquake|6.358392606053691|24|39|0.3|-3.6635616461296463
911|2021-05-13T06:31:41.994164|43.154359148328254|12.256614302987147|4.93339409706935|SYNTHETIC|BvaluePG|Toni||Mw|2.938218284483273|synthetic|synthetic unit-square catalog|earthquake|6.36350996254988|30|39|0.3|-3.6635616461296463
912|2021-05-14T21:44:08.842441|43.12113868138074|12.490774756692051|14.04487589749243|SYNTHETIC|BvaluePG|Toni||Mw|3.2196137430117617|synthetic|synthetic unit-square catalog|earthquake|6.367982636272753|31|39|0.3|-3.6635616461296463
913|2021-05-18T05:51:20.388576|43.03122837603881|12.671280426069703|7.335346886165759|SYNTHETIC|BvaluePG|Toni||Mw|3.0415431800182704|synthetic|synthetic unit-square catalog|earthquake|6.377122480435028|32|39|0.3|-3.6635616461296463
914|2021-05-19T04:44:16.901812|43.13204967606571|13.38554747113637|3.2802090384575244|SYNTHETIC|BvaluePG|Toni||Mw|2.855373606938041|synthetic|synthetic unit-square catalog|earthquake|6.37973283462026|36|39|0.3|-3.6635616461296463
915|2021-05-19T22:37:02.264541|43.13093104107225|13.85144534584558|15.977506524413943|SYNTHETIC|BvaluePG|Toni||Mw|2.6287839551080436|synthetic|synthetic unit-square catalog|earthquake|6.381772449886589|38|39|0.3|-3.6635616461296463
916|2021-05-22T06:08:11.337844|43.089154332828464|13.746864633524751|2.0522990435095547|SYNTHETIC|BvaluePG|Toni||Mw|3.6671645750393367|synthetic|synthetic unit-square catalog|earthquake|6.388105918632732|38|39|0.3|-3.6635616461296463
917|2021-05-23T02:09:39.362205|43.184263178114776|14.570643310383|4.817448537369502|SYNTHETIC|BvaluePG|Toni||Mw|3.3514963061419354|synthetic|synthetic unit-square catalog|earthquake|6.390390250279018|42|39|0.3|-3.6635616461296463
918|2021-05-23T03:15:54.703913|43.11455346101601|15.806591830904285|13.597368207626566|SYNTHETIC|BvaluePG|Toni||Mw|2.668318377946708|synthetic|synthetic unit-square catalog|earthquake|6.3905162212561635|48|39|0.3|-3.6635616461296463
919|2021-05-30T07:11:20.143307|43.1804255552136|16.014834781674082|11.22114016943467|SYNTHETIC|BvaluePG|Toni||Mw|2.8459347889677375|synthetic|synthetic unit-square catalog|earthquake|6.410128784930028|49|39|0.3|-3.6635616461296463
920|2021-06-06T19:01:06.457470|43.113028475998064|17.78321862482881|2.010226496930981|SYNTHETIC|BvaluePG|Toni||Mw|2.9794103098880393|synthetic|synthetic unit-square catalog|earthquake|6.430643219302823|58|39|0.3|-3.6635616461296463
921|2021-06-07T05:52:18.831737|43.012551532687866|18.04827021412277|16.705519475623774|SYNTHETIC|BvaluePG|Toni||Mw|2.5195017250662364|synthetic|synthetic unit-square catalog|earthquake|6.4318813481297035|59|39|0.3|-3.6635616461296463
922|2021-06-12T03:16:35.468914|43.06782442686567|18.26340444421681|10.878964441024648|SYNTHETIC|BvaluePG|Toni||Mw|2.7182490648872415|synthetic|synthetic unit-square catalog|earthquake|6.445274528763749|60|39|0.3|-3.6635616461296463
923|2021-06-13T17:19:27.314748|43.16100865812691|18.708984171185115|13.791773339176302|SYNTHETIC|BvaluePG|Toni||Mw|3.1195905205728383|synthetic|synthetic unit-square catalog|earthquake|6.449614904642569|62|39|0.3|-3.6635616461296463
924|2021-06-17T02:01:07.344316|43.19654966343652|7.094156682327869|3.523154733036341|SYNTHETIC|BvaluePG|Toni||Mw|2.5911789104712897|synthetic|synthetic unit-square catalog|earthquake|6.45882029508951|5|40|0.3|-3.6635616461296463
925|2021-06-26T03:27:40.260038|43.211648512930516|7.3415400320685285|10.693162850118473|SYNTHETIC|BvaluePG|Toni||Mw|2.7102460672967967|synthetic|synthetic unit-square catalog|earthquake|6.483625505743113|6|40|0.3|-3.6635616461296463
926|2021-06-29T10:40:48.746967|43.33901287391437|7.673353319015478|3.9591224826047853|SYNTHETIC|BvaluePG|Toni||Mw|2.8456583309265553|synthetic|synthetic unit-square catalog|earthquake|6.492662583560463|8|40|0.3|-3.6635616461296463
927|2021-06-29T23:35:28.291945|43.209267609793166|7.9704833030563025|6.132625763772809|SYNTHETIC|BvaluePG|Toni||Mw|2.6356530547522308|synthetic|synthetic unit-square catalog|earthquake|6.49413543146328|9|40|0.3|-3.6635616461296463
928|2021-07-03T04:33:03.956960|43.2063235254028|8.858449895167535|12.03533995566619|SYNTHETIC|BvaluePG|Toni||Mw|2.625269588400707|synthetic|synthetic unit-square catalog|earthquake|6.502914795705646|14|40|2.0|-1.6094379124341005
929|2021-07-03T15:54:13.397119|43.31693575009889|9.025137518689966|9.157840990180956|SYNTHETIC|BvaluePG|Toni||Mw|2.5162337977274576|synthetic|synthetic unit-square catalog|earthquake|6.504209870114326|14|40|2.0|-1.6094379124341005
930|2021-07-10T17:17:41.313496|43.2684466586208|9.147018982464123|17.290519577589684|SYNTHETIC|BvaluePG|Toni||Mw|2.568858388498367|synthetic|synthetic unit-square catalog|earthquake|6.5235335169181585|15|40|2.0|-1.6094379124341005
931|2021-07-16T19:45:18.850899|43.35952647700127|9.117948852019373|15.540345242114682|SYNTHETIC|BvaluePG|Toni||Mw|2.6031667426381344|synthetic|synthetic unit-square catalog|earthquake|6.540241300063988|15|40|2.0|-1.6094379124341005
932|2021-07-19T03:42:34.259959|43.28345124261611|9.161252623553299|13.84120177232187|SYNTHETIC|BvaluePG|Toni||Mw|2.6516858017702356|synthetic|synthetic unit-square catalog|earthquake|6.54662440299515|15|40|2.0|-1.6094379124341005
933|2021-07-19T03:54:59.692762|43.248663696149436|9.359872761116545|15.700138977004965|SYNTHETIC|BvaluePG|Toni||Mw|4.109896695692707|synthetic|synthetic unit-square catalog|earthquake|6.546648024335279|16|40|2.0|-1.6094379124341005
934|2021-07-19T05:36:02.656221|43.221094072146016|9.794898280389587|10.486904571291339|SYNTHETIC|BvaluePG|Toni||Mw|3.0576636060076035|synthetic|synthetic unit-square catalog|earthquake|6.546840148053777|18|40|2.0|-1.6094379124341005
935|2021-07-20T21:36:48.476240|43.25554080920904|9.742350047650563|8.418962233381198|SYNTHETIC|BvaluePG|Toni||Mw|2.8461031204906466|synthetic|synthetic unit-square catalog|earthquake|6.551404684647756|18|40|2.0|-1.6094379124341005
936|2021-07-29T02:10:44.388340|43.30801994688753|10.055655719039319|16.911269547608846|SYNTHETIC|BvaluePG|Toni||Mw|3.191562168604521|synthetic|synthetic unit-square catalog|earthquake|6.573828313570757|19|40|2.0|-1.6094379124341005
937|2021-07-31T02:38:19.499980|43.29458563325974|10.24324782946439|2.730591144530564|SYNTHETIC|BvaluePG|Toni||Mw|2.6669051196596745|synthetic|synthetic unit-square catalog|earthquake|6.5793564624680245|20|40|2.0|-1.6094379124341005
938|2021-07-31T20:50:54.908611|43.25600830205997|10.127665754481178|12.244955523961433|SYNTHETIC|BvaluePG|Toni||Mw|3.3639764164981454|synthetic|synthetic unit-square catalog|earthquake|6.581433788013388|20|40|2.0|-1.6094379124341005
939|2021-08-07T22:04:06.702761|43.34725697184594|10.460520549242878|17.150139095218634|SYNTHETIC|BvaluePG|Toni||Mw|2.763630375411191|synthetic|synthetic unit-square catalog|earthquake|6.600737911081991|21|40|2.0|-1.6094379124341005
940|2021-08-10T00:36:45.582770|43.33860573472498|10.904897182202946|7.628040076812111|SYNTHETIC|BvaluePG|Toni||Mw|2.577563112555121|synthetic|synthetic unit-square catalog|earthquake|6.60650384005028|24|40|2.0|-1.6094379124341005
941|2021-08-11T09:11:45.223169|43.35943024736057|10.96786627226625|5.1995251429276745|SYNTHETIC|BvaluePG|Toni||Mw|2.8356693726375855|synthetic|synthetic unit-square catalog|earthquake|6.61022084135579|24|40|2.0|-1.6094379124341005
942|2021-08-12T12:09:33.277457|43.34344170317734|11.040824812073303|5.959099446734626|SYNTHETIC|BvaluePG|Toni||Mw|2.6117326259081826|synthetic|synthetic unit-square catalog|earthquake|6.613296742384|24|40|2.0|-1.6094379124341005
943|2021-08-16T19:54:44.777725|43.36332688005721|11.109593900902652|9.706099979883001|SYNTHETIC|BvaluePG|Toni||Mw|2.72768841059753|synthetic|synthetic unit-square catalog|earthquake|6.625132607604055|25|40|2.0|-1.6094379124341005
944|2021-08-23T23:24:20.156936|43.23329860581975|11.544462954263157|3.2789176298293743|SYNTHETIC|BvaluePG|Toni||Mw|2.691570349701922|synthetic|synthetic unit-square catalog|earthquake|6.6446960528346946|27|40|2.0|-1.6094379124341005
945|2021-08-31T12:48:41.650510|43.30289825411113|11.637481442682436|3.9600355393117415|SYNTHETIC|BvaluePG|Toni||Mw|3.554485093242811|synthetic|synthetic unit-square catalog|earthquake|6.665390322791031|27|40|2.0|-1.6094379124341005
946|2021-08-31T18:32:01.393402|43.24359753574486|11.849076723736228|7.740498658280403|SYNTHETIC|BvaluePG|Toni||Mw|2.911520614674651|synthetic|synthetic unit-square catalog|earthquake|6.666043089252748|28|40|2.0|-1.6094379124341005
947|2021-09-01T23:23:47.303748|43.293461353236594|11.688793283228735|7.865196977104933|SYNTHETIC|BvaluePG|Toni||Mw|3.917696419441327|synthetic|synthetic unit-square catalog|earthquake|6.669335668864177|28|40|2.0|-1.6094379124341005
948|2021-09-06T12:11:35.832930|43.300621668379065|11.807572802924714|13.90503774783071|SYNTHETIC|BvaluePG|Toni||Mw|2.512831937062982|synthetic|synthetic unit-square catalog|earthquake|6.681746895610905|28|40|2.0|-1.6094379124341005
949|2021-09-07T13:40:53.445932|43.316910426946095|12.041364068509885|10.862972407912316|SYNTHETIC|BvaluePG|Toni||Mw|2.925613546768014|synthetic|synthetic unit-square catalog|earthquake|6.684654518909322|29|40|2.0|-1.6094379124341005
950|2021-09-11T18:26:46.954775|43.3485093923679|12.19773764146223|16.18308480962763|SYNTHETIC|BvaluePG|Toni||Mw|2.629522186857855|synthetic|synthetic unit-square catalog|earthquake|6.696149483952379|30|40|2.0|-1.6094379124341005
951|2021-09-12T09:50:24.237513|43.24070275366543|12.458097223204817|15.345458855278613|SYNTHETIC|BvaluePG|Toni||Mw|2.633787235415275|synthetic|synthetic unit-square catalog|earthquake|6.6979055516742045|31|40|2.0|-1.6094379124341005
952|2021-09-27T08:01:45.150977|43.36655154362552|12.654699017393153|3.6562894879136074|SYNTHETIC|BvaluePG|Toni||Mw|2.9653193649658536|synthetic|synthetic unit-square catalog|earthquake|6.738766736094551|32|40|2.0|-1.6094379124341005
953|2021-10-07T19:56:52.375077|43.32527643583841|12.668127787985412|16.87242940558647|SYNTHETIC|BvaluePG|Toni||Mw|3.3220722794367967|synthetic|synthetic unit-square catalog|earthquake|6.767504891851003|32|40|2.0|-1.6094379124341005
954|2021-10-10T09:21:05.951850|43.3057764103624|12.777860538762575|7.835542454068273|SYNTHETIC|BvaluePG|Toni||Mw|3.124528382366439|synthetic|synthetic unit-square catalog|earthquake|6.774509657003391|33|40|2.0|-1.6094379124341005
955|2021-10-13T15:57:23.643230|43.324386768362416|12.796492810580407|10.215194809165608|SYNTHETIC|BvaluePG|Toni||Mw|3.8425516101921167|synthetic|synthetic unit-square catalog|earthquake|6.78347667893727|33|40|2.0|-1.6094379124341005
956|2021-10-14T02:36:36.881398|43.29672352743857|12.782967087147927|3.7244378111535816|SYNTHETIC|BvaluePG|Toni||Mw|2.6114989901191876|synthetic|synthetic unit-square catalog|earthquake|6.784692019716278|33|40|2.0|-1.6094379124341005
957|2021-10-14T07:09:56.657246|43.33500141364665|12.800869035779687|8.075934134549604|SYNTHETIC|BvaluePG|Toni||Mw|3.0728891192752443|synthetic|synthetic unit-square catalog|earthquake|6.78521169725347|33|40|2.0|-1.6094379124341005
958|2021-10-14T20:24:19.689394|43.26267030244451|12.966972648912666|8.502556022346422|SYNTHETIC|BvaluePG|Toni||Mw|3.471180468533033|synthetic|synthetic unit-square catalog|earthquake|6.7867220476016685|34|40|2.0|-1.6094379124341005
959|2021-10-22T12:04:59.828217|43.18805342731313|13.105658502242829|5.829767588638672|SYNTHETIC|BvaluePG|Toni||Mw|2.7925352807834396|synthetic|synthetic unit-square catalog|earthquake|6.807675483186851|34|40|2.0|-1.6094379124341005
960|2021-10-26T20:14:55.291013|43.35313042444374|13.31482098459797|2.5608759442167752|SYNTHETIC|BvaluePG|Toni||Mw|2.779409018300938|synthetic|synthetic unit-square catalog|earthquake|6.8195583723418105|36|40|2.0|-1.6094379124341005
961|2021-10-27T19:28:13.711825|43.321934056155555|13.486817867824634|17.499069588600904|SYNTHETIC|BvaluePG|Toni||Mw|2.7182438154134205|synthetic|synthetic unit-square catalog|earthquake|6.822207446441594|36|40|2.0|-1.6094379124341005
962|2021-10-28T23:36:54.874135|43.25675204470286|13.53123339385397|11.760626365457583|SYNTHETIC|BvaluePG|Toni||Mw|3.327140799502309|synthetic|synthetic unit-square catalog|earthquake|6.8254181203302995|37|40|2.0|-1.6094379124341005
963|2021-10-30T05:26:10.193128|43.19243642616631|13.719767063555306|15.00259145775428|SYNTHETIC|BvaluePG|Toni||Mw|3.3716884015536834|synthetic|synthetic unit-square catalog|earthquake|6.82882000510585|38|40|2.0|-1.6094379124341005
964|2021-11-01T04:23:16.313683|43.23332517552821|13.917695182795406|11.713898364597517|SYNTHETIC|BvaluePG|Toni||Mw|3.6006598574965896|synthetic|synthetic unit-square catalog|earthquake|6.834176119656851|38|40|2.0|-1.6094379124341005
965|2021-11-03T20:01:03.556189|43.2422183274393|13.963247739767784|11.856242505849972|SYNTHETIC|BvaluePG|Toni||Mw|2.5447345366305014|synthetic|synthetic unit-square catalog|earthquake|6.841434822552705|39|40|2.0|-1.6094379124341005
966|2021-11-08T08:50:57.556864|43.219194166072995|14.118473226350158|6.557574536951355|SYNTHETIC|BvaluePG|Toni||Mw|2.592641318057532|synthetic|synthetic unit-square catalog|earthquake|6.8538500252511|39|40|2.0|-1.6094379124341005
967|2021-11-10T13:57:48.979060|43.32531250541037|13.991684611760274|2.1852988360236125|SYNTHETIC|BvaluePG|Toni||Mw|2.5993076515433433|synthetic|synthetic unit-square catalog|earthquake|6.859909149588699|39|40|2.0|-1.6094379124341005
968|2021-11-12T02:29:25.515022|43.355782474595536|14.094627105485019|14.164930354021218|SYNTHETIC|BvaluePG|Toni||Mw|3.0424610783279276|synthetic|synthetic unit-square catalog|earthquake|6.86407602336752|39|40|2.0|-1.6094379124341005
969|2021-11-16T14:03:01.993356|43.29549534282795|14.154460019974254|11.473803629730648|SYNTHETIC|BvaluePG|Toni||Mw|2.736759404959582|synthetic|synthetic unit-square catalog|earthquake|6.876346173136001|40|40|2.0|-1.6094379124341005
970|2021-11-18T12:46:50.960801|43.28811332276851|14.416134821172886|4.401011263708826|SYNTHETIC|BvaluePG|Toni||Mw|2.7312980315535786|synthetic|synthetic unit-square catalog|earthquake|6.881677027429244|41|40|2.0|-1.6094379124341005
971|2021-11-18T23:55:02.601606|43.35894102079171|14.468552842651661|15.594508937349584|SYNTHETIC|BvaluePG|Toni||Mw|2.6182727007320117|synthetic|synthetic unit-square catalog|earthquake|6.882947454863687|41|40|2.0|-1.6094379124341005
972|2021-11-21T12:59:57.249893|43.21884146004481|14.636601444722986|9.869160007567647|SYNTHETIC|BvaluePG|Toni||Mw|2.6010077680150587|synthetic|synthetic unit-square catalog|earthquake|6.889915495788456|42|40|2.0|-1.6094379124341005
973|2021-11-24T07:45:07.348450|43.1962148923141|14.83915318550051|5.580074061177848|SYNTHETIC|BvaluePG|Toni||Mw|3.911195108484801|synthetic|synthetic unit-square catalog|earthquake|6.897530463294132|43|40|2.0|-1.6094379124341005
974|2021-11-27T01:27:30.713806|43.24675832794527|15.042025199003787|10.258290209177162|SYNTHETIC|BvaluePG|Toni||Mw|3.133937208407926|synthetic|synthetic unit-square catalog|earthquake|6.9050260702273505|44|40|2.0|-1.6094379124341005
975|2021-12-01T17:14:14.485092|43.21567580463041|15.31526602009083|17.055836242846638|SYNTHETIC|BvaluePG|Toni||Mw|2.8260821301990244|synthetic|synthetic unit-square catalog|earthquake|6.917777476268556|45|40|2.0|-1.6094379124341005
976|2021-12-04T04:30:08.183006|43.30177431452143|15.172407066572866|11.085776292859943|SYNTHETIC|BvaluePG|Toni||Mw|2.5735078858559834|synthetic|synthetic unit-square catalog|earthquake|6.92453824698351|45|40|2.0|-1.6094379124341005
977|2021-12-10T00:57:45.644972|43.23853371014766|15.425860937062879|11.991422205540998|SYNTHETIC|BvaluePG|Toni||Mw|2.6118603263189932|synthetic|synthetic unit-square catalog|earthquake|6.940561565042103|46|40|2.0|-1.6094379124341005
978|2021-12-13T03:50:02.618726|43.25038702055268|15.498454926667447|4.560593554357537|SYNTHETIC|BvaluePG|Toni||Mw|2.630192542753394|synthetic|synthetic unit-square catalog|earthquake|6.9491026763355475|46|40|2.0|-1.6094379124341005
979|2021-12-20T15:24:49.711146|43.27856929399785|15.577165730555453|3.359445463673975|SYNTHETIC|BvaluePG|Toni||Mw|2.5867315171494605|synthetic|synthetic unit-square catalog|earthquake|6.969588616090769|47|40|2.0|-1.6094379124341005
980|2021-12-20T16:26:31.703903|43.29839045455613|15.69027678024726|12.423750814418769|SYNTHETIC|BvaluePG|Toni||Mw|3.2550860824431145|synthetic|synthetic unit-square catalog|earthquake|6.969705925162368|47|40|2.0|-1.6094379124341005
981|2021-12-22T13:35:13.873846|43.214015820950465|15.869068724784254|2.4741659731312993|SYNTHETIC|BvaluePG|Toni||Mw|2.538910872985014|synthetic|synthetic unit-square catalog|earthquake|6.974855941955239|48|40|2.0|-1.6094379124341005
982|2021-12-28T23:36:22.129313|43.266588032844396|15.903122888342082|10.571465757818043|SYNTHETIC|BvaluePG|Toni||Mw|2.5995144147223623|synthetic|synthetic unit-square catalog|earthquake|6.992425980724558|48|40|2.0|-1.6094379124341005
983|2021-12-31T07:19:12.925818|43.2454201694967|15.767872549873932|9.098437558842752|SYNTHETIC|BvaluePG|Toni||Mw|3.131816876506189|synthetic|synthetic unit-square catalog|earthquake|6.998781685737134|48|40|2.0|-1.6094379124341005
984|2022-01-02T06:54:54.117230|43.347213672339834|15.877139649597286|3.425481861590727|SYNTHETIC|BvaluePG|Toni||Mw|3.0865423610320812|synthetic|synthetic unit-square catalog|earthquake|7.004211160456768|48|40|2.0|-1.6094379124341005
985|2022-01-04T10:16:30.633851|43.36677778249353|15.925139104588057|7.504079979720506|SYNTHETIC|BvaluePG|Toni||Mw|3.3396048488374355|synthetic|synthetic unit-square catalog|earthquake|7.010070177511948|48|40|2.0|-1.6094379124341005
986|2022-01-06T16:19:48.868222|43.29282648232611|16.15472135303988|17.59797680221566|SYNTHETIC|BvaluePG|Toni||Mw|2.542824898600601|synthetic|synthetic unit-square catalog|earthquake|7.0162366234511495|49|40|2.0|-1.6094379124341005
987|2022-01-07T19:49:11.367188|43.244532080553824|16.450284023657133|8.546309489941057|SYNTHETIC|BvaluePG|Toni||Mw|2.5530209985887504|synthetic|synthetic unit-square catalog|earthquake|7.019372555808694|51|40|0.3|-3.6635616461296463
988|2022-01-09T02:36:07.172211|43.255309697739484|16.600187555431397|17.798166191405237|SYNTHETIC|BvaluePG|Toni||Mw|2.928358199226254|synthetic|synthetic unit-square catalog|earthquake|7.022884096769459|52|40|0.3|-3.6635616461296463
989|2022-01-09T21:39:42.602819|43.2930998178099|17.519837954952564|13.816191539197611|SYNTHETIC|BvaluePG|Toni||Mw|3.2975660078653224|synthetic|synthetic unit-square catalog|earthquake|7.0250583885599385|56|40|0.3|-3.6635616461296463
990|2022-01-10T06:29:42.998594|43.284022708704526|18.664213039633754|14.327850328627692|SYNTHETIC|BvaluePG|Toni||Mw|2.512838539115279|synthetic|synthetic unit-square catalog|earthquake|7.026066082293806|62|40|0.3|-3.6635616461296463
991|2022-01-10T15:08:53.346126|43.31178509367736|18.8176213995011|4.866592424192662|SYNTHETIC|BvaluePG|Toni||Mw|2.797585610299035|synthetic|synthetic unit-square catalog|earthquake|7.027053177241833|63|40|0.3|-3.6635616461296463
992|2022-01-11T07:02:00.085024|43.52663458807393|6.146222998474399|11.045914825801578|SYNTHETIC|BvaluePG|Toni||Mw|3.0457106575427044|synthetic|synthetic unit-square catalog|earthquake|7.028865315645825|0|41|0.3|-3.6635616461296463
993|2022-01-12T11:02:21.135695|43.51643446436072|6.074379283630068|8.650761918809826|SYNTHETIC|BvaluePG|Toni||Mw|3.861587744237441|synthetic|synthetic unit-square catalog|earthquake|7.032060141952997|0|41|0.3|-3.6635616461296463
994|2022-01-12T13:10:41.677072|43.538351171983756|8.553369609559985|10.072996777842555|SYNTHETIC|BvaluePG|Toni||Mw|2.826374996402444|synthetic|synthetic unit-square catalog|earthquake|7.032304157384361|12|41|0.3|-3.6635616461296463
995|2022-01-20T13:37:38.195361|43.37239340934722|11.186452762899325|3.503025065823522|SYNTHETIC|BvaluePG|Toni||Mw|2.59106927911952|synthetic|synthetic unit-square catalog|earthquake|7.054258188054911|25|41|0.3|-3.6635616461296463
996|2022-01-23T11:02:48.371838|43.44785241040764|11.775304385002372|3.0790092658450074|SYNTHETIC|BvaluePG|Toni||Mw|2.779653137937499|synthetic|synthetic unit-square catalog|earthquake|7.06217736367273|28|41|0.3|-3.6635616461296463
997|2022-01-26T19:38:26.308021|43.47480696413999|12.023474311300165|3.4562387390760936|SYNTHETIC|BvaluePG|Toni||Mw|2.5115566773195743|synthetic|synthetic unit-square catalog|earthquake|7.071371280072687|29|41|0.3|-3.6635616461296463
998|2022-01-27T13:25:34.900441|43.40192533028842|13.220264433128584|7.672430116278628|SYNTHETIC|BvaluePG|Toni||Mw|2.576865831183302|synthetic|synthetic unit-square catalog|earthquake|7.073400223731882|35|41|0.3|-3.6635616461296463
999|2022-01-28T15:36:17.108208|43.46565352826212|13.434218993801494|5.251780510378998|SYNTHETIC|BvaluePG|Toni||Mw|2.5631922151266893|synthetic|synthetic unit-square catalog|earthquake|7.0763865790874005|36|41|0.3|-3.6635616461296463
1000|2022-01-30T18:06:55.549995|43.45336030460179|14.130689810241995|14.319569994174762|SYNTHETIC|BvaluePG|Toni||Mw|2.7949259523980254|synthetic|synthetic unit-square catalog|earthquake|7.082148691598709|40|41|0.3|-3.6635616461296463
1001|2022-02-01T03:40:39.168731|43.394481081841334|15.619193849878238|3.716856869465863|SYNTHETIC|BvaluePG|Toni||Mw|3.5021060361204834|synthetic|synthetic unit-square catalog|earthquake|7.085977361039234|47|41|0.3|-3.6635616461296463
1002|2022-02-01T07:16:15.633023|43.469833733184885|15.850505986762498|9.63780076670861|SYNTHETIC|BvaluePG|Toni||Mw|2.645957765736667|synthetic|synthetic unit-square catalog|earthquake|7.0863872928557115|48|41|0.3|-3.6635616461296463
1003|2022-02-02T10:37:13.575903|43.40070469371956|17.657972788451424|16.58796943004461|SYNTHETIC|BvaluePG|Toni||Mw|2.5232841875943444|synthetic|synthetic unit-square catalog|earthquake|7.08950723679567|57|41|0.3|-3.6635616461296463
1004|2022-02-03T11:26:00.263621|43.531185155961424|18.366148750062813|4.841198768199602|SYNTHETIC|BvaluePG|Toni||Mw|3.3946869098469667|synthetic|synthetic unit-square catalog|earthquake|7.092337828720243|60|41|0.3|-3.6635616461296463
1005|2022-02-06T18:04:03.833835|43.517910538972|18.54039342536174|6.840358859166139|SYNTHETIC|BvaluePG|Toni||Mw|2.6500275685501795|synthetic|synthetic unit-square catalog|earthquake|7.101308205751887|61|41|0.3|-3.6635616461296463
1006|2022-02-08T02:42:55.798942|43.71189619235463|6.318310628404722|17.12520377058089|SYNTHETIC|BvaluePG|Toni||Mw|2.893200867954842|synthetic|synthetic unit-square catalog|earthquake|7.105032568983143|1|42|0.3|-3.6635616461296463
1007|2022-02-09T19:41:26.902765|43.71051579488894|6.516634084901291|17.296850888617143|SYNTHETIC|BvaluePG|Toni||Mw|2.580532795154319|synthetic|synthetic unit-square catalog|earthquake|7.109706913794632|2|42|0.3|-3.6635616461296463
1008|2022-02-10T14:27:20.556729|43.72264307083841|6.702939089872713|4.053956698218128|SYNTHETIC|BvaluePG|Toni||Mw|3.0671786504142635|synthetic|synthetic unit-square catalog|earthquake|7.111847559913605|3|42|0.3|-3.6635616461296463
1009|2022-02-11T19:52:41.801924|43.59790081700957|6.892376510759305|14.842289132897049|SYNTHETIC|BvaluePG|Toni||Mw|3.193050221432642|synthetic|synthetic unit-square catalog|earthquake|7.115204001632726|4|42|0.3|-3.6635616461296463
1010|2022-02-11T22:31:29.500102|43.605531370289675|7.343319480548802|9.690041992527332|SYNTHETIC|BvaluePG|Toni||Mw|2.5319245557213406|synthetic|synthetic unit-square catalog|earthquake|7.115505916169232|6|42|0.3|-3.6635616461296463
1011|2022-02-12T14:34:24.542011|43.604956536324494|7.372207039402872|10.72409349933665|SYNTHETIC|BvaluePG|Toni||Mw|4.934547703782018|synthetic|synthetic unit-square catalog|earthquake|7.117336696770707|6|42|0.3|-3.6635616461296463
1012|2022-02-12T18:43:15.224944|43.612253196014784|7.358388997531534|5.495705305343668|SYNTHETIC|BvaluePG|Toni||Mw|2.833585082527685|synthetic|synthetic unit-square catalog|earthquake|7.117809821562617|6|42|0.3|-3.6635616461296463
1013|2022-02-13T19:49:02.930557|43.627180289567946|7.979304171214656|8.498773156812955|SYNTHETIC|BvaluePG|Toni||Mw|3.1297882028558375|synthetic|synthetic unit-square catalog|earthquake|7.120672767591869|9|42|0.3|-3.6635616461296463
1014|2022-02-19T18:55:35.007811|43.59944363446111|8.95082655533821|14.501048125449197|SYNTHETIC|BvaluePG|Toni||Mw|2.569636250142765|synthetic|synthetic unit-square catalog|earthquake|7.13699821937701|14|42|0.3|-3.6635616461296463
1015|2022-02-21T22:48:23.369933|43.65441934126342|9.265549759741685|12.090902684689759|SYNTHETIC|BvaluePG|Toni||Mw|3.5287996416610197|synthetic|synthetic unit-square catalog|earthquake|7.1429165516367945|16|42|0.3|-3.6635616461296463
1016|2022-02-28T19:21:32.057880|43.67191471225951|10.078995460234829|16.940864804455448|SYNTHETIC|BvaluePG|Toni||Mw|2.510202342868965|synthetic|synthetic unit-square catalog|earthquake|7.161688216400491|20|42|0.3|-3.6635616461296463
1017|2022-03-06T12:41:03.803048|43.6804413016658|11.550778815203058|15.072273415669537|SYNTHETIC|BvaluePG|Toni||Mw|2.5880598936306103|synthetic|synthetic unit-square catalog|earthquake|7.177353911674164|27|42|0.3|-3.6635616461296463
1018|2022-03-07T05:30:04.993196|43.57112876958713|11.97241912562644|12.7626259532447|SYNTHETIC|BvaluePG|Toni||Mw|2.5431819953911936|synthetic|synthetic unit-square catalog|earthquake|7.1792723462239465|29|42|0.3|-3.6635616461296463
1019|2022-03-08T11:19:52.178727|43.5891777327958|12.253993843736367|2.161427325114925|SYNTHETIC|BvaluePG|Toni||Mw|3.219588469518059|synthetic|synthetic unit-square catalog|earthquake|7.182675240789137|30|42|0.3|-3.6635616461296463
1020|2022-03-08T14:55:11.532443|43.660791185109346|13.352000181703172|16.87101580058929|SYNTHETIC|BvaluePG|Toni||Mw|2.5100812566690576|synthetic|synthetic unit-square catalog|earthquake|7.183084630404205|36|42|0.3|-3.6635616461296463
1021|2022-03-11T17:36:22.149642|43.55168892161312|13.912948117870588|3.4883205848153533|SYNTHETIC|BvaluePG|Toni||Mw|2.986988990095675|synthetic|synthetic unit-square catalog|earthquake|7.191604626132601|38|42|0.3|-3.6635616461296463
1022|2022-03-13T05:07:58.849448|43.59405974072973|14.137617515006278|2.624375031472235|SYNTHETIC|BvaluePG|Toni||Mw|2.9911134754012636|synthetic|synthetic unit-square catalog|earthquake|7.195657427987193|40|42|0.3|-3.6635616461296463
1023|2022-03-14T11:03:11.769200|43.54837132177247|14.470178827403071|13.129081801943498|SYNTHETIC|BvaluePG|Toni||Mw|3.0063497299814657|synthetic|synthetic unit-square catalog|earthquake|7.199070644446991|41|42|0.3|-3.6635616461296463
1024|2022-03-17T17:56:51.627007|43.62023423060352|14.529557568347716|2.0194809573024965|SYNTHETIC|BvaluePG|Toni||Mw|2.630576802457008|synthetic|synthetic unit-square catalog|earthquake|7.208070690642122|41|42|0.3|-3.6635616461296463
1025|2022-03-18T07:51:47.877282|43.59495994846692|15.0548263285008|10.374359797858496|SYNTHETIC|BvaluePG|Toni||Mw|2.939673465132433|synthetic|synthetic unit-square catalog|earthquake|7.209658145019993|44|42|0.3|-3.6635616461296463
1026|2022-03-21T06:08:05.410454|43.706394612180446|15.483503682777574|6.777661450984047|SYNTHETIC|BvaluePG|Toni||Mw|2.840432214829673|synthetic|synthetic unit-square catalog|earthquake|7.2176745193061|46|42|0.3|-3.6635616461296463
1027|2022-03-27T01:31:57.061105|43.700147499997826|15.899416557544033|15.96146347918972|SYNTHETIC|BvaluePG|Toni||Mw|2.866914978181821|synthetic|synthetic unit-square catalog|earthquake|7.233576604719804|48|42|0.3|-3.6635616461296463
1028|2022-03-27T20:28:07.761270|43.635002925460576|16.92134827699362|2.033660906476978|SYNTHETIC|BvaluePG|Toni||Mw|3.6304453721067107|synthetic|synthetic unit-square catalog|earthquake|7.235736803852956|53|42|0.3|-3.6635616461296463
1029|2022-03-31T17:03:11.914237|43.634276030777464|18.531601448221217|17.49945263098435|SYNTHETIC|BvaluePG|Toni||Mw|2.9176734677937963|synthetic|synthetic unit-square catalog|earthquake|7.2462985751209565|61|42|0.3|-3.6635616461296463
1030|2022-04-01T09:08:08.421490|43.652057131983184|18.434956701237386|5.922498713566776|SYNTHETIC|BvaluePG|Toni||Mw|2.52116611255055|synthetic|synthetic unit-square catalog|earthquake|7.248133204726928|61|42|0.3|-3.6635616461296463
1031|2022-04-04T03:30:49.053218|43.61271966187756|18.59666765021095|8.851326447163252|SYNTHETIC|BvaluePG|Toni||Mw|2.627315258115909|synthetic|synthetic unit-square catalog|earthquake|7.255705410209231|62|42|0.3|-3.6635616461296463
1032|2022-04-04T09:48:54.084553|43.81361613226981|6.128730872246248|16.36929236171678|SYNTHETIC|BvaluePG|Toni||Mw|2.688280254777344|synthetic|synthetic unit-square catalog|earthquake|7.256424255474238|0|43|0.3|-3.6635616461296463
1033|2022-04-07T20:12:56.888271|43.78139619608215|6.582916421280086|11.637156113379122|SYNTHETIC|BvaluePG|Toni||Mw|3.138357154055398|synthetic|synthetic unit-square catalog|earthquake|7.265824298687846|2|43|0.3|-3.6635616461296463
1034|2022-04-10T18:22:29.372305|43.88313476433631|8.055682218271864|9.10314612289189|SYNTHETIC|BvaluePG|Toni||Mw|3.26286658456994|synthetic|synthetic unit-square catalog|earthquake|7.273827837741306|10|43|0.3|-3.6635616461296463
1035|2022-04-16T05:47:33.440090|43.84914317985786|8.382874332187566|8.26192335189827|SYNTHETIC|BvaluePG|Toni||Mw|2.55542224758454|synthetic|synthetic unit-square catalog|earthquake|7.288819600986462|11|43|0.3|-3.6635616461296463
1036|2022-04-17T04:20:39.792925|43.76117196710384|8.7652748645086|9.121356477490643|SYNTHETIC|BvaluePG|Toni||Mw|3.044667603310794|synthetic|synthetic unit-square catalog|earthquake|7.291392241264405|13|43|0.3|-3.6635616461296463
1037|2022-04-17T22:20:28.307602|43.83912372947362|10.126074465764361|13.444687681533686|SYNTHETIC|BvaluePG|Toni||Mw|2.9320008243778726|synthetic|synthetic unit-square catalog|earthquake|7.293445265406833|20|43|0.3|-3.6635616461296463
1038|2022-04-18T18:26:47.711802|43.834662307841214|10.370340902222676|12.770238887698577|SYNTHETIC|BvaluePG|Toni||Mw|2.5940822754782404|synthetic|synthetic unit-square catalog|earthquake|7.295738830323044|21|43|0.3|-3.6635616461296463
1039|2022-04-23T00:57:03.185182|43.90334485966675|11.26747733388735|16.080428251280825|SYNTHETIC|BvaluePG|Toni||Mw|2.6379540537907786|synthetic|synthetic unit-square catalog|earthquake|7.307432225048251|25|43|0.3|-3.6635616461296463
1040|2022-04-25T02:41:24.416702|43.848422113001845|11.54085580078971|9.740835129719883|SYNTHETIC|BvaluePG|Toni||Mw|2.587236785305538|synthetic|synthetic unit-square catalog|earthquake|7.313106333076725|27|43|0.3|-3.6635616461296463
1041|2022-04-28T18:51:44.335264|43.78127149254209|12.280294297065694|16.999165328196447|SYNTHETIC|BvaluePG|Toni||Mw|2.730741348098138|synthetic|synthetic unit-square catalog|earthquake|7.323164763330069|30|43|0.3|-3.6635616461296463
1042|2022-05-08T07:29:55.634165|43.859224961467284|14.178162880087028|8.403340954821067|SYNTHETIC|BvaluePG|Toni||Mw|2.6702247979195333|synthetic|synthetic unit-square catalog|earthquake|7.3492469526885875|40|43|0.3|-3.6635616461296463
1043|2022-05-10T06:50:40.937526|43.88767140217652|14.443234462046043|17.01073891688111|SYNTHETIC|BvaluePG|Toni||Mw|3.7125985618458213|synthetic|synthetic unit-square catalog|earthquake|7.354648038428983|41|43|0.3|-3.6635616461296463
1044|2022-05-10T17:36:41.987360|43.75190901684792|14.656059905667115|5.977358557056398|SYNTHETIC|BvaluePG|Toni||Mw|2.9860734869479777|synthetic|synthetic unit-square catalog|earthquake|7.355876301979892|42|43|0.3|-3.6635616461296463
1045|2022-05-15T15:18:40.793951|43.77482435691465|16.37425455261348|5.016571154699294|SYNTHETIC|BvaluePG|Toni||Mw|2.611183884370505|synthetic|synthetic unit-square catalog|earthquake|7.369303140731586|51|43|0.3|-3.6635616461296463
1046|2022-05-22T07:00:35.826723|43.74003171684653|16.917106909259374|8.012668330669186|SYNTHETIC|BvaluePG|Toni||Mw|2.7235503262248963|synthetic|synthetic unit-square catalog|earthquake|7.3875210987756725|53|43|0.3|-3.6635616461296463
1047|2022-05-22T13:50:29.124495|43.747178901093406|17.23893769415604|12.370160381722362|SYNTHETIC|BvaluePG|Toni||Mw|2.515598078659645|synthetic|synthetic unit-square catalog|earthquake|7.388300413355128|55|43|0.3|-3.6635616461296463
1048|2022-05-27T16:35:40.536274|43.80895712868046|17.3279874025943|15.867391583527892|SYNTHETIC|BvaluePG|Toni||Mw|3.0656275039581944|synthetic|synthetic unit-square catalog|earthquake|7.402303740977596|55|43|0.3|-3.6635616461296463
1049|2022-05-28T01:25:20.153005|43.82107107241457|17.561962026640693|6.239790789386452|SYNTHETIC|BvaluePG|Toni||Mw|2.8041128523738434|synthetic|synthetic unit-square catalog|earthquake|7.40331077626327|56|43|0.3|-3.6635616461296463
1050|2022-05-31T20:41:21.686461|43.7948660007868|18.210966849500792|9.423756786928282|SYNTHETIC|BvaluePG|Toni||Mw|2.588072988068816|synthetic|synthetic unit-square catalog|earthquake|7.413722262987737|60|43|0.3|-3.6635616461296463
1051|2022-06-01T07:17:41.611026|43.844703099943175|18.4444809749926|5.954289438498309|SYNTHETIC|BvaluePG|Toni||Mw|2.746105162745791|synthetic|synthetic unit-square catalog|earthquake|7.414932111790073|61|43|0.3|-3.6635616461296463
1052|2022-06-03T21:33:07.414991|43.755468810329404|18.470644720875477|10.23318654145198|SYNTHETIC|BvaluePG|Toni||Mw|2.6019318405401566|synthetic|synthetic unit-square catalog|earthquake|7.422034229947512|61|43|0.3|-3.6635616461296463
1053|2022-06-10T18:43:22.156715|43.870208472705684|18.85429146775932|17.077006298153776|SYNTHETIC|BvaluePG|Toni||Mw|2.542939552319181|synthetic|synthetic unit-square catalog|earthquake|7.440876434098785|63|43|0.3|-3.6635616461296463
1054|2022-06-11T14:32:25.379470|43.96633310068931|7.151658892481615|3.419291843823089|SYNTHETIC|BvaluePG|Toni||Mw|2.90083714438792|synthetic|synthetic unit-square catalog|earthquake|7.44313716440638|5|44|0.3|-3.6635616461296463
1055|2022-06-24T01:01:19.611046|43.94740466005552|7.407962612457128|11.001194354905643|SYNTHETIC|BvaluePG|Toni||Mw|2.78957122755526|synthetic|synthetic unit-square catalog|earthquake|7.47718709949574|6|44|0.3|-3.6635616461296463
1056|2022-06-25T04:52:08.345332|44.02670575459706|7.815313980704666|14.379358912233887|SYNTHETIC|BvaluePG|Toni||Mw|2.677705061877097|synthetic|synthetic unit-square catalog|earthquake|7.480363790191022|8|44|0.3|-3.6635616461296463
1057|2022-06-28T08:25:47.394595|44.06443378147512|9.024233560051623|2.4221510730949234|SYNTHETIC|BvaluePG|Toni||Mw|4.439374329653435|synthetic|synthetic unit-square catalog|earthquake|7.488983553711176|14|44|0.3|-3.6635616461296463
1058|2022-06-30T00:52:32.016002|43.99925641837561|9.170821187260163|16.4422901465005|SYNTHETIC|BvaluePG|Toni||Mw|2.88587269515409|synthetic|synthetic unit-square catalog|earthquake|7.4935974857404455|15|44|0.3|-3.6635616461296463
1059|2022-07-05T12:36:24.586747|44.058468538124245|9.439319593792213|12.540248832557655|SYNTHETIC|BvaluePG|Toni||Mw|2.668577232489105|synthetic|synthetic unit-square catalog|earthquake|7.508625009086481|16|44|0.3|-3.6635616461296463
1060|2022-07-09T06:27:06.899727|43.92386068989399|10.17291450168431|11.667495734241719|SYNTHETIC|BvaluePG|Toni||Mw|2.5407005646731484|synthetic|synthetic unit-square catalog|earthquake|7.518874277502968|20|44|0.3|-3.6635616461296463
1061|2022-07-21T17:39:09.403348|43.98477586404284|10.971959254232148|10.135934500610105|SYNTHETIC|BvaluePG|Toni||Mw|2.9337463989193107|synthetic|synthetic unit-square catalog|earthquake|7.5530062299841845|24|44|0.3|-3.6635616461296463
1062|2022-07-24T09:06:25.112202|43.95597047187334|11.343262724071952|9.257178340403218|SYNTHETIC|BvaluePG|Toni||Mw|2.5809674444267174|synthetic|synthetic unit-square catalog|earthquake|7.560244920786204|26|44|0.3|-3.6635616461296463
1063|2022-07-25T04:37:23.766265|43.999005743116214|11.537537936434532|15.499220486373291|SYNTHETIC|BvaluePG|Toni||Mw|2.8013064075464924|synthetic|synthetic unit-square catalog|earthquake|7.562471283185838|27|44|0.3|-3.6635616461296463
1064|2022-08-02T01:43:23.114684|44.07875373541695|12.463648092941|14.9193196692529|SYNTHETIC|BvaluePG|Toni||Mw|2.9255665790449297|synthetic|synthetic unit-square catalog|earthquake|7.584043245198763|31|44|0.3|-3.6635616461296463
1065|2022-08-04T01:14:45.985127|43.9793626806021|12.80607606715898|10.030239659879141|SYNTHETIC|BvaluePG|Toni||Mw|2.5045447447592544|synthetic|synthetic unit-square catalog|earthquake|7.589464534220851|33|44|0.3|-3.6635616461296463
1066|2022-08-06T07:35:32.791077|43.94208928295693|13.56476870418281|17.736711156120194|SYNTHETIC|BvaluePG|Toni||Mw|2.519527659231416|synthetic|synthetic unit-square catalog|earthquake|7.595664207388321|37|44|0.3|-3.6635616461296463
1067|2022-08-08T00:35:43.569907|43.983874233958545|13.953982267469721|4.447806992743475|SYNTHETIC|BvaluePG|Toni||Mw|2.5060494459929847|synthetic|synthetic unit-square catalog|earthquake|7.60034171071019|39|44|0.3|-3.6635616461296463
1068|2022-08-12T07:38:12.201453|43.975613576702536|14.886117810125462|12.206399251415693|SYNTHETIC|BvaluePG|Toni||Mw|2.9370503745594507|synthetic|synthetic unit-square catalog|earthquake|7.612096363521115|43|44|0.3|-3.6635616461296463
1069|2022-08-20T18:39:37.620682|44.02501655420275|15.495589572844349|6.698302884129726|SYNTHETIC|BvaluePG|Toni||Mw|2.917654407719108|synthetic|synthetic unit-square catalog|earthquake|7.635256724867628|46|44|0.3|-3.6635616461296463
1070|2022-08-22T12:36:19.514481|44.00900023892271|15.490494545850614|10.254868660248368|SYNTHETIC|BvaluePG|Toni||Mw|2.9123404743801276|synthetic|synthetic unit-square catalog|earthquake|7.640041686138421|46|44|0.3|-3.6635616461296463
1071|2022-08-26T00:50:43.168165|44.03469023666258|15.706129198429977|14.462086007475106|SYNTHETIC|BvaluePG|Toni||Mw|3.021404968021038|synthetic|synthetic unit-square catalog|earthquake|7.649651531427168|47|44|0.3|-3.6635616461296463
1072|2022-08-26T00:54:05.150500|43.912113654023585|15.662719662040663|14.829294613542192|SYNTHETIC|BvaluePG|Toni||Mw|2.59913150893|synthetic|synthetic unit-square catalog|earthquake|7.649657931861121|47|44|0.3|-3.6635616461296463
1073|2022-08-30T06:18:52.334244|44.0277536491025|15.678391170425478|7.638999157259192|SYNTHETIC|BvaluePG|Toni||Mw|3.227954480229677|synthetic|synthetic unit-square catalog|earthquake|7.661226846599378|47|44|0.3|-3.6635616461296463
1074|2022-09-01T01:11:48.977766|43.97473438678345|16.349030563741767|14.809006669234014|SYNTHETIC|BvaluePG|Toni||Mw|2.580224941771484|synthetic|synthetic unit-square catalog|earthquake|7.666118747235736|50|44|0.3|-3.6635616461296463
1075|2022-09-02T08:45:19.269853|44.035250789908595|17.475248983922672|9.022915312932986|SYNTHETIC|BvaluePG|Toni||Mw|2.728741393112563|synthetic|synthetic unit-square catalog|earthquake|7.66971884014798|56|44|0.3|-3.6635616461296463
1076|2022-09-08T09:26:40.017426|44.15668578761809|7.621192559166079|8.074327169582059|SYNTHETIC|BvaluePG|Toni||Mw|3.0953200011240978|synthetic|synthetic unit-square catalog|earthquake|7.68622455501771|7|45|0.3|-3.6635616461296463
1077|2022-09-09T19:42:07.622954|44.10761820743812|7.613023748859513|2.365616674587315|SYNTHETIC|BvaluePG|Toni||Mw|2.7484165146532846|synthetic|synthetic unit-square catalog|earthquake|7.690132571011556|7|45|0.3|-3.6635616461296463
1078|2022-09-11T01:51:18.724506|44.25342121117002|8.246039629162587|7.722887812466226|SYNTHETIC|BvaluePG|Toni||Mw|2.6148783229308483|synthetic|synthetic unit-square catalog|earthquake|7.693572347849848|11|45|0.3|-3.6635616461296463
1079|2022-09-11T12:09:07.800275|44.10827812551517|8.284655518965218|15.863017046822334|SYNTHETIC|BvaluePG|Toni||Mw|3.5091338544075397|synthetic|synthetic unit-square catalog|earthquake|7.6947469959780115|11|45|0.3|-3.6635616461296463
1080|2022-09-12T08:53:02.801552|44.16936393284362|10.894887470505314|13.297571555046158|SYNTHETIC|BvaluePG|Toni||Mw|2.764934878223379|synthetic|synthetic unit-square catalog|earthquake|7.697112036452483|24|45|0.3|-3.6635616461296463
1081|2022-09-13T19:24:18.376912|44.22632114295478|11.463824933336241|2.259373214132683|SYNTHETIC|BvaluePG|Toni||Mw|2.519978952029442|synthetic|synthetic unit-square catalog|earthquake|7.70105009179761|26|45|0.3|-3.6635616461296463
1082|2022-09-18T23:45:58.061508|44.2449260219131|11.649698655360424|3.8531268856480736|SYNTHETIC|BvaluePG|Toni||Mw|3.3047481419459253|synthetic|synthetic unit-square catalog|earthquake|7.715236838717394|27|45|0.3|-3.6635616461296463
1083|2022-09-21T04:09:11.448240|44.098726756269876|11.77602323293436|15.59908947704931|SYNTHETIC|BvaluePG|Toni||Mw|2.548754863048204|synthetic|synthetic unit-square catalog|earthquake|7.721213002517304|28|45|0.3|-3.6635616461296463
1084|2022-09-21T08:55:15.674866|44.10408237767093|12.132044274382013|17.270541769890116|SYNTHETIC|BvaluePG|Toni||Mw|2.9624838928566937|synthetic|synthetic unit-square catalog|earthquake|7.721756904037896|30|45|0.3|-3.6635616461296463
1085|2022-09-21T18:56:15.627465|44.200284500618224|12.603127632361092|9.483663054767023|SYNTHETIC|BvaluePG|Toni||Mw|2.8700851271393444|synthetic|synthetic unit-square catalog|earthquake|7.722899574982436|32|45|0.3|-3.6635616461296463
1086|2022-09-27T06:54:21.904008|44.11543487078038|12.750781704233502|16.717528578625895|SYNTHETIC|BvaluePG|Toni||Mw|2.8202994149662297|synthetic|synthetic unit-square catalog|earthquake|7.737954150632779|33|45|0.3|-3.6635616461296463
1087|2022-09-29T18:19:13.685859|44.160124020518204|14.143545448385579|16.391004780203723|SYNTHETIC|BvaluePG|Toni||Mw|2.7665872991243385|synthetic|synthetic unit-square catalog|earthquake|7.744731972198766|40|45|0.3|-3.6635616461296463
1088|2022-10-08T00:20:42.718654|44.19544296884231|15.249117075644888|16.60735797202998|SYNTHETIC|BvaluePG|Toni||Mw|3.280287809550027|synthetic|synthetic unit-square catalog|earthquake|7.767322062471611|45|45|0.3|-3.6635616461296463
1089|2022-10-08T02:16:49.594189|44.11728713509406|16.29075411488499|17.26484313732263|SYNTHETIC|BvaluePG|Toni||Mw|3.192714425981417|synthetic|synthetic unit-square catalog|earthquake|7.767542829435371|50|45|0.3|-3.6635616461296463
1090|2022-10-08T07:33:51.251736|44.241656461526624|16.74108648823568|4.84364005837314|SYNTHETIC|BvaluePG|Toni||Mw|3.0867170734987615|synthetic|synthetic unit-square catalog|earthquake|7.768145589390092|52|45|0.3|-3.6635616461296463
1091|2022-10-09T09:30:30.680222|44.10479481901643|18.16582201118351|12.798840143045075|SYNTHETIC|BvaluePG|Toni||Mw|2.676329505559579|synthetic|synthetic unit-square catalog|earthquake|7.771105238681729|59|45|0.3|-3.6635616461296463
1092|2022-10-13T00:35:46.271286|44.316310831594464|6.158077019848802|14.203256196914474|SYNTHETIC|BvaluePG|Toni||Mw|2.6535784978836623|synthetic|synthetic unit-square catalog|earthquake|7.781039948262441|0|46|0.3|-3.6635616461296463
1093|2022-10-16T14:27:59.968591|44.37411724749765|7.213665205815362|7.5043999784257664|SYNTHETIC|BvaluePG|Toni||Mw|2.5011552080273254|synthetic|synthetic unit-square catalog|earthquake|7.7908358040089|5|46|0.3|-3.6635616461296463
1094|2022-10-16T19:41:59.343107|44.311273734414364|7.225036293534|8.821621930926963|SYNTHETIC|BvaluePG|Toni||Mw|2.9622316733004426|synthetic|synthetic unit-square catalog|earthquake|7.791432787762938|6|46|0.3|-3.6635616461296463
1095|2022-10-19T06:43:53.307716|44.42241830212584|7.620609618935611|4.869048254859706|SYNTHETIC|BvaluePG|Toni||Mw|2.8197894750897547|synthetic|synthetic unit-square catalog|earthquake|7.798166948935181|7|46|0.3|-3.6635616461296463
1096|2022-10-20T20:44:26.089948|44.37517962985682|7.51473066291011|11.448255541693541|SYNTHETIC|BvaluePG|Toni||Mw|3.2035603994762933|synthetic|synthetic unit-square catalog|earthquake|7.802502918154359|7|46|0.3|-3.6635616461296463
1097|2022-10-22T00:58:24.283684|44.275376201809934|9.18701825733592|13.366015282607005|SYNTHETIC|BvaluePG|Toni||Mw|3.5576350896667672|synthetic|synthetic unit-square catalog|earthquake|7.805723638162737|15|46|0.3|-3.6635616461296463
1098|2022-10-22T18:18:20.168121|44.365687948987336|9.208028238930472|10.140237049670622|SYNTHETIC|BvaluePG|Toni||Mw|2.5929924896369667|synthetic|synthetic unit-square catalog|earthquake|7.807700844428011|15|46|0.3|-3.6635616461296463
1099|2022-10-23T10:56:14.559842|44.39379610847134|10.506311808464377|15.789916168028286|SYNTHETIC|BvaluePG|Toni||Mw|3.3430091190198854|synthetic|synthetic unit-square catalog|earthquake|7.809598149410694|22|46|0.3|-3.6635616461296463
1100|2022-10-24T06:49:02.076193|44.40113391172172|11.1585303682007|3.102338156499485|SYNTHETIC|BvaluePG|Toni||Mw|2.5957274878123635|synthetic|synthetic unit-square catalog|earthquake|7.811865987153435|25|46|0.3|-3.6635616461296463
1101|2022-10-26T19:08:25.064748|44.316084466395175|12.048301458502035|11.011741889964842|SYNTHETIC|BvaluePG|Toni||Mw|2.7993757749273613|synthetic|synthetic unit-square catalog|earthquake|7.818747467004732|29|46|0.3|-3.6635616461296463
1102|2022-10-29T09:17:20.692643|44.2843441929579|12.004748890552456|8.751541430159977|SYNTHETIC|BvaluePG|Toni||Mw|2.522524019095352|synthetic|synthetic unit-square catalog|earthquake|7.8258372212286|29|46|0.3|-3.6635616461296463
1103|2022-10-31T01:37:31.938262|44.40793363209893|13.975889651537134|5.480264522175753|SYNTHETIC|BvaluePG|Toni||Mw|2.6457916574182923|synthetic|synthetic unit-square catalog|earthquake|7.830438687931363|39|46|0.3|-3.6635616461296463
1104|2022-11-03T13:15:43.674079|44.374241274471515|14.293753487872662|5.862385768286835|SYNTHETIC|BvaluePG|Toni||Mw|2.746440413499069|synthetic|synthetic unit-square catalog|earthquake|7.839979709295999|40|46|0.3|-3.6635616461296463
1105|2022-11-05T01:01:23.823315|44.27430327975074|14.46534467664916|4.140105585149717|SYNTHETIC|BvaluePG|Toni||Mw|2.6728250344824174|synthetic|synthetic unit-square catalog|earthquake|7.844059238450195|41|46|0.3|-3.6635616461296463
1106|2022-11-19T11:04:17.428460|44.27077894413579|14.669352107098806|2.479703049297724|SYNTHETIC|BvaluePG|Toni||Mw|3.1944209695554573|synthetic|synthetic unit-square catalog|earthquake|7.883535421846405|42|46|0.3|-3.6635616461296463
1107|2022-11-23T14:48:08.767017|44.41045855962472|15.142730001763026|12.281017078826137|SYNTHETIC|BvaluePG|Toni||Mw|2.547204353366482|synthetic|synthetic unit-square catalog|earthquake|7.894912438430612|45|46|0.3|-3.6635616461296463
1108|2022-11-24T22:56:38.380056|44.3904766248976|15.164216260262373|4.168375792122912|SYNTHETIC|BvaluePG|Toni||Mw|3.634730887070368|synthetic|synthetic unit-square catalog|earthquake|7.898579054809513|45|46|0.3|-3.6635616461296463
1109|2022-11-25T19:42:26.698935|44.30374800694179|18.83366544934275|8.045711883815276|SYNTHETIC|BvaluePG|Toni||Mw|2.553996543151113|synthetic|synthetic unit-square catalog|earthquake|7.900947686102107|63|46|0.3|-3.6635616461296463
1110|2022-11-28T02:23:28.976227|44.53176453386486|6.035581082502525|5.9042960674735525|SYNTHETIC|BvaluePG|Toni||Mw|2.5415849459149826|synthetic|synthetic unit-square catalog|earthquake|7.907185875232186|0|47|0.3|-3.6635616461296463
1111|2022-11-28T06:34:56.732907|44.470582306870725|7.940488540541847|13.542757721147726|SYNTHETIC|BvaluePG|Toni||Mw|3.0630782781753045|synthetic|synthetic unit-square catalog|earthquake|7.907663977390778|9|47|0.3|-3.6635616461296463
1112|2022-12-01T02:00:36.323439|44.541021476498386|8.208465579253263|9.906845599795645|SYNTHETIC|BvaluePG|Toni||Mw|2.9067454849767795|synthetic|synthetic unit-square catalog|earthquake|7.915355930851511|10|47|0.3|-3.6635616461296463
1113|2022-12-01T23:40:41.554444|44.50221422042779|8.050043281306769|12.52033085782756|SYNTHETIC|BvaluePG|Toni||Mw|2.5029646130647887|synthetic|synthetic unit-square catalog|earthquake|7.917827767461532|10|47|0.3|-3.6635616461296463
1114|2022-12-09T15:27:24.346560|44.62375701909183|8.460020488194152|2.656985861292254|SYNTHETIC|BvaluePG|Toni||Mw|2.603017406655094|synthetic|synthetic unit-square catalog|earthquake|7.938792694836118|12|47|0.3|-3.6635616461296463
1115|2022-12-16T11:15:37.347210|44.577645364476496|8.78584097611557|16.47292964519042|SYNTHETIC|BvaluePG|Toni||Mw|2.753430304229942|synthetic|synthetic unit-square catalog|earthquake|7.9574789384240425|13|47|0.3|-3.6635616461296463
1116|2022-12-23T07:18:51.076783|44.47967462794162|9.631039446373567|16.135115537238928|SYNTHETIC|BvaluePG|Toni||Mw|2.507701345678967|synthetic|synthetic unit-square catalog|earthquake|7.976193724389166|17|47|0.3|-3.6635616461296463
1117|2022-12-23T20:37:13.322263|44.46841194535379|12.480582341401597|5.167133023344691|SYNTHETIC|BvaluePG|Toni||Mw|2.856293232209775|synthetic|synthetic unit-square catalog|earthquake|7.977711654950433|31|47|0.3|-3.6635616461296463
1118|2022-12-25T16:11:16.339601|44.58077141516593|12.591695868543441|10.678932713671461|SYNTHETIC|BvaluePG|Toni||Mw|2.6290684715329506|synthetic|synthetic unit-square catalog|earthquake|7.982681710256837|32|47|0.3|-3.6635616461296463
1119|2022-12-28T09:41:00.266787|44.54073814346866|12.597309877618972|5.523137914018742|SYNTHETIC|BvaluePG|Toni||Mw|2.591349751772226|synthetic|synthetic unit-square catalog|earthquake|7.990153252046643|32|47|0.3|-3.6635616461296463
1120|2022-12-29T16:17:36.431029|44.605649003107196|13.105701554924245|10.786482689256339|SYNTHETIC|BvaluePG|Toni||Mw|2.6556409697932475|synthetic|synthetic unit-square catalog|earthquake|7.993645157775911|34|47|0.3|-3.6635616461296463
1121|2022-12-30T17:31:31.645378|44.46195781399427|14.780098039494277|16.53054226147914|SYNTHETIC|BvaluePG|Toni||Mw|2.5927730290516418|synthetic|synthetic unit-square catalog|earthquake|7.996523552024818|43|47|0.3|-3.6635616461296463
1122|2023-01-04T18:16:35.657347|44.54194245380906|15.259938349639363|15.810401520609778|SYNTHETIC|BvaluePG|Toni||Mw|2.6999684069133094|synthetic|synthetic unit-square catalog|earthquake|8.010298490929195|45|47|0.3|-3.6635616461296463
1123|2023-01-06T18:00:26.378134|44.58585327136538|15.293335334139336|7.014395870044972|SYNTHETIC|BvaluePG|Toni||Mw|3.2368567322279826|synthetic|synthetic unit-square catalog|earthquake|8.015743477898647|45|47|0.3|-3.6635616461296463
1124|2023-01-07T05:37:59.453397|44.60217003566823|15.189200548237675|8.287504916433598|SYNTHETIC|BvaluePG|Toni||Mw|2.7087865564390152|synthetic|synthetic unit-square catalog|earthquake|8.017069721822882|45|47|0.3|-3.6635616461296463
1125|2023-01-07T19:13:23.843960|44.61449547882677|17.07087075133878|7.894036644206807|SYNTHETIC|BvaluePG|Toni||Mw|2.541566801689813|synthetic|synthetic unit-square catalog|earthquake|8.018620042207292|54|47|0.3|-3.6635616461296463
1126|2023-01-15T00:16:27.958424|44.530575747867715|17.509113228089028|4.027916175009301|SYNTHETIC|BvaluePG|Toni||Mw|2.6865048539091343|synthetic|synthetic unit-square catalog|earthquake|8.038361217533168|56|47|0.3|-3.6635616461296463
1127|2023-01-21T17:09:45.939312|44.508635001157344|17.39717474654416|3.239707674070731|SYNTHETIC|BvaluePG|Toni||Mw|2.9107953440017624|synthetic|synthetic unit-square catalog|earthquake|8.056714894013256|56|47|0.3|-3.6635616461296463
1128|2023-01-23T21:49:32.852976|44.56431686416895|17.810947822565666|7.224211811690999|SYNTHETIC|BvaluePG|Toni||Mw|2.5476032790277316|synthetic|synthetic unit-square catalog|earthquake|8.062722540781834|58|47|0.3|-3.6635616461296463
1129|2023-01-24T21:37:48.771392|44.59375622652943|18.225501617183234|6.190248625038466|SYNTHETIC|BvaluePG|Toni||Mw|2.801349398407186|synthetic|synthetic unit-square catalog|earthquake|8.065438080569898|60|47|0.3|-3.6635616461296463
1130|2023-01-25T17:20:01.788055|44.483737887336076|18.824359252669012|2.9507058642284747|SYNTHETIC|BvaluePG|Toni||Mw|2.8059423396824315|synthetic|synthetic unit-square catalog|earthquake|8.06768581223083|63|47|0.3|-3.6635616461296463
1131|2023-01-26T01:10:17.447514|44.79811120672044|6.310995737895058|10.742687166013862|SYNTHETIC|BvaluePG|Toni||Mw|2.616559317208617|synthetic|synthetic unit-square catalog|earthquake|8.068579912525477|1|48|0.3|-3.6635616461296463
1132|2023-01-30T12:33:28.697878|44.70461764731559|6.843256517069332|5.045519846599065|SYNTHETIC|BvaluePG|Toni||Mw|2.5795198107814437|synthetic|synthetic unit-square catalog|earthquake|8.080830250015152|4|48|0.3|-3.6635616461296463
1133|2023-02-01T16:34:30.173808|44.731943183104356|7.889954598331149|5.491758822191258|SYNTHETIC|BvaluePG|Toni||Mw|3.6523390283961654|synthetic|synthetic unit-square catalog|earthquake|8.08676420810861|9|48|0.3|-3.6635616461296463
1134|2023-02-01T23:17:22.581665|44.661225557498014|7.946178617783974|5.9307178555059465|SYNTHETIC|BvaluePG|Toni||Mw|2.509799083094083|synthetic|synthetic unit-square catalog|earthquake|8.087530185491463|9|48|0.3|-3.6635616461296463
1135|2023-02-03T08:43:28.040745|44.65338625777274|9.59470324810006|6.429723873303638|SYNTHETIC|BvaluePG|Toni||Mw|3.013090533342097|synthetic|synthetic unit-square catalog|earthquake|8.091344336728579|17|48|0.3|-3.6635616461296463
1136|2023-02-14T12:10:47.879958|44.66677754823327|9.764503093268706|15.341896255391468|SYNTHETIC|BvaluePG|Toni||Mw|2.6921128749431302|synthetic|synthetic unit-square catalog|earthquake|8.121854890104386|18|48|0.3|-3.6635616461296463
1137|2023-02-15T01:11:31.801706|44.692561714029495|11.27319724508202|2.386855296300668|SYNTHETIC|BvaluePG|Toni||Mw|2.8621834360188942|synthetic|synthetic unit-square catalog|earthquake|8.12333928441029|25|48|0.3|-3.6635616461296463
1138|2023-02-17T04:15:52.170984|44.65209512782519|11.925771576076126|10.68481949691502|SYNTHETIC|BvaluePG|Toni||Mw|2.712147454843229|synthetic|synthetic unit-square catalog|earthquake|8.129165467937513|29|48|0.3|-3.6635616461296463
1139|2023-02-17T12:46:53.342065|44.77333637914396|12.905487943934101|14.647863053291681|SYNTHETIC|BvaluePG|Toni||Mw|2.8136645104623867|synthetic|synthetic unit-square catalog|earthquake|8.130137061819195|33|48|0.3|-3.6635616461296463
1140|2023-02-17T20:36:19.411940|44.76287787605259|13.224192418871668|9.404418611305069|SYNTHETIC|BvaluePG|Toni||Mw|2.9191054179999516|synthetic|synthetic unit-square catalog|earthquake|8.131029590714764|35|48|0.3|-3.6635616461296463
1141|2023-02-21T09:10:12.978044|44.756330154618205|14.233122238594081|17.516099721345157|SYNTHETIC|BvaluePG|Toni||Mw|3.5357050668120573|synthetic|synthetic unit-square catalog|earthquake|8.140676508291003|40|48|0.3|-3.6635616461296463
1142|2023-02-24T15:59:29.663748|44.65177029174041|15.443874986899564|13.015148866070392|SYNTHETIC|BvaluePG|Toni||Mw|2.9105258341057425|synthetic|synthetic unit-square catalog|earthquake|8.149668215065425|46|48|0.3|-3.6635616461296463
1143|2023-02-25T23:09:26.673490|44.795677182818636|15.517354682915373|15.447409710863711|SYNTHETIC|BvaluePG|Toni||Mw|2.8252673271514137|synthetic|synthetic unit-square catalog|earthquake|8.153223523762586|46|48|0.3|-3.6635616461296463
1144|2023-02-26T00:55:17.223138|44.680243022010984|16.134883992998105|12.684009852902566|SYNTHETIC|BvaluePG|Toni||Mw|2.804589458877623|synthetic|synthetic unit-square catalog|earthquake|8.153424760537515|49|48|0.3|-3.6635616461296463
1145|2023-02-26T17:01:10.260070|44.79519198631067|16.102937667989877|9.3867202809923|SYNTHETIC|BvaluePG|Toni||Mw|2.552323827882409|synthetic|synthetic unit-square catalog|earthquake|8.155261181460892|49|48|0.3|-3.6635616461296463
1146|2023-02-27T13:57:52.842277|44.721335799982576|16.34795329373531|16.261485768345484|SYNTHETIC|BvaluePG|Toni||Mw|3.0100835755690807|synthetic|synthetic unit-square catalog|earthquake|8.15765054510728|50|48|0.3|-3.6635616461296463
1147|2023-02-28T11:56:31.500038|44.77043417323239|16.42690641304814|3.665061267896583|SYNTHETIC|BvaluePG|Toni||Mw|3.062539119531716|synthetic|synthetic unit-square catalog|earthquake|8.160157664082144|51|48|0.3|-3.6635616461296463
1148|2023-03-04T01:06:33.918924|44.64190193906266|17.64590635841118|12.741245840862161|SYNTHETIC|BvaluePG|Toni||Mw|2.865085080713854|synthetic|synthetic unit-square catalog|earthquake|8.169873308455793|57|48|0.3|-3.6635616461296463
1149|2023-03-05T17:49:13.377040|44.68623349650779|18.847541105543886|17.067348950455674|SYNTHETIC|BvaluePG|Toni||Mw|3.896765538838994|synthetic|synthetic unit-square catalog|earthquake|8.17451749743454|63|48|0.3|-3.6635616461296463
1150|2023-03-07T17:23:11.945865|44.79625471342481|18.92302576708456|6.653535761572387|SYNTHETIC|BvaluePG|Toni||Mw|2.6269767321505686|synthetic|synthetic unit-square catalog|earthquake|8.17994372024062|63|48|0.3|-3.6635616461296463
1151|2023-03-08T04:58:40.448180|44.905909881185735|6.602639617282295|15.153718090971372|SYNTHETIC|BvaluePG|Toni||Mw|3.047167475852989|synthetic|synthetic unit-square catalog|earthquake|8.181266016686319|2|49|0.3|-3.6635616461296463
1152|2023-03-09T14:42:36.539274|44.83487783032312|6.764075137427179|12.695223781099733|SYNTHETIC|BvaluePG|Toni||Mw|3.029144852531581|synthetic|synthetic unit-square catalog|earthquake|8.185114094204701|3|49|0.3|-3.6635616461296463
1153|2023-03-10T20:22:11.614633|44.842115768030865|8.222515861084734|12.719830023694385|SYNTHETIC|BvaluePG|Toni||Mw|3.795930245601917|synthetic|synthetic unit-square catalog|earthquake|8.188497592169046|10|49|0.3|-3.6635616461296463
1154|2023-03-12T09:26:53.651136|44.9105319471812|8.307048537749493|8.193891627131105|SYNTHETIC|BvaluePG|Toni||Mw|3.4031174333950367|synthetic|synthetic unit-square catalog|earthquake|8.192727382663335|11|49|0.3|-3.6635616461296463
1155|2023-03-21T16:51:49.037057|44.871342826515175|10.209769595293501|2.555603830134272|SYNTHETIC|BvaluePG|Toni||Mw|2.862956376420825|synthetic|synthetic unit-square catalog|earthquake|8.218213965480812|20|49|0.3|-3.6635616461296463
1156|2023-03-26T02:51:44.610565|44.97071959608401|12.509976701583426|10.394166538587159|SYNTHETIC|BvaluePG|Toni||Mw|2.754259809115748|synthetic|synthetic unit-square catalog|earthquake|8.230305999523594|32|49|0.3|-3.6635616461296463
1157|2023-04-03T15:25:49.794935|44.92398660544965|12.911043614910406|12.590842544932913|SYNTHETIC|BvaluePG|Toni||Mw|2.668589985762137|synthetic|synthetic unit-square catalog|earthquake|8.253642539196136|34|49|0.3|-3.6635616461296463
1158|2023-04-07T07:25:44.602779|44.84920727533799|14.081684003452981|3.2792853349089857|SYNTHETIC|BvaluePG|Toni||Mw|3.4075056051949013|synthetic|synthetic unit-square catalog|earthquake|8.263681160886097|39|49|0.3|-3.6635616461296463
1159|2023-04-17T22:26:08.461375|44.909935042301505|15.336390780402755|17.597295065006772|SYNTHETIC|BvaluePG|Toni||Mw|2.5529456422148886|synthetic|synthetic unit-square catalog|earthquake|8.292771581532659|45|49|0.3|-3.6635616461296463
1160|2023-04-19T20:40:23.092934|44.833107515298906|15.15562038127942|9.98008658929083|SYNTHETIC|BvaluePG|Toni||Mw|2.772632000757692|synthetic|synthetic unit-square catalog|earthquake|8.298046210514565|45|49|0.3|-3.6635616461296463
1161|2023-04-20T20:07:18.294811|44.812370240931486|16.01645527652296|4.89953638409162|SYNTHETIC|BvaluePG|Toni||Mw|2.746126940642915|synthetic|synthetic unit-square catalog|earthquake|8.300721166844482|49|49|0.3|-3.6635616461296463
1162|2023-04-21T14:01:18.160047|44.869385862220454|16.28409408902673|6.043277816845855|SYNTHETIC|BvaluePG|Toni||Mw|2.903287136385715|synthetic|synthetic unit-square catalog|earthquake|8.3027631429528|50|49|0.3|-3.6635616461296463
1163|2023-04-22T22:40:09.986188|44.869506409013525|16.44555421115296|3.110791126053858|SYNTHETIC|BvaluePG|Toni||Mw|3.3547593137572913|synthetic|synthetic unit-square catalog|earthquake|8.306487501780518|51|49|0.3|-3.6635616461296463
1164|2023-04-24T10:44:08.048897|44.95643032977441|16.685863378686086|6.676282980091472|SYNTHETIC|BvaluePG|Toni||Mw|3.5112394707451338|synthetic|synthetic unit-square catalog|earthquake|8.310601821713234|52|49|0.3|-3.6635616461296463
1165|2023-04-26T16:38:01.733644|45.00126275563816|6.241057649354566|15.7377917308513|SYNTHETIC|BvaluePG|Toni||Mw|2.5921888184603312|synthetic|synthetic unit-square catalog|earthquake|8.316750378154385|1|50|0.3|-3.6635616461296463
1166|2023-05-01T03:24:46.151539|45.09271738427519|6.848448021041399|10.199419006884833|SYNTHETIC|BvaluePG|Toni||Mw|3.131474268803589|synthetic|synthetic unit-square catalog|earthquake|8.328931419104732|4|50|0.3|-3.6635616461296463
1167|2023-05-02T18:51:36.023939|45.02480626386609|6.819223240870382|13.657036071683153|SYNTHETIC|BvaluePG|Toni||Mw|2.802949338701998|synthetic|synthetic unit-square catalog|earthquake|8.333431440411792|4|50|0.3|-3.6635616461296463
1168|2023-05-06T05:16:38.508778|45.130814830668015|8.838462397653334|3.185047474556999|SYNTHETIC|BvaluePG|Toni||Mw|2.6293845169342975|synthetic|synthetic unit-square catalog|earthquake|8.342833374806034|13|50|0.3|-3.6635616461296463
1169|2023-05-06T18:45:35.621314|45.06560953012325|9.434580171442647|13.366490018130571|SYNTHETIC|BvaluePG|Toni||Mw|2.669573429166388|synthetic|synthetic unit-square catalog|earthquake|8.344371423090292|16|50|0.3|-3.6635616461296463
1170|2023-05-08T20:01:21.800340|45.126275236537566|9.282219626778994|4.301720722719876|SYNTHETIC|BvaluePG|Toni||Mw|2.536573069968414|synthetic|synthetic unit-square catalog|earthquake|8.349991184384765|16|50|0.3|-3.6635616461296463
1171|2023-05-09T05:35:24.553281|45.07138274877424|9.532991854043008|15.53502599294574|SYNTHETIC|BvaluePG|Toni||Mw|2.7805241596913834|synthetic|synthetic unit-square catalog|earthquake|8.351082609364497|17|50|0.3|-3.6635616461296463
1172|2023-05-14T11:54:25.416502|45.02336881001771|9.581369859518038|13.570192382665754|SYNTHETIC|BvaluePG|Toni||Mw|2.5533895858306326|synthetic|synthetic unit-square catalog|earthquake|8.3654924777709|17|50|0.3|-3.6635616461296463
1173|2023-05-15T20:13:14.296836|45.06806214624538|10.927995800327952|11.23679959718489|SYNTHETIC|BvaluePG|Toni||Mw|2.6020236456208137|synthetic|synthetic unit-square catalog|earthquake|8.36917871754621|24|50|0.3|-3.6635616461296463
1174|2023-05-17T06:03:08.451969|45.07320222173653|12.140084900717667|15.252983733440889|SYNTHETIC|BvaluePG|Toni||Mw|3.4730581228110635|synthetic|synthetic unit-square catalog|earthquake|8.373038141429314|30|50|0.3|-3.6635616461296463
1175|2023-05-23T17:22:52.307760|45.08053953671431|13.486732829921566|14.673509453948489|SYNTHETIC|BvaluePG|Toni||Mw|3.6808809514824072|synthetic|synthetic unit-square catalog|earthquake|8.390757608555795|36|50|0.3|-3.6635616461296463
1176|2023-05-24T21:41:00.590321|45.01279719808427|14.482720079559094|3.6877513043142205|SYNTHETIC|BvaluePG|Toni||Mw|2.5459465518161477|synthetic|synthetic unit-square catalog|earthquake|8.393986253400813|41|50|0.3|-3.6635616461296463
1177|2023-05-26T21:27:23.176892|45.09273932184253|14.783197488294565|12.00995349849509|SYNTHETIC|BvaluePG|Toni||Mw|3.0553538746372397|synthetic|synthetic unit-square catalog|earthquake|8.39943605270655|43|50|0.3|-3.6635616461296463
1178|2023-05-27T23:34:48.518679|44.9891033744727|15.725767513080852|7.397638593558902|SYNTHETIC|BvaluePG|Toni||Mw|3.5302997558954137|synthetic|synthetic unit-square catalog|earthquake|8.402416169755613|47|50|0.3|-3.6635616461296463
1179|2023-05-28T21:32:09.033993|45.00469870570795|16.1145234920279|13.26708122942127|SYNTHETIC|BvaluePG|Toni||Mw|2.600993345152047|synthetic|synthetic unit-square catalog|earthquake|8.404920812545729|49|50|0.3|-3.6635616461296463
1180|2023-05-28T23:01:10.392752|44.985242315464845|16.81672159091063|4.8480051997540485|SYNTHETIC|BvaluePG|Toni||Mw|2.820971035523411|synthetic|synthetic unit-square catalog|earthquake|8.405090069991152|53|50|0.3|-3.6635616461296463
1181|2023-05-29T07:07:58.833134|45.07499350583837|16.864258581456852|2.6274033106727597|SYNTHETIC|BvaluePG|Toni||Mw|2.8163177909744843|synthetic|synthetic unit-square catalog|earthquake|8.406015629614894|53|50|0.3|-3.6635616461296463
1182|2023-05-29T10:49:28.519863|45.03219265839584|17.01286231875037|17.794280679736527|SYNTHETIC|BvaluePG|Toni||Mw|3.0971643801633055|synthetic|synthetic unit-square catalog|earthquake|8.406436754374958|54|50|0.3|-3.6635616461296463
1183|2023-06-05T07:01:57.261899|44.998490111521676|17.427780415372574|3.787450641798408|SYNTHETIC|BvaluePG|Toni||Mw|2.7731627816346442|synthetic|synthetic unit-square catalog|earthquake|8.425169127623747|56|50|0.3|-3.6635616461296463
1184|2023-06-06T04:12:39.425486|45.096921904120705|18.393271657901593|7.112483648491448|SYNTHETIC|BvaluePG|Toni||Mw|3.059777283646488|synthetic|synthetic unit-square catalog|earthquake|8.427585095998632|61|50|0.3|-3.6635616461296463
1185|2023-06-20T00:48:48.178874|45.29419609866912|6.318467997294736|8.50777000385405|SYNTHETIC|BvaluePG|Toni||Mw|2.682596934538307|synthetic|synthetic unit-square catalog|earthquake|8.46552742220178|1|51|0.3|-3.6635616461296463
1186|2023-06-22T13:59:39.540140|45.25201269809848|7.467008644612255|2.292458713031266|SYNTHETIC|BvaluePG|Toni||Mw|2.8732996649793243|synthetic|synthetic unit-square catalog|earthquake|8.472506766678725|7|51|0.3|-3.6635616461296463
1187|2023-06-24T03:55:11.652598|45.2267516803644|9.439387880075737|10.153345030223115|SYNTHETIC|BvaluePG|Toni||Mw|3.009740904570543|synthetic|synthetic unit-square catalog|earthquake|8.476833208247731|16|51|0.3|-3.6635616461296463
1188|2023-06-27T05:43:16.497585|45.27379111728808|9.928037488209096|14.78397371508957|SYNTHETIC|BvaluePG|Toni||Mw|3.1134999964690255|synthetic|synthetic unit-square catalog|earthquake|8.48525225294653|19|51|0.3|-3.6635616461296463
1189|2023-07-02T00:15:29.767309|45.18725021583962|10.641213152969994|3.67229204438671|SYNTHETIC|BvaluePG|Toni||Mw|2.620332528449026|synthetic|synthetic unit-square catalog|earthquake|8.498318305806205|22|51|0.3|-3.6635616461296463
1190|2023-07-02T02:25:25.471236|45.316881023753844|10.776739705930328|4.565111432535415|SYNTHETIC|BvaluePG|Toni||Mw|2.595831517858958|synthetic|synthetic unit-square catalog|earthquake|8.498565336756801|23|51|0.3|-3.6635616461296463
1191|2023-07-04T23:14:13.109614|45.280582353976236|13.47417383318629|4.73035741021542|SYNTHETIC|BvaluePG|Toni||Mw|3.1220583623510305|synthetic|synthetic unit-square catalog|earthquake|8.506415351915672|36|51|0.3|-3.6635616461296463
1192|2023-07-06T10:39:22.467684|45.29612848261146|13.526888452726705|13.59371100577144|SYNTHETIC|BvaluePG|Toni||Mw|3.4823711248252494|synthetic|synthetic unit-square catalog|earthquake|8.510455879651312|37|51|0.3|-3.6635616461296463
1193|2023-07-08T15:43:51.662778|45.337140761669055|14.948142097512688|9.775476712215392|SYNTHETIC|BvaluePG|Toni||Mw|2.6352112022374756|synthetic|synthetic unit-square catalog|earthquake|8.51651049708402|44|51|0.3|-3.6635616461296463
1194|2023-07-09T01:18:43.954586|45.31696415707432|15.225844066213758|15.328176514733913|SYNTHETIC|BvaluePG|Toni||Mw|2.800121795722121|synthetic|synthetic unit-square catalog|earthquake|8.517603491855747|45|51|0.3|-3.6635616461296463
1195|2023-07-10T14:44:01.947328|45.19977999600119|15.166154085441674|12.873201114672234|SYNTHETIC|BvaluePG|Toni||Mw|2.9890448768155102|synthetic|synthetic unit-square catalog|earthquake|8.521872447439875|45|51|0.3|-3.6635616461296463
1196|2023-07-11T02:58:00.345993|45.30103353678343|16.26633834643527|14.002106166996064|SYNTHETIC|BvaluePG|Toni||Mw|2.7288845620516677|synthetic|synthetic unit-square catalog|earthquake|8.52326794008395|50|51|0.3|-3.6635616461296463
1197|2023-07-15T11:26:00.214636|45.23311318956806|16.629377794572648|5.04381868477739|SYNTHETIC|BvaluePG|Toni||Mw|3.0310423921400123|synthetic|synthetic unit-square catalog|earthquake|8.535185191986606|52|51|0.3|-3.6635616461296463
1198|2023-07-16T02:20:35.630270|45.25708078047331|17.98274229669255|16.202598919144734|SYNTHETIC|BvaluePG|Toni||Mw|2.6533782875786587|synthetic|synthetic unit-square catalog|earthquake|8.536886063270668|58|51|0.3|-3.6635616461296463
1199|2023-07-17T05:43:46.615495|45.35541357447146|7.827528262183664|17.53424610977477|SYNTHETIC|BvaluePG|Toni||Mw|3.4072191740001156|synthetic|synthetic unit-square catalog|earthquake|8.54001022306815|8|52|0.3|-3.6635616461296463
1200|2023-07-23T06:29:49.599995|45.455167992508244|8.255330854418808|15.42370693115629|SYNTHETIC|BvaluePG|Toni||Mw|2.6570231604854273|synthetic|synthetic unit-square catalog|earthquake|8.556524881486425|11|52|0.3|-3.6635616461296463
1201|2023-07-24T06:46:43.788687|45.36433189502769|8.479935042624124|11.946799194802432|SYNTHETIC|BvaluePG|Toni||Mw|2.606744293871656|synthetic|synthetic unit-square catalog|earthquake|8.559294869973886|12|52|0.3|-3.6635616461296463
1202|2023-07-25T04:18:09.877498|45.42765367785873|10.107351077567326|7.876017277779203|SYNTHETIC|BvaluePG|Toni||Mw|2.545978697640309|synthetic|synthetic unit-square catalog|earthquake|8.56175025596048|20|52|0.3|-3.6635616461296463
1203|2023-07-25T04:46:02.450757|45.3825627817345|11.738601825421524|5.678613147097593|SYNTHETIC|BvaluePG|Toni||Mw|4.420784291483793|synthetic|synthetic unit-square catalog|earthquake|8.561803256608782|28|52|0.3|-3.6635616461296463
1204|2023-07-26T00:39:51.361502|45.37751667494654|12.321115598899414|9.0023549538418|SYNTHETIC|BvaluePG|Toni||Mw|2.636062198314131|synthetic|synthetic unit-square catalog|earthquake|8.564073039822503|31|52|0.3|-3.6635616461296463
1205|2023-07-27T10:42:19.892474|45.4143540662449|13.922345611379853|2.142854457261892|SYNTHETIC|BvaluePG|Toni||Mw|2.523715642732366|synthetic|synthetic unit-square catalog|earthquake|8.567956368433421|39|52|0.3|-3.6635616461296463
1206|2023-07-28T15:02:44.975681|45.47234423780108|14.176217462985639|13.684277545065294|SYNTHETIC|BvaluePG|Toni||Mw|2.687883039061767|synthetic|synthetic unit-square catalog|earthquake|8.571189348229321|40|52|0.3|-3.6635616461296463
1207|2023-07-29T02:43:43.359817|45.46007088509679|14.609368872140747|7.50959842817376|SYNTHETIC|BvaluePG|Toni||Mw|2.5259771331833782|synthetic|synthetic unit-square catalog|earthquake|8.572522097999144|42|52|0.3|-3.6635616461296463
1208|2023-07-29T21:54:47.957216|45.48243149980454|14.78705215997675|15.16462095504689|SYNTHETIC|BvaluePG|Toni||Mw|2.947473040580129|synthetic|synthetic unit-square catalog|earthquake|8.574710623026364|43|52|0.3|-3.6635616461296463
1209|2023-07-30T12:14:54.756576|45.48940121067648|14.88544292389785|17.716059586384212|SYNTHETIC|BvaluePG|Toni||Mw|2.5608734341491655|synthetic|synthetic unit-square catalog|earthquake|8.57634594381629|43|52|0.3|-3.6635616461296463
1210|2023-07-30T17:24:20.714981|45.43977859339947|15.487095171435389|8.956769457442643|SYNTHETIC|BvaluePG|Toni||Mw|3.1268129946798275|synthetic|synthetic unit-square catalog|earthquake|8.576934263536561|46|52|0.3|-3.6635616461296463
1211|2023-08-03T11:27:44.085782|45.3560615188798|17.36628140878021|13.533483216790696|SYNTHETIC|BvaluePG|Toni||Mw|3.105502513175253|synthetic|synthetic unit-square catalog|earthquake|8.587207648420122|55|52|0.3|-3.6635616461296463
1212|2023-08-07T09:19:18.693163|45.501492314638284|17.62911364772421|13.197489505341933|SYNTHETIC|BvaluePG|Toni||Mw|2.719672542452074|synthetic|synthetic unit-square catalog|earthquake|8.597914882410677|57|52|0.3|-3.6635616461296463
1213|2023-08-08T09:27:57.141745|45.51877190902827|17.591601410264424|7.639924117750038|SYNTHETIC|BvaluePG|Toni||Mw|2.691728354027796|synthetic|synthetic unit-square catalog|earthquake|8.600669161842008|57|52|0.3|-3.6635616461296463
1214|2023-08-09T21:11:05.947835|45.379280140349806|17.597832176162314|5.93055497036913|SYNTHETIC|BvaluePG|Toni||Mw|2.669468621894796|synthetic|synthetic unit-square catalog|earthquake|8.604743895221308|57|52|0.3|-3.6635616461296463
1215|2023-08-14T23:59:15.920533|45.42977896236856|18.07441632747196|11.9217560360032|SYNTHETIC|BvaluePG|Toni||Mw|3.371880767101807|synthetic|synthetic unit-square catalog|earthquake|8.618752881097851|59|52|0.3|-3.6635616461296463
1216|2023-08-15T16:07:22.434624|45.39655111587817|18.62771887548067|11.883478527118776|SYNTHETIC|BvaluePG|Toni||Mw|3.518054924447698|synthetic|synthetic unit-square catalog|earthquake|8.620593531657189|62|52|0.3|-3.6635616461296463
1217|2023-08-16T13:26:33.625293|45.52750023511099|7.159398739796359|14.875434290374638|SYNTHETIC|BvaluePG|Toni||Mw|2.856189304310176|synthetic|synthetic unit-square catalog|earthquake|8.623025630126925|5|53|0.3|-3.6635616461296463
1218|2023-08-20T23:19:49.575820|45.55014042989805|7.49008006984047|6.805270967979242|SYNTHETIC|BvaluePG|Toni||Mw|2.8540004388581126|synthetic|synthetic unit-square catalog|earthquake|8.635105000881584|7|53|0.3|-3.6635616461296463
1219|2023-08-23T00:40:30.260752|45.531647798652045|7.653689337995752|5.890702537120598|SYNTHETIC|BvaluePG|Toni||Mw|2.635194197921087|synthetic|synthetic unit-square catalog|earthquake|8.64073409450504|8|53|0.3|-3.6635616461296463
1220|2023-08-23T08:58:00.661700|45.587078095473935|8.504919467006781|12.434948364073064|SYNTHETIC|BvaluePG|Toni||Mw|2.6261903362543895|synthetic|synthetic unit-square catalog|earthquake|8.641679996631588|12|53|0.3|-3.6635616461296463
1221|2023-08-27T16:26:30.821917|45.5236585571852|8.497826672795671|17.363825326169696|SYNTHETIC|BvaluePG|Toni||Mw|2.8706763190929605|synthetic|synthetic unit-square catalog|earthquake|8.653484131300148|12|53|0.3|-3.6635616461296463
1222|2023-08-28T02:27:35.952428|45.60596024403027|9.422790064620168|9.096974732997014|SYNTHETIC|BvaluePG|Toni||Mw|3.456813128559209|synthetic|synthetic unit-square catalog|earthquake|8.654626966322795|16|53|0.3|-3.6635616461296463
1223|2023-08-30T02:35:17.345292|45.58427173024627|9.743819461503618|10.269880770683741|SYNTHETIC|BvaluePG|Toni||Mw|2.709350201871093|synthetic|synthetic unit-square catalog|earthquake|8.660117288554662|18|53|0.3|-3.6635616461296463
1224|2023-09-01T13:38:40.708694|45.65410209066471|10.05925275983239|13.417894899248195|SYNTHETIC|BvaluePG|Toni||Mw|2.721276600258215|synthetic|synthetic unit-square catalog|earthquake|8.666854282603696|19|53|0.3|-3.6635616461296463
1225|2023-09-03T07:29:20.394471|45.55091421349042|10.196721986413754|9.140876393511489|SYNTHETIC|BvaluePG|Toni||Mw|2.5502892199896237|synthetic|synthetic unit-square catalog|earthquake|8.671627766194876|20|53|0.3|-3.6635616461296463
1226|2023-09-08T01:20:43.514315|45.65189053592091|11.02283757377584|15.655143107937612|SYNTHETIC|BvaluePG|Toni||Mw|3.0959198366182092|synthetic|synthetic unit-square catalog|earthquake|8.684616178489991|24|53|0.3|-3.6635616461296463
1227|2023-09-11T14:43:38.823327|45.52978973165909|11.9048578451503|17.01177448647659|SYNTHETIC|BvaluePG|Toni||Mw|2.576840127889943|synthetic|synthetic unit-square catalog|earthquake|8.69435631427382|29|53|0.3|-3.6635616461296463
1228|2023-09-14T15:21:39.467017|45.55552974673684|12.574980191322217|11.509273499476532|SYNTHETIC|BvaluePG|Toni||Mw|2.5011934069401316|synthetic|synthetic unit-square catalog|earthquake|8.702642135872727|32|53|0.3|-3.6635616461296463
1229|2023-09-14T18:21:13.910126|45.64754555061923|13.883613786345254|5.421270088755534|SYNTHETIC|BvaluePG|Toni||Mw|3.5782428980449383|synthetic|synthetic unit-square catalog|earthquake|8.702983557372107|38|53|0.3|-3.6635616461296463
1230|2023-09-15T11:04:43.040065|45.65018719803937|14.72059014662958|5.068711795953654|SYNTHETIC|BvaluePG|Toni||Mw|2.7665129068250502|synthetic|synthetic unit-square catalog|earthquake|8.704891469568842|42|53|0.3|-3.6635616461296463
1231|2023-09-18T17:03:41.751244|45.687934531638014|15.329004075900185|4.470428072573018|SYNTHETIC|BvaluePG|Toni||Mw|2.7455856148387547|synthetic|synthetic unit-square catalog|earthquake|8.713787542501473|45|53|0.3|-3.6635616461296463
1232|2023-09-26T10:04:52.636177|45.5626287468112|15.414008025201936|10.49585252448818|SYNTHETIC|BvaluePG|Toni||Mw|2.6348740014857617|synthetic|synthetic unit-square catalog|earthquake|8.734894055193607|46|53|0.3|-3.6635616461296463
1233|2023-09-27T14:58:53.480473|45.64924151282713|15.717574818011338|3.430311336775592|SYNTHETIC|BvaluePG|Toni||Mw|2.531351360603727|synthetic|synthetic unit-square catalog|earthquake|8.738190910603901|47|53|0.3|-3.6635616461296463
1234|2023-09-29T18:28:30.833605|45.66156024028747|16.459168476778643|13.797925640968884|SYNTHETIC|BvaluePG|Toni||Mw|2.696588570934716|synthetic|synthetic unit-square catalog|earthquake|8.744065164448685|51|53|0.3|-3.6635616461296463
1235|2023-09-30T12:19:35.289576|45.58473165846631|17.192904890204495|11.723475902563349|SYNTHETIC|BvaluePG|Toni||Mw|2.6308647452481186|synthetic|synthetic unit-square catalog|earthquake|8.74610158217282|55|53|0.3|-3.6635616461296463
1236|2023-10-02T17:29:39.747646|45.5271340203172|18.435044634282214|11.499806112298968|SYNTHETIC|BvaluePG|Toni||Mw|2.6484046913304367|synthetic|synthetic unit-square catalog|earthquake|8.752166823448137|61|53|0.3|-3.6635616461296463
1237|2023-10-04T15:34:49.785569|45.59959992058047|18.62196355806332|12.876421020706205|SYNTHETIC|BvaluePG|Toni||Mw|2.5376726239875564|synthetic|synthetic unit-square catalog|earthquake|8.75742419529905|62|53|0.3|-3.6635616461296463
1238|2023-10-06T12:30:44.803739|45.853202388341685|6.031560771812912|16.85031265863232|SYNTHETIC|BvaluePG|Toni||Mw|2.660546449033934|synthetic|synthetic unit-square catalog|earthquake|8.762549902519186|0|54|0.3|-3.6635616461296463
1239|2023-10-07T06:44:13.698698|45.814544332173995|6.9625432441770325|4.299340624797079|SYNTHETIC|BvaluePG|Toni||Mw|2.6150447310617038|synthetic|synthetic unit-square catalog|earthquake|8.764628922944045|4|54|0.3|-3.6635616461296463
1240|2023-10-09T00:12:50.465217|45.730583320019534|7.189394852677964|16.328701333454436|SYNTHETIC|BvaluePG|Toni||Mw|3.4566882821061142|synthetic|synthetic unit-square catalog|earthquake|8.769360485753587|5|54|0.3|-3.6635616461296463
1241|2023-10-09T13:42:01.797550|45.769640852268424|7.553409288216624|8.628357701631385|SYNTHETIC|BvaluePG|Toni||Mw|2.714066026633469|synthetic|synthetic unit-square catalog|earthquake|8.770898984636041|7|54|0.3|-3.6635616461296463
1242|2023-10-15T11:22:20.003755|45.78427645278482|9.298955440311087|15.41619852367475|SYNTHETIC|BvaluePG|Toni||Mw|2.504301783577825|synthetic|synthetic unit-square catalog|earthquake|8.787060486341037|16|54|0.3|-3.6635616461296463
1243|2023-10-19T07:20:51.774552|45.777909501010015|9.56797587878826|7.384777665724217|SYNTHETIC|BvaluePG|Toni||Mw|3.413926838089301|synthetic|synthetic unit-square catalog|earthquake|8.797552785210287|17|54|0.3|-3.6635616461296463
1244|2023-10-21T21:51:08.169952|45.74042420405516|9.850287440805975|16.46635287478991|SYNTHETIC|BvaluePG|Toni||Mw|2.5670439282819975|synthetic|synthetic unit-square catalog|earthquake|8.804683124507344|18|54|0.3|-3.6635616461296463
1245|2023-10-22T10:45:28.926732|45.727828033787524|10.356527736001539|3.6670755033519153|SYNTHETIC|BvaluePG|Toni||Mw|2.7107310383333396|synthetic|synthetic unit-square catalog|earthquake|8.806155377048068|21|54|0.3|-3.6635616461296463
1246|2023-10-25T10:30:30.068404|45.80220867088035|12.155256155615277|7.413650455424721|SYNTHETIC|BvaluePG|Toni||Mw|2.9583033199060123|synthetic|synthetic unit-square catalog|earthquake|8.81434044630785|30|54|0.3|-3.6635616461296463
1247|2023-10-27T18:28:47.122279|45.860151624756114|12.176529432501887|5.530765486828205|SYNTHETIC|BvaluePG|Toni||Mw|2.6392076817926715|synthetic|synthetic unit-square catalog|earthquake|8.820725502645303|30|54|0.3|-3.6635616461296463
1248|2023-10-31T11:26:45.564415|45.83651633341999|12.462156405829305|17.854271681766875|SYNTHETIC|BvaluePG|Toni||Mw|2.8494745178244436|synthetic|synthetic unit-square catalog|earthquake|8.830874514044652|31|54|0.3|-3.6635616461296463
1249|2023-11-01T12:44:46.871455|45.72026545069291|13.458439601796705|15.080025086907128|SYNTHETIC|BvaluePG|Toni||Mw|3.084415030898159|synthetic|synthetic unit-square catalog|earthquake|8.833760706500358|36|54|0.3|-3.6635616461296463
1250|2023-11-06T22:55:44.298044|45.835193475091245|14.07597062447642|15.100562953349291|SYNTHETIC|BvaluePG|Toni||Mw|2.5075626300794203|synthetic|synthetic unit-square catalog|earthquake|8.848611564188797|39|54|0.3|-3.6635616461296463
1251|2023-11-07T02:49:04.743814|45.816850359998554|15.018608610004843|11.203923569745948|SYNTHETIC|BvaluePG|Toni||Mw|2.8468581581599026|synthetic|synthetic unit-square catalog|earthquake|8.849055211543806|44|54|0.3|-3.6635616461296463
1252|2023-11-10T14:56:04.421519|45.79333598989476|15.614830370203991|8.900097340537343|SYNTHETIC|BvaluePG|Toni||Mw|2.523936412964599|synthetic|synthetic unit-square catalog|earthquake|8.858650988082736|47|54|0.3|-3.6635616461296463
1253|2023-11-15T20:56:35.388609|45.77413530313679|16.807097811047413|2.6967413472592625|SYNTHETIC|BvaluePG|Toni||Mw|3.5688176286682918|synthetic|synthetic unit-square catalog|earthquake|8.873025686003048|53|54|0.3|-3.6635616461296463
1254|2023-11-18T15:54:31.579923|45.811949307851044|17.418703030947114|4.7632317777389055|SYNTHETIC|BvaluePG|Toni||Mw|2.6832134946309623|synthetic|synthetic unit-square catalog|earthquake|8.88066492952327|56|54|0.3|-3.6635616461296463
1255|2023-11-19T07:12:28.450664|45.7646609945497|18.119351576049183|9.756113549771033|SYNTHETIC|BvaluePG|Toni||Mw|3.144643481370197|synthetic|synthetic unit-square catalog|earthquake|8.882410210239843|59|54|0.3|-3.6635616461296463
1256|2023-11-20T03:41:06.214752|45.94585439911215|6.1662033251248864|2.2362026729561215|SYNTHETIC|BvaluePG|Toni||Mw|2.657034180133715|synthetic|synthetic unit-square catalog|earthquake|8.8847461852217|0|55|0.3|-3.6635616461296463
1257|2023-11-21T13:18:30.207642|45.97326090093802|6.439964400944075|10.473171421499964|SYNTHETIC|BvaluePG|Toni||Mw|2.5156943565414296|synthetic|synthetic unit-square catalog|earthquake|8.888581837897753|2|55|0.3|-3.6635616461296463
1258|2023-11-28T17:16:02.275368|46.06235560741661|6.570818058569339|6.321303801357324|SYNTHETIC|BvaluePG|Toni||Mw|2.7290379791657506|synthetic|synthetic unit-square catalog|earthquake|8.908198414181332|2|55|0.3|-3.6635616461296463
1259|2023-12-01T13:40:29.567438|45.95535599786599|9.983294180502277|11.11157676196745|SYNTHETIC|BvaluePG|Toni||Mw|2.932091292411343|synthetic|synthetic unit-square catalog|earthquake|8.916002153758162|19|55|0.3|-3.6635616461296463
1260|2023-12-02T08:05:40.438763|45.955359734781425|10.535485636512497|5.972545896096323|SYNTHETIC|BvaluePG|Toni||Mw|2.5181970823536672|synthetic|synthetic unit-square catalog|earthquake|8.918103418471734|22|55|0.3|-3.6635616461296463
1261|2023-12-05T20:29:46.412223|45.982987749197676|10.729447713375045|3.4694553906317207|SYNTHETIC|BvaluePG|Toni||Mw|3.0143598236853744|synthetic|synthetic unit-square catalog|earthquake|8.927731716360674|23|55|0.3|-3.6635616461296463
1262|2023-12-11T14:33:58.322008|46.01746740674759|12.53946208436374|2.550060865875574|SYNTHETIC|BvaluePG|Toni||Mw|2.5735618957119275|synthetic|synthetic unit-square catalog|earthquake|8.943482340926076|32|55|0.3|-3.6635616461296463
1263|2023-12-12T16:23:18.021841|45.91393728006084|13.212868265547229|12.482078155317307|SYNTHETIC|BvaluePG|Toni||Mw|2.6041658592656884|synthetic|synthetic unit-square catalog|earthquake|8.94642805605754|35|55|0.3|-3.6635616461296463
1264|2023-12-13T06:28:57.913473|45.885807010971774|13.56729713099138|13.20392747827076|SYNTHETIC|BvaluePG|Toni||Mw|2.6524700317391496|synthetic|synthetic unit-square catalog|earthquake|8.948035906199255|37|55|0.3|-3.6635616461296463
1265|2023-12-26T22:33:06.084406|45.89729381225858|14.043255145445283|13.52477140510291|SYNTHETIC|BvaluePG|Toni||Mw|2.7391641464364085|synthetic|synthetic unit-square catalog|earthquake|8.985461064352359|39|55|0.3|-3.6635616461296463
1266|2024-01-05T00:28:53.633176|45.94202618306532|14.3951235666844|10.096044749454961|SYNTHETIC|BvaluePG|Toni||Mw|2.7331094218676215|synthetic|synthetic unit-square catalog|earthquake|9.010321875972094|41|55|0.3|-3.6635616461296463
1267|2024-01-06T22:04:21.240169|46.059970771227746|14.668907152877594|5.896978242129688|SYNTHETIC|BvaluePG|Toni||Mw|2.912692129410336|synthetic|synthetic unit-square catalog|earthquake|9.01552276599518|42|55|0.3|-3.6635616461296463
1268|2024-01-11T10:51:55.263562|45.95680608995183|14.679891534286481|14.428295007669375|SYNTHETIC|BvaluePG|Toni||Mw|2.5121395543242624|synthetic|synthetic unit-square catalog|earthquake|9.027933533081164|42|55|0.3|-3.6635616461296463
1269|2024-01-11T16:34:41.956042|46.02905440739616|18.574862055502003|10.496861892339211|SYNTHETIC|BvaluePG|Toni||Mw|2.7695080420936296|synthetic|synthetic unit-square catalog|earthquake|9.028585252238525|61|55|0.3|-3.6635616461296463
1270|2024-01-22T10:53:28.428363|46.025880905426824|18.71288452315212|17.955514664817116|SYNTHETIC|BvaluePG|Toni||Mw|2.800422817775541|synthetic|synthetic unit-square catalog|earthquake|9.058052843954032|62|55|0.3|-3.6635616461296463
1271|2024-01-22T17:21:40.287152|46.11409736309117|6.02632588955766|11.215061839360681|SYNTHETIC|BvaluePG|Toni||Mw|3.1278289039491725|synthetic|synthetic unit-square catalog|earthquake|9.058790918420666|0|56|0.3|-3.6635616461296463
1272|2024-01-31T15:11:02.665996|46.21832536361064|7.0829112732771256|9.980232680857306|SYNTHETIC|BvaluePG|Toni||Mw|2.90475071864426|synthetic|synthetic unit-square catalog|earthquake|9.083183216277439|5|56|0.3|-3.6635616461296463
1273|2024-02-05T18:05:09.030297|46.07829183738444|7.601767271682444|4.810684824434015|SYNTHETIC|BvaluePG|Toni||Mw|2.6159846868604|synthetic|synthetic unit-square catalog|earthquake|9.097203495522393|7|56|0.3|-3.6635616461296463
1274|2024-02-10T10:04:31.437525|46.1851415645408|7.682596293409911|5.53039930009361|SYNTHETIC|BvaluePG|Toni||Mw|2.8239197292394733|synthetic|synthetic unit-square catalog|earthquake|9.109978941285938|8|56|0.3|-3.6635616461296463
1275|2024-02-17T09:16:50.279183|46.18964191026335|9.017328874260544|8.934232384838198|SYNTHETIC|BvaluePG|Toni||Mw|3.911559270241039|synthetic|synthetic unit-square catalog|earthquake|9.129053232159093|14|56|0.3|-3.6635616461296463
1276|2024-02-18T00:54:06.102709|46.124693295841986|9.142008566956315|4.3313571921626774|SYNTHETIC|BvaluePG|Toni||Mw|2.664210391888681|synthetic|synthetic unit-square catalog|earthquake|9.130835237873265|15|56|0.3|-3.6635616461296463
1277|2024-02-22T21:43:17.016943|46.13319157452124|10.989237981716753|9.537682318820762|SYNTHETIC|BvaluePG|Toni||Mw|2.920770365360708|synthetic|synthetic unit-square catalog|earthquake|9.144161692173782|24|56|0.3|-3.6635616461296463
1278|2024-02-23T18:09:21.281947|46.17619149059579|11.14023941254572|3.72793713505793|SYNTHETIC|BvaluePG|Toni||Mw|2.7129262206711964|synthetic|synthetic unit-square catalog|earthquake|9.146492803063214|25|56|0.3|-3.6635616461296463
1279|2024-02-23T21:31:55.538722|46.17530068910477|11.439004981119474|4.090720559178056|SYNTHETIC|BvaluePG|Toni||Mw|3.9417071016848366|synthetic|synthetic unit-square catalog|earthquake|9.146877948219206|26|56|0.3|-3.6635616461296463
1280|2024-02-24T02:21:57.353085|46.16229356929216|11.82653821370483|17.817233428319234|SYNTHETIC|BvaluePG|Toni||Mw|3.79079434573174|synthetic|synthetic unit-square catalog|earthquake|9.147429378440876|28|56|0.3|-3.6635616461296463
1281|2024-03-02T00:19:19.323789|46.19230290590771|12.14931228897916|8.770861062214362|SYNTHETIC|BvaluePG|Toni||Mw|2.7818822708647226|synthetic|synthetic unit-square catalog|earthquake|9.166361172072321|30|56|0.3|-3.6635616461296463
1282|2024-03-05T09:24:01.383790|46.23542721566133|12.509415634748356|17.312924417578493|SYNTHETIC|BvaluePG|Toni||Mw|2.5007067591861802|synthetic|synthetic unit-square catalog|earthquake|9.175610356420961|32|56|0.3|-3.6635616461296463
1283|2024-03-10T02:36:58.509388|46.11536770587287|13.019991023790947|14.898110871907999|SYNTHETIC|BvaluePG|Toni||Mw|2.665466958994723|synthetic|synthetic unit-square catalog|earthquake|9.188525696167925|34|56|0.3|-3.6635616461296463
1284|2024-03-11T01:26:02.845337|46.23986842725987|14.063912250533855|11.12679590134244|SYNTHETIC|BvaluePG|Toni||Mw|3.0511292433945494|synthetic|synthetic unit-square catalog|earthquake|9.191128693098884|39|56|0.3|-3.6635616461296463
1285|2024-03-12T20:40:40.233129|46.144468004078945|14.7729886553738|10.559482510170376|SYNTHETIC|BvaluePG|Toni||Mw|3.3720881933445286|synthetic|synthetic unit-square catalog|earthquake|9.19606181183389|43|56|0.3|-3.6635616461296463
1286|2024-03-14T21:54:50.617729|46.22944686372312|16.245446794027636|14.21053809724337|SYNTHETIC|BvaluePG|Toni||Mw|2.8530648815022386|synthetic|synthetic unit-square catalog|earthquake|9.201678537586183|50|56|0.3|-3.6635616461296463
1287|2024-03-16T23:32:01.724520|46.12573113413229|17.221926149850763|2.7228525479827326|SYNTHETIC|BvaluePG|Toni||Mw|2.76600169840418|synthetic|synthetic unit-square catalog|earthquake|9.207339015784502|55|56|0.3|-3.6635616461296463
1288|2024-03-18T05:52:39.728468|46.184883051294634|18.396161029846912|14.209008713301635|SYNTHETIC|BvaluePG|Toni||Mw|2.5974881122100646|synthetic|synthetic unit-square catalog|earthquake|9.21080055924621|61|56|0.3|-3.6635616461296463
1289|2024-03-18T21:31:59.210367|46.41316723451599|7.11558418751518|9.748497193213653|SYNTHETIC|BvaluePG|Toni||Mw|2.9990968748710367|synthetic|synthetic unit-square catalog|earthquake|9.212586483457793|5|57|0.3|-3.6635616461296463
1290|2024-03-19T23:27:30.833964|46.35250143897202|7.676848323456554|11.133532537519935|SYNTHETIC|BvaluePG|Toni||Mw|2.521681255721965|synthetic|synthetic unit-square catalog|earthquake|9.215543984142156|8|57|0.3|-3.6635616461296463
1291|2024-03-20T14:09:26.260141|46.299312178245955|8.113663545794873|5.571597537378315|SYNTHETIC|BvaluePG|Toni||Mw|2.6011641800833387|synthetic|synthetic unit-square catalog|earthquake|9.217220772813558|10|57|0.3|-3.6635616461296463
1292|2024-03-22T22:42:01.198110|46.32118717539096|9.718260921784946|9.833545678758048|SYNTHETIC|BvaluePG|Toni||Mw|2.8390429300334077|synthetic|synthetic unit-square catalog|earthquake|9.223671039562902|18|57|0.3|-3.6635616461296463
1293|2024-03-23T04:28:23.555040|46.2561174795746|9.96296972966763|16.558629914312114|SYNTHETIC|BvaluePG|Toni||Mw|2.839570025739811|synthetic|synthetic unit-square catalog|earthquake|9.224329592714284|19|57|0.3|-3.6635616461296463
1294|2024-03-24T06:17:33.854523|46.30866610011822|10.693936305715045|9.173059237088824|SYNTHETIC|BvaluePG|Toni||Mw|2.847013364549247|synthetic|synthetic unit-square catalog|earthquake|9.22727500996665|23|57|0.3|-3.6635616461296463
1295|2024-04-02T00:06:10.800521|46.30430763703038|11.169356171636297|9.2528760973129|SYNTHETIC|BvaluePG|Toni||Mw|2.594973388234155|synthetic|synthetic unit-square catalog|earthquake|9.251209559678857|25|57|0.3|-3.6635616461296463
1296|2024-04-02T10:48:56.648861|46.337067202796774|11.463495002493907|11.211773760506281|SYNTHETIC|BvaluePG|Toni||Mw|2.775643337633516|synthetic|synthetic unit-square catalog|earthquake|9.252431637667684|26|57|0.3|-3.6635616461296463
1297|2024-04-07T02:44:31.462522|46.314950329227926|11.818319651219404|7.463034384640126|SYNTHETIC|BvaluePG|Toni||Mw|2.5188238210995166|synthetic|synthetic unit-square catalog|earthquake|9.265199871426283|28|57|0.3|-3.6635616461296463
1298|2024-04-10T04:30:12.486518|46.3763180854165|12.593585617992137|7.761579391029688|SYNTHETIC|BvaluePG|Toni||Mw|3.3830414124501598|synthetic|synthetic unit-square catalog|earthquake|9.273614358712898|32|57|0.3|-3.6635616461296463
1299|2024-04-25T02:02:17.667513|46.254229851298085|13.43930797465289|3.0915149103534763|SYNTHETIC|BvaluePG|Toni||Mw|3.101132006775907|synthetic|synthetic unit-square catalog|earthquake|9.314400894475934|36|57|0.3|-3.6635616461296463
1300|2024-04-25T10:51:36.073739|46.411368203330866|14.381630859713802|12.511996254873422|SYNTHETIC|BvaluePG|Toni||Mw|2.9063463154611267|synthetic|synthetic unit-square catalog|earthquake|9.315407257641256|41|57|0.3|-3.6635616461296463
1301|2024-04-28T13:14:29.688285|46.40409091785712|14.777340101057419|7.705972804043974|SYNTHETIC|BvaluePG|Toni||Mw|3.9529573728641423|synthetic|synthetic unit-square catalog|earthquake|9.323892491453273|43|57|0.3|-3.6635616461296463
1302|2024-04-28T17:59:29.940815|46.357306152403|15.97065212709519|6.079282757311141|SYNTHETIC|BvaluePG|Toni||Mw|3.1187259203930995|synthetic|synthetic unit-square catalog|earthquake|9.324434365757064|49|57|0.3|-3.6635616461296463
1303|2024-05-06T10:54:45.015357|46.330866002888484|16.284382240027103|12.572736865138767|SYNTHETIC|BvaluePG|Toni||Mw|4.367279975826636|synthetic|synthetic unit-square catalog|earthquake|9.34552960349828|50|57|0.3|-3.6635616461296463
1304|2024-05-08T18:48:17.910111|46.40590729276631|17.268237716875422|6.626474301531772|SYNTHETIC|BvaluePG|Toni||Mw|2.5338055744022063|synthetic|synthetic unit-square catalog|earthquake|9.351905655376568|55|57|0.3|-3.6635616461296463
1305|2024-05-08T21:28:14.589513|46.36408789270818|17.510654721912786|4.810651959142932|SYNTHETIC|BvaluePG|Toni||Mw|2.602163680410984|synthetic|synthetic unit-square catalog|earthquake|9.352209755796174|56|57|0.3|-3.6635616461296463
1306|2024-05-10T20:23:42.596226|46.479821444433675|6.163870074722038|5.423574316600714|SYNTHETIC|BvaluePG|Toni||Mw|2.9544323399813885|synthetic|synthetic unit-square catalog|earthquake|9.357562761307134|0|58|0.3|-3.6635616461296463
1307|2024-05-12T08:05:17.029914|46.58931295396174|6.338347443311316|12.44914156380656|SYNTHETIC|BvaluePG|Toni||Mw|2.5015637239706683|synthetic|synthetic unit-square catalog|earthquake|9.361634504205483|1|58|0.3|-3.6635616461296463
1308|2024-05-12T18:12:31.202919|46.460686406888655|6.605186434833849|14.56613310973924|SYNTHETIC|BvaluePG|Toni||Mw|2.969714441573121|synthetic|synthetic unit-square catalog|earthquake|9.362789033479078|2|58|0.3|-3.6635616461296463
1309|2024-05-14T15:03:28.783358|46.47932336047259|6.9692757511586345|3.9415891532690974|SYNTHETIC|BvaluePG|Toni||Mw|2.717888294516673|synthetic|synthetic unit-square catalog|earthquake|9.367905315466288|4|58|0.3|-3.6635616461296463
1310|2024-05-16T08:36:00.004852|46.45158297379439|7.733371411995157|16.816908723591247|SYNTHETIC|BvaluePG|Toni||Mw|2.5023487332276875|synthetic|synthetic unit-square catalog|earthquake|9.372644307705663|8|58|0.3|-3.6635616461296463
1311|2024-05-18T01:36:24.198060|46.60056298410302|9.10907912914913|16.41239091773386|SYNTHETIC|BvaluePG|Toni||Mw|2.614979495314256|synthetic|synthetic unit-square catalog|earthquake|9.377322236103506|15|58|0.3|-3.6635616461296463
1312|2024-05-19T06:48:42.930431|46.49382190475156|12.413151027930315|2.531893673485275|SYNTHETIC|BvaluePG|Toni||Mw|2.6033767909294414|synthetic|synthetic unit-square catalog|earthquake|9.380653881487563|31|58|0.3|-3.6635616461296463
1313|2024-05-20T17:47:48.401922|46.534268880122205|13.389891895197696|8.662817617173737|SYNTHETIC|BvaluePG|Toni||Mw|2.6955488360465942|synthetic|synthetic unit-square catalog|earthquake|9.384644852647925|36|58|0.3|-3.6635616461296463
1314|2024-05-21T05:04:07.249416|46.44297996533639|15.276326337760473|13.901577322274731|SYNTHETIC|BvaluePG|Toni||Mw|2.5243592258538583|synthetic|synthetic unit-square catalog|earthquake|9.38593071873073|45|58|0.3|-3.6635616461296463
1315|2024-05-23T01:01:37.629864|46.46476734763174|15.871798933913785|12.080871420780404|SYNTHETIC|BvaluePG|Toni||Mw|2.5647543342685735|synthetic|synthetic unit-square catalog|earthquake|9.39094537068296|48|58|0.3|-3.6635616461296463
1316|2024-05-25T19:35:42.702545|46.43725841846111|17.22093515842819|10.954733086729377|SYNTHETIC|BvaluePG|Toni||Mw|3.67920321762002|synthetic|synthetic unit-square catalog|earthquake|9.398539264790259|55|58|0.3|-3.6635616461296463
1317|2024-05-27T10:16:22.972810|46.4625961485256|18.83325418931493|8.02815212577012|SYNTHETIC|BvaluePG|Toni||Mw|2.9817867701198786|synthetic|synthetic unit-square catalog|earthquake|9.402951522701688|63|58|0.3|-3.6635616461296463
1318|2024-05-29T09:39:55.452614|46.6830626152132|7.042905526734682|2.8236827091212238|SYNTHETIC|BvaluePG|Toni||Mw|2.645738492752358|synthetic|synthetic unit-square catalog|earthquake|9.408357905943875|5|59|0.3|-3.6635616461296463
1319|2024-05-29T11:50:38.712403|46.71109020141442|7.137610237197531|5.987548202407126|SYNTHETIC|BvaluePG|Toni||Mw|2.540200291608179|synthetic|synthetic unit-square catalog|earthquake|9.408606443848814|5|59|0.3|-3.6635616461296463
1320|2024-05-30T17:39:47.846635|46.669607979571396|7.266088290412932|3.8885212675431937|SYNTHETIC|BvaluePG|Toni||Mw|3.0581519033444433|synthetic|synthetic unit-square catalog|earthquake|9.412008132641116|6|59|0.3|-3.6635616461296463
1321|2024-06-04T00:13:45.990576|46.60536248119425|7.642417611026494|2.7537952540821014|SYNTHETIC|BvaluePG|Toni||Mw|3.015754761625673|synthetic|synthetic unit-square catalog|earthquake|9.423708583370617|8|59|0.3|-3.6635616461296463
1322|2024-06-06T12:50:48.557367|46.64451256390416|8.232600879084984|7.112143100546204|SYNTHETIC|BvaluePG|Toni||Mw|2.5700985480900593|synthetic|synthetic unit-square catalog|earthquake|9.430623639230095|10|59|0.3|-3.6635616461296463
1323|2024-06-08T10:34:31.333260|46.63493715383451|8.530621650850438|11.937375658469497|SYNTHETIC|BvaluePG|Toni||Mw|2.831843237775244|synthetic|synthetic unit-square catalog|earthquake|9.435840220208764|12|59|0.3|-3.6635616461296463
1324|2024-06-08T13:39:40.117643|46.682589003593385|9.126570446024717|17.1362667194038|SYNTHETIC|BvaluePG|Toni||Mw|2.9942021260458733|synthetic|synthetic unit-square catalog|earthquake|9.436192236343814|15|59|0.3|-3.6635616461296463
1325|2024-06-09T16:16:55.563536|46.76054335840007|10.88002656326995|9.776469729901937|SYNTHETIC|BvaluePG|Toni||Mw|2.8566532883540257|synthetic|synthetic unit-square catalog|earthquake|9.439229078368959|24|59|0.3|-3.6635616461296463
1326|2024-06-09T17:22:16.379085|46.71545335910882|11.242736732228252|6.807003822921045|SYNTHETIC|BvaluePG|Toni||Mw|2.99210093880262|synthetic|synthetic unit-square catalog|earthquake|9.439353321516396|25|59|0.3|-3.6635616461296463
1327|2024-06-13T00:35:12.801930|46.61532979952515|11.087622663297747|15.313200630894118|SYNTHETIC|BvaluePG|Toni||Mw|3.699379614498338|synthetic|synthetic unit-square catalog|earthquake|9.448390017045982|25|59|0.3|-3.6635616461296463
1328|2024-06-13T03:48:27.858653|46.732616993808634|12.522646895128553|17.676517402674172|SYNTHETIC|BvaluePG|Toni||Mw|3.1693809313372387|synthetic|synthetic unit-square catalog|earthquake|9.448757442221645|32|59|0.3|-3.6635616461296463
1329|2024-06-14T02:49:28.651282|46.686964828737544|13.292747100117754|17.98249665606442|SYNTHETIC|BvaluePG|Toni||Mw|2.785538895314084|synthetic|synthetic unit-square catalog|earthquake|9.451383142294796|35|59|0.3|-3.6635616461296463
1330|2024-06-15T21:33:42.562665|46.67944245224052|13.89677965004682|2.907001259562838|SYNTHETIC|BvaluePG|Toni||Mw|3.02775798734282|synthetic|synthetic unit-square catalog|earthquake|9.456258478549225|38|59|0.3|-3.6635616461296463
1331|2024-06-17T03:28:15.419617|46.67854202228907|13.840871488426203|10.0108335899666|SYNTHETIC|BvaluePG|Toni||Mw|2.9513106191866103|synthetic|synthetic unit-square catalog|earthquake|9.459670425495526|38|59|0.3|-3.6635616461296463
1332|2024-06-23T02:56:56.583077|46.64728110525158|14.195001962733079|4.470703639178327|SYNTHETIC|BvaluePG|Toni||Mw|2.7014528058197467|synthetic|synthetic unit-square catalog|earthquake|9.476037993481041|40|59|0.3|-3.6635616461296463
1333|2024-06-24T10:04:09.990872|46.71256239226142|14.340894630144485|10.997377085983741|SYNTHETIC|BvaluePG|Toni||Mw|2.641882452761885|synthetic|synthetic unit-square catalog|earthquake|9.47958811794536|41|59|0.3|-3.6635616461296463
1334|2024-06-25T06:48:24.848739|46.7385750282682|14.759822113768273|6.341488091398544|SYNTHETIC|BvaluePG|Toni||Mw|2.6921169968793928|synthetic|synthetic unit-square catalog|earthquake|9.481953787637197|43|59|0.3|-3.6635616461296463
1335|2024-06-26T01:17:37.095831|46.60822987367848|14.890598624304944|8.53184364321671|SYNTHETIC|BvaluePG|Toni||Mw|3.1536806935317996|synthetic|synthetic unit-square catalog|earthquake|9.484062701087277|43|59|0.3|-3.6635616461296463
1336|2024-06-26T08:42:44.907600|46.681525062205054|17.678461427144622|13.852317396317154|SYNTHETIC|BvaluePG|Toni||Mw|2.943486965345607|synthetic|synthetic unit-square catalog|earthquake|9.484909020571916|57|59|0.3|-3.6635616461296463
1337|2024-06-28T11:52:30.981352|46.73289511482586|17.715246716484934|3.987098836681538|SYNTHETIC|BvaluePG|Toni||Mw|2.687431649522487|synthetic|synthetic unit-square catalog|earthquake|9.490745525051112|57|59|0.3|-3.6635616461296463
1338|2024-07-10T12:46:22.835348|46.63649800961847|17.805209975994593|4.250537118455529|SYNTHETIC|BvaluePG|Toni||Mw|2.8981145151024315|synthetic|synthetic unit-square catalog|earthquake|9.523702145769924|58|59|0.3|-3.6635616461296463
1339|2024-07-11T12:52:57.865389|46.822476983887746|7.2896957622007275|16.310986814773294|SYNTHETIC|BvaluePG|Toni||Mw|4.797731232137055|synthetic|synthetic unit-square catalog|earthquake|9.526452514303676|6|60|0.3|-3.6635616461296463
1340|2024-07-12T04:44:11.929678|46.928476382389874|9.91777797396669|4.868350989292971|SYNTHETIC|BvaluePG|Toni||Mw|3.1915063787340046|synthetic|synthetic unit-square catalog|earthquake|9.52826108226477|19|60|0.3|-3.6635616461296463
1341|2024-07-13T01:56:32.130944|46.79191999648472|10.737775645793697|2.7692898162956805|SYNTHETIC|BvaluePG|Toni||Mw|2.6953638248869676|synthetic|synthetic unit-square catalog|earthquake|9.530680157266216|23|60|0.3|-3.6635616461296463
1342|2024-07-13T13:09:14.712086|46.924306164230316|11.101178845544588|15.613008704171051|SYNTHETIC|BvaluePG|Toni||Mw|3.6294857811539414|synthetic|synthetic unit-square catalog|earthquake|9.53195917028186|25|60|0.3|-3.6635616461296463
1343|2024-07-15T13:25:29.418212|46.941420260608375|11.583138813499387|16.006397428927663|SYNTHETIC|BvaluePG|Toni||Mw|3.111222779044929|synthetic|synthetic unit-square catalog|earthquake|9.537465758429423|27|60|0.3|-3.6635616461296463
1344|2024-07-28T16:34:50.093964|46.84492021420633|11.596632037094864|11.177601223623647|SYNTHETIC|BvaluePG|Toni||Mw|2.5331533175718537|synthetic|synthetic unit-square catalog|earthquake|9.573417816752993|27|60|0.3|-3.6635616461296463
1345|2024-07-30T20:35:10.572296|46.951020298107984|11.807874583420716|6.138596932544855|SYNTHETIC|BvaluePG|Toni||Mw|2.506966641443346|synthetic|synthetic unit-square catalog|earthquake|9.579350475710964|28|60|0.3|-3.6635616461296463
1346|2024-08-01T03:00:23.203684|46.92559678925066|11.939007497983646|14.453735943090306|SYNTHETIC|BvaluePG|Toni||Mw|2.7971354483332362|synthetic|synthetic unit-square catalog|earthquake|9.582820721591128|29|60|0.3|-3.6635616461296463
1347|2024-08-01T11:52:17.695463|46.95760857399465|12.283625676953804|3.7843847447075643|SYNTHETIC|BvaluePG|Toni||Mw|3.1962006478162164|synthetic|synthetic unit-square catalog|earthquake|9.583832030809177|30|60|0.3|-3.6635616461296463
1348|2024-08-03T18:42:16.359544|46.90123021015739|12.45823745057961|3.977135054732713|SYNTHETIC|BvaluePG|Toni||Mw|2.682745627454101|synthetic|synthetic unit-square catalog|earthquake|9.59008721701094|31|60|0.3|-3.6635616461296463
1349|2024-08-05T08:01:56.153290|46.78596794407392|12.982011066539432|14.448165100029838|SYNTHETIC|BvaluePG|Toni||Mw|2.5831440229825207|synthetic|synthetic unit-square catalog|earthquake|9.594345455715588|34|60|0.3|-3.6635616461296463
1350|2024-08-14T20:20:37.602161|46.83920571656898|13.663397560548628|7.437543465902335|SYNTHETIC|BvaluePG|Toni||Mw|2.701007087862405|synthetic|synthetic unit-square catalog|earthquake|9.620390574763642|37|60|0.3|-3.6635616461296463
1351|2024-08-18T07:16:35.651106|46.82941166591493|14.291842726887323|10.845042621720825|SYNTHETIC|BvaluePG|Toni||Mw|3.1260633735157612|synthetic|synthetic unit-square catalog|earthquake|9.629851308436214|40|60|0.3|-3.6635616461296463
1352|2024-08-21T22:52:16.830109|46.79173560628666|14.437717870594804|7.998347568798147|SYNTHETIC|BvaluePG|Toni||Mw|2.8772465244240895|synthetic|synthetic unit-square catalog|earthquake|9.639843867407835|41|60|0.3|-3.6635616461296463
1353|2024-08-27T09:28:00.802898|46.865187796668856|14.615049974281458|16.943906567282117|SYNTHETIC|BvaluePG|Toni||Mw|3.5261123081515096|synthetic|synthetic unit-square catalog|earthquake|9.654741830902806|42|60|0.3|-3.6635616461296463
1354|2024-08-30T17:53:08.126075|46.84446255020113|14.747873773846292|11.69563162597957|SYNTHETIC|BvaluePG|Toni||Mw|3.8953391290413757|synthetic|synthetic unit-square catalog|earthquake|9.663915764382455|43|60|0.3|-3.6635616461296463
1355|2024-08-30T23:05:17.593185|46.876931533981974|14.983280821203305|7.25970909501066|SYNTHETIC|BvaluePG|Toni||Mw|2.5772697090270786|synthetic|synthetic unit-square catalog|earthquake|9.664509265380923|44|60|0.3|-3.6635616461296463
1356|2024-09-02T00:42:58.276596|46.796558241327105|15.0997696900092|17.57664177318724|SYNTHETIC|BvaluePG|Toni||Mw|2.878031168807393|synthetic|synthetic unit-square catalog|earthquake|9.670170680805782|44|60|0.3|-3.6635616461296463
1357|2024-09-02T19:26:26.117498|46.9059243450329|15.170509017545013|8.789212912955591|SYNTHETIC|BvaluePG|Toni||Mw|2.538779236571853|synthetic|synthetic unit-square catalog|earthquake|9.672306706387651|45|60|0.3|-3.6635616461296463
1358|2024-09-03T21:09:20.800614|46.831810511412264|16.15129415919433|4.3224357729064025|SYNTHETIC|BvaluePG|Toni||Mw|2.663627917195399|synthetic|synthetic unit-square catalog|earthquake|9.67524022107557|49|60|0.3|-3.6635616461296463
1359|2024-09-12T18:36:55.497390|46.89617465877519|16.239538857137106|4.164585095668851|SYNTHETIC|BvaluePG|Toni||Mw|2.575432860883071|synthetic|synthetic unit-square catalog|earthquake|9.699591080988114|50|60|0.3|-3.6635616461296463
1360|2024-09-13T09:30:21.059596|46.85714879918904|17.068620752482442|16.527792128403675|SYNTHETIC|BvaluePG|Toni||Mw|3.4282577509520333|synthetic|synthetic unit-square catalog|earthquake|9.701289738750619|54|60|0.3|-3.6635616461296463
1361|2024-09-21T06:38:06.539029|46.854117398239374|18.34214645212773|8.056660675323666|SYNTHETIC|BvaluePG|Toni||Mw|2.5800301636876513|synthetic|synthetic unit-square catalog|earthquake|9.72286506385242|60|60|0.3|-3.6635616461296463
1362|2024-09-22T11:11:08.605913|47.00747720285855|6.03108057076806|11.446965653633331|SYNTHETIC|BvaluePG|Toni||Mw|2.647891835788965|synthetic|synthetic unit-square catalog|earthquake|9.726122031013556|0|61|0.3|-3.6635616461296463
1363|2024-09-26T06:54:10.648676|47.00921715604821|7.277440373191865|3.517037702448821|SYNTHETIC|BvaluePG|Toni||Mw|2.543228037968781|synthetic|synthetic unit-square catalog|earthquake|9.736584868579257|6|61|0.3|-3.6635616461296463
1364|2024-09-28T04:45:08.010423|47.113151755314796|9.10047645428367|8.557969345305528|SYNTHETIC|BvaluePG|Toni||Mw|2.733887142497824|synthetic|synthetic unit-square catalog|earthquake|9.741815220752652|15|61|0.3|-3.6635616461296463
1365|2024-09-29T16:05:23.732265|47.05047134116157|9.252599332284195|7.0739284348227525|SYNTHETIC|BvaluePG|Toni||Mw|2.8823057193242696|synthetic|synthetic unit-square catalog|earthquake|9.745846443717687|16|61|0.3|-3.6635616461296463
1366|2024-10-01T02:37:30.253169|47.096312729641696|13.25571636410762|17.758400202226163|SYNTHETIC|BvaluePG|Toni||Mw|2.6988866729020713|synthetic|synthetic unit-square catalog|earthquake|9.749786113429717|35|61|0.3|-3.6635616461296463
1367|2024-10-01T04:35:44.527686|46.992189328688085|15.414758613474723|14.703382087547372|SYNTHETIC|BvaluePG|Toni||Mw|2.904764332486452|synthetic|synthetic unit-square catalog|earthquake|9.750010917423587|46|61|0.3|-3.6635616461296463
1368|2024-10-06T22:43:09.291053|46.97587945146056|16.766613885326585|13.744069705437958|SYNTHETIC|BvaluePG|Toni||Mw|3.276653343561304|synthetic|synthetic unit-square catalog|earthquake|9.765767653150219|53|61|0.3|-3.6635616461296463
1369|2024-10-09T01:05:58.177330|46.98200736123209|17.459780032161785|11.36768385611209|SYNTHETIC|BvaluePG|Toni||Mw|3.9603596941790373|synthetic|synthetic unit-square catalog|earthquake|9.77151488634529|56|61|0.3|-3.6635616461296463
1370|2024-10-10T16:06:20.352459|47.03595462151285|18.66589081753996|3.6675930715980876|SYNTHETIC|BvaluePG|Toni||Mw|3.0400273878815023|synthetic|synthetic unit-square catalog|earthquake|9.775964596561842|62|61|0.3|-3.6635616461296463
1371|2024-10-17T20:49:49.352366|47.31902144340416|6.044635654442192|4.3255942226871245|SYNTHETIC|BvaluePG|Toni||Mw|3.3862647435049684|synthetic|synthetic unit-square catalog|earthquake|9.795668534754437|0|62|0.3|-3.6635616461296463
1372|2024-10-19T11:41:47.315408|47.14740293387208|6.455833194555886|12.423793933820486|SYNTHETIC|BvaluePG|Toni||Mw|3.6110410958976846|synthetic|synthetic unit-square catalog|earthquake|9.800102267454076|2|62|0.3|-3.6635616461296463
1373|2024-10-19T16:25:56.441208|47.317677739358366|6.431073536800969|9.108217874178019|SYNTHETIC|BvaluePG|Toni||Mw|2.5301790754876894|synthetic|synthetic unit-square catalog|earthquake|9.800642521649582|2|62|0.3|-3.6635616461296463
1374|2024-10-21T00:00:29.479511|47.18929666536997|7.082376289415169|4.684434228579455|SYNTHETIC|BvaluePG|Toni||Mw|2.881032386195632|synthetic|synthetic unit-square catalog|earthquake|9.804244602869392|5|62|0.3|-3.6635616461296463
1375|2024-10-22T13:18:52.450293|47.209577247927626|7.80238697077225|2.6812022352322753|SYNTHETIC|BvaluePG|Toni||Mw|2.663038278186932|synthetic|synthetic unit-square catalog|earthquake|9.808500407201215|8|62|0.3|-3.6635616461296463
1376|2024-11-04T23:48:01.716735|47.22524259345691|7.708244969776157|16.612312722351263|SYNTHETIC|BvaluePG|Toni||Mw|2.812023036841314|synthetic|synthetic unit-square catalog|earthquake|9.845288669503878|8|62|0.3|-3.6635616461296463
1377|2024-11-05T11:33:19.646707|47.17404643678047|10.881975822865948|2.892301932895128|SYNTHETIC|BvaluePG|Toni||Mw|2.7508931780393246|synthetic|synthetic unit-square catalog|earthquake|9.846629643784924|24|62|0.3|-3.6635616461296463
1378|2024-11-08T09:36:10.099213|47.265925579009675|11.304377866323563|15.927168073938706|SYNTHETIC|BvaluePG|Toni||Mw|2.5665224445420463|synthetic|synthetic unit-square catalog|earthquake|9.854620443228036|26|62|0.3|-3.6635616461296463
1379|2024-11-10T00:45:12.756448|47.30993526872944|11.311722359325678|7.447849619840378|SYNTHETIC|BvaluePG|Toni||Mw|3.7495043801089114|synthetic|synthetic unit-square catalog|earthquake|9.859086646527244|26|62|0.3|-3.6635616461296463
1380|2024-11-12T01:33:50.871632|47.238274372636994|12.970553644419434|3.827940714085301|SYNTHETIC|BvaluePG|Toni||Mw|2.962122388194506|synthetic|synthetic unit-square catalog|earthquake|9.864654817591727|34|62|0.3|-3.6635616461296463
1381|2024-11-18T17:08:25.865614|47.294468221105305|13.152887309524836|2.558970469625814|SYNTHETIC|BvaluePG|Toni||Mw|2.6987992697139713|synthetic|synthetic unit-square catalog|earthquake|9.882858831647999|35|62|0.3|-3.6635616461296463
1382|2024-11-21T14:10:13.393242|47.21007715398872|13.67825969634857|10.871623321498992|SYNTHETIC|BvaluePG|Toni||Mw|2.6919986739286474|synthetic|synthetic unit-square catalog|earthquake|9.890733560005907|37|62|0.3|-3.6635616461296463
1383|2024-11-23T23:44:07.211487|47.213273472709375|14.07749832697503|13.330712583848394|SYNTHETIC|BvaluePG|Toni||Mw|2.6074049388375755|synthetic|synthetic unit-square catalog|earthquake|9.897300403436487|39|62|0.3|-3.6635616461296463
1384|2024-11-24T16:37:28.649265|47.31025217645886|14.450211351518632|6.07204393931498|SYNTHETIC|BvaluePG|Toni||Mw|2.7330986669421535|synthetic|synthetic unit-square catalog|earthquake|9.899227084736033|41|62|0.3|-3.6635616461296463
1385|2024-11-25T22:59:27.218129|47.24491103138492|14.470768378325412|6.327089383993982|SYNTHETIC|BvaluePG|Toni||Mw|2.5091013425945157|synthetic|synthetic unit-square catalog|earthquake|9.902691181145896|41|62|0.3|-3.6635616461296463
1386|2024-11-27T08:03:35.645592|47.19062651111117|14.686309698370602|15.561004079209004|SYNTHETIC|BvaluePG|Toni||Mw|2.7872123350540505|synthetic|synthetic unit-square catalog|earthquake|9.906463598169461|42|62|0.3|-3.6635616461296463
1387|2024-11-27T12:24:51.952248|47.14416680683506|14.952257610636407|4.579950981575941|SYNTHETIC|BvaluePG|Toni||Mw|2.950666744524546|synthetic|synthetic unit-square catalog|earthquake|9.906960350351365|44|62|0.3|-3.6635616461296463
1388|2024-11-29T00:09:28.918341|47.314154027895015|15.799285187337535|3.1350512478387547|SYNTHETIC|BvaluePG|Toni||Mw|2.691172351261974|synthetic|synthetic unit-square catalog|earthquake|9.911037877352566|48|62|0.3|-3.6635616461296463
1389|2024-12-01T23:42:05.360850|47.23373207591621|16.036747240203745|8.755077090590676|SYNTHETIC|BvaluePG|Toni||Mw|2.6227269930180945|synthetic|synthetic unit-square catalog|earthquake|9.91919934851987|49|62|0.3|-3.6635616461296463
1390|2024-12-04T13:48:03.504751|47.25628629032978|17.081271005662657|3.487251558487076|SYNTHETIC|BvaluePG|Toni||Mw|2.6347589941148493|synthetic|synthetic unit-square catalog|earthquake|9.92628347861534|54|62|0.3|-3.6635616461296463
1391|2024-12-06T19:36:31.596140|47.30916728338516|17.429579554633897|17.905122910112915|SYNTHETIC|BvaluePG|Toni||Mw|2.7603218617272782|synthetic|synthetic unit-square catalog|earthquake|9.932421717625559|56|62|0.3|-3.6635616461296463
1392|2024-12-07T18:40:59.311660|47.17849093865097|18.170566901695206|12.870234825764443|SYNTHETIC|BvaluePG|Toni||Mw|2.6727333094792987|synthetic|synthetic unit-square catalog|earthquake|9.935053974689458|59|62|0.3|-3.6635616461296463
1393|2024-12-08T09:29:15.519922|47.447573073256|6.354064240091461|10.163365051755907|SYNTHETIC|BvaluePG|Toni||Mw|2.5683088971737242|synthetic|synthetic unit-square catalog|earthquake|9.936742829617032|1|63|0.3|-3.6635616461296463
1394|2024-12-10T01:27:36.376885|47.362062257841245|6.869388322069846|10.065855579430542|SYNTHETIC|BvaluePG|Toni||Mw|2.577291706581284|synthetic|synthetic unit-square catalog|earthquake|9.941302772608978|4|63|0.3|-3.6635616461296463
1395|2024-12-10T23:46:28.327677|47.42862140995333|7.019275393577552|9.130905609009103|SYNTHETIC|BvaluePG|Toni||Mw|2.781284275005619|synthetic|synthetic unit-square catalog|earthquake|9.943848338519954|5|63|0.3|-3.6635616461296463
1396|2024-12-11T05:57:52.215585|47.356802616241566|8.35539362001208|14.315816285357199|SYNTHETIC|BvaluePG|Toni||Mw|4.172173105215371|synthetic|synthetic unit-square catalog|earthquake|9.94455447231682|11|63|0.3|-3.6635616461296463
1397|2024-12-11T16:24:24.106948|47.33623014958459|8.990247867143086|5.507514987142828|SYNTHETIC|BvaluePG|Toni||Mw|2.660572940370572|synthetic|synthetic unit-square catalog|earthquake|9.945745687471433|14|63|0.3|-3.6635616461296463
1398|2024-12-11T17:43:39.705437|47.33469111913291|10.449198361562734|4.676168416539294|SYNTHETIC|BvaluePG|Toni||Mw|3.1537149622989338|synthetic|synthetic unit-square catalog|earthquake|9.945896383293961|21|63|0.3|-3.6635616461296463
1399|2024-12-14T07:51:06.112079|47.48726151952546|11.280737031794274|15.710116985230991|SYNTHETIC|BvaluePG|Toni||Mw|2.616594840280462|synthetic|synthetic unit-square catalog|earthquake|9.952983310266921|25|63|0.3|-3.6635616461296463
1400|2024-12-14T20:00:40.061516|47.403859428401844|11.206838609533644|9.61634955357271|SYNTHETIC|BvaluePG|Toni||Mw|2.897335495770271|synthetic|synthetic unit-square catalog|earthquake|9.954370423020656|25|63|0.3|-3.6635616461296463
1401|2024-12-22T17:19:11.396309|47.36332390550683|14.830348953873052|4.511516277959714|SYNTHETIC|BvaluePG|Toni||Mw|2.7247004498030325|synthetic|synthetic unit-square catalog|earthquake|9.975966214043812|43|63|0.3|-3.6635616461296463
1402|2024-12-24T06:21:28.992715|47.33987292543313|15.134246037452261|2.957882720660189|SYNTHETIC|BvaluePG|Toni||Mw|2.914188465953053|synthetic|synthetic unit-square catalog|earthquake|9.980191427507638|44|63|0.3|-3.6635616461296463
1403|2024-12-25T02:15:34.829723|47.47811193742193|16.622851680269907|4.277839409352792|SYNTHETIC|BvaluePG|Toni||Mw|2.93677691332847|synthetic|synthetic unit-square catalog|earthquake|9.982461747082269|52|63|0.3|-3.6635616461296463
1404|2024-12-29T17:29:58.516872|47.40911013380227|18.14907587799114|4.078969814805374|SYNTHETIC|BvaluePG|Toni||Mw|2.80206718148255|synthetic|synthetic unit-square catalog|earthquake|9.995151675566971|59|63|0.3|-3.6635616461296463
