t_years mag lon lat depth event_id lambda_true f_true
3.6266542546e-03 2.6054981678e+00 3.8463344496e-02 7.7241096094e-02 2.7197047759e+00 1.0000000000e+00 6.0000000000e-01 -2.9444389792e+00
5.0048063438e-03 2.9312372036e+00 1.8850605939e-01 7.5907744215e-04 1.5491631792e+01 2.0000000000e+00 6.0000000000e-01 -2.9444389792e+00
6.3915605819e-03 3.3279536188e+00 3.7844813960e-01 1.7866451771e-02 1.6957623739e+01 3.0000000000e+00 6.0000000000e-01 -2.9444389792e+00
1.2175598314e-02 2.8480492491e+00 6.1363161210e-01 4.6070182402e-02 9.0408691420e+00 4.0000000000e+00 6.0000000000e-01 -2.9444389792e+00
1.2895085651e-02 2.5189278111e+00 5.5271670694e-01 4.0570025624e-02 6.3300046817e+00 5.0000000000e+00 6.0000000000e-01 -2.9444389792e+00
1.4342613744e-02 2.7759015368e+00 5.6093456931e-01 6.0590186400e-02 9.6164817395e+00 6.0000000000e+00 6.0000000000e-01 -2.9444389792e+00
1.4834114189e-02 3.1846547476e+00 6.1180647780e-01 4.3055599303e-02 8.2999006581e+00 7.0000000000e+00 6.0000000000e-01 -2.9444389792e+00
1.9409916281e-02 2.5404529000e+00 6.5622637363e-01 3.2960365602e-02 5.0509314690e+00 8.0000000000e+00 6.0000000000e-01 -2.9444389792e+00
2.0263454610e-02 2.8256570775e+00 8.3805594504e-01 2.1841231460e-02 6.0797742349e+00 9.0000000000e+00 6.0000000000e-01 -2.9444389792e+00
2.1038066548e-02 2.7735410085e+00 8.7237997670e-01 1.7042603725e-02 4.0593513624e+00 1.0000000000e+01 6.0000000000e-01 -2.9444389792e+00
2.2115665158e-02 3.0270028248e+00 9.3768001827e-01 5.8002484854e-02 5.1022826319e+00 1.1000000000e+01 6.0000000000e-01 -2.9444389792e+00
2.2382989894e-02 3.0363808930e+00 1.2493848785e+00 2.8270646578e-03 2.7229774374e+00 1.2000000000e+01 6.0000000000e-01 -2.9444389792e+00
2.5365955221e-02 3.8770203321e+00 1.2271359822e+00 7.3281019902e-02 3.6225913467e+00 1.3000000000e+01 6.0000000000e-01 -2.9444389792e+00
2.6120906248e-02 3.3924319333e+00 1.2827544732e+00 4.5578048536e-02 5.3979458476e+00 1.4000000000e+01 6.0000000000e-01 -2.9444389792e+00
3.2240447696e-02 3.2155180945e+00 1.3204743216e+00 1.4370312260e-02 1.3004518434e+01 1.5000000000e+01 6.0000000000e-01 -2.9444389792e+00
3.2686902193e-02 2.6956458639e+00 1.4692018333e+00 2.0658901445e-02 1.4520653162e+01 1.6000000000e+01 6.0000000000e-01 -2.9444389792e+00
3.6230515672e-02 3.1855488602e+00 1.4328976556e+00 7.6022193825e-02 1.5755880340e+01 1.7000000000e+01 6.0000000000e-01 -2.9444389792e+00
3.7471687726e-02 3.0075031066e+00 1.7160482359e+00 6.7684017954e-02 1.0828798307e+01 1.8000000000e+01 6.0000000000e-01 -2.9444389792e+00
3.8559866335e-02 3.4312020140e+00 1.7723176428e+00 5.6635728202e-03 9.1878837203e+00 1.9000000000e+01 6.0000000000e-01 -2.9444389792e+00
3.9665914595e-02 2.8316510098e+00 1.9396841793e+00 5.8381318341e-02 9.0257612913e+00 2.0000000000e+01 6.0000000000e-01 -2.9444389792e+00
4.0359101448e-02 2.5665301470e+00 1.9659570114e+00 2.1010227368e-02 1.7597720987e+01 2.1000000000e+01 6.0000000000e-01 -2.9444389792e+00
4.1448522215e-02 2.6953469390e+00 2.2523023641e+00 3.7826690882e-02 1.7055966061e+01 2.2000000000e+01 6.0000000000e-01 -2.9444389792e+00
4.2416545497e-02 3.0803742051e+00 2.2133730957e+00 4.1795042615e-02 2.7903316221e+00 2.3000000000e+01 6.0000000000e-01 -2.9444389792e+00
4.7545411962e-02 2.8322107923e+00 2.4045881270e+00 4.1332064994e-02 4.6409851220e+00 2.4000000000e+01 6.0000000000e-01 -2.9444389792e+00
5.1958748438e-02 2.9292246555e+00 2.4299141315e+00 1.4907659856e-02 1.0779244714e+01 2.5000000000e+01 6.0000000000e-01 -2.9444389792e+00
5.3745022426e-02 2.6985217922e+00 2.4935782534e+00 7.4520128166e-02 7.9737436446e+00 2.6000000000e+01 6.0000000000e-01 -2.9444389792e+00
5.4703480077e-02 2.7095719905e+00 2.7340436905e+00 7.7919061832e-02 1.1794786487e+01 2.7000000000e+01 6.0000000000e-01 -2.9444389792e+00
5.5333010281e-02 2.5127941806e+00 2.6878424245e+00 1.1892741676e-03 8.1996966791e+00 2.8000000000e+01 6.0000000000e-01 -2.9444389792e+00
5.9169801004e-02 4.3243038053e+00 2.6675284336e+00 6.1843328677e-02 1.4347103417e+01 2.9000000000e+01 6.0000000000e-01 -2.9444389792e+00
6.2278686569e-02 3.0134315543e+00 2.8247300835e+00 5.7257380267e-02 8.8959968093e+00 3.0000000000e+01 6.0000000000e-01 -2.9444389792e+00
6.2841423749e-02 2.7615889678e+00 2.9251273939e+00 6.5441765440e-02 1.3991504266e+01 3.1000000000e+01 6.0000000000e-01 -2.9444389792e+00
6.3993306736e-02 2.7182060392e+00 3.1174926149e+00 1.3346464749e-03 2.5665169458e+00 3.2000000000e+01 6.0000000000e-01 -2.9444389792e+00
6.7571146169e-02 3.0490572080e+00 3.3096718023e+00 6.7200955295e-03 1.5042014088e+01 3.3000000000e+01 6.0000000000e-01 -2.9444389792e+00
6.9412562471e-02 2.7855147617e+00 3.4380988905e+00 5.0770130124e-03 1.4176451042e+01 3.4000000000e+01 6.0000000000e-01 -2.9444389792e+00
7.1333485304e-02 2.9681534641e+00 3.4621554026e+00 4.2633203574e-02 4.8346429335e+00 3.5000000000e+01 6.0000000000e-01 -2.9444389792e+00
7.3212221205e-02 3.3951845799e+00 3.5892901744e+00 5.0753020137e-02 1.0570849631e+01 3.6000000000e+01 6.0000000000e-01 -2.9444389792e+00
7.4929945748e-02 2.8985982928e+00 3.5282029865e+00 3.2785689933e-02 5.4480788816e+00 3.7000000000e+01 6.0000000000e-01 -2.9444389792e+00
8.0902037305e-02 2.9847706194e+00 3.6316214702e+00 6.6126444191e-02 1.3422250653e+01 3.8000000000e+01 6.0000000000e-01 -2.9444389792e+00
8.4728506416e-02 2.5196618142e+00 3.7256022632e+00 6.6610419835e-02 1.2181155284e+01 3.9000000000e+01 6.0000000000e-01 -2.9444389792e+00
8.5181485256e-02 2.5384378650e+00 3.7585745636e+00 3.8666969677e-02 5.5901418056e+00 4.0000000000e+01 6.0000000000e-01 -2.9444389792e+00
8.9284035789e-02 2.7468899984e+00 3.9825294855e+00 4.5269486528e-03 1.7961867850e+01 4.1000000000e+01 6.0000000000e-01 -2.9444389792e+00
9.2363436060e-02 3.0652827790e+00 4.1891122933e+00 5.8837574543e-02 5.1625800803e+00 4.2000000000e+01 6.0000000000e-01 -2.9444389792e+00
9.2712175323e-02 3.2963247860e+00 4.4915523540e+00 5.7677596533e-02 2.7844231461e+00 4.3000000000e+01 6.0000000000e-01 -2.9444389792e+00
9.4111942375e-02 2.8661853601e+00 4.6605197128e+00 6.6464645747e-02 1.2895496280e+01 4.4000000000e+01 6.0000000000e-01 -2.9444389792e+00
9.4610128711e-02 2.9846221572e+00 4.7606041773e+00 5.4406057433e-02 1.0457377554e+01 4.5000000000e+01 6.0000000000e-01 -2.9444389792e+00
9.5211165652e-02 3.4110451815e+00 4.7945168789e+00 3.3445396722e-02 4.9787004816e+00 4.6000000000e+01 6.0000000000e-01 -2.9444389792e+00
1.0037366603e-01 3.5045141633e+00 4.9590566016e+00 6.1720766396e-02 1.5627773476e+01 4.7000000000e+01 6.0000000000e-01 -2.9444389792e+00
1.0089207820e-01 4.2052726378e+00 5.5142590816e-02 1.1849679057e-01 1.0911758387e+01 4.8000000000e+01 6.0000000000e-01 -2.9444389792e+00
1.1366131412e-01 2.5017115046e+00 2.9579740043e-01 8.2846385374e-02 1.3185260216e+01 4.9000000000e+01 6.0000000000e-01 -2.9444389792e+00
1.1581177251e-01 3.0472339309e+00 2.7765294523e-01 1.4898327980e-01 2.0431119387e+00 5.0000000000e+01 6.0000000000e-01 -2.9444389792e+00
1.1705692886e-01 2.8182465188e+00 6.2214060528e-01 7.9640339571e-02 3.8585976228e+00 5.1000000000e+01 6.0000000000e-01 -2.9444389792e+00
1.2003313803e-01 2.6054721862e+00 5.9336002770e-01 1.3279655509e-01 1.7672637577e+01 5.2000000000e+01 6.0000000000e-01 -2.9444389792e+00
1.2785365769e-01 2.5214860802e+00 5.9949910771e-01 8.3384121076e-02 8.9425257409e+00 5.3000000000e+01 6.0000000000e-01 -2.9444389792e+00
1.2961541646e-01 3.3248039964e+00 6.8526921034e-01 1.3704137850e-01 3.5730302930e+00 5.4000000000e+01 6.0000000000e-01 -2.9444389792e+00
1.3048786696e-01 3.7530290636e+00 6.4195908203e-01 1.0283857621e-01 2.3802976633e+00 5.5000000000e+01 6.0000000000e-01 -2.9444389792e+00
1.3668709586e-01 3.3347044282e+00 7.5783902292e-01 1.1601098465e-01 1.4023112052e+01 5.6000000000e+01 6.0000000000e-01 -2.9444389792e+00
1.3699958053e-01 2.7959644375e+00 8.4647286443e-01 1.0194447078e-01 2.0210710811e+00 5.7000000000e+01 6.0000000000e-01 -2.9444389792e+00
1.3810022083e-01 2.5324445333e+00 9.4936788897e-01 1.4958825768e-01 2.4439969549e+00 5.8000000000e+01 6.0000000000e-01 -2.9444389792e+00
1.4002859192e-01 2.8653009774e+00 9.6422482465e-01 9.6858843457e-02 1.1559206322e+01 5.9000000000e+01 6.0000000000e-01 -2.9444389792e+00
1.4026171881e-01 2.9523157184e+00 1.1083921984e+00 1.0916752370e-01 4.2620565641e+00 6.0000000000e+01 6.0000000000e-01 -2.9444389792e+00
1.4561157071e-01 3.7846945780e+00 1.2298127074e+00 7.8224670786e-02 3.5205797695e+00 6.1000000000e+01 6.0000000000e-01 -2.9444389792e+00
1.4762667060e-01 2.6176750738e+00 1.4070468197e+00 1.2807837553e-01 1.0054389036e+01 6.2000000000e+01 6.0000000000e-01 -2.9444389792e+00
1.4868617155e-01 3.0919402287e+00 1.4292135435e+00 1.5464480472e-01 1.1214380663e+01 6.3000000000e+01 6.0000000000e-01 -2.9444389792e+00
1.4959789972e-01 2.8811334808e+00 1.5394719158e+00 1.2702521424e-01 2.5454479175e+00 6.4000000000e+01 6.0000000000e-01 -2.9444389792e+00
1.5195376507e-01 2.7237514656e+00 1.7729094532e+00 1.4157877536e-01 1.5172287927e+01 6.5000000000e+01 6.0000000000e-01 -2.9444389792e+00
1.5993877438e-01 2.5420276618e+00 2.2259536797e+00 1.1140095556e-01 4.3944173253e+00 6.6000000000e+01 6.0000000000e-01 -2.9444389792e+00
1.6033010753e-01 3.0268673916e+00 2.2890848460e+00 1.4229319036e-01 1.2210513522e+01 6.7000000000e+01 6.0000000000e-01 -2.9444389792e+00
1.6059909052e-01 2.9491685611e+00 2.5539653067e+00 1.0111456239e-01 9.6499339228e+00 6.8000000000e+01 6.0000000000e-01 -2.9444389792e+00
1.6093644664e-01 3.0587523880e+00 2.5881071062e+00 1.3507906635e-01 1.2897873159e+01 6.9000000000e+01 6.0000000000e-01 -2.9444389792e+00
1.6210825883e-01 3.3918235469e+00 2.7260272233e+00 1.1525979584e-01 1.4037293967e+01 7.0000000000e+01 6.0000000000e-01 -2.9444389792e+00
1.6285225256e-01 2.5039175816e+00 2.7339094189e+00 1.0474927955e-01 1.4960832561e+01 7.1000000000e+01 6.0000000000e-01 -2.9444389792e+00
1.6574651053e-01 2.7716116939e+00 2.8322673783e+00 1.2441093904e-01 1.4846678048e+01 7.2000000000e+01 6.0000000000e-01 -2.9444389792e+00
1.6758537496e-01 3.2736431874e+00 2.9365753709e+00 1.1741513736e-01 4.1302516329e+00 7.3000000000e+01 6.0000000000e-01 -2.9444389792e+00
1.6857952261e-01 2.6071569856e+00 3.2645396577e+00 1.2987910739e-01 1.0091502682e+01 7.4000000000e+01 6.0000000000e-01 -2.9444389792e+00
1.6971318124e-01 2.6868209313e+00 3.2727839962e+00 1.5459517884e-01 6.7007263568e+00 7.5000000000e+01 6.0000000000e-01 -2.9444389792e+00
1.7006116905e-01 2.5610336334e+00 3.2851518325e+00 1.5393372537e-01 1.3242053017e+01 7.6000000000e+01 6.0000000000e-01 -2.9444389792e+00
1.7215038046e-01 2.6465770691e+00 3.7989142879e+00 1.0967145553e-01 7.0549528746e+00 7.7000000000e+01 6.0000000000e-01 -2.9444389792e+00
1.7229319434e-01 2.7315575931e+00 3.8919285761e+00 8.6602995588e-02 1.7063246220e+01 7.8000000000e+01 6.0000000000e-01 -2.9444389792e+00
1.7487565079e-01 2.8067141704e+00 3.9571877167e+00 1.0848567051e-01 1.6056061019e+01 7.9000000000e+01 6.0000000000e-01 -2.9444389792e+00
1.7637495340e-01 3.0708663176e+00 4.0706848082e+00 1.4232358776e-01 1.6063979724e+01 8.0000000000e+01 6.0000000000e-01 -2.9444389792e+00
1.7745201520e-01 2.5464422780e+00 4.2953599355e+00 1.0230333025e-01 7.7153150111e+00 8.1000000000e+01 6.0000000000e-01 -2.9444389792e+00
1.7952365208e-01 2.8805896107e+00 4.6330467521e+00 1.2970636574e-01 7.6516105455e+00 8.2000000000e+01 6.0000000000e-01 -2.9444389792e+00
1.8180190148e-01 2.9592698071e+00 4.8586642978e+00 1.1079904913e-01 1.6660504975e+01 8.3000000000e+01 6.0000000000e-01 -2.9444389792e+00
1.8278669564e-01 2.8521354285e+00 4.9289825248e+00 1.0112496935e-01 6.9920318124e+00 8.4000000000e+01 6.0000000000e-01 -2.9444389792e+00
1.8874055359e-01 2.5538069750e+00 3.1233156714e-02 2.2508904339e-01 1.1719289212e+01 8.5000000000e+01 6.0000000000e-01 -2.9444389792e+00
1.8939168400e-01 2.8174726870e+00 3.5578083816e-01 1.7900439315e-01 1.6136181285e+01 8.6000000000e+01 6.0000000000e-01 -2.9444389792e+00
1.9001780399e-01 3.3416684849e+00 4.5775649622e-01 1.7696758589e-01 7.5564872326e+00 8.7000000000e+01 6.0000000000e-01 -2.9444389792e+00
1.9466417602e-01 3.1564023950e+00 3.9823638258e-01 1.9409202534e-01 5.5916800695e+00 8.8000000000e+01 6.0000000000e-01 -2.9444389792e+00
1.9652449048e-01 3.4368544336e+00 5.7006306552e-01 1.9575934913e-01 2.2419395700e+00 8.9000000000e+01 6.0000000000e-01 -2.9444389792e+00
1.9968312456e-01 2.5242916251e+00 6.2842620224e-01 1.8319811829e-01 1.5501208405e+01 9.0000000000e+01 6.0000000000e-01 -2.9444389792e+00
2.0011472849e-01 2.5701500824e+00 9.4331045206e-01 2.0145379290e-01 1.0976124310e+01 9.1000000000e+01 6.0000000000e-01 -2.9444389792e+00
2.0562702528e-01 2.5095227168e+00 1.0127182623e+00 1.9072413188e-01 1.6331585438e+01 9.2000000000e+01 6.0000000000e-01 -2.9444389792e+00
2.0811706050e-01 2.5253845259e+00 9.8092730501e-01 2.0795440871e-01 1.7056852694e+01 9.3000000000e+01 6.0000000000e-01 -2.9444389792e+00
2.1015029955e-01 2.7259899978e+00 1.3043346758e+00 1.9200282523e-01 1.0639406149e+01 9.4000000000e+01 6.0000000000e-01 -2.9444389792e+00
2.1044311145e-01 2.5827195547e+00 1.3810185423e+00 2.3168254296e-01 2.9662407453e+00 9.5000000000e+01 6.0000000000e-01 -2.9444389792e+00
2.1060667396e-01 2.7311211012e+00 1.3833458430e+00 1.6696135390e-01 1.6089597663e+01 9.6000000000e+01 6.0000000000e-01 -2.9444389792e+00
2.1182853578e-01 3.1707275197e+00 1.4776796120e+00 1.9969450631e-01 3.8074228861e+00 9.7000000000e+01 6.0000000000e-01 -2.9444389792e+00
2.1266671664e-01 2.6464596640e+00 1.5024938801e+00 1.5692906440e-01 1.6087529561e+01 9.8000000000e+01 6.0000000000e-01 -2.9444389792e+00
2.1368244120e-01 3.9588424805e+00 1.5224135925e+00 2.1989878835e-01 1.6055055343e+01 9.9000000000e+01 6.0000000000e-01 -2.9444389792e+00
2.1505117560e-01 2.7921070600e+00 1.7816793613e+00 2.1818239322e-01 1.2785073841e+01 1.0000000000e+02 6.0000000000e-01 -2.9444389792e+00
2.1721795919e-01 2.6097666469e+00 2.0931479794e+00 1.6269417774e-01 1.5719884668e+01 1.0100000000e+02 6.0000000000e-01 -2.9444389792e+00
2.1771692371e-01 2.6628061549e+00 2.2530998595e+00 1.9093574841e-01 8.9697799671e+00 1.0200000000e+02 6.0000000000e-01 -2.9444389792e+00
2.1774809842e-01 3.0152671779e+00 2.3422264050e+00 1.9337192487e-01 1.3671796472e+01 1.0300000000e+02 6.0000000000e-01 -2.9444389792e+00
2.1818770362e-01 2.5218703448e+00 2.3213045374e+00 1.8982625134e-01 3.7732786592e+00 1.0400000000e+02 6.0000000000e-01 -2.9444389792e+00
2.2198288905e-01 3.5011745162e+00 2.3528390605e+00 2.0349678099e-01 7.0936815734e+00 1.0500000000e+02 6.0000000000e-01 -2.9444389792e+00
2.2658633720e-01 2.9885153856e+00 2.4873875937e+00 1.9443456409e-01 9.5447812136e+00 1.0600000000e+02 6.0000000000e-01 -2.9444389792e+00
2.2729853088e-01 2.8116120344e+00 2.5175918857e+00 2.1363202464e-01 7.4169710053e+00 1.0700000000e+02 6.0000000000e-01 -2.9444389792e+00
2.2785144483e-01 2.8148378991e+00 2.7852141364e+00 2.2323243131e-01 1.0009454921e+01 1.0800000000e+02 6.0000000000e-01 -2.9444389792e+00
2.2851042162e-01 2.6020515060e+00 2.7577689761e+00 1.6511582375e-01 5.0053471567e+00 1.0900000000e+02 6.0000000000e-01 -2.9444389792e+00
2.2925774007e-01 3.0506292597e+00 2.8104385818e+00 2.2106085091e-01 1.2513451987e+01 1.1000000000e+02 6.0000000000e-01 -2.9444389792e+00
2.2937230624e-01 4.0926607130e+00 3.0975575589e+00 2.2086845848e-01 1.1503389681e+01 1.1100000000e+02 6.0000000000e-01 -2.9444389792e+00
2.3078019986e-01 2.5866030390e+00 3.0826027567e+00 1.8173235677e-01 9.6962151759e+00 1.1200000000e+02 6.0000000000e-01 -2.9444389792e+00
2.3320445556e-01 2.5682012091e+00 3.2682547280e+00 1.8609739312e-01 1.1065565183e+01 1.1300000000e+02 6.0000000000e-01 -2.9444389792e+00
2.3586684919e-01 2.8746248946e+00 3.2343659118e+00 2.2716331412e-01 5.2887903225e+00 1.1400000000e+02 6.0000000000e-01 -2.9444389792e+00
2.3693090644e-01 2.5875331664e+00 3.3420714303e+00 1.8396110703e-01 1.3119952766e+01 1.1500000000e+02 6.0000000000e-01 -2.9444389792e+00
2.3890458776e-01 2.5891092061e+00 3.3819240606e+00 2.1868837812e-01 1.1476960919e+01 1.1600000000e+02 6.0000000000e-01 -2.9444389792e+00
2.4176714055e-01 3.0285297445e+00 3.5464348408e+00 1.9161580167e-01 8.0654249100e+00 1.1700000000e+02 6.0000000000e-01 -2.9444389792e+00
2.4178456019e-01 2.8238711854e+00 3.6789445271e+00 2.0905486969e-01 1.3299547197e+01 1.1800000000e+02 6.0000000000e-01 -2.9444389792e+00
2.4713952383e-01 2.8776183039e+00 3.7677294833e+00 1.9797543163e-01 8.9206338663e+00 1.1900000000e+02 6.0000000000e-01 -2.9444389792e+00
2.5486578202e-01 2.7681479855e+00 3.9692246408e+00 1.8694721686e-01 4.6201162035e+00 1.2000000000e+02 6.0000000000e-01 -2.9444389792e+00
2.5856981071e-01 2.6932934520e+00 3.9610827262e+00 2.1148253559e-01 1.7724583346e+01 1.2100000000e+02 6.0000000000e-01 -2.9444389792e+00
2.5890456405e-01 3.0186944761e+00 4.0049125802e+00 2.0734135516e-01 7.8586550221e+00 1.2200000000e+02 6.0000000000e-01 -2.9444389792e+00
2.6086554870e-01 4.4037353288e+00 4.0738080996e+00 2.2296605151e-01 3.0237913750e+00 1.2300000000e+02 6.0000000000e-01 -2.9444389792e+00
2.6326364925e-01 3.1467655317e+00 4.1903620744e+00 2.3243911017e-01 1.5354524656e+01 1.2400000000e+02 6.0000000000e-01 -2.9444389792e+00
2.6384442068e-01 2.8028268251e+00 4.2593366148e+00 2.2017075720e-01 1.7098153200e+01 1.2500000000e+02 6.0000000000e-01 -2.9444389792e+00
2.6481744644e-01 2.9420181515e+00 4.3458540041e+00 1.7794902857e-01 1.4337494174e+01 1.2600000000e+02 6.0000000000e-01 -2.9444389792e+00
2.6768262524e-01 2.5570118473e+00 4.4224689639e+00 2.3390880851e-01 9.3134487325e+00 1.2700000000e+02 6.0000000000e-01 -2.9444389792e+00
2.6832740575e-01 2.5014888633e+00 4.5019970001e+00 1.7317988207e-01 1.7751719848e+01 1.2800000000e+02 6.0000000000e-01 -2.9444389792e+00
2.6964390525e-01 2.7652474689e+00 4.6792840283e+00 1.8740475976e-01 1.5555526214e+01 1.2900000000e+02 6.0000000000e-01 -2.9444389792e+00
2.6967104977e-01 4.5189697843e+00 5.4963458033e-02 2.9757218533e-01 1.3108610008e+01 1.3000000000e+02 6.0000000000e-01 -2.9444389792e+00
2.6974841729e-01 2.5275877874e+00 1.4029881538e-01 2.9613574823e-01 1.7248967392e+01 1.3100000000e+02 6.0000000000e-01 -2.9444389792e+00
2.7141998782e-01 2.6520967261e+00 1.0424136117e-01 2.7254710321e-01 7.5006880788e+00 1.3200000000e+02 6.0000000000e-01 -2.9444389792e+00
2.7375551427e-01 2.7415937699e+00 1.8222274563e-01 2.4763063446e-01 1.2887412725e+01 1.3300000000e+02 6.0000000000e-01 -2.9444389792e+00
2.7625225463e-01 4.1399873957e+00 5.5907465168e-01 2.3461796896e-01 6.4341230588e+00 1.3400000000e+02 6.0000000000e-01 -2.9444389792e+00
2.7968600408e-01 2.9440112058e+00 8.3764197612e-01 2.8248321308e-01 1.1548442728e+01 1.3500000000e+02 6.0000000000e-01 -2.9444389792e+00
2.8067321447e-01 3.4398471029e+00 8.5316273916e-01 2.3746018514e-01 1.7485288803e+01 1.3600000000e+02 6.0000000000e-01 -2.9444389792e+00
2.8334646839e-01 2.5403548754e+00 1.1150261760e+00 3.0325894478e-01 6.6247473026e+00 1.3700000000e+02 6.0000000000e-01 -2.9444389792e+00
2.8783374896e-01 2.6083984881e+00 1.2338347211e+00 2.4354520179e-01 1.6985026003e+01 1.3800000000e+02 6.0000000000e-01 -2.9444389792e+00
2.8794684379e-01 3.0494020715e+00 1.4603797311e+00 2.5221071412e-01 7.8806367793e+00 1.3900000000e+02 6.0000000000e-01 -2.9444389792e+00
2.9228920671e-01 2.5448223162e+00 1.5467606467e+00 2.8806710039e-01 1.2077951704e+01 1.4000000000e+02 6.0000000000e-01 -2.9444389792e+00
2.9266896894e-01 2.9903488254e+00 1.5560691048e+00 3.0670409669e-01 8.5824420428e+00 1.4100000000e+02 6.0000000000e-01 -2.9444389792e+00
2.9482314406e-01 2.9790356422e+00 1.5039256498e+00 2.8744952469e-01 6.5065189909e+00 1.4200000000e+02 6.0000000000e-01 -2.9444389792e+00
2.9635373321e-01 2.5721630128e+00 1.7324815962e+00 2.5697794847e-01 9.7651063653e+00 1.4300000000e+02 6.0000000000e-01 -2.9444389792e+00
2.9826943935e-01 2.8678985384e+00 1.9153760781e+00 2.8773456973e-01 1.1587912364e+01 1.4400000000e+02 6.0000000000e-01 -2.9444389792e+00
2.9981440581e-01 2.6931018078e+00 2.0859965909e+00 2.9435606966e-01 4.1822212592e+00 1.4500000000e+02 6.0000000000e-01 -2.9444389792e+00
2.9999611369e-01 2.5965103571e+00 2.0510343738e+00 3.1030318511e-01 7.5199461356e+00 1.4600000000e+02 6.0000000000e-01 -2.9444389792e+00
3.0128917217e-01 2.8572016333e+00 2.1500374617e+00 2.9373556467e-01 4.7638379622e+00 1.4700000000e+02 6.0000000000e-01 -2.9444389792e+00
3.0501282418e-01 3.3473589061e+00 2.9810163707e+00 3.1115686871e-01 1.0945139822e+01 1.4800000000e+02 6.0000000000e-01 -2.9444389792e+00
3.0501294171e-01 2.5642246109e+00 3.0123616141e+00 2.7740795822e-01 7.2434742420e+00 1.4900000000e+02 6.0000000000e-01 -2.9444389792e+00
3.1101075308e-01 3.5457147256e+00 3.1903950704e+00 2.9781027897e-01 1.7988060444e+01 1.5000000000e+02 6.0000000000e-01 -2.9444389792e+00
3.1302450690e-01 3.2511695596e+00 3.1260550143e+00 2.4602163179e-01 4.0970579895e+00 1.5100000000e+02 6.0000000000e-01 -2.9444389792e+00
3.1377460041e-01 3.4335233860e+00 3.1827189506e+00 2.9367705500e-01 3.1531621784e+00 1.5200000000e+02 6.0000000000e-01 -2.9444389792e+00
3.1529693185e-01 2.6881383861e+00 3.2113931699e+00 2.9355856832e-01 6.6489157395e+00 1.5300000000e+02 6.0000000000e-01 -2.9444389792e+00
3.1625516372e-01 2.5357435246e+00 3.4299491146e+00 2.9451415037e-01 1.4768869221e+01 1.5400000000e+02 6.0000000000e-01 -2.9444389792e+00
3.1652825474e-01 2.5338320868e+00 3.4565762016e+00 2.6586582384e-01 1.4841406678e+01 1.5500000000e+02 6.0000000000e-01 -2.9444389792e+00
3.1693273707e-01 2.5962739503e+00 3.6162943529e+00 2.7081314704e-01 1.4350543218e+01 1.5600000000e+02 6.0000000000e-01 -2.9444389792e+00
3.1838482353e-01 2.5992661706e+00 3.9915223526e+00 2.3642328893e-01 9.3384668611e+00 1.5700000000e+02 6.0000000000e-01 -2.9444389792e+00
3.2071266970e-01 2.8827812778e+00 4.2592276557e+00 2.4567841529e-01 4.1808749243e+00 1.5800000000e+02 6.0000000000e-01 -2.9444389792e+00
3.2345224665e-01 2.6067655564e+00 4.2361219146e+00 2.8545183870e-01 8.4843677358e+00 1.5900000000e+02 6.0000000000e-01 -2.9444389792e+00
3.2397729198e-01 2.7658363454e+00 4.2703512036e+00 2.8550144192e-01 3.2636553501e+00 1.6000000000e+02 6.0000000000e-01 -2.9444389792e+00
3.2409783386e-01 2.8005340479e+00 4.2970846367e+00 2.5274154141e-01 5.4957274231e+00 1.6100000000e+02 6.0000000000e-01 -2.9444389792e+00
3.2421078853e-01 4.0406082024e+00 4.2995023123e+00 3.0347787050e-01 1.7790295134e+01 1.6200000000e+02 6.0000000000e-01 -2.9444389792e+00
3.2705888416e-01 2.7851557311e+00 4.2983162691e+00 2.3898687197e-01 2.0641494394e+00 1.6300000000e+02 6.0000000000e-01 -2.9444389792e+00
3.2748510585e-01 2.7766188539e+00 4.5680003362e+00 2.6138168818e-01 8.4784372802e+00 1.6400000000e+02 6.0000000000e-01 -2.9444389792e+00
3.2879657805e-01 2.6446530997e+00 4.5937305659e+00 2.7619139846e-01 2.8421986744e+00 1.6500000000e+02 6.0000000000e-01 -2.9444389792e+00
3.3151912183e-01 2.7450418072e+00 1.4520055173e-01 3.2545901793e-01 1.1569692229e+01 1.6600000000e+02 6.0000000000e-01 -2.9444389792e+00
3.3181905731e-01 2.7500262260e+00 3.1059202926e-01 3.2089889476e-01 1.7917618081e+01 1.6700000000e+02 6.0000000000e-01 -2.9444389792e+00
3.3230991389e-01 2.8688159809e+00 2.8431005805e-01 3.8597240883e-01 9.7813467806e+00 1.6800000000e+02 6.0000000000e-01 -2.9444389792e+00
3.3243354593e-01 2.5791357093e+00 2.4118582484e-01 3.1902806859e-01 1.1156428821e+01 1.6900000000e+02 6.0000000000e-01 -2.9444389792e+00
3.3317522792e-01 2.5209194923e+00 3.2643698223e-01 3.5789232816e-01 1.6475357592e+01 1.7000000000e+02 6.0000000000e-01 -2.9444389792e+00
3.3454657424e-01 2.6530118516e+00 6.3208531215e-01 3.4544734278e-01 4.1734932905e+00 1.7100000000e+02 6.0000000000e-01 -2.9444389792e+00
3.3517489338e-01 3.1434558881e+00 6.4966100455e-01 3.6468423717e-01 1.7527440595e+01 1.7200000000e+02 6.0000000000e-01 -2.9444389792e+00
3.3993439516e-01 3.3792273868e+00 8.7362750348e-01 3.4819620047e-01 1.3495048526e+01 1.7300000000e+02 6.0000000000e-01 -2.9444389792e+00
3.4062588390e-01 3.3469473700e+00 1.0586769639e+00 3.8778294345e-01 1.2567241174e+01 1.7400000000e+02 6.0000000000e-01 -2.9444389792e+00
3.4174439347e-01 2.8680488466e+00 1.2192408531e+00 3.8250151931e-01 8.0651602614e+00 1.7500000000e+02 6.0000000000e-01 -2.9444389792e+00
3.4346095721e-01 2.5618631669e+00 1.3104768192e+00 3.2610103801e-01 7.3337889235e+00 1.7600000000e+02 6.0000000000e-01 -2.9444389792e+00
3.4378804117e-01 2.9110023762e+00 1.3344025019e+00 3.8951414795e-01 8.9844645510e+00 1.7700000000e+02 6.0000000000e-01 -2.9444389792e+00
3.4629610579e-01 2.5770432471e+00 1.6815748296e+00 3.3845897452e-01 1.4612926911e+01 1.7800000000e+02 6.0000000000e-01 -2.9444389792e+00
3.4725239383e-01 2.5592414134e+00 1.8108256499e+00 3.8856039851e-01 2.5638940713e+00 1.7900000000e+02 6.0000000000e-01 -2.9444389792e+00
3.4867039203e-01 4.1315189650e+00 1.9914637303e+00 3.7555527213e-01 8.5784585681e+00 1.8000000000e+02 6.0000000000e-01 -2.9444389792e+00
3.4935654352e-01 2.5266593451e+00 2.2121959600e+00 3.2107975810e-01 1.6061908925e+01 1.8100000000e+02 6.0000000000e-01 -2.9444389792e+00
3.4945175155e-01 2.5107664897e+00 2.3688331708e+00 3.5852488259e-01 6.1730955891e+00 1.8200000000e+02 6.0000000000e-01 -2.9444389792e+00
3.5054746514e-01 2.9344574408e+00 2.4516965501e+00 3.6364079355e-01 1.3163695650e+01 1.8300000000e+02 6.0000000000e-01 -2.9444389792e+00
3.5168653340e-01 4.0427663711e+00 2.8867770255e+00 3.7760755008e-01 1.1902909316e+01 1.8400000000e+02 6.0000000000e-01 -2.9444389792e+00
3.5230896577e-01 2.9451236618e+00 2.9963487335e+00 3.3396151740e-01 8.8171879214e+00 1.8500000000e+02 6.0000000000e-01 -2.9444389792e+00
3.5534412156e-01 4.1933388366e+00 3.0768534460e+00 3.3888855372e-01 6.4117985906e+00 1.8600000000e+02 6.0000000000e-01 -2.9444389792e+00
3.5781829131e-01 2.8618295949e+00 3.0952893900e+00 3.7381048336e-01 3.4919381170e+00 1.8700000000e+02 6.0000000000e-01 -2.9444389792e+00
3.6082417173e-01 2.8105467199e+00 3.4287328708e+00 3.1339099070e-01 5.8525737909e+00 1.8800000000e+02 6.0000000000e-01 -2.9444389792e+00
3.6083338477e-01 2.6926834939e+00 3.4679453375e+00 3.4326259833e-01 5.2234089114e+00 1.8900000000e+02 6.0000000000e-01 -2.9444389792e+00
3.6247655569e-01 3.0694467366e+00 3.5406353090e+00 3.6450100783e-01 1.4634361839e+01 1.9000000000e+02 6.0000000000e-01 -2.9444389792e+00
3.6591295445e-01 2.5877938627e+00 3.7043590991e+00 3.5469110987e-01 1.1189537562e+01 1.9100000000e+02 6.0000000000e-01 -2.9444389792e+00
3.6893305288e-01 3.1565816450e+00 4.0003597117e+00 3.7418025577e-01 1.5032003557e+01 1.9200000000e+02 6.0000000000e-01 -2.9444389792e+00
3.6901101711e-01 2.5070688882e+00 4.0979486216e+00 3.6090303810e-01 9.4124932746e+00 1.9300000000e+02 6.0000000000e-01 -2.9444389792e+00
3.7139659454e-01 3.1548087905e+00 2.1327273701e-01 4.5583133263e-01 1.2692136167e+01 1.9400000000e+02 6.0000000000e-01 -2.9444389792e+00
3.7246291664e-01 2.7412240642e+00 4.3784528428e-01 4.2954476255e-01 1.4449413354e+01 1.9500000000e+02 6.0000000000e-01 -2.9444389792e+00
3.7273196237e-01 2.6830358783e+00 4.3493364678e-01 4.1913078779e-01 6.9860149755e+00 1.9600000000e+02 6.0000000000e-01 -2.9444389792e+00
3.7332041066e-01 3.0811071084e+00 4.6331463888e-01 4.3180021170e-01 4.6025159649e+00 1.9700000000e+02 6.0000000000e-01 -2.9444389792e+00
3.7439504478e-01 2.9061719881e+00 5.5569666358e-01 4.3081023430e-01 1.4414538239e+01 1.9800000000e+02 6.0000000000e-01 -2.9444389792e+00
3.7742291318e-01 3.0884049810e+00 7.2510971671e-01 4.5813383686e-01 1.7577728187e+01 1.9900000000e+02 6.0000000000e-01 -2.9444389792e+00
3.7845486195e-01 3.1482012362e+00 7.0320599698e-01 4.3326009629e-01 1.7913304693e+01 2.0000000000e+02 6.0000000000e-01 -2.9444389792e+00
3.8552621479e-01 2.5605059401e+00 7.7138168960e-01 4.5889973663e-01 4.8561674462e+00 2.0100000000e+02 6.0000000000e-01 -2.9444389792e+00
3.8855497046e-01 2.6419144414e+00 1.3904374991e+00 4.6759151856e-01 1.3696032273e+01 2.0200000000e+02 6.0000000000e-01 -2.9444389792e+00
3.9023439467e-01 2.9021279030e+00 1.6128820979e+00 4.2831316901e-01 1.2660955266e+01 2.0300000000e+02 6.0000000000e-01 -2.9444389792e+00
3.9029085078e-01 3.5116888297e+00 1.7256176935e+00 4.6815025531e-01 1.2406223124e+01 2.0400000000e+02 6.0000000000e-01 -2.9444389792e+00
3.9141686564e-01 2.6797158786e+00 1.8749822992e+00 4.6037434661e-01 2.2556002844e+00 2.0500000000e+02 6.0000000000e-01 -2.9444389792e+00
3.9212706917e-01 2.9609952064e+00 2.5001466752e+00 4.5340748124e-01 8.4456477390e+00 2.0600000000e+02 6.0000000000e-01 -2.9444389792e+00
3.9372813310e-01 2.9605280079e+00 2.5206316908e+00 4.3638662708e-01 7.2401809264e+00 2.0700000000e+02 6.0000000000e-01 -2.9444389792e+00
3.9968373447e-01 2.5315535732e+00 2.7274635583e+00 4.6817446330e-01 1.5769499099e+01 2.0800000000e+02 6.0000000000e-01 -2.9444389792e+00
4.0145057669e-01 2.5735136324e+00 2.7844194489e+00 4.0418013953e-01 6.3887637516e+00 2.0900000000e+02 6.0000000000e-01 -2.9444389792e+00
4.0609716007e-01 2.7418387887e+00 2.8610277820e+00 4.4055390062e-01 5.3505119422e+00 2.1000000000e+02 6.0000000000e-01 -2.9444389792e+00
4.0626509999e-01 2.5919234409e+00 3.1236444490e+00 3.9132814954e-01 2.2797456785e+00 2.1100000000e+02 6.0000000000e-01 -2.9444389792e+00
4.0639564003e-01 2.6967682533e+00 3.4820707270e+00 4.1055047355e-01 1.2767463522e+01 2.1200000000e+02 6.0000000000e-01 -2.9444389792e+00
4.1061616331e-01 2.8739189144e+00 3.4536052055e+00 4.1335625585e-01 1.5744675488e+01 2.1300000000e+02 6.0000000000e-01 -2.9444389792e+00
4.1145759926e-01 3.0098784751e+00 3.6003238580e+00 3.9202028210e-01 1.6099832241e+01 2.1400000000e+02 6.0000000000e-01 -2.9444389792e+00
4.1189102859e-01 2.6276571887e+00 4.2849220810e+00 4.6202774537e-01 5.1541694173e+00 2.1500000000e+02 6.0000000000e-01 -2.9444389792e+00
4.1241728619e-01 2.6077907756e+00 4.3633151671e+00 3.9257101390e-01 3.7746109801e+00 2.1600000000e+02 6.0000000000e-01 -2.9444389792e+00
4.1298799056e-01 3.5353466904e+00 4.4064786483e+00 4.3670497706e-01 7.9223145061e+00 2.1700000000e+02 6.0000000000e-01 -2.9444389792e+00
4.1311304808e-01 3.1214052139e+00 4.4649063358e+00 4.1950519372e-01 1.1695345664e+01 2.1800000000e+02 6.0000000000e-01 -2.9444389792e+00
4.1892495897e-01 2.5117785943e+00 4.5423476700e+00 4.3952665811e-01 3.2521038580e+00 2.1900000000e+02 6.0000000000e-01 -2.9444389792e+00
4.2016941146e-01 2.8282907432e+00 4.5690668941e+00 4.6650992012e-01 8.5694778725e+00 2.2000000000e+02 6.0000000000e-01 -2.9444389792e+00
4.2053422560e-01 2.6300760679e+00 4.6443453268e+00 4.3888830944e-01 5.3095264932e+00 2.2100000000e+02 6.0000000000e-01 -2.9444389792e+00
4.2575139702e-01 2.5943109509e+00 4.8063011280e+00 4.2706284470e-01 5.4766141043e+00 2.2200000000e+02 6.0000000000e-01 -2.9444389792e+00
4.2640906902e-01 2.5428949915e+00 8.3951973108e-02 5.2046796090e-01 1.7055707814e+01 2.2300000000e+02 6.0000000000e-01 -2.9444389792e+00
4.2788783244e-01 2.9157752240e+00 1.4033331019e-01 5.2273240918e-01 2.3887296352e+00 2.2400000000e+02 6.0000000000e-01 -2.9444389792e+00
4.2789650053e-01 2.5996892117e+00 1.6506957744e-01 4.8432638064e-01 1.7223924072e+01 2.2500000000e+02 6.0000000000e-01 -2.9444389792e+00
4.3546334204e-01 2.6927557505e+00 4.4097102177e-01 5.1903477566e-01 6.0183070246e+00 2.2600000000e+02 6.0000000000e-01 -2.9444389792e+00
4.3789075599e-01 2.9451062507e+00 6.0820017054e-01 5.0171933368e-01 1.3789848399e+01 2.2700000000e+02 6.0000000000e-01 -2.9444389792e+00
4.4343045033e-01 2.7806569829e+00 9.1378035147e-01 5.0752995136e-01 1.5524141777e+01 2.2800000000e+02 6.0000000000e-01 -2.9444389792e+00
4.4406562893e-01 2.8962220184e+00 9.7874499405e-01 4.7798661101e-01 1.6040010195e+01 2.2900000000e+02 6.0000000000e-01 -2.9444389792e+00
4.4451497399e-01 2.7197246764e+00 1.0564051926e+00 5.3980610701e-01 1.5238647964e+01 2.3000000000e+02 6.0000000000e-01 -2.9444389792e+00
4.4507450898e-01 4.7563284774e+00 1.0442123439e+00 4.9986134706e-01 1.0886210165e+01 2.3100000000e+02 6.0000000000e-01 -2.9444389792e+00
4.4541115338e-01 2.7969664504e+00 1.1301544908e+00 4.9931968791e-01 4.6900269429e+00 2.3200000000e+02 6.0000000000e-01 -2.9444389792e+00
4.4621630585e-01 2.7286555711e+00 1.3072014852e+00 5.1353643097e-01 5.2331552517e+00 2.3300000000e+02 6.0000000000e-01 -2.9444389792e+00
4.4724548901e-01 3.2420645328e+00 1.3455412735e+00 5.0501690106e-01 1.2175430881e+01 2.3400000000e+02 6.0000000000e-01 -2.9444389792e+00
4.4799092513e-01 2.7287202466e+00 1.4564344157e+00 4.7637865464e-01 1.7110604178e+01 2.3500000000e+02 6.0000000000e-01 -2.9444389792e+00
4.4961728577e-01 3.1108104882e+00 1.6304229864e+00 4.7245413560e-01 9.7980009897e+00 2.3600000000e+02 6.0000000000e-01 -2.9444389792e+00
4.5178284249e-01 3.1958345473e+00 1.6837092222e+00 5.2607210813e-01 1.1066367383e+01 2.3700000000e+02 6.0000000000e-01 -2.9444389792e+00
4.5661946533e-01 3.0837881987e+00 1.7480080771e+00 5.2944172395e-01 2.0099507721e+00 2.3800000000e+02 6.0000000000e-01 -2.9444389792e+00
4.6000859390e-01 2.9723399379e+00 2.3047879997e+00 5.2665490760e-01 3.0501266062e+00 2.3900000000e+02 6.0000000000e-01 -2.9444389792e+00
4.6188250922e-01 2.9745479543e+00 2.3806301536e+00 5.4234237534e-01 5.8427580909e+00 2.4000000000e+02 6.0000000000e-01 -2.9444389792e+00
4.6291633076e-01 2.7108121331e+00 2.4129121747e+00 5.1736679575e-01 7.7360584790e+00 2.4100000000e+02 6.0000000000e-01 -2.9444389792e+00
4.6339350198e-01 2.9143414281e+00 2.3464931085e+00 5.4600334497e-01 1.7802550401e+01 2.4200000000e+02 6.0000000000e-01 -2.9444389792e+00
4.6399018911e-01 2.5515797544e+00 2.7296372532e+00 5.4634560120e-01 1.7058705821e+01 2.4300000000e+02 6.0000000000e-01 -2.9444389792e+00
4.7070366128e-01 3.8146326868e+00 2.7963044957e+00 4.9179818358e-01 1.2862562450e+01 2.4400000000e+02 6.0000000000e-01 -2.9444389792e+00
4.7112203380e-01 2.5067955535e+00 2.8972868124e+00 4.7696221688e-01 5.6295271636e+00 2.4500000000e+02 6.0000000000e-01 -2.9444389792e+00
4.7911563236e-01 3.0724916619e+00 3.2650155339e+00 5.0886826710e-01 7.1367965119e+00 2.4600000000e+02 6.0000000000e-01 -2.9444389792e+00
4.7968510163e-01 2.9870674521e+00 3.4737253604e+00 5.1273988403e-01 1.0526802732e+01 2.4700000000e+02 6.0000000000e-01 -2.9444389792e+00
4.7982145610e-01 3.2279731011e+00 3.4875677880e+00 4.7579041664e-01 1.4455335558e+01 2.4800000000e+02 6.0000000000e-01 -2.9444389792e+00
4.7982429059e-01 2.9876278213e+00 3.4582746489e+00 4.9516882525e-01 5.6424906285e+00 2.4900000000e+02 6.0000000000e-01 -2.9444389792e+00
4.8080613518e-01 2.9312292728e+00 3.4590681551e+00 5.3920338171e-01 3.6944322358e+00 2.5000000000e+02 6.0000000000e-01 -2.9444389792e+00
4.8136866739e-01 2.5773650133e+00 3.5684240746e+00 5.0314512729e-01 7.7309284401e+00 2.5100000000e+02 6.0000000000e-01 -2.9444389792e+00
4.8338770910e-01 2.6143961393e+00 3.8319730213e+00 5.3213820005e-01 1.5504892662e+01 2.5200000000e+02 6.0000000000e-01 -2.9444389792e+00
4.8382220510e-01 3.0835797877e+00 3.9223699121e+00 4.9459551493e-01 1.3872057794e+01 2.5300000000e+02 6.0000000000e-01 -2.9444389792e+00
4.8848414338e-01 2.8877602653e+00 4.3954617992e+00 5.0391400919e-01 2.3571156941e+00 2.5400000000e+02 6.0000000000e-01 -2.9444389792e+00
4.9003579877e-01 2.5477972678e+00 4.6548485267e+00 5.0975293647e-01 5.9572063438e+00 2.5500000000e+02 6.0000000000e-01 -2.9444389792e+00
4.9383045396e-01 2.5831145135e+00 4.7246085431e+00 5.4019614493e-01 1.2620845296e+01 2.5600000000e+02 6.0000000000e-01 -2.9444389792e+00
4.9688099215e-01 2.6363588102e+00 4.8456811552e+00 4.7639598866e-01 6.6883020972e+00 2.5700000000e+02 6.0000000000e-01 -2.9444389792e+00
4.9736201633e-01 3.1348936864e+00 1.1739983985e-01 5.7805642456e-01 4.3802610259e+00 2.5800000000e+02 6.0000000000e-01 -2.9444389792e+00
5.0309282621e-01 2.5073009563e+00 4.7007040016e-01 5.9963289267e-01 4.8989865902e+00 2.5900000000e+02 6.0000000000e-01 -2.9444389792e+00
5.0698068328e-01 2.5244216718e+00 6.5108438924e-01 6.0114581297e-01 6.3748392723e+00 2.6000000000e+02 6.0000000000e-01 -2.9444389792e+00
5.0763481202e-01 2.6496547586e+00 6.6372664276e-01 5.8863210950e-01 1.1389095481e+01 2.6100000000e+02 6.0000000000e-01 -2.9444389792e+00
5.0792444047e-01 2.9136377308e+00 8.1734588179e-01 6.0328555278e-01 7.2005128385e+00 2.6200000000e+02 6.0000000000e-01 -2.9444389792e+00
5.1108227875e-01 2.8701865880e+00 8.4262832219e-01 5.8966259367e-01 4.2860937062e+00 2.6300000000e+02 6.0000000000e-01 -2.9444389792e+00
5.1467906314e-01 2.8169515741e+00 1.4501549487e+00 6.2367998274e-01 6.6430466988e+00 2.6400000000e+02 6.0000000000e-01 -2.9444389792e+00
5.1480169320e-01 2.6002715938e+00 1.9662549963e+00 6.1418868484e-01 5.7158814375e+00 2.6500000000e+02 6.0000000000e-01 -2.9444389792e+00
5.1609643399e-01 2.9627243223e+00 2.0935983637e+00 5.6674780239e-01 5.0737327371e+00 2.6600000000e+02 6.0000000000e-01 -2.9444389792e+00
5.1697599254e-01 3.3063590444e+00 2.1583240617e+00 5.9739271943e-01 1.1555493011e+01 2.6700000000e+02 6.0000000000e-01 -2.9444389792e+00
5.1836790825e-01 2.6216839543e+00 2.2496358962e+00 5.5406635351e-01 1.6958165657e+01 2.6800000000e+02 6.0000000000e-01 -2.9444389792e+00
5.2073348975e-01 3.2616337753e+00 2.5929800504e+00 6.0294468943e-01 1.3120014766e+01 2.6900000000e+02 6.0000000000e-01 -2.9444389792e+00
5.3038564265e-01 2.5735134766e+00 2.6771605820e+00 5.9291708275e-01 1.0757900123e+01 2.7000000000e+02 6.0000000000e-01 -2.9444389792e+00
5.3281574510e-01 2.5247911175e+00 2.7403209025e+00 5.9652451132e-01 2.0295817985e+00 2.7100000000e+02 6.0000000000e-01 -2.9444389792e+00
5.3400629217e-01 2.5985233205e+00 2.8656547105e+00 5.7010660480e-01 1.4577380799e+01 2.7200000000e+02 6.0000000000e-01 -2.9444389792e+00
5.3735483209e-01 3.7385593549e+00 3.3287507302e+00 5.7379217516e-01 1.2967243201e+01 2.7300000000e+02 6.0000000000e-01 -2.9444389792e+00
5.3875991648e-01 2.9157702757e+00 3.4649075200e+00 5.4704815532e-01 1.4982774446e+01 2.7400000000e+02 6.0000000000e-01 -2.9444389792e+00
5.4002265368e-01 2.5030836710e+00 3.5747755168e+00 5.7284129935e-01 8.6455218625e+00 2.7500000000e+02 6.0000000000e-01 -2.9444389792e+00
5.4046922812e-01 2.7764074039e+00 3.7245808240e+00 5.8397100391e-01 5.3215721648e+00 2.7600000000e+02 6.0000000000e-01 -2.9444389792e+00
5.4354360932e-01 3.1643700760e+00 3.7159171430e+00 5.6431096439e-01 5.9988943647e+00 2.7700000000e+02 6.0000000000e-01 -2.9444389792e+00
5.4532629538e-01 3.4212660618e+00 3.7696781088e+00 5.7748030047e-01 3.4668666648e+00 2.7800000000e+02 6.0000000000e-01 -2.9444389792e+00
5.4660522925e-01 2.6240900713e+00 3.9010257713e+00 5.8163362039e-01 7.1922402363e+00 2.7900000000e+02 6.0000000000e-01 -2.9444389792e+00
5.5342153007e-01 3.3157629718e+00 3.9388075223e+00 5.4981685360e-01 6.0555739390e+00 2.8000000000e+02 6.0000000000e-01 -2.9444389792e+00
5.5388669368e-01 2.8175830968e+00 4.0935725662e+00 6.1004897103e-01 9.0628048219e+00 2.8100000000e+02 6.0000000000e-01 -2.9444389792e+00
5.5426818810e-01 2.8123289828e+00 4.1621927948e+00 5.6341306412e-01 9.8032127529e+00 2.8200000000e+02 6.0000000000e-01 -2.9444389792e+00
5.5678755342e-01 3.1821698301e+00 4.6708260111e+00 5.8955365291e-01 2.0330531519e+00 2.8300000000e+02 6.0000000000e-01 -2.9444389792e+00
5.5681837604e-01 2.6997540036e+00 4.8679798851e+00 5.5873524369e-01 9.5008988178e+00 2.8400000000e+02 6.0000000000e-01 -2.9444389792e+00
5.5768870806e-01 3.3393176245e+00 4.9053197519e+00 6.2348905482e-01 9.9463965999e+00 2.8500000000e+02 6.0000000000e-01 -2.9444389792e+00
5.6139610031e-01 2.6390391932e+00 6.7194489544e-02 6.4607896017e-01 1.3177225706e+01 2.8600000000e+02 6.0000000000e-01 -2.9444389792e+00
5.6437268102e-01 2.8438610959e+00 4.7768874557e-02 6.7773067953e-01 7.2721879160e+00 2.8700000000e+02 6.0000000000e-01 -2.9444389792e+00
5.6486517556e-01 2.5710099758e+00 6.5639824785e-02 6.3588514255e-01 8.2187551154e+00 2.8800000000e+02 6.0000000000e-01 -2.9444389792e+00
5.6652794993e-01 3.0694054879e+00 8.1794849711e-02 6.6203322837e-01 1.0198350107e+01 2.8900000000e+02 6.0000000000e-01 -2.9444389792e+00
5.6687578723e-01 3.1292482622e+00 1.0586994330e-01 6.3475744215e-01 5.1070106938e+00 2.9000000000e+02 6.0000000000e-01 -2.9444389792e+00
5.6688770204e-01 2.7622633328e+00 2.7511076609e-01 6.6941971610e-01 8.4005074884e+00 2.9100000000e+02 6.0000000000e-01 -2.9444389792e+00
5.6915566041e-01 2.5822066289e+00 4.5904049218e-01 6.4482207145e-01 1.0512452176e+01 2.9200000000e+02 6.0000000000e-01 -2.9444389792e+00
5.7255390342e-01 3.3143276353e+00 4.7646809908e-01 6.5487604776e-01 5.5810928905e+00 2.9300000000e+02 6.0000000000e-01 -2.9444389792e+00
5.7413796899e-01 2.5686958063e+00 4.8280287919e-01 6.2916279328e-01 1.4305434346e+01 2.9400000000e+02 6.0000000000e-01 -2.9444389792e+00
5.7747160099e-01 4.0250168383e+00 5.3922351601e-01 6.9777222778e-01 5.7760237540e+00 2.9500000000e+02 6.0000000000e-01 -2.9444389792e+00
5.7765767847e-01 2.5091403994e+00 6.5341526265e-01 6.4593659001e-01 1.4296190370e+01 2.9600000000e+02 6.0000000000e-01 -2.9444389792e+00
5.7775026092e-01 2.5779979594e+00 9.4104927332e-01 6.3358273164e-01 1.4720676872e+01 2.9700000000e+02 6.0000000000e-01 -2.9444389792e+00
5.7878649492e-01 3.3133840482e+00 9.8302081838e-01 6.2928335663e-01 6.3341070601e+00 2.9800000000e+02 6.0000000000e-01 -2.9444389792e+00
5.8063689899e-01 2.8100245225e+00 1.2471122495e+00 6.9622795065e-01 6.0987738226e+00 2.9900000000e+02 6.0000000000e-01 -2.9444389792e+00
5.8144235354e-01 2.6946832212e+00 1.3635852148e+00 6.5044634041e-01 1.7693677690e+01 3.0000000000e+02 6.0000000000e-01 -2.9444389792e+00
5.8270820448e-01 2.9589179933e+00 1.3587948649e+00 6.2772317711e-01 1.7603719584e+01 3.0100000000e+02 6.0000000000e-01 -2.9444389792e+00
5.8414618002e-01 2.7689490807e+00 1.4919651781e+00 6.5491744014e-01 1.4209419972e+01 3.0200000000e+02 6.0000000000e-01 -2.9444389792e+00
5.8855733829e-01 2.9156069333e+00 1.5220004582e+00 6.6912040317e-01 1.4544253062e+01 3.0300000000e+02 6.0000000000e-01 -2.9444389792e+00
5.9119190173e-01 2.5702985212e+00 1.8964020951e+00 6.6119700442e-01 1.4562326639e+01 3.0400000000e+02 6.0000000000e-01 -2.9444389792e+00
5.9256035192e-01 2.6163659616e+00 1.8937159500e+00 6.8937159226e-01 9.7139887268e+00 3.0500000000e+02 6.0000000000e-01 -2.9444389792e+00
5.9419116514e-01 2.5594332026e+00 1.8763908864e+00 6.6213820472e-01 6.5504103906e+00 3.0600000000e+02 6.0000000000e-01 -2.9444389792e+00
5.9443960660e-01 2.5941690217e+00 1.9622432088e+00 6.6818930578e-01 3.2303260608e+00 3.0700000000e+02 6.0000000000e-01 -2.9444389792e+00
5.9569884646e-01 3.5676487667e+00 2.1942688756e+00 6.6496345646e-01 6.7038554404e+00 3.0800000000e+02 6.0000000000e-01 -2.9444389792e+00
5.9662002435e-01 4.6163131441e+00 2.4117350828e+00 6.7824515221e-01 3.9047756804e+00 3.0900000000e+02 6.0000000000e-01 -2.9444389792e+00
5.9687111260e-01 2.6359315667e+00 2.5128383524e+00 6.9622172990e-01 5.6557178043e+00 3.1000000000e+02 6.0000000000e-01 -2.9444389792e+00
5.9757296391e-01 3.6501431373e+00 2.5977439026e+00 6.4226115245e-01 6.6654867268e+00 3.1100000000e+02 6.0000000000e-01 -2.9444389792e+00
5.9792246442e-01 2.7472633810e+00 3.0713216258e+00 6.9354135438e-01 1.6024669436e+01 3.1200000000e+02 6.0000000000e-01 -2.9444389792e+00
5.9867670041e-01 3.2876324002e+00 3.1203964556e+00 6.9818963728e-01 1.5423536174e+01 3.1300000000e+02 6.0000000000e-01 -2.9444389792e+00
5.9907437953e-01 3.5496491456e+00 3.1816522737e+00 6.3737476048e-01 1.2948620581e+01 3.1400000000e+02 6.0000000000e-01 -2.9444389792e+00
6.0096873752e-01 2.5285585701e+00 3.1626096627e+00 6.4316616786e-01 1.6742392685e+01 3.1500000000e+02 6.0000000000e-01 -2.9444389792e+00
6.0326618144e-01 2.5070384021e+00 3.4804033270e+00 6.5254672582e-01 9.1748041780e+00 3.1600000000e+02 6.0000000000e-01 -2.9444389792e+00
6.0675520145e-01 2.6886939457e+00 3.8780830061e+00 6.7576292052e-01 1.4041616120e+01 3.1700000000e+02 6.0000000000e-01 -2.9444389792e+00
6.1070663533e-01 3.1578683338e+00 3.9264459991e+00 6.8522711720e-01 1.4829020557e+01 3.1800000000e+02 6.0000000000e-01 -2.9444389792e+00
6.1078453679e-01 2.7244750713e+00 4.0559525786e+00 6.5094032154e-01 1.0853282019e+01 3.1900000000e+02 6.0000000000e-01 -2.9444389792e+00
6.1443091124e-01 2.7894223489e+00 4.1564538906e+00 7.0049410704e-01 1.4263554382e+01 3.2000000000e+02 6.0000000000e-01 -2.9444389792e+00
6.2051369242e-01 2.8257011342e+00 4.1520528080e+00 6.4663180017e-01 8.7978653443e+00 3.2100000000e+02 6.0000000000e-01 -2.9444389792e+00
6.2069388589e-01 3.5255211078e+00 4.3489454525e+00 6.8095779970e-01 7.0042352664e+00 3.2200000000e+02 6.0000000000e-01 -2.9444389792e+00
6.2797489853e-01 3.1081679058e+00 4.3376440375e+00 6.9123337695e-01 1.4664651796e+01 3.2300000000e+02 6.0000000000e-01 -2.9444389792e+00
6.2825455261e-01 2.9421740666e+00 4.5620602333e+00 6.6183243202e-01 9.1686619290e+00 3.2400000000e+02 6.0000000000e-01 -2.9444389792e+00
6.2873628623e-01 3.0728708842e+00 4.5491690026e+00 6.8262924579e-01 6.7401964838e+00 3.2500000000e+02 6.0000000000e-01 -2.9444389792e+00
6.3582229471e-01 2.7208631807e+00 4.6489674788e+00 6.5173426118e-01 5.0463543297e+00 3.2600000000e+02 6.0000000000e-01 -2.9444389792e+00
6.3779020027e-01 2.6276804356e+00 4.9085937939e+00 6.6300843517e-01 8.4731718632e+00 3.2700000000e+02 6.0000000000e-01 -2.9444389792e+00
6.3780712046e-01 2.7734796864e+00 9.2050823646e-02 7.0992371208e-01 6.6757152889e+00 3.2800000000e+02 6.0000000000e-01 -2.9444389792e+00
6.4080104259e-01 2.5105127920e+00 2.2663925882e-01 7.6840286921e-01 1.6416311377e+01 3.2900000000e+02 6.0000000000e-01 -2.9444389792e+00
6.4411414708e-01 3.0306674946e+00 2.1987359781e-01 7.3082063429e-01 1.3139399345e+01 3.3000000000e+02 6.0000000000e-01 -2.9444389792e+00
6.4427327356e-01 3.0220898771e+00 3.5359673090e-01 7.4493488953e-01 3.9586636170e+00 3.3100000000e+02 6.0000000000e-01 -2.9444389792e+00
6.4612478966e-01 2.5098254398e+00 4.7468360396e-01 7.2456318192e-01 1.2668677120e+01 3.3200000000e+02 6.0000000000e-01 -2.9444389792e+00
6.4834182987e-01 3.4709015457e+00 7.0662421497e-01 7.6446515956e-01 5.9348950814e+00 3.3300000000e+02 6.0000000000e-01 -2.9444389792e+00
6.4869989749e-01 2.6210839544e+00 7.6436246271e-01 7.0694997513e-01 9.6031384217e+00 3.3400000000e+02 6.0000000000e-01 -2.9444389792e+00
6.5074499265e-01 3.0154264474e+00 8.0858545595e-01 7.0901931547e-01 6.9519451840e+00 3.3500000000e+02 6.0000000000e-01 -2.9444389792e+00
6.5227545223e-01 3.4423685637e+00 1.3207894523e+00 7.1996430977e-01 2.1128658947e+00 3.3600000000e+02 6.0000000000e-01 -2.9444389792e+00
6.5308475382e-01 3.4918487886e+00 1.3391051507e+00 7.3141089403e-01 1.2686237105e+01 3.3700000000e+02 6.0000000000e-01 -2.9444389792e+00
6.5497108508e-01 2.5301419334e+00 1.4793500609e+00 7.6236464625e-01 1.0109782899e+01 3.3800000000e+02 6.0000000000e-01 -2.9444389792e+00
6.5787754496e-01 4.8153669489e+00 1.5165307583e+00 7.2130548792e-01 3.5450260669e+00 3.3900000000e+02 6.0000000000e-01 -2.9444389792e+00
6.5964228733e-01 4.7962489314e+00 1.6265698132e+00 7.2199417484e-01 9.1281344123e+00 3.4000000000e+02 6.0000000000e-01 -2.9444389792e+00
6.6096172651e-01 2.6058719046e+00 1.6087257383e+00 7.4161756091e-01 1.7300445537e+01 3.4100000000e+02 6.0000000000e-01 -2.9444389792e+00
6.6296261352e-01 2.5922590896e+00 1.7424532805e+00 7.6027130188e-01 1.2178442125e+01 3.4200000000e+02 6.0000000000e-01 -2.9444389792e+00
6.6417349752e-01 2.8936343962e+00 1.9473864130e+00 7.3152168761e-01 1.3031363449e+01 3.4300000000e+02 6.0000000000e-01 -2.9444389792e+00
6.6448689689e-01 2.9805393722e+00 2.0999511840e+00 7.2474719885e-01 4.8023506488e+00 3.4400000000e+02 6.0000000000e-01 -2.9444389792e+00
6.6975246104e-01 2.8671944751e+00 2.1489497223e+00 7.1675525365e-01 9.3643665851e+00 3.4500000000e+02 6.0000000000e-01 -2.9444389792e+00
6.7078597898e-01 3.1039639563e+00 2.5507138489e+00 7.7991364417e-01 1.7744560867e+01 3.4600000000e+02 6.0000000000e-01 -2.9444389792e+00
6.7096124714e-01 2.6686366575e+00 2.7736690211e+00 7.8028151707e-01 1.3124571125e+01 3.4700000000e+02 6.0000000000e-01 -2.9444389792e+00
6.7159407334e-01 2.6933199598e+00 2.9501646531e+00 7.6174770678e-01 8.2383977116e+00 3.4800000000e+02 6.0000000000e-01 -2.9444389792e+00
6.7237334245e-01 3.2545752184e+00 3.1172383888e+00 7.1842445129e-01 1.4115793490e+01 3.4900000000e+02 6.0000000000e-01 -2.9444389792e+00
6.7253424643e-01 2.5025025146e+00 3.1887908479e+00 7.3473561150e-01 4.8128678356e+00 3.5000000000e+02 6.0000000000e-01 -2.9444389792e+00
6.7388359314e-01 2.5442660147e+00 3.4760565248e+00 7.5574997541e-01 1.1274603497e+01 3.5100000000e+02 6.0000000000e-01 -2.9444389792e+00
6.7438079115e-01 3.3059275897e+00 3.5608753381e+00 7.6963743476e-01 8.7743322189e+00 3.5200000000e+02 6.0000000000e-01 -2.9444389792e+00
6.7707154998e-01 2.8034160397e+00 3.8458887535e+00 7.6109157739e-01 1.5994966678e+01 3.5300000000e+02 6.0000000000e-01 -2.9444389792e+00
6.7814358474e-01 2.9697132828e+00 4.1105901971e+00 7.6585786809e-01 9.0301779857e+00 3.5400000000e+02 6.0000000000e-01 -2.9444389792e+00
6.7888391631e-01 2.6954208422e+00 4.1215725559e+00 7.3253288169e-01 1.5727336609e+01 3.5500000000e+02 6.0000000000e-01 -2.9444389792e+00
6.7963163315e-01 2.8956473234e+00 4.1833051806e+00 7.1233068230e-01 8.1664624117e+00 3.5600000000e+02 6.0000000000e-01 -2.9444389792e+00
6.8047661904e-01 2.5582765265e+00 4.4306341421e+00 7.5822374917e-01 7.5091175960e+00 3.5700000000e+02 6.0000000000e-01 -2.9444389792e+00
6.8111712796e-01 2.8667810169e+00 4.3931265481e+00 7.1002727723e-01 1.5299631334e+01 3.5800000000e+02 6.0000000000e-01 -2.9444389792e+00
6.8219681897e-01 2.6487376763e+00 4.5700542488e+00 7.5738064017e-01 1.6858226378e+01 3.5900000000e+02 6.0000000000e-01 -2.9444389792e+00
6.8696828252e-01 3.0828833648e+00 4.5547001574e+00 7.2238183187e-01 2.7584375070e+00 3.6000000000e+02 6.0000000000e-01 -2.9444389792e+00
6.8867526405e-01 2.6194165761e+00 4.5759261349e+00 7.7269614415e-01 3.9701318571e+00 3.6100000000e+02 6.0000000000e-01 -2.9444389792e+00
6.8896134781e-01 2.5315571794e+00 4.6631933690e+00 7.5699028771e-01 9.8356665239e+00 3.6200000000e+02 6.0000000000e-01 -2.9444389792e+00
6.9075993082e-01 2.6655198126e+00 4.8025342842e+00 7.2550127110e-01 1.6982760456e+01 3.6300000000e+02 6.0000000000e-01 -2.9444389792e+00
6.9424445378e-01 2.5620729099e+00 4.8823562682e+00 7.1030488328e-01 5.1189447713e+00 3.6400000000e+02 6.0000000000e-01 -2.9444389792e+00
6.9608068341e-01 3.0639132990e+00 1.2018681196e-01 8.1453975923e-01 1.5719040629e+01 3.6500000000e+02 6.0000000000e-01 -2.9444389792e+00
6.9610016755e-01 3.1386023165e+00 1.3851011636e-01 8.0820577648e-01 1.4805255049e+01 3.6600000000e+02 6.0000000000e-01 -2.9444389792e+00
6.9887131594e-01 2.5083298258e+00 1.9953523976e-01 8.1143093697e-01 6.0943998930e+00 3.6700000000e+02 6.0000000000e-01 -2.9444389792e+00
7.0042046259e-01 2.5865584387e+00 5.8026154268e-01 8.1152710805e-01 2.5508683598e+00 3.6800000000e+02 6.0000000000e-01 -2.9444389792e+00
7.0292489419e-01 2.7132844267e+00 9.3409773734e-01 8.2120480529e-01 1.7607856929e+01 3.6900000000e+02 6.0000000000e-01 -2.9444389792e+00
7.0766120828e-01 2.5574086210e+00 1.0482382040e+00 8.5172734994e-01 1.0664257222e+01 3.7000000000e+02 6.0000000000e-01 -2.9444389792e+00
7.0940702990e-01 4.0494959270e+00 1.1354943729e+00 7.8245511248e-01 1.1519952825e+01 3.7100000000e+02 6.0000000000e-01 -2.9444389792e+00
7.0945488691e-01 2.6439507291e+00 1.4395290939e+00 8.4176742614e-01 6.3511551260e+00 3.7200000000e+02 6.0000000000e-01 -2.9444389792e+00
7.1296717713e-01 2.8051903928e+00 1.5667238032e+00 7.8536672253e-01 1.6976126222e+01 3.7300000000e+02 6.0000000000e-01 -2.9444389792e+00
7.1645996908e-01 2.7219095800e+00 1.6305616097e+00 8.0766906136e-01 3.6439705941e+00 3.7400000000e+02 6.0000000000e-01 -2.9444389792e+00
7.2235366462e-01 2.8747528485e+00 1.6135338385e+00 8.1475496382e-01 1.6278337789e+01 3.7500000000e+02 6.0000000000e-01 -2.9444389792e+00
7.2291215270e-01 3.0246999031e+00 1.7319298230e+00 7.8369057394e-01 8.2693015871e+00 3.7600000000e+02 6.0000000000e-01 -2.9444389792e+00
7.2387534797e-01 2.6804051927e+00 1.7639259489e+00 7.8672424126e-01 4.7750223844e+00 3.7700000000e+02 6.0000000000e-01 -2.9444389792e+00
7.2537930803e-01 2.5511941569e+00 2.0170996047e+00 8.0225589631e-01 2.5655065625e+00 3.7800000000e+02 6.0000000000e-01 -2.9444389792e+00
7.2617654155e-01 3.0189836856e+00 2.3351530775e+00 8.2167445411e-01 7.7728918639e+00 3.7900000000e+02 6.0000000000e-01 -2.9444389792e+00
7.3020570616e-01 2.7905410685e+00 2.3080169641e+00 7.9413557368e-01 9.4531645510e+00 3.8000000000e+02 6.0000000000e-01 -2.9444389792e+00
7.3510780271e-01 2.9034940506e+00 2.4138370687e+00 7.8330039164e-01 1.4253311760e+01 3.8100000000e+02 6.0000000000e-01 -2.9444389792e+00
7.3546974798e-01 2.5895999435e+00 2.8730262974e+00 7.8930257384e-01 3.7794107330e+00 3.8200000000e+02 6.0000000000e-01 -2.9444389792e+00
7.3823160147e-01 2.7481117505e+00 3.0065990849e+00 8.5646657472e-01 1.2670799042e+01 3.8300000000e+02 6.0000000000e-01 -2.9444389792e+00
7.4065467160e-01 3.3122970171e+00 3.0493724357e+00 8.0336758079e-01 8.1554737960e+00 3.8400000000e+02 6.0000000000e-01 -2.9444389792e+00
7.4091435637e-01 3.3463526268e+00 3.1208853604e+00 8.4071787884e-01 9.5629293640e+00 3.8500000000e+02 6.0000000000e-01 -2.9444389792e+00
7.4262486962e-01 2.5951241823e+00 3.2278725174e+00 8.4455161492e-01 1.7458038235e+01 3.8600000000e+02 6.0000000000e-01 -2.9444389792e+00
7.4381705844e-01 2.6591277688e+00 3.2719929354e+00 7.8332809823e-01 1.6598143321e+01 3.8700000000e+02 6.0000000000e-01 -2.9444389792e+00
7.4410224760e-01 2.7701522403e+00 3.2148773709e+00 8.5262643412e-01 2.7887363137e+00 3.8800000000e+02 6.0000000000e-01 -2.9444389792e+00
7.4576325872e-01 2.9816142292e+00 3.5848137021e+00 8.4322345073e-01 1.5937301703e+01 3.8900000000e+02 6.0000000000e-01 -2.9444389792e+00
7.4792411460e-01 2.9877236617e+00 4.1290195784e+00 8.3904186262e-01 8.4027276514e+00 3.9000000000e+02 6.0000000000e-01 -2.9444389792e+00
7.4869513813e-01 3.2609032391e+00 4.2400118317e+00 8.1296761407e-01 2.8444129671e+00 3.9100000000e+02 6.0000000000e-01 -2.9444389792e+00
7.5570325873e-01 3.0996724681e+00 4.3997691750e+00 7.9150770332e-01 7.5148940181e+00 3.9200000000e+02 6.0000000000e-01 -2.9444389792e+00
7.5578998882e-01 4.0158548017e+00 4.5943272971e+00 8.3233900221e-01 9.9523520618e+00 3.9300000000e+02 6.0000000000e-01 -2.9444389792e+00
7.5795164681e-01 2.5564258104e+00 4.8332452871e+00 8.2210124644e-01 3.6163846203e+00 3.9400000000e+02 6.0000000000e-01 -2.9444389792e+00
7.5819867260e-01 2.5348238364e+00 4.7784922354e+00 8.0934619714e-01 1.6503798281e+01 3.9500000000e+02 6.0000000000e-01 -2.9444389792e+00
7.5961361531e-01 2.6269257276e+00 5.9200480437e-02 8.8128145420e-01 1.2359851792e+01 3.9600000000e+02 6.0000000000e-01 -2.9444389792e+00
7.6052882906e-01 2.7398916706e+00 2.7779413430e-01 8.8610072875e-01 3.2580321959e+00 3.9700000000e+02 6.0000000000e-01 -2.9444389792e+00
7.6091748023e-01 2.7509493785e+00 4.8752987787e-01 9.2852535104e-01 1.6675933942e+01 3.9800000000e+02 6.0000000000e-01 -2.9444389792e+00
7.6346330542e-01 2.7177458717e+00 7.9120702321e-01 9.3026110613e-01 6.2455382114e+00 3.9900000000e+02 6.0000000000e-01 -2.9444389792e+00
7.6873749744e-01 2.8417902877e+00 1.3894006632e+00 8.8163263865e-01 9.2554105897e+00 4.0000000000e+02 6.0000000000e-01 -2.9444389792e+00
7.7100824635e-01 2.7187284446e+00 1.3408246243e+00 8.9742624196e-01 1.7141051249e+01 4.0100000000e+02 6.0000000000e-01 -2.9444389792e+00
7.7338370387e-01 2.7033285393e+00 1.7535829891e+00 9.2337846089e-01 2.3810670248e+00 4.0200000000e+02 6.0000000000e-01 -2.9444389792e+00
7.7481729629e-01 3.0141959866e+00 1.8434703051e+00 8.6403933836e-01 1.5640875574e+01 4.0300000000e+02 6.0000000000e-01 -2.9444389792e+00
7.7587458927e-01 2.7308478016e+00 2.2713067734e+00 8.9567050211e-01 1.4668258856e+01 4.0400000000e+02 6.0000000000e-01 -2.9444389792e+00
7.7650253907e-01 3.3330406603e+00 2.7472884167e+00 8.8707041198e-01 9.3132631220e+00 4.0500000000e+02 6.0000000000e-01 -2.9444389792e+00
7.7920237885e-01 3.0816302943e+00 2.8853301774e+00 9.2179699684e-01 7.0806612419e+00 4.0600000000e+02 6.0000000000e-01 -2.9444389792e+00
7.8048577018e-01 3.3165554700e+00 2.9615305391e+00 9.2285546429e-01 2.0891668970e+00 4.0700000000e+02 6.0000000000e-01 -2.9444389792e+00
7.8376654409e-01 2.5714123931e+00 3.0685086417e+00 9.0808110823e-01 1.0451559738e+01 4.0800000000e+02 6.0000000000e-01 -2.9444389792e+00
7.8738725058e-01 2.5737303514e+00 3.2695572241e+00 8.9818179182e-01 1.4160987413e+01 4.0900000000e+02 6.0000000000e-01 -2.9444389792e+00
7.9293867979e-01 3.2402328026e+00 3.4038246099e+00 9.0257231756e-01 1.2389372299e+01 4.1000000000e+02 6.0000000000e-01 -2.9444389792e+00
7.9315132448e-01 2.6175658240e+00 3.4681669369e+00 8.7620080653e-01 1.5077262361e+01 4.1100000000e+02 6.0000000000e-01 -2.9444389792e+00
7.9667041353e-01 2.8005445762e+00 3.5653989621e+00 9.0617691228e-01 6.5839381203e+00 4.1200000000e+02 6.0000000000e-01 -2.9444389792e+00
7.9773653611e-01 2.5779122142e+00 3.6744821838e+00 8.8067237638e-01 9.6666646197e+00 4.1300000000e+02 6.0000000000e-01 -2.9444389792e+00
7.9831379227e-01 2.8071637171e+00 3.8705696981e+00 9.2137618357e-01 5.9331316316e+00 4.1400000000e+02 6.0000000000e-01 -2.9444389792e+00
7.9932351864e-01 2.6476741010e+00 4.3081890691e+00 8.7702249847e-01 1.3167389087e+01 4.1500000000e+02 6.0000000000e-01 -2.9444389792e+00
7.9955333432e-01 2.6004390325e+00 4.3982708493e+00 9.3610548276e-01 8.2185740103e+00 4.1600000000e+02 6.0000000000e-01 -2.9444389792e+00
8.0013064904e-01 2.8954743478e+00 4.5416409359e+00 9.2693855556e-01 1.6190986385e+01 4.1700000000e+02 6.0000000000e-01 -2.9444389792e+00
8.0311817541e-01 2.7738011872e+00 4.5902987952e+00 8.9205754667e-01 1.2725047836e+01 4.1800000000e+02 6.0000000000e-01 -2.9444389792e+00
8.0666127683e-01 2.5822971213e+00 4.5326353734e+00 9.0306332463e-01 1.2943786637e+01 4.1900000000e+02 6.0000000000e-01 -2.9444389792e+00
8.0736932286e-01 5.2566893148e+00 4.9152943758e+00 8.8802780370e-01 1.1171243750e+01 4.2000000000e+02 6.0000000000e-01 -2.9444389792e+00
8.0866749142e-01 3.1352256465e+00 4.9193826757e+00 9.0314489667e-01 5.4767983720e+00 4.2100000000e+02 6.0000000000e-01 -2.9444389792e+00
8.1003310250e-01 2.6392647234e+00 1.2042607140e-01 9.4840711276e-01 1.0975116303e+01 4.2200000000e+02 6.0000000000e-01 -2.9444389792e+00
8.1042012782e-01 2.8007502722e+00 1.1552289217e-01 9.4242155782e-01 1.0542856050e+01 4.2300000000e+02 6.0000000000e-01 -2.9444389792e+00
8.1155781941e-01 2.5184730564e+00 2.1311694801e-01 9.8666797367e-01 5.0911783914e+00 4.2400000000e+02 6.0000000000e-01 -2.9444389792e+00
8.1182924917e-01 5.6226780519e+00 5.8070990766e-01 9.5384239255e-01 8.7319499820e+00 4.2500000000e+02 6.0000000000e-01 -2.9444389792e+00
8.1204392784e-01 2.5373671048e+00 5.6104913427e-01 9.7544686234e-01 9.2976028000e+00 4.2600000000e+02 6.0000000000e-01 -2.9444389792e+00
8.1387284484e-01 2.6110320575e+00 5.8768456446e-01 9.7409759176e-01 6.8541235081e+00 4.2700000000e+02 6.0000000000e-01 -2.9444389792e+00
8.1481991863e-01 3.0192113652e+00 7.2193127092e-01 1.0072238891e+00 1.4467867124e+01 4.2800000000e+02 6.0000000000e-01 -2.9444389792e+00
8.1508632531e-01 2.5468660792e+00 7.5140003145e-01 9.9763917260e-01 1.7482322782e+01 4.2900000000e+02 6.0000000000e-01 -2.9444389792e+00
8.1639694561e-01 2.5953201965e+00 7.5966348049e-01 9.8578806647e-01 1.7384574741e+01 4.3000000000e+02 6.0000000000e-01 -2.9444389792e+00
8.1741872030e-01 2.8062002116e+00 7.5049946682e-01 9.5058123904e-01 1.6309545781e+01 4.3100000000e+02 6.0000000000e-01 -2.9444389792e+00
8.2002270771e-01 2.8044984445e+00 9.5688384705e-01 9.4940283323e-01 1.6769517712e+01 4.3200000000e+02 6.0000000000e-01 -2.9444389792e+00
8.2104207827e-01 4.2206567702e+00 1.0390985339e+00 9.5743109455e-01 3.2207201496e+00 4.3300000000e+02 6.0000000000e-01 -2.9444389792e+00
8.2925426513e-01 2.6348440255e+00 1.1920930188e+00 9.4681875322e-01 1.5960179994e+01 4.3400000000e+02 6.0000000000e-01 -2.9444389792e+00
8.3930307039e-01 2.8452741539e+00 1.5267413858e+00 9.8112110942e-01 9.9493673730e+00 4.3500000000e+02 6.0000000000e-01 -2.9444389792e+00
8.4154186328e-01 2.9805544574e+00 1.5204600244e+00 9.9559963120e-01 8.4669978514e+00 4.3600000000e+02 6.0000000000e-01 -2.9444389792e+00
8.4249767786e-01 2.9520320663e+00 1.6616160102e+00 1.0108803827e+00 6.1259227054e+00 4.3700000000e+02 6.0000000000e-01 -2.9444389792e+00
8.4287786505e-01 2.9915820782e+00 1.7582279843e+00 9.9417378063e-01 8.4140759921e+00 4.3800000000e+02 6.0000000000e-01 -2.9444389792e+00
8.4915078194e-01 2.5273815570e+00 1.7393275315e+00 9.7037516846e-01 1.4399460099e+01 4.3900000000e+02 6.0000000000e-01 -2.9444389792e+00
8.4965341480e-01 2.5112295657e+00 1.8204321648e+00 9.7760077781e-01 5.0660064818e+00 4.4000000000e+02 6.0000000000e-01 -2.9444389792e+00
8.5141789431e-01 4.6971746580e+00 2.0266746221e+00 9.4334088519e-01 7.8912732889e+00 4.4100000000e+02 6.0000000000e-01 -2.9444389792e+00
8.5191155243e-01 2.6059438016e+00 2.1432415861e+00 9.8098637812e-01 1.0427760510e+01 4.4200000000e+02 6.0000000000e-01 -2.9444389792e+00
8.5318098606e-01 2.6085823153e+00 2.2460775555e+00 9.9743012784e-01 1.7144159054e+01 4.4300000000e+02 6.0000000000e-01 -2.9444389792e+00
8.5447721838e-01 3.5709501513e+00 2.2995319924e+00 9.4263681695e-01 1.6991266246e+01 4.4400000000e+02 6.0000000000e-01 -2.9444389792e+00
8.5824205894e-01 3.6783279982e+00 2.3517273189e+00 9.4640931326e-01 1.6902178345e+01 4.4500000000e+02 6.0000000000e-01 -2.9444389792e+00
8.6019916364e-01 2.7522271988e+00 2.4261820243e+00 9.4807340871e-01 2.1297040787e+00 4.4600000000e+02 6.0000000000e-01 -2.9444389792e+00
8.6127810162e-01 2.5927527966e+00 2.6349814467e+00 1.0004862731e+00 6.3442255771e+00 4.4700000000e+02 6.0000000000e-01 -2.9444389792e+00
8.6282942202e-01 2.5004680736e+00 2.6304157710e+00 9.8090094595e-01 1.1143508464e+01 4.4800000000e+02 6.0000000000e-01 -2.9444389792e+00
8.6308281564e-01 2.5367972783e+00 2.6274261289e+00 9.3765472963e-01 8.6629245907e+00 4.4900000000e+02 6.0000000000e-01 -2.9444389792e+00
8.6487241512e-01 3.1024640884e+00 2.7143474376e+00 1.0076509005e+00 6.0807039147e+00 4.5000000000e+02 6.0000000000e-01 -2.9444389792e+00
8.6504165692e-01 2.6814508555e+00 2.7029798409e+00 9.4088084643e-01 9.5883340890e+00 4.5100000000e+02 6.0000000000e-01 -2.9444389792e+00
8.6566978788e-01 2.8379395642e+00 2.7439253986e+00 9.7406721561e-01 1.4083236647e+01 4.5200000000e+02 6.0000000000e-01 -2.9444389792e+00
8.6674638824e-01 2.7320568985e+00 2.9633455833e+00 9.3879506871e-01 1.5489733241e+01 4.5300000000e+02 6.0000000000e-01 -2.9444389792e+00
8.6685389555e-01 3.7200603012e+00 2.9852670731e+00 9.8726566125e-01 3.8500946253e+00 4.5400000000e+02 6.0000000000e-01 -2.9444389792e+00
8.6744127782e-01 2.6015670450e+00 3.1502684374e+00 9.6548486396e-01 1.4040237514e+01 4.5500000000e+02 6.0000000000e-01 -2.9444389792e+00
8.6786165360e-01 3.0329378385e+00 3.1490465021e+00 9.7353242581e-01 1.4744746652e+01 4.5600000000e+02 6.0000000000e-01 -2.9444389792e+00
8.6794610514e-01 2.6800287447e+00 3.2022749391e+00 9.7458672342e-01 1.1703391029e+01 4.5700000000e+02 6.0000000000e-01 -2.9444389792e+00
8.6882596783e-01 2.7076690626e+00 3.2128654665e+00 1.0087591269e+00 1.3877530265e+01 4.5800000000e+02 6.0000000000e-01 -2.9444389792e+00
8.7054818706e-01 2.5310860702e+00 3.3732347163e+00 9.8444986343e-01 7.4917165064e+00 4.5900000000e+02 6.0000000000e-01 -2.9444389792e+00
8.7283754196e-01 2.5754106365e+00 3.5008870264e+00 9.6343937668e-01 3.7378833288e+00 4.6000000000e+02 6.0000000000e-01 -2.9444389792e+00
8.7351563464e-01 2.5749934707e+00 3.4716474197e+00 9.6219718529e-01 1.0906436452e+01 4.6100000000e+02 6.0000000000e-01 -2.9444389792e+00
8.7666960702e-01 2.9941106415e+00 3.5428010302e+00 9.3985354335e-01 1.6839087774e+01 4.6200000000e+02 6.0000000000e-01 -2.9444389792e+00
8.7840501584e-01 2.6435523100e+00 3.6149867701e+00 9.5128405319e-01 1.0656984703e+01 4.6300000000e+02 6.0000000000e-01 -2.9444389792e+00
8.8152685285e-01 3.1658696660e+00 3.6530306427e+00 9.7330959311e-01 1.2361331481e+01 4.6400000000e+02 6.0000000000e-01 -2.9444389792e+00
8.8217415275e-01 2.5001299486e+00 4.0623440392e+00 9.5645865421e-01 1.6699164777e+01 4.6500000000e+02 6.0000000000e-01 -2.9444389792e+00
8.8430545494e-01 2.5110429094e+00 3.9881319146e+00 1.0113339023e+00 9.5834028026e+00 4.6600000000e+02 6.0000000000e-01 -2.9444389792e+00
8.8491574682e-01 2.9580981189e+00 4.0283937323e+00 9.6092326811e-01 3.0530320352e+00 4.6700000000e+02 6.0000000000e-01 -2.9444389792e+00
8.8603849402e-01 3.0755643474e+00 4.2751737395e+00 9.9992877471e-01 1.3228607440e+01 4.6800000000e+02 6.0000000000e-01 -2.9444389792e+00
8.8705740239e-01 3.3227190402e+00 4.3410940148e+00 9.7822847667e-01 7.8492048462e+00 4.6900000000e+02 6.0000000000e-01 -2.9444389792e+00
8.8995277508e-01 2.5983662437e+00 4.3193510233e+00 9.6064760736e-01 9.0762494261e+00 4.7000000000e+02 6.0000000000e-01 -2.9444389792e+00
8.9084991222e-01 3.1004285163e+00 4.4047271246e+00 9.8001350593e-01 1.1232613379e+01 4.7100000000e+02 6.0000000000e-01 -2.9444389792e+00
8.9092616349e-01 3.0976098233e+00 4.4603648421e+00 9.5961917237e-01 7.9043428583e+00 4.7200000000e+02 6.0000000000e-01 -2.9444389792e+00
8.9108481556e-01 2.7471966552e+00 4.6360590506e+00 9.6331473317e-01 3.4024450677e+00 4.7300000000e+02 6.0000000000e-01 -2.9444389792e+00
8.9368411581e-01 2.7565893048e+00 4.7791690183e+00 9.3971823700e-01 9.8106573592e+00 4.7400000000e+02 6.0000000000e-01 -2.9444389792e+00
8.9394458548e-01 2.6271474898e+00 4.9392198556e+00 9.6056004990e-01 1.5910615819e+01 4.7500000000e+02 6.0000000000e-01 -2.9444389792e+00
8.9450644560e-01 3.0717766232e+00 4.9234048156e+00 9.8172250776e-01 4.5015530723e+00 4.7600000000e+02 6.0000000000e-01 -2.9444389792e+00
8.9525144913e-01 3.1271348028e+00 8.5212725619e-02 1.0261605101e+00 1.4119088813e+01 4.7700000000e+02 6.0000000000e-01 -2.9444389792e+00
9.0269277216e-01 3.0899911863e+00 1.3328638385e-01 1.0186114962e+00 2.2715219034e+00 4.7800000000e+02 6.0000000000e-01 -2.9444389792e+00
9.0615338683e-01 2.7872451593e+00 4.5093485019e-01 1.0747039425e+00 1.2829840026e+01 4.7900000000e+02 6.0000000000e-01 -2.9444389792e+00
9.0756032693e-01 2.7196988737e+00 4.6858450912e-01 1.0642115411e+00 7.8939234406e+00 4.8000000000e+02 6.0000000000e-01 -2.9444389792e+00
9.1014921192e-01 3.1392010551e+00 6.5951376495e-01 1.0514100640e+00 3.7473895556e+00 4.8100000000e+02 6.0000000000e-01 -2.9444389792e+00
9.1098248472e-01 2.5082941767e+00 9.7089037686e-01 1.0624594475e+00 3.0686065058e+00 4.8200000000e+02 6.0000000000e-01 -2.9444389792e+00
9.1119397282e-01 2.8551869302e+00 1.3079788471e+00 1.0785842329e+00 8.3318818696e+00 4.8300000000e+02 6.0000000000e-01 -2.9444389792e+00
9.1122069639e-01 2.8459733330e+00 1.5027501217e+00 1.0915640570e+00 1.3883213119e+01 4.8400000000e+02 6.0000000000e-01 -2.9444389792e+00
9.1224791721e-01 2.5990202463e+00 1.6852391163e+00 1.0741263770e+00 1.4384477359e+01 4.8500000000e+02 6.0000000000e-01 -2.9444389792e+00
9.1229474216e-01 2.9898166019e+00 1.7270024457e+00 1.0333656188e+00 8.4802492046e+00 4.8600000000e+02 6.0000000000e-01 -2.9444389792e+00
9.1299435519e-01 2.5838497420e+00 1.7254778474e+00 1.0402300777e+00 9.6196206176e+00 4.8700000000e+02 6.0000000000e-01 -2.9444389792e+00
9.1315023268e-01 3.0035447163e+00 1.8333936795e+00 1.0650864894e+00 1.1211964029e+01 4.8800000000e+02 6.0000000000e-01 -2.9444389792e+00
9.1405050600e-01 2.9133130483e+00 1.9031562959e+00 1.0629003447e+00 1.1465316857e+01 4.8900000000e+02 6.0000000000e-01 -2.9444389792e+00
9.1499541555e-01 2.5593287764e+00 2.0776154086e+00 1.0925268851e+00 4.9579253460e+00 4.9000000000e+02 6.0000000000e-01 -2.9444389792e+00
9.1511329413e-01 2.9138054617e+00 2.1186088768e+00 1.0556029384e+00 3.4877950056e+00 4.9100000000e+02 6.0000000000e-01 -2.9444389792e+00
9.1670453820e-01 2.5289415233e+00 2.1479932738e+00 1.0460511594e+00 1.5060977873e+01 4.9200000000e+02 6.0000000000e-01 -2.9444389792e+00
9.1840961914e-01 2.8027829125e+00 2.2631148912e+00 1.0560151423e+00 6.7677845854e+00 4.9300000000e+02 6.0000000000e-01 -2.9444389792e+00
9.2324885646e-01 3.3080682704e+00 2.6051546675e+00 1.0898842773e+00 1.3094476191e+01 4.9400000000e+02 6.0000000000e-01 -2.9444389792e+00
9.2845603066e-01 2.7678175307e+00 2.5849073372e+00 1.0746356879e+00 1.7379108598e+01 4.9500000000e+02 6.0000000000e-01 -2.9444389792e+00
9.2953222405e-01 3.1087468398e+00 2.7274851940e+00 1.0177348229e+00 5.0756171565e+00 4.9600000000e+02 6.0000000000e-01 -2.9444389792e+00
9.3020036551e-01 2.5918749323e+00 3.0460646546e+00 1.0567839463e+00 8.5401135715e+00 4.9700000000e+02 6.0000000000e-01 -2.9444389792e+00
9.3106214150e-01 2.8786898530e+00 3.1620467893e+00 1.0583446294e+00 1.3555769437e+01 4.9800000000e+02 6.0000000000e-01 -2.9444389792e+00
9.3249093190e-01 2.5097810479e+00 3.5002162024e+00 1.0851827306e+00 4.0091856608e+00 4.9900000000e+02 6.0000000000e-01 -2.9444389792e+00
9.3445953774e-01 4.1882301820e+00 3.5531236080e+00 1.0899411719e+00 2.2434306368e+00 5.0000000000e+02 6.0000000000e-01 -2.9444389792e+00
9.3939066614e-01 2.5844173902e+00 3.5667586496e+00 1.0900101940e+00 4.1278435804e+00 5.0100000000e+02 6.0000000000e-01 -2.9444389792e+00
9.4210654019e-01 2.7236059691e+00 3.8217479399e+00 1.0445247578e+00 8.7975777213e+00 5.0200000000e+02 6.0000000000e-01 -2.9444389792e+00
9.4480768275e-01 4.4708172346e+00 3.8852655988e+00 1.0923577590e+00 1.5926508764e+01 5.0300000000e+02 6.0000000000e-01 -2.9444389792e+00
9.4529114545e-01 3.0717033844e+00 4.2075652561e+00 1.0795432959e+00 1.4497033494e+01 5.0400000000e+02 6.0000000000e-01 -2.9444389792e+00
9.4562282912e-01 3.2555799268e+00 4.3665635132e+00 1.0403015518e+00 5.2398030460e+00 5.0500000000e+02 6.0000000000e-01 -2.9444389792e+00
9.4622121853e-01 3.0482494850e+00 4.4450587506e+00 1.0788000170e+00 1.6006621232e+01 5.0600000000e+02 6.0000000000e-01 -2.9444389792e+00
9.4662191416e-01 2.8787360378e+00 4.4232244441e+00 1.0729570118e+00 1.5837474748e+01 5.0700000000e+02 6.0000000000e-01 -2.9444389792e+00
9.4814856403e-01 2.7473448696e+00 4.6219996399e+00 1.0739885311e+00 8.5803035177e+00 5.0800000000e+02 6.0000000000e-01 -2.9444389792e+00
9.4840227686e-01 2.6388115698e+00 4.8830916636e+00 1.0824483561e+00 1.0021674932e+01 5.0900000000e+02 6.0000000000e-01 -2.9444389792e+00
9.4903042939e-01 2.9126141691e+00 4.8554156494e+00 1.0420942440e+00 2.4292857635e+00 5.1000000000e+02 6.0000000000e-01 -2.9444389792e+00
9.4956048598e-01 2.6456683105e+00 4.8811096408e+00 1.0354598486e+00 1.2835479921e+01 5.1100000000e+02 6.0000000000e-01 -2.9444389792e+00
9.4978948158e-01 2.9299448165e+00 3.1339036658e-03 1.1046115853e+00 1.0876294127e+01 5.1200000000e+02 6.0000000000e-01 -2.9444389792e+00
9.5001380885e-01 3.1920750459e+00 4.1036317696e-01 1.1264792071e+00 9.8315331244e+00 5.1300000000e+02 6.0000000000e-01 -2.9444389792e+00
9.5129099696e-01 4.1604408895e+00 4.9378380893e-01 1.1279506086e+00 7.0528094763e+00 5.1400000000e+02 6.0000000000e-01 -2.9444389792e+00
9.5197170815e-01 2.6798318853e+00 6.8354968662e-01 1.1007608026e+00 1.3407634654e+01 5.1500000000e+02 6.0000000000e-01 -2.9444389792e+00
9.5555414553e-01 2.6025237070e+00 6.4359703796e-01 1.1501188607e+00 1.0829765587e+01 5.1600000000e+02 6.0000000000e-01 -2.9444389792e+00
9.5820054464e-01 2.8560840249e+00 9.5500706132e-01 1.1397724366e+00 1.4875809023e+01 5.1700000000e+02 6.0000000000e-01 -2.9444389792e+00
9.6096590944e-01 2.9579108108e+00 1.2265316369e+00 1.1535612824e+00 3.5995989859e+00 5.1800000000e+02 6.0000000000e-01 -2.9444389792e+00
9.6149644590e-01 3.9095377052e+00 1.4412343422e+00 1.1435419009e+00 1.3777408746e+01 5.1900000000e+02 6.0000000000e-01 -2.9444389792e+00
9.6207782979e-01 2.5834255904e+00 1.7247597075e+00 1.1195409531e+00 1.6788121366e+01 5.2000000000e+02 6.0000000000e-01 -2.9444389792e+00
9.6353637463e-01 2.5679988907e+00 1.7920910862e+00 1.1586277427e+00 3.7890123117e+00 5.2100000000e+02 6.0000000000e-01 -2.9444389792e+00
9.6367807501e-01 3.3157825115e+00 1.9875706580e+00 1.1038730218e+00 1.1072632288e+01 5.2200000000e+02 6.0000000000e-01 -2.9444389792e+00
9.6459107690e-01 2.5807629576e+00 2.0242871346e+00 1.1397272548e+00 7.7586786437e+00 5.2300000000e+02 6.0000000000e-01 -2.9444389792e+00
9.6633966597e-01 2.7167246918e+00 2.3708249458e+00 1.1018256663e+00 1.7019373581e+01 5.2400000000e+02 6.0000000000e-01 -2.9444389792e+00
9.6935839674e-01 2.6854238421e+00 2.3982258006e+00 1.0966811140e+00 1.4356070318e+01 5.2500000000e+02 6.0000000000e-01 -2.9444389792e+00
9.7024137272e-01 2.7339755510e+00 2.4826756778e+00 1.1151802144e+00 1.6789893085e+01 5.2600000000e+02 6.0000000000e-01 -2.9444389792e+00
9.7145274417e-01 3.6509123846e+00 2.4769119365e+00 1.1606322835e+00 1.2017337328e+01 5.2700000000e+02 6.0000000000e-01 -2.9444389792e+00
9.7592537119e-01 2.6739563993e+00 2.7373420571e+00 1.1637281661e+00 1.0944293466e+01 5.2800000000e+02 6.0000000000e-01 -2.9444389792e+00
9.7647506024e-01 2.9094315643e+00 2.8613566231e+00 1.1136044814e+00 1.0107302922e+01 5.2900000000e+02 6.0000000000e-01 -2.9444389792e+00
9.7698784571e-01 2.5365726337e+00 2.9627463645e+00 1.1286249367e+00 8.0468228353e+00 5.3000000000e+02 6.0000000000e-01 -2.9444389792e+00
9.7932357009e-01 2.6821080178e+00 2.9289652821e+00 1.1489056459e+00 5.7695826395e+00 5.3100000000e+02 6.0000000000e-01 -2.9444389792e+00
9.8061370790e-01 2.6956212726e+00 3.0350883602e+00 1.0988320164e+00 2.7834137335e+00 5.3200000000e+02 6.0000000000e-01 -2.9444389792e+00
9.8073239471e-01 2.7630293212e+00 3.1095734524e+00 1.0957696067e+00 8.3835850665e+00 5.3300000000e+02 6.0000000000e-01 -2.9444389792e+00
9.8226071174e-01 2.5437123184e+00 3.1865516536e+00 1.1229439011e+00 1.3339246976e+01 5.3400000000e+02 6.0000000000e-01 -2.9444389792e+00
9.8398680398e-01 3.2676981272e+00 3.4266623934e+00 1.1079799461e+00 6.4347182107e+00 5.3500000000e+02 6.0000000000e-01 -2.9444389792e+00
9.8459569067e-01 3.1037829295e+00 3.7662041672e+00 1.1546474320e+00 1.0459491556e+01 5.3600000000e+02 6.0000000000e-01 -2.9444389792e+00
9.8478481777e-01 3.2859059740e+00 3.8360793811e+00 1.1157273451e+00 1.1316289581e+01 5.3700000000e+02 6.0000000000e-01 -2.9444389792e+00
9.9123926977e-01 3.2226066535e+00 4.1655952009e+00 1.1425407639e+00 1.5228352856e+01 5.3800000000e+02 6.0000000000e-01 -2.9444389792e+00
9.9528447159e-01 2.5899408017e+00 4.3243060033e+00 1.1434941458e+00 6.3480101380e+00 5.3900000000e+02 6.0000000000e-01 -2.9444389792e+00
9.9538332096e-01 2.6948877238e+00 4.3402340450e+00 1.1467920491e+00 3.3868480202e+00 5.4000000000e+02 6.0000000000e-01 -2.9444389792e+00
9.9992718867e-01 4.1976724470e+00 4.4067585701e+00 1.1024956026e+00 1.2246903802e+01 5.4100000000e+02 6.0000000000e-01 -2.9444389792e+00
1.0001564449e+00 2.6654372490e+00 4.5033671882e+00 1.1577722739e+00 1.0439130039e+01 5.4200000000e+02 6.0000000000e-01 -2.9444389792e+00
1.0038452663e+00 3.2643163409e+00 4.6267810132e+00 1.1691092423e+00 6.6466082947e+00 5.4300000000e+02 6.0000000000e-01 -2.9444389792e+00
1.0047113658e+00 4.6610406361e+00 4.7244851383e+00 1.1028165624e+00 1.4612246633e+01 5.4400000000e+02 6.0000000000e-01 -2.9444389792e+00
1.0055433278e+00 2.6086207953e+00 4.7788332562e+00 1.1249910659e+00 5.8680435352e+00 5.4500000000e+02 6.0000000000e-01 -2.9444389792e+00
1.0082768191e+00 3.0656547225e+00 4.8006578646e+00 1.0960554708e+00 7.8047418674e+00 5.4600000000e+02 6.0000000000e-01 -2.9444389792e+00
1.0094589939e+00 2.5421452308e+00 4.8652221782e+00 1.1541146981e+00 6.3509803634e+00 5.4700000000e+02 6.0000000000e-01 -2.9444389792e+00
1.0119759662e+00 3.7558505485e+00 4.9806831299e+00 1.1373038460e+00 4.3429071146e+00 5.4800000000e+02 6.0000000000e-01 -2.9444389792e+00
1.0141436418e+00 2.6815276015e+00 4.9895110338e+00 1.1647014324e+00 1.4561250509e+01 5.4900000000e+02 6.0000000000e-01 -2.9444389792e+00
1.0141441533e+00 2.9105313621e+00 9.8396344906e-02 1.2101063156e+00 1.6434024433e+01 5.5000000000e+02 6.0000000000e-01 -2.9444389792e+00
1.0143425218e+00 3.3517748741e+00 3.8623275262e-01 1.1882950017e+00 1.3530221118e+01 5.5100000000e+02 6.0000000000e-01 -2.9444389792e+00
1.0170756697e+00 2.5422072732e+00 4.0946037390e-01 1.2037153697e+00 5.0664730494e+00 5.5200000000e+02 6.0000000000e-01 -2.9444389792e+00
1.0172918644e+00 4.2434222606e+00 5.1720954023e-01 1.1801176425e+00 1.7510463179e+01 5.5300000000e+02 6.0000000000e-01 -2.9444389792e+00
1.0187663253e+00 2.8729945505e+00 4.9073999489e-01 1.1957012347e+00 6.0067433814e+00 5.5400000000e+02 6.0000000000e-01 -2.9444389792e+00
1.0213749747e+00 3.5686239879e+00 7.6240667280e-01 1.2485553198e+00 1.0823143249e+01 5.5500000000e+02 6.0000000000e-01 -2.9444389792e+00
1.0246366992e+00 2.8118693176e+00 8.9648519797e-01 1.1978972614e+00 6.1890095388e+00 5.5600000000e+02 6.0000000000e-01 -2.9444389792e+00
1.0258126332e+00 2.5120732586e+00 1.0861853411e+00 1.2211674260e+00 1.1899698238e+01 5.5700000000e+02 6.0000000000e-01 -2.9444389792e+00
1.0264568052e+00 4.0102643055e+00 1.2386557589e+00 1.1848283508e+00 1.4294406418e+01 5.5800000000e+02 6.0000000000e-01 -2.9444389792e+00
1.0269331243e+00 3.5360257987e+00 1.2661911636e+00 1.2104243736e+00 3.5294285933e+00 5.5900000000e+02 6.0000000000e-01 -2.9444389792e+00
1.0278339718e+00 2.5984464032e+00 1.3271388822e+00 1.1800829133e+00 6.2750533969e+00 5.6000000000e+02 6.0000000000e-01 -2.9444389792e+00
1.0279163131e+00 2.8097217731e+00 1.4482202071e+00 1.1829200726e+00 1.1053447685e+01 5.6100000000e+02 6.0000000000e-01 -2.9444389792e+00
1.0300244286e+00 2.8268065256e+00 1.7140025739e+00 1.2293542312e+00 4.5536327582e+00 5.6200000000e+02 6.0000000000e-01 -2.9444389792e+00
1.0327772977e+00 2.7493461402e+00 1.7115205212e+00 1.2442025670e+00 1.1891054382e+01 5.6300000000e+02 6.0000000000e-01 -2.9444389792e+00
1.0351809299e+00 3.2541527980e+00 1.9863422225e+00 1.2239072635e+00 1.6019606477e+01 5.6400000000e+02 6.0000000000e-01 -2.9444389792e+00
1.0406632924e+00 2.5844271848e+00 2.0037201895e+00 1.1758464007e+00 1.5195103093e+01 5.6500000000e+02 6.0000000000e-01 -2.9444389792e+00
1.0407788289e+00 2.7369005600e+00 2.1482852435e+00 1.2261932060e+00 1.3828459687e+01 5.6600000000e+02 6.0000000000e-01 -2.9444389792e+00
1.0412246959e+00 2.7749941126e+00 2.4038423634e+00 1.2091590523e+00 3.7589988192e+00 5.6700000000e+02 6.0000000000e-01 -2.9444389792e+00
1.0413083496e+00 2.7719810264e+00 2.7575249469e+00 1.2422312269e+00 1.4274929925e+01 5.6800000000e+02 6.0000000000e-01 -2.9444389792e+00
1.0416025346e+00 3.1253447402e+00 2.7446530452e+00 1.1959696017e+00 2.0125112659e+00 5.6900000000e+02 6.0000000000e-01 -2.9444389792e+00
1.0419221896e+00 2.9198342878e+00 2.9409096063e+00 1.1997335721e+00 4.6776332789e+00 5.7000000000e+02 6.0000000000e-01 -2.9444389792e+00
1.0422456697e+00 2.6753151701e+00 3.1296049314e+00 1.1979373146e+00 1.1741109569e+01 5.7100000000e+02 6.0000000000e-01 -2.9444389792e+00
1.0434788998e+00 2.8222975774e+00 3.3047333365e+00 1.2460951463e+00 4.7168205160e+00 5.7200000000e+02 6.0000000000e-01 -2.9444389792e+00
1.0451825277e+00 2.8252503524e+00 3.3243087304e+00 1.2315781791e+00 1.0738103197e+01 5.7300000000e+02 6.0000000000e-01 -2.9444389792e+00
1.0493037222e+00 3.4966788576e+00 3.4598484392e+00 1.2400874446e+00 1.3557030364e+01 5.7400000000e+02 6.0000000000e-01 -2.9444389792e+00
1.0503285888e+00 2.5602906894e+00 3.9489645123e+00 1.1882594914e+00 2.7625392440e+00 5.7500000000e+02 6.0000000000e-01 -2.9444389792e+00
1.0533172474e+00 2.7445831694e+00 4.0474780900e+00 1.2386767409e+00 2.6775795582e+00 5.7600000000e+02 6.0000000000e-01 -2.9444389792e+00
1.0548445652e+00 2.6279613253e+00 4.1536443855e+00 1.2261976036e+00 8.0626393094e+00 5.7700000000e+02 6.0000000000e-01 -2.9444389792e+00
1.0564002423e+00 2.6976724016e+00 4.6321262926e+00 1.1757179672e+00 9.7482442727e+00 5.7800000000e+02 6.0000000000e-01 -2.9444389792e+00
1.0565176536e+00 2.8371752425e+00 6.6810457350e-02 1.2763825650e+00 1.7582688316e+01 5.7900000000e+02 6.0000000000e-01 -2.9444389792e+00
1.0571664576e+00 2.9612799647e+00 1.3803098915e-01 1.2599883161e+00 1.6800334917e+01 5.8000000000e+02 6.0000000000e-01 -2.9444389792e+00
1.0583986935e+00 2.9492983798e+00 1.7770381652e-01 1.2663327707e+00 1.0674611632e+01 5.8100000000e+02 6.0000000000e-01 -2.9444389792e+00
1.0641357045e+00 3.2383286934e+00 2.2223453917e-01 1.3260331411e+00 9.9295940570e+00 5.8200000000e+02 6.0000000000e-01 -2.9444389792e+00
1.0670413637e+00 2.6881751820e+00 2.4620182973e-01 1.2854820835e+00 1.2209794811e+01 5.8300000000e+02 6.0000000000e-01 -2.9444389792e+00
1.0680890566e+00 2.6169728799e+00 3.3247755718e-01 1.2854862641e+00 1.3752028262e+01 5.8400000000e+02 6.0000000000e-01 -2.9444389792e+00
1.0730355434e+00 2.8025850405e+00 5.8339054200e-01 1.3250394646e+00 4.0783755864e+00 5.8500000000e+02 6.0000000000e-01 -2.9444389792e+00
1.0751038360e+00 2.7684648782e+00 6.6961440936e-01 1.2969362810e+00 1.5753113054e+01 5.8600000000e+02 6.0000000000e-01 -2.9444389792e+00
1.0771361714e+00 3.1733834124e+00 1.0183469439e+00 1.2647530119e+00 9.4267672306e+00 5.8700000000e+02 6.0000000000e-01 -2.9444389792e+00
1.0777736320e+00 3.0541918791e+00 1.2264997151e+00 1.2556129287e+00 7.0349870278e+00 5.8800000000e+02 6.0000000000e-01 -2.9444389792e+00
1.0786605287e+00 2.8322066663e+00 1.4651824920e+00 1.2756144448e+00 5.3841641686e+00 5.8900000000e+02 6.0000000000e-01 -2.9444389792e+00
1.0799607094e+00 2.5980922383e+00 1.6290785157e+00 1.3079788151e+00 3.2633369337e+00 5.9000000000e+02 6.0000000000e-01 -2.9444389792e+00
1.0819929191e+00 2.5727850119e+00 2.7966008861e+00 1.3014480656e+00 3.2829074066e+00 5.9100000000e+02 6.0000000000e-01 -2.9444389792e+00
1.0819972789e+00 2.6315166902e+00 2.7938738741e+00 1.2810830212e+00 4.5555037400e+00 5.9200000000e+02 6.0000000000e-01 -2.9444389792e+00
1.0848896103e+00 3.2400219517e+00 2.9743878813e+00 1.2846941457e+00 2.1592768241e+00 5.9300000000e+02 6.0000000000e-01 -2.9444389792e+00
1.0849835824e+00 3.3748611179e+00 3.0021941566e+00 1.2628862500e+00 3.4133479419e+00 5.9400000000e+02 6.0000000000e-01 -2.9444389792e+00
1.0931942436e+00 2.9757801824e+00 3.2944926484e+00 1.3077317868e+00 6.4412274014e+00 5.9500000000e+02 6.0000000000e-01 -2.9444389792e+00
1.0934528916e+00 2.6138346435e+00 3.7321640856e+00 1.3068126931e+00 1.7061858984e+01 5.9600000000e+02 6.0000000000e-01 -2.9444389792e+00
1.0972425973e+00 2.5771364502e+00 3.7904364456e+00 1.3120164085e+00 5.0024279343e+00 5.9700000000e+02 6.0000000000e-01 -2.9444389792e+00
1.0972723108e+00 2.7466274870e+00 3.7688133472e+00 1.2676552227e+00 7.4434040148e+00 5.9800000000e+02 6.0000000000e-01 -2.9444389792e+00
1.1006852660e+00 2.7053576949e+00 3.8358908282e+00 1.2946526201e+00 7.5479807599e+00 5.9900000000e+02 6.0000000000e-01 -2.9444389792e+00
1.1025028840e+00 2.7766523419e+00 3.9564480352e+00 1.3055025445e+00 5.5490109306e+00 6.0000000000e+02 6.0000000000e-01 -2.9444389792e+00
1.1026123351e+00 2.6263768765e+00 3.9693489875e+00 1.2787240406e+00 1.3008415335e+01 6.0100000000e+02 6.0000000000e-01 -2.9444389792e+00
1.1029948993e+00 2.6463591595e+00 4.0981941517e+00 1.2690285207e+00 2.5523997482e+00 6.0200000000e+02 6.0000000000e-01 -2.9444389792e+00
1.1037440815e+00 2.6817138428e+00 4.5667680834e+00 1.2524018854e+00 1.0188842862e+01 6.0300000000e+02 6.0000000000e-01 -2.9444389792e+00
1.1075085083e+00 2.5791056376e+00 4.6522349592e+00 1.2580146500e+00 9.2239771899e+00 6.0400000000e+02 6.0000000000e-01 -2.9444389792e+00
1.1087212407e+00 3.5947631173e+00 4.6630581651e+00 1.2991298483e+00 1.7201299328e+01 6.0500000000e+02 6.0000000000e-01 -2.9444389792e+00
1.1090676723e+00 2.6224940530e+00 4.6927650950e+00 1.3263185941e+00 1.0706106092e+01 6.0600000000e+02 6.0000000000e-01 -2.9444389792e+00
1.1133729020e+00 2.8643563530e+00 4.9460768326e+00 1.3049570628e+00 5.0998484662e+00 6.0700000000e+02 6.0000000000e-01 -2.9444389792e+00
1.1136579506e+00 3.2727921004e+00 2.2373457283e-01 1.3340869521e+00 5.8269807546e+00 6.0800000000e+02 6.0000000000e-01 -2.9444389792e+00
1.1144213950e+00 3.1698100094e+00 1.5665002615e-01 1.3870218990e+00 1.6084258803e+01 6.0900000000e+02 6.0000000000e-01 -2.9444389792e+00
1.1152404654e+00 3.0012588334e+00 1.9953982270e-01 1.3292168338e+00 8.6044337975e+00 6.1000000000e+02 6.0000000000e-01 -2.9444389792e+00
1.1169052338e+00 2.7614329809e+00 2.6671618946e-01 1.3399403703e+00 9.2946041531e+00 6.1100000000e+02 6.0000000000e-01 -2.9444389792e+00
1.1171566511e+00 2.7566489860e+00 5.0752697803e-01 1.3372331964e+00 8.7369199001e+00 6.1200000000e+02 6.0000000000e-01 -2.9444389792e+00
1.1181667258e+00 2.5335733295e+00 5.8714160285e-01 1.3433473236e+00 1.0436515274e+01 6.1300000000e+02 6.0000000000e-01 -2.9444389792e+00
1.1215608084e+00 2.6420827022e+00 6.5962208269e-01 1.3956591336e+00 2.8095195869e+00 6.1400000000e+02 6.0000000000e-01 -2.9444389792e+00
1.1218971259e+00 2.5609054012e+00 7.9756150078e-01 1.3626787852e+00 6.1007014712e+00 6.1500000000e+02 6.0000000000e-01 -2.9444389792e+00
1.1234533991e+00 2.7417187341e+00 1.3022585626e+00 1.3916847809e+00 1.6399982433e+01 6.1600000000e+02 6.0000000000e-01 -2.9444389792e+00
1.1242695055e+00 3.1658895706e+00 1.2516502156e+00 1.3341030004e+00 1.0350891189e+01 6.1700000000e+02 6.0000000000e-01 -2.9444389792e+00
1.1255877891e+00 2.7600200627e+00 1.3718564941e+00 1.3564250765e+00 1.0455816892e+01 6.1800000000e+02 6.0000000000e-01 -2.9444389792e+00
1.1272460528e+00 2.8551443697e+00 1.4271364093e+00 1.3673666305e+00 8.7600784734e+00 6.1900000000e+02 6.0000000000e-01 -2.9444389792e+00
1.1305747407e+00 2.5630590710e+00 1.7646299067e+00 1.3531341237e+00 1.1664806709e+01 6.2000000000e+02 6.0000000000e-01 -2.9444389792e+00
1.1335643480e+00 2.9500259218e+00 2.2488480267e+00 1.3580912184e+00 2.2458519090e+00 6.2100000000e+02 6.0000000000e-01 -2.9444389792e+00
1.1352680447e+00 3.1005904910e+00 2.2690298592e+00 1.3992485715e+00 4.2879715442e+00 6.2200000000e+02 6.0000000000e-01 -2.9444389792e+00
1.1377285726e+00 2.7265435530e+00 2.5062307188e+00 1.3887889129e+00 8.1737238692e+00 6.2300000000e+02 6.0000000000e-01 -2.9444389792e+00
1.1383809873e+00 2.5337841388e+00 2.6153758255e+00 1.4043596333e+00 1.1832821619e+01 6.2400000000e+02 6.0000000000e-01 -2.9444389792e+00
1.1400952097e+00 3.2940259800e+00 2.6821180155e+00 1.3285992967e+00 8.3314186244e+00 6.2500000000e+02 6.0000000000e-01 -2.9444389792e+00
1.1404935755e+00 2.9207337571e+00 2.7538870099e+00 1.3659524909e+00 1.5121224063e+01 6.2600000000e+02 6.0000000000e-01 -2.9444389792e+00
1.1424629463e+00 2.9947669129e+00 2.8292324707e+00 1.3549760790e+00 9.6442753261e+00 6.2700000000e+02 6.0000000000e-01 -2.9444389792e+00
1.1435702771e+00 2.8322797706e+00 3.1805937169e+00 1.3727989444e+00 6.4716433258e+00 6.2800000000e+02 6.0000000000e-01 -2.9444389792e+00
1.1450858202e+00 2.9832429109e+00 3.2635166714e+00 1.3359538005e+00 1.4956294684e+01 6.2900000000e+02 6.0000000000e-01 -2.9444389792e+00
1.1474511503e+00 2.6756408602e+00 3.3266597095e+00 1.3840258657e+00 2.8566009925e+00 6.3000000000e+02 6.0000000000e-01 -2.9444389792e+00
1.1485936677e+00 3.3469116017e+00 3.3757483294e+00 1.4003419444e+00 6.7759518590e+00 6.3100000000e+02 6.0000000000e-01 -2.9444389792e+00
1.1513603050e+00 4.8645434903e+00 3.3754802162e+00 1.3940153184e+00 7.5913083216e+00 6.3200000000e+02 6.0000000000e-01 -2.9444389792e+00
1.1534954882e+00 2.5785123063e+00 3.5525899933e+00 1.3313313962e+00 1.0326405191e+01 6.3300000000e+02 6.0000000000e-01 -2.9444389792e+00
1.1536797909e+00 2.9355131320e+00 4.2882080185e+00 1.3882244462e+00 1.6398063701e+01 6.3400000000e+02 6.0000000000e-01 -2.9444389792e+00
1.1546860579e+00 2.5515283555e+00 4.3373739046e+00 1.3566702361e+00 4.2503469484e+00 6.3500000000e+02 6.0000000000e-01 -2.9444389792e+00
1.1558713543e+00 2.6338350546e+00 4.8167302849e+00 1.3798400755e+00 1.3534886773e+01 6.3600000000e+02 6.0000000000e-01 -2.9444389792e+00
1.1582043035e+00 2.6827688036e+00 3.3401926894e-02 1.4341248597e+00 1.1635455547e+01 6.3700000000e+02 6.0000000000e-01 -2.9444389792e+00
1.1620415529e+00 2.6506484045e+00 2.5138725642e-01 1.4731556712e+00 2.7375543331e+00 6.3800000000e+02 6.0000000000e-01 -2.9444389792e+00
1.1624320513e+00 3.2196092019e+00 3.1541155517e-01 1.4337529167e+00 8.8616212793e+00 6.3900000000e+02 6.0000000000e-01 -2.9444389792e+00
1.1626084712e+00 2.8623645650e+00 3.9886478918e-01 1.4840673059e+00 1.2425110044e+01 6.4000000000e+02 6.0000000000e-01 -2.9444389792e+00
1.1627582397e+00 2.6984802642e+00 5.2008570726e-01 1.4290560453e+00 1.5524521362e+01 6.4100000000e+02 6.0000000000e-01 -2.9444389792e+00
1.1630210849e+00 2.7432425871e+00 5.0034265949e-01 1.4779523787e+00 9.8722008816e+00 6.4200000000e+02 6.0000000000e-01 -2.9444389792e+00
1.1679028714e+00 2.5690434788e+00 7.3081746635e-01 1.4807340294e+00 9.7339961366e+00 6.4300000000e+02 6.0000000000e-01 -2.9444389792e+00
1.1691657382e+00 3.4085845442e+00 7.9234174516e-01 1.4103209736e+00 1.2152754987e+01 6.4400000000e+02 6.0000000000e-01 -2.9444389792e+00
1.1702504961e+00 2.5882539881e+00 8.6522030495e-01 1.4321484772e+00 1.2368370538e+01 6.4500000000e+02 6.0000000000e-01 -2.9444389792e+00
1.1734746758e+00 2.6399011980e+00 1.0230804464e+00 1.4246489903e+00 7.5487540905e+00 6.4600000000e+02 6.0000000000e-01 -2.9444389792e+00
1.1737063098e+00 2.8112200363e+00 1.2581087739e+00 1.4833335856e+00 1.7169829920e+01 6.4700000000e+02 6.0000000000e-01 -2.9444389792e+00
1.1742764446e+00 2.6252021992e+00 1.4443711634e+00 1.4573172338e+00 8.3683849181e+00 6.4800000000e+02 6.0000000000e-01 -2.9444389792e+00
1.1758512619e+00 2.5570562205e+00 1.5829940283e+00 1.4544411833e+00 1.5907592467e+01 6.4900000000e+02 6.0000000000e-01 -2.9444389792e+00
1.1772562958e+00 2.6706657179e+00 1.6474235796e+00 1.4354946357e+00 6.0328867749e+00 6.5000000000e+02 6.0000000000e-01 -2.9444389792e+00
1.1803257922e+00 2.9075249362e+00 1.8604764836e+00 1.4069295398e+00 1.1257059853e+01 6.5100000000e+02 6.0000000000e-01 -2.9444389792e+00
1.1804873871e+00 2.6374722859e+00 1.9022475650e+00 1.4782798331e+00 1.4555377676e+01 6.5200000000e+02 6.0000000000e-01 -2.9444389792e+00
1.1810545850e+00 2.6158669713e+00 2.5407446688e+00 1.4727518353e+00 1.6824391023e+01 6.5300000000e+02 6.0000000000e-01 -2.9444389792e+00
1.1814628988e+00 2.5762037143e+00 2.6517380137e+00 1.4368185043e+00 1.6316725305e+01 6.5400000000e+02 6.0000000000e-01 -2.9444389792e+00
1.1823109688e+00 2.5216072340e+00 2.7143715037e+00 1.4085605866e+00 8.8222073787e+00 6.5500000000e+02 6.0000000000e-01 -2.9444389792e+00
1.1843052753e+00 2.5310655307e+00 2.6859878621e+00 1.4238442587e+00 9.0904762343e+00 6.5600000000e+02 6.0000000000e-01 -2.9444389792e+00
1.1855013993e+00 2.7715923383e+00 2.9444775607e+00 1.4778259068e+00 1.4088777690e+01 6.5700000000e+02 6.0000000000e-01 -2.9444389792e+00
1.1858866468e+00 2.5377674943e+00 2.9878953110e+00 1.4641722587e+00 3.2809725560e+00 6.5800000000e+02 6.0000000000e-01 -2.9444389792e+00
1.1858872519e+00 3.0430566274e+00 3.1206635908e+00 1.4255275008e+00 3.4976304742e+00 6.5900000000e+02 6.0000000000e-01 -2.9444389792e+00
1.1873072400e+00 2.6557513121e+00 3.0584629670e+00 1.4249240265e+00 5.8953194007e+00 6.6000000000e+02 6.0000000000e-01 -2.9444389792e+00
1.1876664549e+00 2.5312720649e+00 3.2595523716e+00 1.4736029713e+00 1.7870638891e+01 6.6100000000e+02 6.0000000000e-01 -2.9444389792e+00
1.1928782070e+00 2.5063314951e+00 3.2450597478e+00 1.4556821537e+00 6.5721638704e+00 6.6200000000e+02 6.0000000000e-01 -2.9444389792e+00
1.1958074287e+00 3.4608914733e+00 3.4834651017e+00 1.4100998609e+00 1.7464759279e+01 6.6300000000e+02 6.0000000000e-01 -2.9444389792e+00
1.2019058815e+00 3.0116842071e+00 3.5178642742e+00 1.4095949780e+00 8.0761270313e+00 6.6400000000e+02 6.0000000000e-01 -2.9444389792e+00
1.2031650921e+00 3.0121539083e+00 4.0492002027e+00 1.4567245497e+00 4.8982740502e+00 6.6500000000e+02 6.0000000000e-01 -2.9444389792e+00
1.2035088122e+00 4.1830964177e+00 4.1696830517e+00 1.4375089712e+00 3.2428931696e+00 6.6600000000e+02 6.0000000000e-01 -2.9444389792e+00
1.2037583162e+00 3.0458624484e+00 4.2854921425e+00 1.4369193325e+00 4.4773772012e+00 6.6700000000e+02 6.0000000000e-01 -2.9444389792e+00
1.2047043233e+00 4.2411232216e+00 4.7400276179e+00 1.4077663341e+00 5.1870802944e+00 6.6800000000e+02 6.0000000000e-01 -2.9444389792e+00
1.2064241372e+00 2.7802202770e+00 4.7877080666e+00 1.4597499833e+00 9.8421430230e+00 6.6900000000e+02 6.0000000000e-01 -2.9444389792e+00
1.2127090980e+00 2.9679603031e+00 4.8335425325e+00 1.4497138546e+00 2.7025337717e+00 6.7000000000e+02 6.0000000000e-01 -2.9444389792e+00
1.2134932208e+00 2.7812338799e+00 4.9819878224e+00 1.4685303673e+00 1.7418555995e+01 6.7100000000e+02 6.0000000000e-01 -2.9444389792e+00
1.2151925981e+00 2.8285884722e+00 4.9951861611e+00 1.4585790128e+00 4.4743962549e+00 6.7200000000e+02 6.0000000000e-01 -2.9444389792e+00
1.2153314889e+00 2.5848214259e+00 2.1706270211e-02 1.5604318370e+00 8.4314298612e+00 6.7300000000e+02 6.0000000000e-01 -2.9444389792e+00
1.2178880999e+00 2.6111539085e+00 5.7159231398e-01 1.5065252650e+00 4.1352847420e+00 6.7400000000e+02 6.0000000000e-01 -2.9444389792e+00
1.2197373910e+00 2.7673591359e+00 6.1674105683e-01 1.5342128330e+00 2.8790921724e+00 6.7500000000e+02 6.0000000000e-01 -2.9444389792e+00
1.2217036970e+00 2.6108300063e+00 8.5607423616e-01 1.5104061168e+00 1.6305145503e+01 6.7600000000e+02 6.0000000000e-01 -2.9444389792e+00
1.2241502050e+00 2.5054953187e+00 8.4000323847e-01 1.5528686830e+00 1.4573274619e+01 6.7700000000e+02 6.0000000000e-01 -2.9444389792e+00
1.2244515516e+00 2.6587500535e+00 9.2968124514e-01 1.4893130257e+00 1.2691859052e+01 6.7800000000e+02 6.0000000000e-01 -2.9444389792e+00
1.2250222121e+00 2.5171860266e+00 1.1564859206e+00 1.5358714151e+00 8.1267421451e+00 6.7900000000e+02 6.0000000000e-01 -2.9444389792e+00
1.2250502575e+00 3.5432112239e+00 1.2145033030e+00 1.5546155041e+00 1.7044634203e+01 6.8000000000e+02 6.0000000000e-01 -2.9444389792e+00
1.2256519592e+00 2.5515519468e+00 1.3248270283e+00 1.5413445814e+00 1.4284133459e+01 6.8100000000e+02 6.0000000000e-01 -2.9444389792e+00
1.2323871838e+00 2.5537302686e+00 1.5365434569e+00 1.5205383070e+00 4.9594871330e+00 6.8200000000e+02 6.0000000000e-01 -2.9444389792e+00
1.2332352738e+00 2.6275356938e+00 1.6148864560e+00 1.5457007747e+00 1.0436424073e+01 6.8300000000e+02 6.0000000000e-01 -2.9444389792e+00
1.2333619312e+00 3.1768377405e+00 1.8352504149e+00 1.5300743938e+00 1.7862038759e+01 6.8400000000e+02 6.0000000000e-01 -2.9444389792e+00
1.2357094092e+00 2.5042776593e+00 1.9018582031e+00 1.5375094099e+00 1.6587253374e+01 6.8500000000e+02 6.0000000000e-01 -2.9444389792e+00
1.2360313314e+00 4.3261257536e+00 1.9868917101e+00 1.5595420705e+00 4.5676422276e+00 6.8600000000e+02 6.0000000000e-01 -2.9444389792e+00
1.2400012312e+00 2.5377537484e+00 2.2033229550e+00 1.5073081323e+00 1.1713223085e+01 6.8700000000e+02 6.0000000000e-01 -2.9444389792e+00
1.2419367729e+00 2.5198102373e+00 2.4947081998e+00 1.5046655679e+00 8.7919516976e+00 6.8800000000e+02 6.0000000000e-01 -2.9444389792e+00
1.2422678611e+00 2.8133342751e+00 2.5371627914e+00 1.5070157255e+00 3.9835577400e+00 6.8900000000e+02 6.0000000000e-01 -2.9444389792e+00
1.2430938485e+00 3.0144322377e+00 2.6738267330e+00 1.4934944016e+00 1.2707514293e+01 6.9000000000e+02 6.0000000000e-01 -2.9444389792e+00
1.2451157233e+00 2.7084765174e+00 2.7590864492e+00 1.5291986203e+00 1.6720065676e+01 6.9100000000e+02 6.0000000000e-01 -2.9444389792e+00
1.2462077918e+00 3.1109337185e+00 2.8879503510e+00 1.5611799264e+00 5.6347923533e+00 6.9200000000e+02 6.0000000000e-01 -2.9444389792e+00
1.2471369118e+00 2.6460867442e+00 3.3374540317e+00 1.4980659023e+00 7.7188529996e+00 6.9300000000e+02 6.0000000000e-01 -2.9444389792e+00
1.2481037806e+00 2.9472128207e+00 3.3693163210e+00 1.5403905915e+00 1.4342348730e+01 6.9400000000e+02 6.0000000000e-01 -2.9444389792e+00
1.2483676612e+00 2.5065442177e+00 3.3753027772e+00 1.5242205698e+00 1.3665483467e+01 6.9500000000e+02 6.0000000000e-01 -2.9444389792e+00
1.2491304666e+00 3.3427810757e+00 3.3853204398e+00 1.4954091887e+00 1.4793263816e+01 6.9600000000e+02 6.0000000000e-01 -2.9444389792e+00
1.2556855577e+00 3.5666802309e+00 3.4510744499e+00 1.5123447876e+00 1.6670867650e+01 6.9700000000e+02 6.0000000000e-01 -2.9444389792e+00
1.2588902379e+00 2.9983745743e+00 3.4704140847e+00 1.5379493783e+00 4.1187008632e+00 6.9800000000e+02 6.0000000000e-01 -2.9444389792e+00
1.2628798949e+00 2.7441479822e+00 3.5361547413e+00 1.5254074116e+00 5.2604018326e+00 6.9900000000e+02 6.0000000000e-01 -2.9444389792e+00
1.2634790155e+00 2.8362005163e+00 3.7098377576e+00 1.5057516676e+00 1.4443999827e+01 7.0000000000e+02 6.0000000000e-01 -2.9444389792e+00
1.2674476094e+00 3.1991744389e+00 3.9146890627e+00 1.4901428703e+00 1.4816299030e+01 7.0100000000e+02 6.0000000000e-01 -2.9444389792e+00
1.2710162018e+00 3.1016186852e+00 4.0843853721e+00 1.4862328927e+00 1.0627932861e+01 7.0200000000e+02 6.0000000000e-01 -2.9444389792e+00
1.2731027260e+00 2.7020927660e+00 4.2655352610e+00 1.5419408978e+00 1.2278979539e+01 7.0300000000e+02 6.0000000000e-01 -2.9444389792e+00
1.2743410125e+00 4.0765366023e+00 4.3350756492e+00 1.4931507204e+00 8.5421157931e+00 7.0400000000e+02 6.0000000000e-01 -2.9444389792e+00
1.2746133425e+00 2.7127818846e+00 4.3929480611e+00 1.5264264716e+00 4.9484274901e+00 7.0500000000e+02 6.0000000000e-01 -2.9444389792e+00
1.2774121296e+00 2.8055453145e+00 4.7378329440e+00 1.5458783878e+00 6.4613814768e+00 7.0600000000e+02 6.0000000000e-01 -2.9444389792e+00
1.2808003591e+00 3.0565729819e+00 4.7397071027e+00 1.5029103710e+00 1.3973557010e+01 7.0700000000e+02 6.0000000000e-01 -2.9444389792e+00
1.2819085866e+00 2.8506684471e+00 4.4323078685e-02 1.5681082788e+00 5.3411137689e+00 7.0800000000e+02 6.0000000000e-01 -2.9444389792e+00
1.2837229364e+00 2.5934030777e+00 2.9280115740e-02 1.5943668544e+00 1.6760935164e+01 7.0900000000e+02 6.0000000000e-01 -2.9444389792e+00
1.2838189349e+00 2.5059025113e+00 1.3432870986e-01 1.5705493027e+00 1.4347912791e+01 7.1000000000e+02 6.0000000000e-01 -2.9444389792e+00
1.2888831215e+00 2.5775011370e+00 1.9877100839e-01 1.5781754929e+00 1.6724654121e+01 7.1100000000e+02 6.0000000000e-01 -2.9444389792e+00
1.2925342481e+00 2.5961110710e+00 1.9703226006e-01 1.5910759169e+00 1.1237598445e+01 7.1200000000e+02 6.0000000000e-01 -2.9444389792e+00
1.2950809214e+00 3.9248465800e+00 2.4940069628e-01 1.5909587432e+00 2.4190513885e+00 7.1300000000e+02 6.0000000000e-01 -2.9444389792e+00
1.2960550780e+00 3.2287413671e+00 6.7947683726e-01 1.6224056020e+00 1.7053406729e+01 7.1400000000e+02 6.0000000000e-01 -2.9444389792e+00
1.2971330068e+00 3.0955912396e+00 6.4006682624e-01 1.6356008384e+00 9.2108753934e+00 7.1500000000e+02 6.0000000000e-01 -2.9444389792e+00
1.2992150598e+00 3.1113579398e+00 6.8870103746e-01 1.6337633587e+00 6.6772281618e+00 7.1600000000e+02 6.0000000000e-01 -2.9444389792e+00
1.2993561343e+00 2.5502053404e+00 7.6720847479e-01 1.5991322380e+00 6.4341742216e+00 7.1700000000e+02 6.0000000000e-01 -2.9444389792e+00
1.3007675871e+00 2.7125572280e+00 1.0324814374e+00 1.5830477248e+00 5.2109044690e+00 7.1800000000e+02 6.0000000000e-01 -2.9444389792e+00
1.3029344072e+00 2.5969638773e+00 1.2440455276e+00 1.5698575964e+00 6.1849127080e+00 7.1900000000e+02 6.0000000000e-01 -2.9444389792e+00
1.3040094742e+00 2.5751545936e+00 1.3957798734e+00 1.6225501565e+00 2.6979088846e+00 7.2000000000e+02 6.0000000000e-01 -2.9444389792e+00
1.3040441050e+00 2.9714597034e+00 1.3999520494e+00 1.5801682978e+00 1.5950945347e+01 7.2100000000e+02 6.0000000000e-01 -2.9444389792e+00
1.3067003495e+00 2.7010522305e+00 1.6116493534e+00 1.6120444766e+00 6.0700674268e+00 7.2200000000e+02 6.0000000000e-01 -2.9444389792e+00
1.3110326062e+00 2.5973931080e+00 1.5768554280e+00 1.6353794884e+00 1.6961505762e+01 7.2300000000e+02 6.0000000000e-01 -2.9444389792e+00
1.3138057817e+00 2.5901413741e+00 1.8285234117e+00 1.5636679944e+00 3.2878854256e+00 7.2400000000e+02 6.0000000000e-01 -2.9444389792e+00
1.3191482286e+00 2.5114715833e+00 1.8408718194e+00 1.6116793567e+00 2.9832058282e+00 7.2500000000e+02 6.0000000000e-01 -2.9444389792e+00
1.3225566341e+00 2.5521655074e+00 2.1680002242e+00 1.5873735009e+00 5.1198754137e+00 7.2600000000e+02 6.0000000000e-01 -2.9444389792e+00
1.3227375394e+00 2.5231981136e+00 2.1978540162e+00 1.5767628933e+00 1.5202238733e+01 7.2700000000e+02 6.0000000000e-01 -2.9444389792e+00
1.3231950114e+00 2.5507661193e+00 2.1938285787e+00 1.5680572744e+00 4.9492035916e+00 7.2800000000e+02 6.0000000000e-01 -2.9444389792e+00
1.3246592160e+00 2.6716009679e+00 2.3083231595e+00 1.5805687187e+00 1.5501426500e+01 7.2900000000e+02 6.0000000000e-01 -2.9444389792e+00
1.3248165256e+00 3.1445336983e+00 2.4928382049e+00 1.6215515949e+00 1.3688190567e+01 7.3000000000e+02 6.0000000000e-01 -2.9444389792e+00
1.3256248133e+00 3.3239985505e+00 2.5971036835e+00 1.6347779679e+00 9.7144714170e+00 7.3100000000e+02 6.0000000000e-01 -2.9444389792e+00
1.3257461449e+00 3.2706247937e+00 2.6558064015e+00 1.6221771878e+00 1.4955723643e+01 7.3200000000e+02 6.0000000000e-01 -2.9444389792e+00
1.3286496048e+00 3.1381595696e+00 2.9184247090e+00 1.5676880570e+00 8.5750686340e+00 7.3300000000e+02 6.0000000000e-01 -2.9444389792e+00
1.3293041263e+00 2.5990284180e+00 2.9042863954e+00 1.6025119712e+00 1.5022179558e+01 7.3400000000e+02 6.0000000000e-01 -2.9444389792e+00
1.3370098274e+00 2.7638289790e+00 2.9185740855e+00 1.6118730126e+00 8.8541076171e+00 7.3500000000e+02 6.0000000000e-01 -2.9444389792e+00
1.3375659907e+00 2.7918237500e+00 3.0748832948e+00 1.6220558421e+00 1.3062589998e+01 7.3600000000e+02 6.0000000000e-01 -2.9444389792e+00
1.3416369416e+00 2.6854108277e+00 3.3544077085e+00 1.6335332328e+00 1.6606293434e+01 7.3700000000e+02 6.0000000000e-01 -2.9444389792e+00
1.3432160330e+00 2.8788003263e+00 3.5499153633e+00 1.5747017993e+00 6.2782057606e+00 7.3800000000e+02 6.0000000000e-01 -2.9444389792e+00
1.3455173859e+00 3.3774564723e+00 3.9150248156e+00 1.6071456019e+00 1.3275771235e+01 7.3900000000e+02 6.0000000000e-01 -2.9444389792e+00
1.3522058142e+00 2.7210401502e+00 4.1982373541e+00 1.6126738195e+00 1.2963004535e+01 7.4000000000e+02 6.0000000000e-01 -2.9444389792e+00
1.3528656848e+00 2.5793576087e+00 4.2150904027e+00 1.6261262572e+00 1.4378305018e+01 7.4100000000e+02 6.0000000000e-01 -2.9444389792e+00
1.3528678570e+00 3.3423137470e+00 4.1573787366e+00 1.6029987044e+00 5.6640859307e+00 7.4200000000e+02 6.0000000000e-01 -2.9444389792e+00
1.3530800975e+00 3.4754696445e+00 4.4281928392e+00 1.6142846441e+00 1.6118205512e+01 7.4300000000e+02 6.0000000000e-01 -2.9444389792e+00
1.3545879582e+00 2.6834120822e+00 4.7619548133e+00 1.6003988182e+00 9.1667457448e+00 7.4400000000e+02 6.0000000000e-01 -2.9444389792e+00
1.3552348701e+00 2.9262633431e+00 4.8171873109e+00 1.5638762213e+00 8.0158809717e+00 7.4500000000e+02 6.0000000000e-01 -2.9444389792e+00
1.3589138642e+00 2.8002434593e+00 2.3775055350e-02 1.6695381530e+00 4.5253346909e+00 7.4600000000e+02 6.0000000000e-01 -2.9444389792e+00
1.3622357600e+00 2.5581980538e+00 1.7510434823e-02 1.7003827557e+00 9.7724575836e+00 7.4700000000e+02 6.0000000000e-01 -2.9444389792e+00
1.3628471220e+00 3.3854166188e+00 2.1005199558e-01 1.7098686269e+00 1.1797444021e+01 7.4800000000e+02 6.0000000000e-01 -2.9444389792e+00
1.3658758990e+00 2.5228014874e+00 2.2885460328e-01 1.6428285649e+00 1.3760724172e+01 7.4900000000e+02 6.0000000000e-01 -2.9444389792e+00
1.3659414544e+00 3.2629598655e+00 2.1604622625e-01 1.7023566668e+00 8.9880317598e+00 7.5000000000e+02 6.0000000000e-01 -2.9444389792e+00
1.3668757483e+00 2.7738395619e+00 2.9761937171e-01 1.7095995868e+00 8.5514888672e+00 7.5100000000e+02 6.0000000000e-01 -2.9444389792e+00
1.3671028353e+00 3.3836302128e+00 4.3507706283e-01 1.6877419466e+00 1.5542839550e+01 7.5200000000e+02 6.0000000000e-01 -2.9444389792e+00
1.3698479858e+00 2.6446350514e+00 5.8508469930e-01 1.6550717183e+00 1.2036900112e+01 7.5300000000e+02 6.0000000000e-01 -2.9444389792e+00
1.3715810289e+00 2.8080626965e+00 5.7936860954e-01 1.6487480399e+00 9.7798138656e+00 7.5400000000e+02 6.0000000000e-01 -2.9444389792e+00
1.3757845975e+00 4.2228080892e+00 6.5398688420e-01 1.6896287152e+00 1.3254412859e+01 7.5500000000e+02 6.0000000000e-01 -2.9444389792e+00
1.3783475493e+00 2.7824881720e+00 7.1766128320e-01 1.6573626662e+00 1.3689102910e+01 7.5600000000e+02 6.0000000000e-01 -2.9444389792e+00
1.3826192255e+00 2.9432168766e+00 8.0349872721e-01 1.6814860909e+00 6.8848018430e+00 7.5700000000e+02 6.0000000000e-01 -2.9444389792e+00
1.3838741015e+00 2.9737694340e+00 9.9888382660e-01 1.6835032438e+00 1.3931239880e+01 7.5800000000e+02 6.0000000000e-01 -2.9444389792e+00
1.3855514600e+00 2.5335288518e+00 1.0533671968e+00 1.6684347411e+00 7.3317067589e+00 7.5900000000e+02 6.0000000000e-01 -2.9444389792e+00
1.3865225566e+00 2.6745021177e+00 1.1048586678e+00 1.6492673248e+00 5.5558161293e+00 7.6000000000e+02 6.0000000000e-01 -2.9444389792e+00
1.3878297299e+00 3.4852621384e+00 1.1571380218e+00 1.6782526452e+00 6.1189100341e+00 7.6100000000e+02 6.0000000000e-01 -2.9444389792e+00
1.3883452361e+00 3.3322165654e+00 1.2484854430e+00 1.6641520910e+00 7.9054708000e+00 7.6200000000e+02 6.0000000000e-01 -2.9444389792e+00
1.3891919820e+00 2.8883432424e+00 1.1943523544e+00 1.6617281156e+00 1.2762021059e+01 7.6300000000e+02 6.0000000000e-01 -2.9444389792e+00
1.3921283503e+00 2.6354989765e+00 1.6267620434e+00 1.6409108663e+00 8.1190942806e+00 7.6400000000e+02 6.0000000000e-01 -2.9444389792e+00
1.3927723154e+00 2.5200748241e+00 1.5787260967e+00 1.6486074801e+00 1.4617016930e+01 7.6500000000e+02 6.0000000000e-01 -2.9444389792e+00
1.3942998764e+00 2.9607517188e+00 2.0969674168e+00 1.6698819925e+00 9.9355203101e+00 7.6600000000e+02 6.0000000000e-01 -2.9444389792e+00
1.4007851788e+00 2.5256162807e+00 2.2332213587e+00 1.7064779384e+00 9.4468897791e+00 7.6700000000e+02 6.0000000000e-01 -2.9444389792e+00
1.4010085884e+00 3.4278528123e+00 2.4972245874e+00 1.6969330783e+00 3.7333429974e+00 7.6800000000e+02 6.0000000000e-01 -2.9444389792e+00
1.4013824846e+00 2.5214900549e+00 2.4701604290e+00 1.6945470943e+00 1.1406570356e+01 7.6900000000e+02 6.0000000000e-01 -2.9444389792e+00
1.4027471867e+00 2.6736579867e+00 2.6405000138e+00 1.7014506431e+00 1.6401212524e+01 7.7000000000e+02 6.0000000000e-01 -2.9444389792e+00
1.4036626944e+00 2.7577941719e+00 2.5891767515e+00 1.6759600502e+00 1.2603407500e+01 7.7100000000e+02 6.0000000000e-01 -2.9444389792e+00
1.4065856990e+00 2.8808212518e+00 2.6345931500e+00 1.6657393659e+00 3.2173587017e+00 7.7200000000e+02 6.0000000000e-01 -2.9444389792e+00
1.4080185113e+00 2.5415891463e+00 2.8860190742e+00 1.6855539621e+00 1.2589150847e+01 7.7300000000e+02 6.0000000000e-01 -2.9444389792e+00
1.4234513739e+00 3.0531339622e+00 3.1639174734e+00 1.7000472011e+00 1.3808692054e+01 7.7400000000e+02 6.0000000000e-01 -2.9444389792e+00
1.4236496308e+00 3.5302847439e+00 3.2713262776e+00 1.7000123918e+00 1.4675036913e+01 7.7500000000e+02 6.0000000000e-01 -2.9444389792e+00
1.4247201670e+00 3.1788748126e+00 3.2469272340e+00 1.6726786780e+00 2.2972458709e+00 7.7600000000e+02 6.0000000000e-01 -2.9444389792e+00
1.4250939223e+00 3.2134164461e+00 3.2962762429e+00 1.7113594144e+00 7.1004161307e+00 7.7700000000e+02 6.0000000000e-01 -2.9444389792e+00
1.4254005038e+00 2.7046885363e+00 3.4299096388e+00 1.6711290143e+00 9.2774745048e+00 7.7800000000e+02 6.0000000000e-01 -2.9444389792e+00
1.4259407623e+00 2.8737764437e+00 3.4872583104e+00 1.6568494262e+00 7.0287402034e+00 7.7900000000e+02 6.0000000000e-01 -2.9444389792e+00
1.4264291473e+00 2.5884736513e+00 3.8015163022e+00 1.7084999720e+00 4.2266355750e+00 7.8000000000e+02 6.0000000000e-01 -2.9444389792e+00
1.4285848642e+00 2.9460241575e+00 3.9865807256e+00 1.6497034440e+00 8.0631279311e+00 7.8100000000e+02 6.0000000000e-01 -2.9444389792e+00
1.4316707751e+00 2.5257499758e+00 4.1907076687e+00 1.7075661901e+00 1.2274157112e+01 7.8200000000e+02 6.0000000000e-01 -2.9444389792e+00
1.4368497892e+00 2.5048372622e+00 4.1496280362e+00 1.7013863420e+00 1.3818726731e+01 7.8300000000e+02 6.0000000000e-01 -2.9444389792e+00
1.4370878905e+00 3.3368831771e+00 1.1319918164e-01 1.7253779232e+00 1.1572901582e+01 7.8400000000e+02 6.0000000000e-01 -2.9444389792e+00
1.4385754517e+00 2.7749237465e+00 3.6883162111e-01 1.7402879970e+00 6.2103880737e+00 7.8500000000e+02 6.0000000000e-01 -2.9444389792e+00
1.4436271878e+00 2.9461736989e+00 3.5698449651e-01 1.7727002350e+00 8.2326775639e+00 7.8600000000e+02 6.0000000000e-01 -2.9444389792e+00
1.4472284816e+00 3.0006890706e+00 5.4198616885e-01 1.7911330819e+00 5.4707513286e+00 7.8700000000e+02 6.0000000000e-01 -2.9444389792e+00
1.4509736461e+00 2.7185913764e+00 7.8296342861e-01 1.7232250141e+00 1.0763726637e+01 7.8800000000e+02 6.0000000000e-01 -2.9444389792e+00
1.4515223581e+00 3.0988655024e+00 8.1223239921e-01 1.7287560044e+00 1.6879217100e+01 7.8900000000e+02 6.0000000000e-01 -2.9444389792e+00
1.4534963892e+00 3.8767422775e+00 7.9165644826e-01 1.7452602054e+00 1.5933363844e+01 7.9000000000e+02 6.0000000000e-01 -2.9444389792e+00
1.4543064504e+00 2.8138094481e+00 9.9990067577e-01 1.7495132920e+00 1.0695748083e+01 7.9100000000e+02 6.0000000000e-01 -2.9444389792e+00
1.4551219105e+00 2.8474008350e+00 1.0451088454e+00 1.7384563223e+00 9.9663828953e+00 7.9200000000e+02 6.0000000000e-01 -2.9444389792e+00
1.4570982451e+00 3.2230574863e+00 1.1478495217e+00 1.7482573913e+00 7.2686304317e+00 7.9300000000e+02 4.6000000000e+00 -4.7542369672e-01
1.4578931776e+00 2.7370004106e+00 1.1223751050e+00 1.7837975742e+00 2.6448276152e+00 7.9400000000e+02 4.6000000000e+00 -4.7542369672e-01
1.4618294031e+00 2.6167858478e+00 1.1365372905e+00 1.7957123732e+00 1.1929750851e+01 7.9500000000e+02 4.6000000000e+00 -4.7542369672e-01
1.4639544852e+00 2.7855363069e+00 1.0979101593e+00 1.7751405428e+00 1.0531684773e+01 7.9600000000e+02 4.6000000000e+00 -4.7542369672e-01
1.4656438328e+00 2.5927121294e+00 1.1167111711e+00 1.7633738885e+00 6.3277081414e+00 7.9700000000e+02 4.6000000000e+00 -4.7542369672e-01
1.4657742394e+00 2.5635150992e+00 1.1003645333e+00 1.7605524978e+00 1.0005913273e+01 7.9800000000e+02 4.6000000000e+00 -4.7542369672e-01
1.4669472922e+00 2.6337111486e+00 1.1955715392e+00 1.7609934456e+00 4.3346800711e+00 7.9900000000e+02 4.6000000000e+00 -4.7542369672e-01
1.4697236544e+00 3.0857351322e+00 1.2454081061e+00 1.7735472166e+00 8.9617619416e+00 8.0000000000e+02 4.6000000000e+00 -4.7542369672e-01
1.4698149228e+00 2.6083267395e+00 1.2401481066e+00 1.7555806171e+00 1.7036001337e+01 8.0100000000e+02 4.6000000000e+00 -4.7542369672e-01
1.4715672782e+00 2.6436063574e+00 1.2008622693e+00 1.7354048091e+00 7.3963897546e+00 8.0200000000e+02 4.6000000000e+00 -4.7542369672e-01
1.4716045128e+00 2.5025181039e+00 1.2719135488e+00 1.7499131548e+00 1.7150538453e+01 8.0300000000e+02 4.6000000000e+00 -4.7542369672e-01
1.4722908132e+00 2.7054339599e+00 1.2724877010e+00 1.7955459184e+00 2.3818878484e+00 8.0400000000e+02 4.6000000000e+00 -4.7542369672e-01
1.4767493350e+00 3.9453184906e+00 1.3089018011e+00 1.7409100541e+00 1.1678112780e+01 8.0500000000e+02 4.6000000000e+00 -4.7542369672e-01
1.4773432731e+00 2.5742222064e+00 1.3215185312e+00 1.7760122659e+00 9.4539852870e+00 8.0600000000e+02 4.6000000000e+00 -4.7542369672e-01
1.4785222922e+00 2.5575699385e+00 1.2527339062e+00 1.7383925992e+00 8.1708449124e+00 8.0700000000e+02 4.6000000000e+00 -4.7542369672e-01
1.4827417885e+00 3.2791386304e+00 1.3911892428e+00 1.7372872207e+00 4.7131149155e+00 8.0800000000e+02 4.6000000000e+00 -4.7542369672e-01
1.4830091979e+00 2.9987124085e+00 1.3418883145e+00 1.7734666052e+00 1.7481267773e+01 8.0900000000e+02 4.6000000000e+00 -4.7542369672e-01
1.4864194349e+00 2.6070911390e+00 1.4373460736e+00 1.7245856517e+00 5.5561199865e+00 8.1000000000e+02 4.6000000000e+00 -4.7542369672e-01
1.4911495204e+00 2.8249614906e+00 1.4661536519e+00 1.7566920354e+00 3.3068885854e+00 8.1100000000e+02 4.6000000000e+00 -4.7542369672e-01
1.4944221019e+00 2.7897911583e+00 1.5059738076e+00 1.7228717551e+00 5.1638022257e+00 8.1200000000e+02 4.6000000000e+00 -4.7542369672e-01
1.4948579820e+00 3.4089590431e+00 1.5063821681e+00 1.7772689006e+00 7.0548766803e+00 8.1300000000e+02 4.6000000000e+00 -4.7542369672e-01
1.4954426072e+00 2.6256025811e+00 1.6039535686e+00 1.7449376227e+00 1.7731252002e+01 8.1400000000e+02 4.6000000000e+00 -4.7542369672e-01
1.4959014468e+00 3.9842844931e+00 1.6354436843e+00 1.7574553356e+00 6.6206881885e+00 8.1500000000e+02 4.6000000000e+00 -4.7542369672e-01
1.4965432125e+00 2.7691101464e+00 1.6102746621e+00 1.7720035487e+00 1.6489064598e+01 8.1600000000e+02 4.6000000000e+00 -4.7542369672e-01
1.4970161983e+00 2.8187520110e+00 1.6048070191e+00 1.7253593631e+00 1.4308880163e+01 8.1700000000e+02 4.6000000000e+00 -4.7542369672e-01
1.5006320398e+00 4.9521342259e+00 1.6135920793e+00 1.7705035595e+00 4.9837026645e+00 8.1800000000e+02 4.6000000000e+00 -4.7542369672e-01
1.5014442432e+00 2.5536722793e+00 1.6987963268e+00 1.7947545081e+00 7.3704159985e+00 8.1900000000e+02 4.6000000000e+00 -4.7542369672e-01
1.5030393929e+00 2.9284547227e+00 1.6789576416e+00 1.7509462473e+00 2.8821617252e+00 8.2000000000e+02 4.6000000000e+00 -4.7542369672e-01
1.5091554881e+00 2.9546505462e+00 1.6694897868e+00 1.7523805246e+00 1.2593933633e+01 8.2100000000e+02 4.6000000000e+00 -4.7542369672e-01
1.5097578598e+00 2.7491055033e+00 1.6973114730e+00 1.7686850172e+00 1.5988969646e+01 8.2200000000e+02 4.6000000000e+00 -4.7542369672e-01
1.5121306401e+00 2.9430605252e+00 1.7706975842e+00 1.7505785973e+00 1.7336644243e+01 8.2300000000e+02 4.6000000000e+00 -4.7542369672e-01
1.5123427110e+00 2.7016743007e+00 1.7200243677e+00 1.7754472962e+00 3.3163756907e+00 8.2400000000e+02 4.6000000000e+00 -4.7542369672e-01
1.5137530215e+00 2.7119454561e+00 1.7395833243e+00 1.7719085469e+00 3.6455796251e+00 8.2500000000e+02 4.6000000000e+00 -4.7542369672e-01
1.5144501592e+00 2.9278686443e+00 1.8734080730e+00 1.7235498557e+00 9.9816781293e+00 8.2600000000e+02 4.6000000000e+00 -4.7542369672e-01
1.5158022349e+00 3.3258175757e+00 1.8374599390e+00 1.7315201642e+00 1.7026074300e+01 8.2700000000e+02 4.6000000000e+00 -4.7542369672e-01
1.5194668351e+00 3.8012172749e+00 1.8375321617e+00 1.7684837185e+00 1.4107090934e+01 8.2800000000e+02 4.6000000000e+00 -4.7542369672e-01
1.5200737666e+00 2.8115135419e+00 1.8146933928e+00 1.7324261055e+00 1.2037153477e+01 8.2900000000e+02 4.6000000000e+00 -4.7542369672e-01
1.5243835775e+00 2.8572939640e+00 1.8417504114e+00 1.7278598654e+00 1.0118620522e+01 8.3000000000e+02 4.6000000000e+00 -4.7542369672e-01
1.5252391858e+00 2.6881829690e+00 1.9217733038e+00 1.7956125467e+00 1.0343112760e+01 8.3100000000e+02 4.6000000000e+00 -4.7542369672e-01
1.5264811789e+00 2.6546011175e+00 1.9060562641e+00 1.7203124732e+00 1.1897057928e+01 8.3200000000e+02 4.6000000000e+00 -4.7542369672e-01
1.5266949348e+00 2.5374953598e+00 1.9445390217e+00 1.7446125262e+00 8.6234138911e+00 8.3300000000e+02 4.6000000000e+00 -4.7542369672e-01
1.5277254494e+00 2.6803809515e+00 1.9446772008e+00 1.7830090101e+00 1.4285833948e+01 8.3400000000e+02 4.6000000000e+00 -4.7542369672e-01
1.5285198859e+00 2.5092196557e+00 1.9133148922e+00 1.7331341215e+00 3.0856455382e+00 8.3500000000e+02 4.6000000000e+00 -4.7542369672e-01
1.5298252782e+00 3.9282853671e+00 1.9865803598e+00 1.7954146451e+00 2.9168504636e+00 8.3600000000e+02 4.6000000000e+00 -4.7542369672e-01
1.5298793705e+00 2.6313576569e+00 2.0003257493e+00 1.7298970628e+00 1.6524587207e+01 8.3700000000e+02 4.6000000000e+00 -4.7542369672e-01
1.5308298867e+00 2.9671643312e+00 1.9711568349e+00 1.7830853285e+00 7.8897835731e+00 8.3800000000e+02 4.6000000000e+00 -4.7542369672e-01
1.5339879309e+00 5.0948920141e+00 2.0565791089e+00 1.7307884960e+00 1.1514141122e+01 8.3900000000e+02 4.6000000000e+00 -4.7542369672e-01
1.5352601171e+00 2.9460356570e+00 2.0360390192e+00 1.7926217341e+00 1.5187713415e+01 8.4000000000e+02 4.6000000000e+00 -4.7542369672e-01
1.5354390794e+00 2.6068045889e+00 2.0372031207e+00 1.7296978769e+00 1.7525886579e+01 8.4100000000e+02 4.6000000000e+00 -4.7542369672e-01
1.5361941957e+00 2.5954639935e+00 2.0923250520e+00 1.7238389589e+00 1.0442495289e+01 8.4200000000e+02 4.6000000000e+00 -4.7542369672e-01
1.5378975210e+00 4.3623854922e+00 2.0974213747e+00 1.7404629586e+00 8.8978706601e+00 8.4300000000e+02 4.6000000000e+00 -4.7542369672e-01
1.5385463296e+00 2.5539780096e+00 2.1651582496e+00 1.7893805969e+00 1.1407730415e+01 8.4400000000e+02 4.6000000000e+00 -4.7542369672e-01
1.5398957582e+00 3.4687195996e+00 2.1871881282e+00 1.7799989072e+00 1.5760735756e+01 8.4500000000e+02 4.6000000000e+00 -4.7542369672e-01
1.5407819381e+00 2.7481930605e+00 2.1111197910e+00 1.7747434451e+00 1.1966538705e+01 8.4600000000e+02 4.6000000000e+00 -4.7542369672e-01
1.5411215926e+00 2.7121058515e+00 2.1800043569e+00 1.7564635007e+00 1.7276635302e+01 8.4700000000e+02 4.6000000000e+00 -4.7542369672e-01
1.5412465819e+00 2.7760288656e+00 2.2034905511e+00 1.7800476252e+00 1.3780545415e+01 8.4800000000e+02 4.6000000000e+00 -4.7542369672e-01
1.5434578175e+00 2.7487546919e+00 2.2549348117e+00 1.7587783078e+00 1.1391118504e+01 8.4900000000e+02 4.6000000000e+00 -4.7542369672e-01
1.5440175454e+00 2.6090649834e+00 2.2506185425e+00 1.7406438357e+00 1.5608719339e+01 8.5000000000e+02 4.6000000000e+00 -4.7542369672e-01
1.5441897745e+00 2.5755919153e+00 2.2378641940e+00 1.7564387874e+00 8.5526924216e+00 8.5100000000e+02 4.6000000000e+00 -4.7542369672e-01
1.5477145013e+00 2.9079079395e+00 2.2421687566e+00 1.7811598176e+00 1.4783531822e+01 8.5200000000e+02 4.6000000000e+00 -4.7542369672e-01
1.5485589217e+00 3.3952267713e+00 2.3370724688e+00 1.7425881297e+00 8.8828006642e+00 8.5300000000e+02 4.6000000000e+00 -4.7542369672e-01
1.5549653354e+00 2.5950443840e+00 2.2762370745e+00 1.7213762493e+00 2.0822242857e+00 8.5400000000e+02 4.6000000000e+00 -4.7542369672e-01
1.5574171669e+00 2.5065797408e+00 2.3533791735e+00 1.7227652618e+00 1.5602287762e+01 8.5500000000e+02 4.6000000000e+00 -4.7542369672e-01
1.5591342190e+00 2.6770644659e+00 2.4088957038e+00 1.7522517368e+00 1.3455400906e+01 8.5600000000e+02 4.6000000000e+00 -4.7542369672e-01
1.5599697146e+00 2.6986769774e+00 2.4214670270e+00 1.7365133059e+00 8.3362320828e+00 8.5700000000e+02 4.6000000000e+00 -4.7542369672e-01
1.5610436592e+00 2.5544237500e+00 2.3953094574e+00 1.7925284756e+00 5.1891448487e+00 8.5800000000e+02 4.6000000000e+00 -4.7542369672e-01
1.5633909599e+00 2.9189856301e+00 2.3800037947e+00 1.7680749317e+00 1.1688989653e+01 8.5900000000e+02 4.6000000000e+00 -4.7542369672e-01
1.5664727839e+00 2.5744454601e+00 2.4082722990e+00 1.7783724409e+00 1.2691931026e+01 8.6000000000e+02 4.6000000000e+00 -4.7542369672e-01
1.5684238753e+00 2.5608123092e+00 2.4394413954e+00 1.7259974476e+00 7.1689842316e+00 8.6100000000e+02 4.6000000000e+00 -4.7542369672e-01
1.5693592593e+00 2.9641929086e+00 2.4449884083e+00 1.7822322722e+00 8.5129963342e+00 8.6200000000e+02 4.6000000000e+00 -4.7542369672e-01
1.5696976737e+00 2.6478415264e+00 2.4981962366e+00 1.7440472737e+00 8.6019429195e+00 8.6300000000e+02 4.6000000000e+00 -4.7542369672e-01
1.5721090671e+00 2.5174612622e+00 2.4955416401e+00 1.7748418145e+00 1.2358984376e+01 8.6400000000e+02 4.6000000000e+00 -4.7542369672e-01
1.5730846066e+00 2.6070690238e+00 2.5347356326e+00 1.7908395240e+00 6.2422670558e+00 8.6500000000e+02 4.6000000000e+00 -4.7542369672e-01
1.5744368122e+00 2.7155738378e+00 2.5490870787e+00 1.7499209500e+00 4.6565045998e+00 8.6600000000e+02 4.6000000000e+00 -4.7542369672e-01
1.5814544024e+00 2.6337272750e+00 2.5616391285e+00 1.7814554369e+00 1.4343324325e+01 8.6700000000e+02 4.6000000000e+00 -4.7542369672e-01
1.5826536874e+00 2.9687834795e+00 2.5080867325e+00 1.7293387764e+00 1.3522567749e+01 8.6800000000e+02 4.6000000000e+00 -4.7542369672e-01
1.5879663129e+00 2.7191091624e+00 2.5350377118e+00 1.7269679097e+00 1.5532975873e+01 8.6900000000e+02 4.6000000000e+00 -4.7542369672e-01
1.5914587169e+00 2.7443081361e+00 2.5244379633e+00 1.7830597348e+00 5.8206913253e+00 8.7000000000e+02 4.6000000000e+00 -4.7542369672e-01
1.5917762909e+00 4.0019887906e+00 2.5107178269e+00 1.7549939406e+00 1.4771716247e+01 8.7100000000e+02 4.6000000000e+00 -4.7542369672e-01
1.5919314585e+00 3.9437336206e+00 2.5131067780e+00 1.7406974791e+00 1.1204796455e+01 8.7200000000e+02 4.6000000000e+00 -4.7542369672e-01
1.5933581822e+00 2.7574431323e+00 2.6363937391e+00 1.7265828730e+00 6.3607362837e+00 8.7300000000e+02 4.6000000000e+00 -4.7542369672e-01
1.5935357858e+00 3.4393817709e+00 2.6397190400e+00 1.7304942895e+00 1.5421370762e+01 8.7400000000e+02 4.6000000000e+00 -4.7542369672e-01
1.5941005273e+00 2.6341215171e+00 2.6255449051e+00 1.7356414735e+00 8.7963774373e+00 8.7500000000e+02 4.6000000000e+00 -4.7542369672e-01
1.5946106220e+00 2.6054533333e+00 2.5944186563e+00 1.7675776150e+00 7.7120413741e+00 8.7600000000e+02 4.6000000000e+00 -4.7542369672e-01
1.5946794132e+00 3.3036388418e+00 2.5828966693e+00 1.7454332912e+00 1.5855018990e+01 8.7700000000e+02 4.6000000000e+00 -4.7542369672e-01
1.5946843622e+00 2.6232648706e+00 2.6062362639e+00 1.7639249048e+00 5.9108992797e+00 8.7800000000e+02 4.6000000000e+00 -4.7542369672e-01
1.5975810634e+00 2.9867520589e+00 2.5854538212e+00 1.7678553908e+00 6.6341414723e+00 8.7900000000e+02 4.6000000000e+00 -4.7542369672e-01
1.6003709715e+00 2.5154035319e+00 2.6165363704e+00 1.7713697801e+00 1.1002324052e+01 8.8000000000e+02 4.6000000000e+00 -4.7542369672e-01
1.6011405752e+00 2.9434150389e+00 2.6667219633e+00 1.7425107984e+00 2.0385411655e+00 8.8100000000e+02 4.6000000000e+00 -4.7542369672e-01
1.6026449102e+00 2.5901011277e+00 2.6976374416e+00 1.7234177498e+00 8.9806806378e+00 8.8200000000e+02 4.6000000000e+00 -4.7542369672e-01
1.6031946453e+00 2.6909376752e+00 2.6872409450e+00 1.7599943199e+00 9.1972962844e+00 8.8300000000e+02 4.6000000000e+00 -4.7542369672e-01
1.6081609075e+00 2.5075424002e+00 2.7281393515e+00 1.7237348382e+00 8.7571891846e+00 8.8400000000e+02 4.6000000000e+00 -4.7542369672e-01
1.6093740500e+00 2.8733201280e+00 2.7005033506e+00 1.7522569845e+00 1.2899514549e+01 8.8500000000e+02 4.6000000000e+00 -4.7542369672e-01
1.6096813683e+00 2.6416620097e+00 2.7767019288e+00 1.7579990085e+00 3.8594057770e+00 8.8600000000e+02 4.6000000000e+00 -4.7542369672e-01
1.6124693635e+00 2.7611351457e+00 2.7401203966e+00 1.7212594043e+00 1.3375151642e+01 8.8700000000e+02 4.6000000000e+00 -4.7542369672e-01
1.6148695802e+00 2.7583733941e+00 2.7451484622e+00 1.7312779653e+00 4.2793503426e+00 8.8800000000e+02 4.6000000000e+00 -4.7542369672e-01
1.6159815553e+00 2.7835691803e+00 2.7865779434e+00 1.7925479501e+00 1.0835136718e+01 8.8900000000e+02 4.6000000000e+00 -4.7542369672e-01
1.6164568938e+00 2.5705504234e+00 2.7567901736e+00 1.7842700192e+00 4.9994051573e+00 8.9000000000e+02 4.6000000000e+00 -4.7542369672e-01
1.6184669213e+00 2.7321860825e+00 2.8629322258e+00 1.7797710745e+00 1.3350339240e+01 8.9100000000e+02 4.6000000000e+00 -4.7542369672e-01
1.6191327647e+00 2.8179127398e+00 2.8353630192e+00 1.7413934091e+00 5.5838014086e+00 8.9200000000e+02 4.6000000000e+00 -4.7542369672e-01
1.6206935315e+00 3.1234711209e+00 2.8833615174e+00 1.7735470891e+00 1.1588192536e+01 8.9300000000e+02 4.6000000000e+00 -4.7542369672e-01
1.6214106010e+00 2.8439049201e+00 2.8329299856e+00 1.7738640262e+00 1.5920006077e+01 8.9400000000e+02 4.6000000000e+00 -4.7542369672e-01
1.6220368447e+00 4.5251924017e+00 2.8663572924e+00 1.7416621639e+00 1.6289533112e+01 8.9500000000e+02 4.6000000000e+00 -4.7542369672e-01
1.6240153527e+00 3.0530114288e+00 2.8436453396e+00 1.7882379011e+00 2.7797824906e+00 8.9600000000e+02 4.6000000000e+00 -4.7542369672e-01
1.6282789153e+00 2.7494489457e+00 2.8670025133e+00 1.7560896528e+00 4.3293394613e+00 8.9700000000e+02 4.6000000000e+00 -4.7542369672e-01
1.6331293118e+00 2.5538869521e+00 2.8825430855e+00 1.7522424795e+00 5.4566233006e+00 8.9800000000e+02 4.6000000000e+00 -4.7542369672e-01
1.6344052530e+00 3.1867081514e+00 2.8308082643e+00 1.7354637951e+00 7.3130542020e+00 8.9900000000e+02 4.6000000000e+00 -4.7542369672e-01
1.6365606297e+00 2.9907689872e+00 2.9414655683e+00 1.7376799413e+00 4.8498916593e+00 9.0000000000e+02 4.6000000000e+00 -4.7542369672e-01
1.6368390733e+00 2.8089408232e+00 2.8973918738e+00 1.7373232295e+00 6.3917188057e+00 9.0100000000e+02 4.6000000000e+00 -4.7542369672e-01
1.6379173378e+00 3.0149868340e+00 2.9344957841e+00 1.7316947202e+00 1.3457650794e+01 9.0200000000e+02 4.6000000000e+00 -4.7542369672e-01
1.6388891008e+00 2.6898293128e+00 2.9079333892e+00 1.7389841107e+00 1.0621279111e+01 9.0300000000e+02 4.6000000000e+00 -4.7542369672e-01
1.6398860656e+00 2.9195082463e+00 2.9725804630e+00 1.7207671256e+00 5.8199556135e+00 9.0400000000e+02 4.6000000000e+00 -4.7542369672e-01
1.6423884030e+00 2.9954752929e+00 3.0075009753e+00 1.7712741716e+00 1.4318308248e+01 9.0500000000e+02 4.6000000000e+00 -4.7542369672e-01
1.6451123079e+00 3.8827373556e+00 2.9959832629e+00 1.7936477550e+00 9.4265095034e+00 9.0600000000e+02 4.6000000000e+00 -4.7542369672e-01
1.6453662086e+00 2.7461713920e+00 3.0912279328e+00 1.7286678085e+00 1.1750976809e+01 9.0700000000e+02 4.6000000000e+00 -4.7542369672e-01
1.6472029341e+00 2.7819871142e+00 3.1056680027e+00 1.7885152343e+00 3.1510579171e+00 9.0800000000e+02 4.6000000000e+00 -4.7542369672e-01
1.6483579017e+00 3.0927794174e+00 3.0834682627e+00 1.7719554565e+00 1.5174737258e+01 9.0900000000e+02 4.6000000000e+00 -4.7542369672e-01
1.6487880790e+00 2.8229667194e+00 3.1038376364e+00 1.7316805217e+00 1.0688926994e+01 9.1000000000e+02 4.6000000000e+00 -4.7542369672e-01
1.6490173667e+00 2.6050489417e+00 3.1095151165e+00 1.7824659341e+00 1.4309541067e+01 9.1100000000e+02 4.6000000000e+00 -4.7542369672e-01
1.6505775448e+00 2.9549879697e+00 3.1995768295e+00 1.7680222528e+00 1.3887731275e+01 9.1200000000e+02 4.6000000000e+00 -4.7542369672e-01
1.6523609757e+00 2.7939975282e+00 3.1908770869e+00 1.7289308157e+00 1.4873812238e+01 9.1300000000e+02 4.6000000000e+00 -4.7542369672e-01
1.6527028171e+00 2.5336351724e+00 3.2312201812e+00 1.7727661635e+00 1.7626799969e+01 9.1400000000e+02 4.6000000000e+00 -4.7542369672e-01
1.6557535052e+00 3.4831603317e+00 3.2541616715e+00 1.7722798005e+00 1.4012301858e+01 9.1500000000e+02 4.6000000000e+00 -4.7542369672e-01
1.6579634501e+00 3.7373849037e+00 3.2139383206e+00 1.7541160143e+00 1.2909931995e+01 9.1600000000e+02 4.6000000000e+00 -4.7542369672e-01
1.6581855332e+00 2.5799157008e+00 3.2182762732e+00 1.7954676861e+00 1.7435653814e+01 9.1700000000e+02 4.6000000000e+00 -4.7542369672e-01
1.6589044002e+00 3.3389175199e+00 3.2248910888e+00 1.7651591135e+00 1.5806811797e+01 9.1800000000e+02 4.6000000000e+00 -4.7542369672e-01
1.6596036872e+00 2.5066406584e+00 3.2268595314e+00 1.7937991544e+00 8.0193534614e+00 9.1900000000e+02 4.6000000000e+00 -4.7542369672e-01
1.6612688332e+00 2.5789463639e+00 3.2820071634e+00 1.7644960765e+00 4.9437213579e+00 9.2000000000e+02 4.6000000000e+00 -4.7542369672e-01
1.6624159935e+00 2.5408335737e+00 3.3058250824e+00 1.7208104490e+00 1.2568733315e+01 9.2100000000e+02 4.6000000000e+00 -4.7542369672e-01
1.6639937296e+00 2.9847179460e+00 3.3104440170e+00 1.7448421421e+00 1.6889813865e+01 9.2200000000e+02 4.6000000000e+00 -4.7542369672e-01
1.6673195664e+00 3.2689761678e+00 3.3255708351e+00 1.7853570253e+00 7.4028463557e+00 9.2300000000e+02 4.6000000000e+00 -4.7542369672e-01
1.6679305140e+00 4.1502174771e+00 3.3114544932e+00 1.7226846363e+00 3.6269737248e+00 9.2400000000e+02 4.6000000000e+00 -4.7542369672e-01
1.6726052603e+00 3.1558463567e+00 3.3284769354e+00 1.7292493534e+00 9.1557866177e+00 9.2500000000e+02 4.6000000000e+00 -4.7542369672e-01
1.6746095462e+00 2.5447723546e+00 3.2998474304e+00 1.7846251626e+00 9.0869010967e+00 9.2600000000e+02 4.6000000000e+00 -4.7542369672e-01
1.6777713929e+00 2.5695940491e+00 3.3360031935e+00 1.7282141782e+00 2.6041625035e+00 9.2700000000e+02 4.6000000000e+00 -4.7542369672e-01
1.6850878023e+00 2.5638676227e+00 3.3650288058e+00 1.7269341415e+00 2.7615315251e+00 9.2800000000e+02 4.6000000000e+00 -4.7542369672e-01
1.6854337330e+00 3.0361256283e+00 3.4291394303e+00 1.7750264131e+00 1.4658455707e+01 9.2900000000e+02 4.6000000000e+00 -4.7542369672e-01
1.6856641160e+00 2.6686854070e+00 3.4760169163e+00 1.7539441994e+00 1.7503034065e+01 9.3000000000e+02 4.6000000000e+00 -4.7542369672e-01
1.6888088202e+00 2.7382588041e+00 3.4648360969e+00 1.7935441204e+00 1.4637460438e+01 9.3100000000e+02 4.6000000000e+00 -4.7542369672e-01
1.6899709705e+00 3.1546988259e+00 3.4814913937e+00 1.7604679316e+00 1.2167697603e+01 9.3200000000e+02 4.6000000000e+00 -4.7542369672e-01
1.6906124720e+00 2.7582517811e+00 3.4797587543e+00 1.7453429114e+00 1.6235083112e+01 9.3300000000e+02 4.6000000000e+00 -4.7542369672e-01
1.6911169826e+00 2.6674162806e+00 3.4908262617e+00 1.7333561183e+00 5.4452683803e+00 9.3400000000e+02 4.6000000000e+00 -4.7542369672e-01
1.6987848873e+00 2.5819170552e+00 3.4706154029e+00 1.7483329605e+00 1.6749746994e+01 9.3500000000e+02 4.6000000000e+00 -4.7542369672e-01
1.7005096570e+00 2.5679139925e+00 3.5129925842e+00 1.7711499769e+00 1.1337495653e+01 9.3600000000e+02 4.6000000000e+00 -4.7542369672e-01
1.7008348537e+00 2.8224419814e+00 3.5851433959e+00 1.7653089710e+00 4.9738066428e+00 9.3700000000e+02 4.6000000000e+00 -4.7542369672e-01
1.7064733814e+00 2.5436952690e+00 3.5406887517e+00 1.7485362183e+00 4.2259103463e+00 9.3800000000e+02 4.6000000000e+00 -4.7542369672e-01
1.7088605817e+00 2.6917719139e+00 3.5905848266e+00 1.7882095530e+00 1.1130874875e+01 9.3900000000e+02 4.6000000000e+00 -4.7542369672e-01
1.7119353742e+00 3.3555461688e+00 3.5271239162e+00 1.7844481455e+00 1.3338027251e+01 9.4000000000e+02 4.6000000000e+00 -4.7542369672e-01
1.7121281198e+00 3.3678959690e+00 3.5513427970e+00 1.7935022815e+00 5.0019505704e+00 9.4100000000e+02 4.6000000000e+00 -4.7542369672e-01
1.7161161491e+00 2.5444354414e+00 3.5794037739e+00 1.7865507405e+00 1.0419510876e+01 9.4200000000e+02 4.6000000000e+00 -4.7542369672e-01
1.7195323911e+00 3.5811239342e+00 3.5277284234e+00 1.7951964696e+00 1.6842941859e+01 9.4300000000e+02 4.6000000000e+00 -4.7542369672e-01
1.7208170842e+00 3.3670542614e+00 3.6168607516e+00 1.7386624373e+00 7.4370156146e+00 9.4400000000e+02 4.6000000000e+00 -4.7542369672e-01
1.7233926688e+00 2.6263079811e+00 3.6526370933e+00 1.7689231540e+00 1.3746280744e+01 9.4500000000e+02 4.6000000000e+00 -4.7542369672e-01
1.7242718323e+00 2.9099988580e+00 3.6558948937e+00 1.7431402329e+00 1.3714491497e+01 9.4600000000e+02 4.6000000000e+00 -4.7542369672e-01
1.7270198611e+00 2.6422948597e+00 3.5942474166e+00 1.7648201536e+00 1.5815895449e+01 9.4700000000e+02 4.6000000000e+00 -4.7542369672e-01
1.7304335207e+00 2.7292440010e+00 3.6399318473e+00 1.7679333341e+00 1.0626737024e+01 9.4800000000e+02 4.6000000000e+00 -4.7542369672e-01
1.7348695973e+00 2.6806367801e+00 3.6517265648e+00 1.7750154030e+00 2.2330159311e+00 9.4900000000e+02 4.6000000000e+00 -4.7542369672e-01
1.7378980678e+00 2.8638805399e+00 3.6337452467e+00 1.7887540836e+00 1.4157322317e+01 9.5000000000e+02 4.6000000000e+00 -4.7542369672e-01
1.7392900065e+00 2.5252909217e+00 3.6557585474e+00 1.7418816320e+00 1.2626786121e+01 9.5100000000e+02 4.6000000000e+00 -4.7542369672e-01
1.7397000560e+00 3.4207622688e+00 3.6532496221e+00 1.7965984972e+00 9.2593428929e+00 9.5200000000e+02 4.6000000000e+00 -4.7542369672e-01
1.7415717685e+00 2.5656438118e+00 3.6584145338e+00 1.7786527982e+00 1.4224998923e+01 9.5300000000e+02 4.6000000000e+00 -4.7542369672e-01
1.7475335798e+00 2.6055217050e+00 3.7006194380e+00 1.7701745262e+00 1.5256071909e+01 9.5400000000e+02 4.6000000000e+00 -4.7542369672e-01
1.7505366338e+00 2.6053368819e+00 3.7077856964e+00 1.7782659862e+00 1.5475275057e+01 9.5500000000e+02 4.6000000000e+00 -4.7542369672e-01
1.7516405071e+00 3.2106075957e+00 3.7025834951e+00 1.7662384902e+00 4.1930890794e+00 9.5600000000e+02 4.6000000000e+00 -4.7542369672e-01
1.7521475432e+00 2.7118692878e+00 3.7875938599e+00 1.7828810494e+00 7.2814973820e+00 9.5700000000e+02 4.6000000000e+00 -4.7542369672e-01
1.7533873323e+00 3.1822849793e+00 3.8514798650e+00 1.7514327402e+00 3.2448791155e+00 9.5800000000e+02 4.6000000000e+00 -4.7542369672e-01
1.7550585379e+00 2.9600811760e+00 3.9048205778e+00 1.7189906206e+00 1.7348108139e+01 9.5900000000e+02 4.6000000000e+00 -4.7542369672e-01
1.7566574745e+00 2.5711864664e+00 3.8290176864e+00 1.7907632280e+00 3.8363019644e+00 9.6000000000e+02 4.6000000000e+00 -4.7542369672e-01
1.7566780153e+00 2.5271019715e+00 3.8951703338e+00 1.7771995896e+00 1.3988607251e+01 9.6100000000e+02 4.6000000000e+00 -4.7542369672e-01
1.7580349074e+00 2.5329889844e+00 3.9122532284e+00 1.7488595847e+00 2.6892553922e+00 9.6200000000e+02 6.0000000000e-01 -2.9444389792e+00
1.7581212358e+00 2.9500056716e+00 4.2191411783e+00 1.7208962722e+00 7.2649967368e+00 9.6300000000e+02 6.0000000000e-01 -2.9444389792e+00
1.7606881221e+00 2.5532988825e+00 4.4515173780e+00 1.7386739894e+00 1.4852577520e+01 9.6400000000e+02 6.0000000000e-01 -2.9444389792e+00
1.7609053359e+00 3.4887694745e+00 4.7034125922e+00 1.7425405771e+00 5.7042881528e+00 9.6500000000e+02 6.0000000000e-01 -2.9444389792e+00
1.7618158995e+00 2.6515137990e+00 4.9193647024e+00 1.7325300722e+00 7.9620769169e+00 9.6600000000e+02 6.0000000000e-01 -2.9444389792e+00
1.7637682878e+00 2.8453980009e+00 2.6849850677e-02 1.8567934806e+00 5.8198262460e+00 9.6700000000e+02 6.0000000000e-01 -2.9444389792e+00
1.7677303662e+00 2.8084943428e+00 3.0081811749e-01 1.8700412933e+00 1.3402966501e+01 9.6800000000e+02 6.0000000000e-01 -2.9444389792e+00
1.7687299924e+00 2.7259097017e+00 2.4570577691e-01 1.8438294969e+00 8.7954843158e+00 9.6900000000e+02 6.0000000000e-01 -2.9444389792e+00
1.7711331620e+00 2.5378473112e+00 2.6822493122e-01 1.8406199229e+00 1.1640610718e+01 9.7000000000e+02 6.0000000000e-01 -2.9444389792e+00
1.7757492301e+00 3.0880865797e+00 3.6651070871e-01 1.8714145743e+00 1.4524769670e+01 9.7100000000e+02 6.0000000000e-01 -2.9444389792e+00
1.7759033348e+00 2.8630308272e+00 5.8739478643e-01 1.8105017218e+00 1.5506085704e+01 9.7200000000e+02 6.0000000000e-01 -2.9444389792e+00
1.7759093936e+00 2.8055272666e+00 8.2154930212e-01 1.8006640836e+00 1.3567370784e+01 9.7300000000e+02 6.0000000000e-01 -2.9444389792e+00
1.7772750365e+00 2.6791957766e+00 8.2145199962e-01 1.8226394904e+00 1.1112959285e+01 9.7400000000e+02 6.0000000000e-01 -2.9444389792e+00
1.7775362502e+00 2.7338534259e+00 1.0827946231e+00 1.8091253498e+00 1.7809204763e+01 9.7500000000e+02 6.0000000000e-01 -2.9444389792e+00
1.7800032498e+00 2.8089224673e+00 1.1059738718e+00 1.8465594846e+00 1.5661588259e+01 9.7600000000e+02 4.6000000000e+00 -4.7542369672e-01
1.7851456159e+00 3.2030526226e+00 1.1253311296e+00 1.8190635696e+00 1.1669011870e+01 9.7700000000e+02 4.6000000000e+00 -4.7542369672e-01
1.7859478926e+00 2.6743454012e+00 1.2313768949e+00 1.8242171828e+00 1.7244637172e+01 9.7800000000e+02 4.6000000000e+00 -4.7542369672e-01
1.7891285778e+00 2.5027343523e+00 1.1835252810e+00 1.8364703452e+00 1.7217747267e+01 9.7900000000e+02 4.6000000000e+00 -4.7542369672e-01
1.7902412887e+00 2.6421445000e+00 1.3051545309e+00 1.8450882411e+00 1.1653039745e+01 9.8000000000e+02 4.6000000000e+00 -4.7542369672e-01
1.7905012306e+00 3.8769655365e+00 1.2957956634e+00 1.8084036178e+00 1.2778557034e+01 9.8100000000e+02 4.6000000000e+00 -4.7542369672e-01
1.7916202651e+00 2.7716371435e+00 1.3088934186e+00 1.8312611012e+00 1.7273603562e+01 9.8200000000e+02 4.6000000000e+00 -4.7542369672e-01
1.7917652274e+00 2.7258266635e+00 1.2568740576e+00 1.8220576824e+00 1.7084164306e+01 9.8300000000e+02 4.6000000000e+00 -4.7542369672e-01
1.7927193683e+00 2.6394380252e+00 1.2988998652e+00 1.8663157271e+00 1.6203403767e+01 9.8400000000e+02 4.6000000000e+00 -4.7542369672e-01
1.7931551593e+00 2.6109227393e+00 1.3954861941e+00 1.8748218620e+00 1.1395277871e+01 9.8500000000e+02 4.6000000000e+00 -4.7542369672e-01
1.7951553741e+00 2.7253410087e+00 1.4056620589e+00 1.8426691228e+00 8.0929379272e+00 9.8600000000e+02 4.6000000000e+00 -4.7542369672e-01
1.7981250475e+00 2.6283545022e+00 1.4412150091e+00 1.8216715568e+00 1.3407570735e+01 9.8700000000e+02 4.6000000000e+00 -4.7542369672e-01
1.8093293358e+00 2.5730768136e+00 1.4207452136e+00 1.8263574773e+00 1.3589673625e+01 9.8800000000e+02 4.6000000000e+00 -4.7542369672e-01
1.8122102401e+00 2.7156626736e+00 1.5400819058e+00 1.8427879643e+00 1.6266351010e+01 9.8900000000e+02 4.6000000000e+00 -4.7542369672e-01
1.8146070656e+00 3.8308664689e+00 1.5114761691e+00 1.8388413951e+00 1.3606240582e+01 9.9000000000e+02 4.6000000000e+00 -4.7542369672e-01
1.8148877257e+00 2.6637642348e+00 1.4923543844e+00 1.8509119973e+00 1.5137120401e+01 9.9100000000e+02 4.6000000000e+00 -4.7542369672e-01
1.8150881067e+00 3.1543575938e+00 1.6187396148e+00 1.8661998209e+00 4.9525546247e+00 9.9200000000e+02 4.6000000000e+00 -4.7542369672e-01
1.8159121936e+00 2.5655995109e+00 1.5911074168e+00 1.8617649845e+00 1.0113091329e+01 9.9300000000e+02 4.6000000000e+00 -4.7542369672e-01
1.8178501505e+00 2.9051424191e+00 1.6070652344e+00 1.8712939878e+00 5.2800137850e+00 9.9400000000e+02 4.6000000000e+00 -4.7542369672e-01
1.8185446262e+00 2.9984842663e+00 1.6822895242e+00 1.7991384388e+00 1.3424218254e+01 9.9500000000e+02 4.6000000000e+00 -4.7542369672e-01
1.8205589925e+00 2.5015598285e+00 1.6743959173e+00 1.8319467002e+00 1.5512356587e+01 9.9600000000e+02 4.6000000000e+00 -4.7542369672e-01
1.8221832667e+00 2.7653785880e+00 1.6917208890e+00 1.8436660714e+00 1.4347086406e+01 9.9700000000e+02 4.6000000000e+00 -4.7542369672e-01
1.8222856134e+00 2.5281245868e+00 1.6832747820e+00 1.8119784045e+00 3.7635359978e+00 9.9800000000e+02 4.6000000000e+00 -4.7542369672e-01
1.8223612858e+00 2.6293844201e+00 1.6874399976e+00 1.8396863166e+00 1.1549414219e+01 9.9900000000e+02 4.6000000000e+00 -4.7542369672e-01
1.8251670557e+00 3.0097579432e+00 1.7209383886e+00 1.8343414368e+00 7.8568584443e+00 1.0000000000e+03 4.6000000000e+00 -4.7542369672e-01
1.8257984024e+00 2.9910239088e+00 1.7465649423e+00 1.8087417747e+00 1.0991678230e+01 1.0010000000e+03 4.6000000000e+00 -4.7542369672e-01
1.8278471630e+00 2.7654499862e+00 1.7574061488e+00 1.8415037970e+00 4.8676087720e+00 1.0020000000e+03 4.6000000000e+00 -4.7542369672e-01
1.8323478495e+00 2.5734093768e+00 1.7494606879e+00 1.8114476929e+00 7.4343783984e+00 1.0030000000e+03 4.6000000000e+00 -4.7542369672e-01
1.8333713107e+00 4.3447963057e+00 1.8655860577e+00 1.8681783287e+00 1.4750712476e+01 1.0040000000e+03 4.6000000000e+00 -4.7542369672e-01
1.8362871418e+00 2.6022030709e+00 1.9326032405e+00 1.8624067561e+00 1.7922068277e+01 1.0050000000e+03 4.6000000000e+00 -4.7542369672e-01
1.8370766670e+00 3.2179243130e+00 1.9193021648e+00 1.8686233445e+00 1.6811556271e+01 1.0060000000e+03 4.6000000000e+00 -4.7542369672e-01
1.8376814582e+00 2.6708424913e+00 1.9174554173e+00 1.8680231717e+00 1.3439946330e+01 1.0070000000e+03 4.6000000000e+00 -4.7542369672e-01
1.8388421163e+00 3.3081331777e+00 1.9109861884e+00 1.8732959004e+00 1.5004737058e+01 1.0080000000e+03 4.6000000000e+00 -4.7542369672e-01
1.8413659911e+00 2.5933500294e+00 1.9838467349e+00 1.8190601378e+00 1.5973841482e+01 1.0090000000e+03 4.6000000000e+00 -4.7542369672e-01
1.8422148381e+00 2.6276013368e+00 2.0010363387e+00 1.8223777697e+00 1.3567204354e+01 1.0100000000e+03 4.6000000000e+00 -4.7542369672e-01
1.8470748156e+00 2.6508020977e+00 2.0121469382e+00 1.8221278419e+00 6.3949676372e+00 1.0110000000e+03 4.6000000000e+00 -4.7542369672e-01
1.8478374463e+00 3.0425084318e+00 2.0068323067e+00 1.8253003026e+00 1.2022906191e+01 1.0120000000e+03 4.6000000000e+00 -4.7542369672e-01
1.8480707171e+00 3.5693630400e+00 2.0112708351e+00 1.8317903433e+00 9.3233470659e+00 1.0130000000e+03 4.6000000000e+00 -4.7542369672e-01
1.8491113210e+00 2.8974088185e+00 1.9943082905e+00 1.8197309280e+00 9.8713845053e+00 1.0140000000e+03 4.6000000000e+00 -4.7542369672e-01
1.8516317694e+00 2.6079322844e+00 2.0372306768e+00 1.8436334092e+00 4.5523714314e+00 1.0150000000e+03 4.6000000000e+00 -4.7542369672e-01
1.8549773822e+00 4.7572294344e+00 2.0375944078e+00 1.8512400923e+00 1.4969458639e+01 1.0160000000e+03 4.6000000000e+00 -4.7542369672e-01
1.8560861939e+00 2.5446389901e+00 2.0567899289e+00 1.8549473051e+00 1.2414365036e+01 1.0170000000e+03 4.6000000000e+00 -4.7542369672e-01
1.8566835087e+00 4.2736884212e+00 2.0627092791e+00 1.8074201172e+00 3.8766908885e+00 1.0180000000e+03 4.6000000000e+00 -4.7542369672e-01
1.8597912230e+00 2.8719575233e+00 2.1710072476e+00 1.8152674925e+00 8.9994449545e+00 1.0190000000e+03 4.6000000000e+00 -4.7542369672e-01
1.8608590769e+00 2.6237914906e+00 2.1245673776e+00 1.8464037761e+00 6.2805427647e+00 1.0200000000e+03 4.6000000000e+00 -4.7542369672e-01
1.8613726329e+00 3.1744976558e+00 2.1840665838e+00 1.7989680094e+00 4.9370177798e+00 1.0210000000e+03 4.6000000000e+00 -4.7542369672e-01
1.8626365162e+00 3.5399435888e+00 2.1142278904e+00 1.8173901047e+00 7.8027905766e+00 1.0220000000e+03 4.6000000000e+00 -4.7542369672e-01
1.8628591523e+00 3.3583159975e+00 2.1640110875e+00 1.7975255747e+00 3.4480460112e+00 1.0230000000e+03 4.6000000000e+00 -4.7542369672e-01
1.8629142451e+00 2.6904112039e+00 2.1868490647e+00 1.8287703177e+00 4.2339013462e+00 1.0240000000e+03 4.6000000000e+00 -4.7542369672e-01
1.8657103678e+00 3.0920553960e+00 2.1545005110e+00 1.8177814993e+00 4.2893596039e+00 1.0250000000e+03 4.6000000000e+00 -4.7542369672e-01
1.8677275877e+00 2.9938329506e+00 2.1631264165e+00 1.8662313531e+00 1.3034534691e+01 1.0260000000e+03 4.6000000000e+00 -4.7542369672e-01
1.8683463093e+00 2.6142583906e+00 2.1668429067e+00 1.8635152174e+00 4.9196863921e+00 1.0270000000e+03 4.6000000000e+00 -4.7542369672e-01
1.8734611661e+00 4.6328828950e+00 2.2473935681e+00 1.8351914893e+00 1.4497926660e+01 1.0280000000e+03 4.6000000000e+00 -4.7542369672e-01
1.8778091249e+00 2.6726817705e+00 2.2417217109e+00 1.8348754482e+00 1.6353476834e+01 1.0290000000e+03 4.6000000000e+00 -4.7542369672e-01
1.8780302538e+00 3.1583886955e+00 2.2045506543e+00 1.8426063617e+00 1.7203917828e+01 1.0300000000e+03 4.6000000000e+00 -4.7542369672e-01
1.8797497115e+00 2.8863645261e+00 2.1886221732e+00 1.8255031139e+00 1.1311160427e+01 1.0310000000e+03 4.6000000000e+00 -4.7542369672e-01
1.8799661033e+00 2.6698416602e+00 2.2370118739e+00 1.8347244053e+00 1.4046805321e+01 1.0320000000e+03 4.6000000000e+00 -4.7542369672e-01
1.8809417317e+00 2.6049181702e+00 2.2554486236e+00 1.8207157374e+00 1.1860760550e+01 1.0330000000e+03 4.6000000000e+00 -4.7542369672e-01
1.8819843127e+00 3.3952279695e+00 2.1968970070e+00 1.8649498975e+00 1.7059630916e+01 1.0340000000e+03 4.6000000000e+00 -4.7542369672e-01
1.8853569717e+00 2.7091172730e+00 2.3227401278e+00 1.8501709478e+00 7.9583861431e+00 1.0350000000e+03 4.6000000000e+00 -4.7542369672e-01
1.8889300618e+00 2.5070726600e+00 2.3135672556e+00 1.8119225944e+00 3.3639369629e+00 1.0360000000e+03 4.6000000000e+00 -4.7542369672e-01
1.8926722584e+00 3.2294973608e+00 2.2900767176e+00 1.8458146650e+00 2.4381671422e+00 1.0370000000e+03 4.6000000000e+00 -4.7542369672e-01
1.8928095565e+00 2.8893663813e+00 2.3059003470e+00 1.8438749165e+00 1.2235305085e+01 1.0380000000e+03 4.6000000000e+00 -4.7542369672e-01
1.8943307649e+00 2.5942749259e+00 2.3384528207e+00 1.8737368955e+00 3.5747038120e+00 1.0390000000e+03 4.6000000000e+00 -4.7542369672e-01
1.8952852636e+00 2.8220871401e+00 2.2873483849e+00 1.8498574404e+00 3.2716266182e+00 1.0400000000e+03 4.6000000000e+00 -4.7542369672e-01
1.8956010736e+00 3.1145748762e+00 2.4154978066e+00 1.8206615185e+00 7.8428675595e+00 1.0410000000e+03 4.6000000000e+00 -4.7542369672e-01
1.8989309679e+00 2.9422876538e+00 2.3641972616e+00 1.8545543311e+00 7.6346848364e+00 1.0420000000e+03 4.6000000000e+00 -4.7542369672e-01
1.8990102480e+00 2.8228668177e+00 2.3880228700e+00 1.8669223488e+00 1.6274434296e+01 1.0430000000e+03 4.6000000000e+00 -4.7542369672e-01
1.8994425461e+00 3.5474162081e+00 2.3917538099e+00 1.8078952247e+00 4.8612025151e+00 1.0440000000e+03 4.6000000000e+00 -4.7542369672e-01
1.8995598337e+00 2.9220864476e+00 2.3494729049e+00 1.8178584160e+00 1.5385925215e+01 1.0450000000e+03 4.6000000000e+00 -4.7542369672e-01
1.9023866780e+00 2.9660557652e+00 2.4801372728e+00 1.8027311812e+00 1.0040534009e+01 1.0460000000e+03 4.6000000000e+00 -4.7542369672e-01
1.9033016129e+00 2.6748244913e+00 2.4476683439e+00 1.8058386526e+00 9.9672837079e+00 1.0470000000e+03 4.6000000000e+00 -4.7542369672e-01
1.9034499041e+00 3.0265500001e+00 2.5600432318e+00 1.8326987516e+00 5.2039693396e+00 1.0480000000e+03 4.6000000000e+00 -4.7542369672e-01
1.9057864418e+00 2.7688301436e+00 2.5719084718e+00 1.8379656837e+00 6.7527695176e+00 1.0490000000e+03 4.6000000000e+00 -4.7542369672e-01
1.9060492960e+00 2.9784155472e+00 2.5090257113e+00 1.8265721743e+00 1.4433274913e+01 1.0500000000e+03 4.6000000000e+00 -4.7542369672e-01
1.9073231575e+00 3.0266459407e+00 2.5207138365e+00 1.8482404782e+00 2.5704218830e+00 1.0510000000e+03 4.6000000000e+00 -4.7542369672e-01
1.9081441968e+00 3.2967866184e+00 2.5307768157e+00 1.8094429610e+00 5.2108687540e+00 1.0520000000e+03 4.6000000000e+00 -4.7542369672e-01
1.9084044252e+00 3.5765369829e+00 2.5220832568e+00 1.8593297707e+00 8.9551694353e+00 1.0530000000e+03 4.6000000000e+00 -4.7542369672e-01
1.9085230357e+00 2.5729372006e+00 2.5523207279e+00 1.8229980873e+00 3.3069061796e+00 1.0540000000e+03 4.6000000000e+00 -4.7542369672e-01
1.9103772241e+00 2.7878000264e+00 2.6508990817e+00 1.8147683305e+00 5.5542711300e+00 1.0550000000e+03 4.6000000000e+00 -4.7542369672e-01
1.9128428712e+00 2.5952724585e+00 2.6513226849e+00 1.8492470672e+00 9.6735920616e+00 1.0560000000e+03 4.6000000000e+00 -4.7542369672e-01
1.9175191852e+00 3.4044428480e+00 2.6475417539e+00 1.8656505572e+00 1.4672433565e+01 1.0570000000e+03 4.6000000000e+00 -4.7542369672e-01
1.9179448725e+00 4.9902838616e+00 2.6257966105e+00 1.8373125732e+00 3.9003846357e+00 1.0580000000e+03 4.6000000000e+00 -4.7542369672e-01
1.9190849762e+00 3.1682748758e+00 2.6509402284e+00 1.8630569731e+00 7.7031989410e+00 1.0590000000e+03 4.6000000000e+00 -4.7542369672e-01
1.9262543601e+00 2.8992749515e+00 2.6205921160e+00 1.8045318217e+00 9.9630570900e+00 1.0600000000e+03 4.6000000000e+00 -4.7542369672e-01
1.9279770581e+00 3.4367090178e+00 2.6154170209e+00 1.8310166800e+00 9.5728629224e+00 1.0610000000e+03 4.6000000000e+00 -4.7542369672e-01
1.9308088407e+00 3.1421172917e+00 2.6019760477e+00 1.8184925965e+00 1.7960307278e+01 1.0620000000e+03 4.6000000000e+00 -4.7542369672e-01
1.9312019081e+00 2.5177043987e+00 2.6766972832e+00 1.8372035840e+00 1.4203885828e+01 1.0630000000e+03 4.6000000000e+00 -4.7542369672e-01
1.9329294425e+00 2.7156047596e+00 2.7203934973e+00 1.8718766241e+00 1.0865519496e+01 1.0640000000e+03 4.6000000000e+00 -4.7542369672e-01
1.9364553482e+00 2.5250469660e+00 2.7739715643e+00 1.8286631220e+00 9.6774001204e+00 1.0650000000e+03 4.6000000000e+00 -4.7542369672e-01
1.9384493544e+00 2.5630153728e+00 2.7532764247e+00 1.8124572969e+00 1.0092224403e+01 1.0660000000e+03 4.6000000000e+00 -4.7542369672e-01
1.9397116936e+00 4.3196740795e+00 2.7467239490e+00 1.8306246669e+00 8.9773681560e+00 1.0670000000e+03 4.6000000000e+00 -4.7542369672e-01
1.9400992343e+00 2.9549890639e+00 2.7927376193e+00 1.8270330768e+00 1.1282272309e+01 1.0680000000e+03 4.6000000000e+00 -4.7542369672e-01
1.9430602242e+00 3.1006477754e+00 2.7927748357e+00 1.8485126323e+00 3.9369898111e+00 1.0690000000e+03 4.6000000000e+00 -4.7542369672e-01
1.9467677470e+00 3.1315955516e+00 2.7908152099e+00 1.8415490169e+00 1.0434972595e+01 1.0700000000e+03 4.6000000000e+00 -4.7542369672e-01
1.9470717971e+00 2.7005750855e+00 2.7956266148e+00 1.8527185812e+00 1.6229432622e+01 1.0710000000e+03 4.6000000000e+00 -4.7542369672e-01
1.9503853819e+00 3.4993712712e+00 2.7789306392e+00 1.7994244148e+00 1.0543937654e+01 1.0720000000e+03 4.6000000000e+00 -4.7542369672e-01
1.9511361846e+00 3.7298424308e+00 2.8630831425e+00 1.8497026735e+00 1.4859222077e+01 1.0730000000e+03 4.6000000000e+00 -4.7542369672e-01
1.9544640040e+00 2.5799845090e+00 2.8866463707e+00 1.8266508203e+00 1.6183643003e+01 1.0740000000e+03 4.6000000000e+00 -4.7542369672e-01
1.9545851157e+00 2.5545931784e+00 2.8510573015e+00 1.8529623000e+00 1.4249529927e+01 1.0750000000e+03 4.6000000000e+00 -4.7542369672e-01
1.9585281384e+00 2.7626253892e+00 2.8891605997e+00 1.8276351251e+00 5.4751748566e+00 1.0760000000e+03 4.6000000000e+00 -4.7542369672e-01
1.9596597037e+00 3.6164732689e+00 2.9641437496e+00 1.8063013945e+00 8.4036875806e+00 1.0770000000e+03 4.6000000000e+00 -4.7542369672e-01
1.9598466787e+00 3.3003979524e+00 2.8951113958e+00 1.8696940049e+00 1.6744695990e+01 1.0780000000e+03 4.6000000000e+00 -4.7542369672e-01
1.9621156575e+00 4.1531389751e+00 2.9099636611e+00 1.8065883154e+00 1.6412273084e+01 1.0790000000e+03 4.6000000000e+00 -4.7542369672e-01
1.9641624597e+00 2.8295952211e+00 2.8982740271e+00 1.8331473621e+00 5.4645781656e+00 1.0800000000e+03 4.6000000000e+00 -4.7542369672e-01
1.9663387750e+00 2.5067287772e+00 2.9608461282e+00 1.8579113665e+00 2.6034417667e+00 1.0810000000e+03 4.6000000000e+00 -4.7542369672e-01
1.9705541328e+00 3.5112805114e+00 2.9542110213e+00 1.8660004443e+00 4.3173065257e+00 1.0820000000e+03 4.6000000000e+00 -4.7542369672e-01
1.9717696662e+00 2.5809599175e+00 3.0027973973e+00 1.8024355462e+00 8.4319643235e+00 1.0830000000e+03 4.6000000000e+00 -4.7542369672e-01
1.9725998189e+00 3.6113544292e+00 2.9834785671e+00 1.8047640772e+00 5.6275121554e+00 1.0840000000e+03 4.6000000000e+00 -4.7542369672e-01
1.9760412121e+00 3.4844872668e+00 3.0084144740e+00 1.8465910872e+00 1.7462017748e+01 1.0850000000e+03 4.6000000000e+00 -4.7542369672e-01
1.9775892941e+00 2.6576727109e+00 2.9870795016e+00 1.8096999438e+00 3.1841417711e+00 1.0860000000e+03 4.6000000000e+00 -4.7542369672e-01
1.9789770704e+00 2.5881651664e+00 3.0540078648e+00 1.8291300089e+00 1.5261414100e+01 1.0870000000e+03 4.6000000000e+00 -4.7542369672e-01
1.9794581396e+00 3.8207742062e+00 3.0886027214e+00 1.8444860734e+00 5.2776242710e+00 1.0880000000e+03 4.6000000000e+00 -4.7542369672e-01
1.9804788260e+00 2.6979743906e+00 3.0986073519e+00 1.8105052761e+00 8.6835000597e+00 1.0890000000e+03 4.6000000000e+00 -4.7542369672e-01
1.9832197011e+00 2.5358875725e+00 3.1155621109e+00 1.8645788963e+00 9.5184042139e+00 1.0900000000e+03 4.6000000000e+00 -4.7542369672e-01
1.9843338798e+00 2.8414301805e+00 3.1166623120e+00 1.8050738344e+00 1.6051976705e+01 1.0910000000e+03 4.6000000000e+00 -4.7542369672e-01
1.9906752824e+00 2.7372227885e+00 3.1857988538e+00 1.8189123181e+00 1.5898672581e+01 1.0920000000e+03 4.6000000000e+00 -4.7542369672e-01
1.9907692091e+00 3.2272843978e+00 3.2011693099e+00 1.8440455424e+00 5.6534285877e+00 1.0930000000e+03 4.6000000000e+00 -4.7542369672e-01
1.9909319385e+00 2.5662366013e+00 3.2055428052e+00 1.8167222758e+00 1.0613018723e+01 1.0940000000e+03 4.6000000000e+00 -4.7542369672e-01
1.9931462007e+00 3.5463582699e+00 3.2795613919e+00 1.8650460009e+00 5.3059204096e+00 1.0950000000e+03 4.6000000000e+00 -4.7542369672e-01
1.9934811769e+00 2.6841510910e+00 3.2388387165e+00 1.8445074478e+00 1.4815517438e+01 1.0960000000e+03 4.6000000000e+00 -4.7542369672e-01
1.9936329024e+00 3.5460744596e+00 3.2570262528e+00 1.8011146530e+00 9.8877444806e+00 1.0970000000e+03 4.6000000000e+00 -4.7542369672e-01
1.9951066114e+00 3.1288614458e+00 3.3432320150e+00 1.8403806300e+00 8.6036467089e+00 1.0980000000e+03 4.6000000000e+00 -4.7542369672e-01
1.9954550623e+00 2.9250432061e+00 3.2956968494e+00 1.8526015689e+00 6.8476025381e+00 1.0990000000e+03 4.6000000000e+00 -4.7542369672e-01
1.9964653481e+00 2.9270664795e+00 3.3121751416e+00 1.8557919181e+00 1.5078693333e+01 1.1000000000e+03 4.6000000000e+00 -4.7542369672e-01
1.9974943966e+00 3.4119454487e+00 3.3418947917e+00 1.8188138984e+00 5.6211570801e+00 1.1010000000e+03 4.6000000000e+00 -4.7542369672e-01
1.9997032143e+00 3.4011752040e+00 3.3251438041e+00 1.8050137795e+00 1.3250152351e+01 1.1020000000e+03 4.6000000000e+00 -4.7542369672e-01
2.0005147683e+00 2.5894926206e+00 3.3801498660e+00 1.8587483183e+00 1.2446706219e+01 1.1030000000e+03 4.6000000000e+00 -4.7542369672e-01
2.0005657769e+00 3.2222013651e+00 3.4242801876e+00 1.8440994672e+00 1.2111298075e+01 1.1040000000e+03 4.6000000000e+00 -4.7542369672e-01
2.0011181517e+00 2.6583611322e+00 3.4121517987e+00 1.8006481651e+00 3.1846259711e+00 1.1050000000e+03 4.6000000000e+00 -4.7542369672e-01
2.0028268774e+00 2.9197388523e+00 3.4124911950e+00 1.7991158453e+00 1.2497701481e+01 1.1060000000e+03 4.6000000000e+00 -4.7542369672e-01
2.0031381274e+00 3.2786525982e+00 3.3601846161e+00 1.8598461129e+00 3.0575623036e+00 1.1070000000e+03 4.6000000000e+00 -4.7542369672e-01
2.0040511013e+00 2.8062191971e+00 3.3684485616e+00 1.8511583152e+00 1.1497249791e+01 1.1080000000e+03 4.6000000000e+00 -4.7542369672e-01
2.0053545580e+00 3.4199513903e+00 3.3735251728e+00 1.8134502204e+00 1.6244172185e+01 1.1090000000e+03 4.6000000000e+00 -4.7542369672e-01
2.0055850572e+00 2.9462119534e+00 3.4511850317e+00 1.8344628408e+00 8.2809055731e+00 1.1100000000e+03 4.6000000000e+00 -4.7542369672e-01
2.0056818994e+00 2.5056154064e+00 3.4807167464e+00 1.8078618726e+00 5.7499537132e+00 1.1110000000e+03 4.6000000000e+00 -4.7542369672e-01
2.0077024573e+00 2.5682167721e+00 3.5056598382e+00 1.8384875985e+00 9.7879515169e+00 1.1120000000e+03 4.6000000000e+00 -4.7542369672e-01
2.0080798117e+00 2.7188708365e+00 3.4447281851e+00 1.8216148784e+00 1.5004823276e+01 1.1130000000e+03 4.6000000000e+00 -4.7542369672e-01
2.0109159026e+00 2.9066529625e+00 3.4461617262e+00 1.8744595735e+00 1.6022288715e+01 1.1140000000e+03 4.6000000000e+00 -4.7542369672e-01
2.0109278839e+00 2.6152486223e+00 3.4933522985e+00 1.8544110280e+00 3.8605825884e+00 1.1150000000e+03 4.6000000000e+00 -4.7542369672e-01
2.0133230954e+00 2.6878756896e+00 3.5059286332e+00 1.8118150556e+00 7.2712562496e+00 1.1160000000e+03 4.6000000000e+00 -4.7542369672e-01
2.0144271047e+00 4.6527225535e+00 3.5081566698e+00 1.8069182371e+00 4.7373068971e+00 1.1170000000e+03 4.6000000000e+00 -4.7542369672e-01
2.0157335483e+00 2.8682385648e+00 3.5508926417e+00 1.8557701805e+00 4.8154729792e+00 1.1180000000e+03 4.6000000000e+00 -4.7542369672e-01
2.0162908860e+00 2.5003937108e+00 3.5530518760e+00 1.8383644102e+00 1.3945413333e+01 1.1190000000e+03 4.6000000000e+00 -4.7542369672e-01
2.0175048774e+00 2.5529334368e+00 3.5923371365e+00 1.8665865231e+00 3.8945715222e+00 1.1200000000e+03 4.6000000000e+00 -4.7542369672e-01
2.0217169281e+00 2.5634129181e+00 3.6113357844e+00 1.8041120930e+00 1.2598441524e+01 1.1210000000e+03 4.6000000000e+00 -4.7542369672e-01
2.0242553127e+00 3.2141852052e+00 3.6396397499e+00 1.8388880234e+00 4.6207804179e+00 1.1220000000e+03 4.6000000000e+00 -4.7542369672e-01
2.0254815218e+00 3.2636511230e+00 3.6524847439e+00 1.8579796832e+00 1.3803569554e+01 1.1230000000e+03 4.6000000000e+00 -4.7542369672e-01
2.0271857551e+00 2.5812318968e+00 3.6905579032e+00 1.8650739286e+00 1.0880588622e+01 1.1240000000e+03 4.6000000000e+00 -4.7542369672e-01
2.0271979428e+00 3.1257471096e+00 3.7111522121e+00 1.8704328169e+00 2.6357128156e+00 1.1250000000e+03 4.6000000000e+00 -4.7542369672e-01
2.0292271833e+00 3.1177360398e+00 3.8015820108e+00 1.8339459773e+00 1.5979577897e+01 1.1260000000e+03 4.6000000000e+00 -4.7542369672e-01
2.0305420397e+00 4.4727576923e+00 3.7585287487e+00 1.8244065222e+00 7.7486913711e+00 1.1270000000e+03 4.6000000000e+00 -4.7542369672e-01
2.0323628190e+00 2.6075960092e+00 3.7614222394e+00 1.8486160279e+00 2.6766683573e+00 1.1280000000e+03 4.6000000000e+00 -4.7542369672e-01
2.0341806451e+00 3.1347986281e+00 3.7646160066e+00 1.8614157507e+00 1.1824233432e+01 1.1290000000e+03 4.6000000000e+00 -4.7542369672e-01
2.0378619589e+00 2.9004089709e+00 3.7605708664e+00 1.8135816901e+00 1.1844694915e+01 1.1300000000e+03 4.6000000000e+00 -4.7542369672e-01
2.0379237368e+00 2.5269021112e+00 3.7914887453e+00 1.8721407421e+00 1.6872449695e+01 1.1310000000e+03 4.6000000000e+00 -4.7542369672e-01
2.0392450835e+00 2.8657285046e+00 3.7618294296e+00 1.8314913684e+00 2.1211459477e+00 1.1320000000e+03 4.6000000000e+00 -4.7542369672e-01
2.0411870537e+00 2.8112380485e+00 3.7737806147e+00 1.8433720361e+00 7.7954551833e+00 1.1330000000e+03 4.6000000000e+00 -4.7542369672e-01
2.0467685508e+00 2.6150821606e+00 3.7954052376e+00 1.8126252424e+00 3.9022341441e+00 1.1340000000e+03 4.6000000000e+00 -4.7542369672e-01
2.0487948863e+00 2.6540819927e+00 3.8044531723e+00 1.8092168512e+00 1.6526370052e+01 1.1350000000e+03 4.6000000000e+00 -4.7542369672e-01
2.0504351529e+00 2.5737454782e+00 3.8697608051e+00 1.8150391514e+00 6.8503581015e+00 1.1360000000e+03 4.6000000000e+00 -4.7542369672e-01
2.0546721107e+00 2.6462611192e+00 3.9031527866e+00 1.8262496583e+00 4.4269987009e+00 1.1370000000e+03 4.6000000000e+00 -4.7542369672e-01
2.0582982924e+00 2.7807954413e+00 3.8416429139e+00 1.8086554904e+00 1.4336356236e+01 1.1380000000e+03 4.6000000000e+00 -4.7542369672e-01
2.0587765472e+00 2.6283967828e+00 3.9059569015e+00 1.8613690779e+00 3.5083830713e+00 1.1390000000e+03 4.6000000000e+00 -4.7542369672e-01
2.0630666790e+00 2.5567875047e+00 3.8722855457e+00 1.8568219026e+00 1.3361895915e+01 1.1400000000e+03 4.6000000000e+00 -4.7542369672e-01
2.0659952984e+00 2.7207972003e+00 3.8697104764e+00 1.8539750672e+00 1.7820526893e+01 1.1410000000e+03 4.6000000000e+00 -4.7542369672e-01
2.0667764212e+00 2.9134766362e+00 3.8666346103e+00 1.8085142573e+00 1.4788035617e+01 1.1420000000e+03 4.6000000000e+00 -4.7542369672e-01
2.0695044485e+00 3.2814119782e+00 4.1292710319e+00 1.8710824708e+00 1.3445424531e+01 1.1430000000e+03 6.0000000000e-01 -2.9444389792e+00
2.0702979240e+00 2.5730601608e+00 4.2105323050e+00 1.8208937052e+00 1.1271283924e+01 1.1440000000e+03 6.0000000000e-01 -2.9444389792e+00
2.0726144264e+00 3.7355306202e+00 4.2763702569e+00 1.8708715158e+00 1.6722126958e+01 1.1450000000e+03 6.0000000000e-01 -2.9444389792e+00
2.0741938869e+00 3.1786257316e+00 4.2924820361e+00 1.8387601304e+00 3.8630856175e+00 1.1460000000e+03 6.0000000000e-01 -2.9444389792e+00
2.0774541386e+00 2.5679286231e+00 4.4009736204e+00 1.8601072492e+00 1.0485232069e+01 1.1470000000e+03 6.0000000000e-01 -2.9444389792e+00
2.0787588901e+00 2.6700190757e+00 4.5573197532e+00 1.8042236692e+00 1.6330202618e+01 1.1480000000e+03 6.0000000000e-01 -2.9444389792e+00
2.0794964367e+00 2.8807640142e+00 4.6288619637e+00 1.8234982594e+00 1.5466841867e+01 1.1490000000e+03 6.0000000000e-01 -2.9444389792e+00
2.0805441595e+00 2.7077973975e+00 4.8141445258e+00 1.8713335711e+00 7.7066216674e+00 1.1500000000e+03 6.0000000000e-01 -2.9444389792e+00
2.0807050400e+00 2.8211401973e+00 1.5365946819e-01 1.9190097310e+00 7.5149167984e+00 1.1510000000e+03 6.0000000000e-01 -2.9444389792e+00
2.0814634733e+00 2.8301562589e+00 4.5012505286e-01 1.8881262306e+00 4.7195143611e+00 1.1520000000e+03 6.0000000000e-01 -2.9444389792e+00
2.0858904018e+00 3.0890636206e+00 6.2043879272e-01 1.8912731600e+00 1.3879939172e+01 1.1530000000e+03 6.0000000000e-01 -2.9444389792e+00
2.0863155608e+00 2.5153194800e+00 7.3107636067e-01 1.9210193249e+00 8.5782066085e+00 1.1540000000e+03 6.0000000000e-01 -2.9444389792e+00
2.0941606586e+00 4.0807002877e+00 1.1503921520e+00 1.9039805767e+00 1.4787814245e+01 1.1550000000e+03 4.6000000000e+00 -4.7542369672e-01
2.0970467190e+00 3.1224022731e+00 1.0975871929e+00 1.9471878679e+00 2.6156645865e+00 1.1560000000e+03 4.6000000000e+00 -4.7542369672e-01
2.0982084377e+00 2.8804472020e+00 1.0955936980e+00 1.9268691763e+00 9.7668462086e+00 1.1570000000e+03 4.6000000000e+00 -4.7542369672e-01
2.1033194585e+00 3.2156346355e+00 1.1552150013e+00 1.8943564241e+00 1.3555556917e+01 1.1580000000e+03 4.6000000000e+00 -4.7542369672e-01
2.1039094449e+00 3.2401114110e+00 1.2471695309e+00 1.9207598010e+00 9.9649162939e+00 1.1590000000e+03 4.6000000000e+00 -4.7542369672e-01
2.1072412417e+00 2.7921883787e+00 1.1776424543e+00 1.8873565284e+00 2.3197066821e+00 1.1600000000e+03 4.6000000000e+00 -4.7542369672e-01
2.1079942437e+00 3.6562870931e+00 1.1962327987e+00 1.8783403221e+00 1.7359965414e+01 1.1610000000e+03 4.6000000000e+00 -4.7542369672e-01
2.1087799095e+00 2.5049677791e+00 1.2210458035e+00 1.9031297227e+00 1.7670119287e+01 1.1620000000e+03 4.6000000000e+00 -4.7542369672e-01
2.1089598246e+00 2.9004284012e+00 1.2050208504e+00 1.9031821344e+00 6.0565381369e+00 1.1630000000e+03 4.6000000000e+00 -4.7542369672e-01
2.1162421377e+00 3.1964716459e+00 1.2193224533e+00 1.9409751434e+00 2.2718644663e+00 1.1640000000e+03 4.6000000000e+00 -4.7542369672e-01
2.1167818550e+00 2.6972974255e+00 1.2645894805e+00 1.8823425025e+00 6.3737825692e+00 1.1650000000e+03 4.6000000000e+00 -4.7542369672e-01
2.1194108983e+00 6.0088896067e+00 1.2638261619e+00 1.9221053845e+00 1.1836676905e+01 1.1660000000e+03 4.6000000000e+00 -4.7542369672e-01
2.1195949185e+00 3.0564224159e+00 1.2525858619e+00 1.8925788104e+00 1.3654407576e+01 1.1670000000e+03 4.6000000000e+00 -4.7542369672e-01
2.1252065287e+00 4.3892015809e+00 1.3260913068e+00 1.9386694916e+00 7.5775445792e+00 1.1680000000e+03 4.6000000000e+00 -4.7542369672e-01
2.1253700156e+00 2.6497084383e+00 1.3209923736e+00 1.9103193609e+00 1.4883693520e+01 1.1690000000e+03 4.6000000000e+00 -4.7542369672e-01
2.1271339389e+00 3.2329293661e+00 1.2623921641e+00 1.9366957550e+00 1.4900648597e+01 1.1700000000e+03 4.6000000000e+00 -4.7542369672e-01
2.1273370384e+00 2.6313889817e+00 1.3588430208e+00 1.9128294560e+00 1.1776742796e+01 1.1710000000e+03 4.6000000000e+00 -4.7542369672e-01
2.1290669445e+00 3.3284480021e+00 1.3774499460e+00 1.8919538304e+00 7.5123719449e+00 1.1720000000e+03 4.6000000000e+00 -4.7542369672e-01
2.1335678912e+00 2.8948414081e+00 1.3485080001e+00 1.9113857158e+00 1.2695909692e+01 1.1730000000e+03 4.6000000000e+00 -4.7542369672e-01
2.1339146565e+00 2.5090925996e+00 1.3459461157e+00 1.9136205312e+00 2.1707291660e+00 1.1740000000e+03 4.6000000000e+00 -4.7542369672e-01
2.1377591785e+00 2.6487554320e+00 1.3951376269e+00 1.9168106681e+00 9.8965206409e+00 1.1750000000e+03 4.6000000000e+00 -4.7542369672e-01
2.1382518162e+00 2.5843324852e+00 1.3875846460e+00 1.8873574774e+00 1.0001159089e+01 1.1760000000e+03 4.6000000000e+00 -4.7542369672e-01
2.1382938055e+00 2.7955594925e+00 1.4250278801e+00 1.9221149225e+00 1.5662049443e+01 1.1770000000e+03 4.6000000000e+00 -4.7542369672e-01
2.1397339479e+00 3.1875250954e+00 1.4750548127e+00 1.8770558150e+00 1.7173200324e+01 1.1780000000e+03 4.6000000000e+00 -4.7542369672e-01
2.1404276161e+00 2.5643046863e+00 1.4683263431e+00 1.8838363938e+00 1.5341853901e+01 1.1790000000e+03 4.6000000000e+00 -4.7542369672e-01
2.1421772093e+00 3.7235561311e+00 1.5040275350e+00 1.8753770937e+00 1.1322309638e+01 1.1800000000e+03 4.6000000000e+00 -4.7542369672e-01
2.1437618813e+00 2.6199334004e+00 1.5223109929e+00 1.9143993504e+00 1.6897478962e+01 1.1810000000e+03 4.6000000000e+00 -4.7542369672e-01
2.1479045524e+00 2.6840474209e+00 1.5013412764e+00 1.8957902863e+00 3.1394928496e+00 1.1820000000e+03 4.6000000000e+00 -4.7542369672e-01
2.1493194019e+00 2.8581194660e+00 1.5046751598e+00 1.8811370050e+00 5.7642793964e+00 1.1830000000e+03 4.6000000000e+00 -4.7542369672e-01
2.1529747442e+00 2.9152286692e+00 1.5635179453e+00 1.9239334366e+00 1.7230039006e+01 1.1840000000e+03 4.6000000000e+00 -4.7542369672e-01
2.1548248950e+00 2.7100462113e+00 1.6068626913e+00 1.9315798255e+00 1.4098312794e+01 1.1850000000e+03 4.6000000000e+00 -4.7542369672e-01
2.1554689408e+00 2.7442419109e+00 1.5798590941e+00 1.9132392166e+00 1.4913594554e+01 1.1860000000e+03 4.6000000000e+00 -4.7542369672e-01
2.1600469216e+00 2.8364424841e+00 1.6353414923e+00 1.9022561654e+00 2.2860325423e+00 1.1870000000e+03 4.6000000000e+00 -4.7542369672e-01
2.1611343938e+00 2.9107085394e+00 1.5889086493e+00 1.9227080945e+00 9.3668193154e+00 1.1880000000e+03 4.6000000000e+00 -4.7542369672e-01
2.1631553640e+00 2.9374433173e+00 1.6288319819e+00 1.8850816156e+00 1.4641011019e+01 1.1890000000e+03 4.6000000000e+00 -4.7542369672e-01
2.1640363480e+00 3.2981044852e+00 1.6809575792e+00 1.9414428364e+00 1.2115630913e+01 1.1900000000e+03 4.6000000000e+00 -4.7542369672e-01
2.1670348058e+00 2.9420786924e+00 1.7028072435e+00 1.9256608061e+00 1.1630226504e+01 1.1910000000e+03 4.6000000000e+00 -4.7542369672e-01
2.1672115632e+00 3.6661418194e+00 1.7230820972e+00 1.9324199924e+00 9.1684427021e+00 1.1920000000e+03 4.6000000000e+00 -4.7542369672e-01
2.1712698182e+00 2.8875000325e+00 1.7228431144e+00 1.9502514181e+00 8.0868125568e+00 1.1930000000e+03 4.6000000000e+00 -4.7542369672e-01
2.1723621993e+00 3.8539599134e+00 1.8296515639e+00 1.9414789813e+00 3.1064374605e+00 1.1940000000e+03 4.6000000000e+00 -4.7542369672e-01
2.1736967427e+00 2.8420343124e+00 1.8066938790e+00 1.8905293461e+00 1.2259997076e+01 1.1950000000e+03 4.6000000000e+00 -4.7542369672e-01
2.1751653264e+00 2.8195040054e+00 1.9173416717e+00 1.9345526247e+00 8.5876173164e+00 1.1960000000e+03 4.6000000000e+00 -4.7542369672e-01
2.1768142308e+00 2.8366255390e+00 1.9788472287e+00 1.9050220389e+00 1.1213447077e+01 1.1970000000e+03 4.6000000000e+00 -4.7542369672e-01
2.1768967524e+00 2.5577239403e+00 2.0306220372e+00 1.9154427306e+00 1.7057097823e+01 1.1980000000e+03 4.6000000000e+00 -4.7542369672e-01
2.1782124612e+00 2.5529518353e+00 2.0310204855e+00 1.8800711193e+00 1.1390071984e+01 1.1990000000e+03 4.6000000000e+00 -4.7542369672e-01
2.1818132642e+00 2.5909588629e+00 2.0393099440e+00 1.9234426054e+00 3.2255739088e+00 1.2000000000e+03 4.6000000000e+00 -4.7542369672e-01
2.1823492639e+00 2.8167702560e+00 2.0475711702e+00 1.8839486500e+00 1.2875954689e+01 1.2010000000e+03 4.6000000000e+00 -4.7542369672e-01
2.1824775279e+00 2.6348996642e+00 2.0485004144e+00 1.9114798599e+00 1.2656650574e+01 1.2020000000e+03 4.6000000000e+00 -4.7542369672e-01
2.1828596843e+00 2.7136318805e+00 2.0509045482e+00 1.8918751225e+00 3.9045980903e+00 1.2030000000e+03 4.6000000000e+00 -4.7542369672e-01
2.1834240208e+00 3.7463026966e+00 2.0405733073e+00 1.8896811630e+00 7.2130163587e+00 1.2040000000e+03 4.6000000000e+00 -4.7542369672e-01
2.1835139538e+00 2.9979206250e+00 2.1095560044e+00 1.9056974201e+00 2.7798071255e+00 1.2050000000e+03 4.6000000000e+00 -4.7542369672e-01
2.1837484384e+00 3.4752655372e+00 2.1290740242e+00 1.9309105382e+00 1.7866049558e+01 1.2060000000e+03 4.6000000000e+00 -4.7542369672e-01
2.1848158158e+00 3.3508246513e+00 2.1394207201e+00 1.9255742979e+00 1.1089318723e+01 1.2070000000e+03 4.6000000000e+00 -4.7542369672e-01
2.1850164635e+00 2.8086847360e+00 2.1296354461e+00 1.9352963043e+00 2.6605130643e+00 1.2080000000e+03 4.6000000000e+00 -4.7542369672e-01
2.1850720528e+00 2.5722316752e+00 2.1674780477e+00 1.9383266133e+00 1.5850304336e+01 1.2090000000e+03 4.6000000000e+00 -4.7542369672e-01
2.1874495173e+00 2.7545156088e+00 2.1645077582e+00 1.9167515623e+00 9.6921907100e+00 1.2100000000e+03 4.6000000000e+00 -4.7542369672e-01
2.1904197283e+00 2.9444202530e+00 2.2622716957e+00 1.8803528343e+00 1.7191878474e+01 1.2110000000e+03 4.6000000000e+00 -4.7542369672e-01
2.1921968670e+00 3.3383502778e+00 2.2071110184e+00 1.9435836151e+00 1.0280073325e+01 1.2120000000e+03 4.6000000000e+00 -4.7542369672e-01
2.1956015237e+00 2.8312823741e+00 2.1926832347e+00 1.9510964822e+00 6.6747598203e+00 1.2130000000e+03 4.6000000000e+00 -4.7542369672e-01
2.1962778263e+00 2.6111125901e+00 2.1950796831e+00 1.8904478871e+00 1.4254198533e+01 1.2140000000e+03 4.6000000000e+00 -4.7542369672e-01
2.2019611963e+00 3.1118107780e+00 2.2221312798e+00 1.9124038967e+00 6.0432746332e+00 1.2150000000e+03 4.6000000000e+00 -4.7542369672e-01
2.2064995626e+00 2.7844253794e+00 2.2005649521e+00 1.8979570069e+00 9.0846635110e+00 1.2160000000e+03 4.6000000000e+00 -4.7542369672e-01
2.2067284293e+00 2.5890230445e+00 2.3209225922e+00 1.8767664066e+00 2.6303577163e+00 1.2170000000e+03 4.6000000000e+00 -4.7542369672e-01
2.2073581871e+00 3.1776576872e+00 2.2918577192e+00 1.8866099695e+00 3.2688425515e+00 1.2180000000e+03 4.6000000000e+00 -4.7542369672e-01
2.2089947729e+00 3.0369310616e+00 2.2766593608e+00 1.8785696951e+00 8.2274748991e+00 1.2190000000e+03 4.6000000000e+00 -4.7542369672e-01
2.2117688530e+00 3.4467570433e+00 2.2915555642e+00 1.9026698241e+00 1.4701446718e+01 1.2200000000e+03 4.6000000000e+00 -4.7542369672e-01
2.2162050319e+00 3.5391205193e+00 2.2888275665e+00 1.8750961118e+00 7.2324799428e+00 1.2210000000e+03 4.6000000000e+00 -4.7542369672e-01
2.2175046486e+00 2.5473508556e+00 2.4102077172e+00 1.9108794539e+00 1.4497587325e+01 1.2220000000e+03 4.6000000000e+00 -4.7542369672e-01
2.2188116018e+00 2.7034980408e+00 2.3774305621e+00 1.9014496653e+00 7.2997981491e+00 1.2230000000e+03 4.6000000000e+00 -4.7542369672e-01
2.2195662700e+00 2.5333340256e+00 2.4206260615e+00 1.9318106916e+00 2.1827907506e+00 1.2240000000e+03 4.6000000000e+00 -4.7542369672e-01
2.2220732443e+00 2.7156048912e+00 2.3953738409e+00 1.8869463972e+00 1.5872653354e+01 1.2250000000e+03 4.6000000000e+00 -4.7542369672e-01
2.2251434206e+00 3.1045351031e+00 2.4787356053e+00 1.9308491461e+00 6.5456418104e+00 1.2260000000e+03 4.6000000000e+00 -4.7542369672e-01
2.2254314146e+00 2.6333481423e+00 2.4273491712e+00 1.8777618399e+00 1.3962727436e+01 1.2270000000e+03 4.6000000000e+00 -4.7542369672e-01
2.2262228255e+00 2.9433283321e+00 2.4507135351e+00 1.8889531508e+00 4.4336554890e+00 1.2280000000e+03 4.6000000000e+00 -4.7542369672e-01
2.2271906236e+00 2.5971027951e+00 2.4852841486e+00 1.9289600220e+00 1.2645042520e+01 1.2290000000e+03 4.6000000000e+00 -4.7542369672e-01
2.2308694536e+00 2.5662600968e+00 2.4946981333e+00 1.9301085644e+00 8.8247300657e+00 1.2300000000e+03 4.6000000000e+00 -4.7542369672e-01
2.2316559577e+00 3.5450478913e+00 2.4943284907e+00 1.9465204485e+00 9.9671370907e+00 1.2310000000e+03 4.6000000000e+00 -4.7542369672e-01
2.2322484609e+00 2.5206659888e+00 2.4488973174e+00 1.8920396725e+00 8.5986718453e+00 1.2320000000e+03 4.6000000000e+00 -4.7542369672e-01
2.2350828414e+00 3.2755553376e+00 2.5656537762e+00 1.9296973969e+00 4.8004326005e+00 1.2330000000e+03 4.6000000000e+00 -4.7542369672e-01
2.2358905001e+00 2.7038170870e+00 2.5383821065e+00 1.9350533653e+00 6.7226147922e+00 1.2340000000e+03 4.6000000000e+00 -4.7542369672e-01
2.2375462882e+00 3.6783327852e+00 2.5080884193e+00 1.9016496341e+00 1.7788856682e+01 1.2350000000e+03 4.6000000000e+00 -4.7542369672e-01
2.2383721135e+00 3.0044714904e+00 2.5952094747e+00 1.8766071827e+00 3.0070511461e+00 1.2360000000e+03 4.6000000000e+00 -4.7542369672e-01
2.2414716813e+00 2.6980509683e+00 2.5889763685e+00 1.9081140959e+00 1.4729271360e+01 1.2370000000e+03 4.6000000000e+00 -4.7542369672e-01
2.2489792898e+00 3.0599059439e+00 2.5902637584e+00 1.9402510384e+00 3.0002895570e+00 1.2380000000e+03 4.6000000000e+00 -4.7542369672e-01
2.2490173869e+00 2.8209744522e+00 2.6358339401e+00 1.9234431879e+00 7.3820621356e+00 1.2390000000e+03 4.6000000000e+00 -4.7542369672e-01
2.2502357801e+00 2.5514971353e+00 2.7230845587e+00 1.8869384000e+00 9.3315655189e+00 1.2400000000e+03 4.6000000000e+00 -4.7542369672e-01
2.2505781112e+00 2.5740057973e+00 2.7068401109e+00 1.9039199358e+00 1.6677304043e+01 1.2410000000e+03 4.6000000000e+00 -4.7542369672e-01
2.2508743180e+00 2.5658388093e+00 2.6750790155e+00 1.9102832403e+00 9.7105072070e+00 1.2420000000e+03 4.6000000000e+00 -4.7542369672e-01
2.2509948710e+00 2.8353981487e+00 2.7004234149e+00 1.9075150004e+00 3.1079948068e+00 1.2430000000e+03 4.6000000000e+00 -4.7542369672e-01
2.2511999682e+00 3.3392647837e+00 2.7308797849e+00 1.8912170452e+00 1.7945107841e+01 1.2440000000e+03 4.6000000000e+00 -4.7542369672e-01
2.2519502981e+00 3.2672148685e+00 2.6912125908e+00 1.8857404495e+00 1.7537858731e+01 1.2450000000e+03 4.6000000000e+00 -4.7542369672e-01
2.2569466292e+00 2.6353688892e+00 2.6799062137e+00 1.9180798569e+00 1.1561974976e+01 1.2460000000e+03 4.6000000000e+00 -4.7542369672e-01
2.2580639455e+00 2.6839857071e+00 2.7662132433e+00 1.9432724455e+00 1.7974585658e+01 1.2470000000e+03 4.6000000000e+00 -4.7542369672e-01
2.2587550360e+00 2.5236699308e+00 2.7979447715e+00 1.9329962319e+00 5.0328076886e+00 1.2480000000e+03 4.6000000000e+00 -4.7542369672e-01
2.2596593668e+00 2.6393809827e+00 2.7905056161e+00 1.8824523699e+00 1.4357801722e+01 1.2490000000e+03 4.6000000000e+00 -4.7542369672e-01
2.2597920267e+00 2.9143286733e+00 2.7936425479e+00 1.9324210761e+00 1.0180989906e+01 1.2500000000e+03 4.6000000000e+00 -4.7542369672e-01
2.2607403053e+00 2.6896713363e+00 2.7655706192e+00 1.9244458087e+00 9.0485051855e+00 1.2510000000e+03 4.6000000000e+00 -4.7542369672e-01
2.2617559024e+00 2.8196264401e+00 2.7605116808e+00 1.9142221695e+00 6.3655684574e+00 1.2520000000e+03 4.6000000000e+00 -4.7542369672e-01
2.2661799606e+00 3.0790956190e+00 2.7503260812e+00 1.9058740448e+00 1.3290204324e+01 1.2530000000e+03 4.6000000000e+00 -4.7542369672e-01
2.2678756975e+00 2.7853961583e+00 2.7511838581e+00 1.9223149165e+00 1.4919237122e+01 1.2540000000e+03 4.6000000000e+00 -4.7542369672e-01
2.2680994831e+00 3.0744245142e+00 2.8644140677e+00 1.9017547802e+00 8.0251750495e+00 1.2550000000e+03 4.6000000000e+00 -4.7542369672e-01
2.2709883028e+00 2.8781510811e+00 2.8764243558e+00 1.9024095214e+00 1.1051139159e+01 1.2560000000e+03 4.6000000000e+00 -4.7542369672e-01
2.2710414381e+00 2.7516811926e+00 2.9035920773e+00 1.9143253917e+00 1.3964118697e+01 1.2570000000e+03 4.6000000000e+00 -4.7542369672e-01
2.2771626831e+00 2.9405105941e+00 2.9539204071e+00 1.9530622206e+00 7.1474285505e+00 1.2580000000e+03 4.6000000000e+00 -4.7542369672e-01
2.2774216545e+00 2.7315565130e+00 2.9382862233e+00 1.9065406512e+00 1.2716562217e+01 1.2590000000e+03 4.6000000000e+00 -4.7542369672e-01
2.2786175607e+00 3.0267069747e+00 2.9162925525e+00 1.9065422760e+00 1.2699727573e+01 1.2600000000e+03 4.6000000000e+00 -4.7542369672e-01
2.2786487678e+00 3.7825374727e+00 2.9908933513e+00 1.9185544562e+00 1.0542518141e+01 1.2610000000e+03 4.6000000000e+00 -4.7542369672e-01
2.2790717802e+00 3.0772870815e+00 2.9839277248e+00 1.9335456116e+00 1.7949339905e+01 1.2620000000e+03 4.6000000000e+00 -4.7542369672e-01
2.2815595654e+00 2.8314404568e+00 3.0085551021e+00 1.8885325131e+00 1.7464341239e+01 1.2630000000e+03 4.6000000000e+00 -4.7542369672e-01
2.2860012012e+00 3.4004579972e+00 3.0667488965e+00 1.8763019613e+00 9.9957521594e+00 1.2640000000e+03 4.6000000000e+00 -4.7542369672e-01
2.2872278409e+00 2.5372778582e+00 3.0935596713e+00 1.8812962227e+00 9.0712990879e+00 1.2650000000e+03 4.6000000000e+00 -4.7542369672e-01
2.2911839232e+00 2.7401378126e+00 3.0726436795e+00 1.9007450796e+00 2.7531565682e+00 1.2660000000e+03 4.6000000000e+00 -4.7542369672e-01
2.2926797534e+00 2.9939139328e+00 3.0998200588e+00 1.9520253353e+00 6.1394317651e+00 1.2670000000e+03 4.6000000000e+00 -4.7542369672e-01
2.2929181554e+00 2.9192712458e+00 3.1040448209e+00 1.9071711261e+00 6.8243592314e+00 1.2680000000e+03 4.6000000000e+00 -4.7542369672e-01
2.2933102337e+00 2.5189004931e+00 3.1177354060e+00 1.9385834380e+00 1.6197371809e+01 1.2690000000e+03 4.6000000000e+00 -4.7542369672e-01
2.2943380468e+00 2.5611511379e+00 3.1708209704e+00 1.9372036545e+00 8.1047663876e+00 1.2700000000e+03 4.6000000000e+00 -4.7542369672e-01
2.2946952460e+00 2.5380297994e+00 3.1351253421e+00 1.8974336361e+00 6.7936579438e+00 1.2710000000e+03 4.6000000000e+00 -4.7542369672e-01
2.2975420951e+00 3.5517319514e+00 3.1508793359e+00 1.9427501581e+00 1.6303318027e+01 1.2720000000e+03 4.6000000000e+00 -4.7542369672e-01
2.2989721574e+00 3.3076949299e+00 3.2723143353e+00 1.8818660163e+00 3.9425155930e+00 1.2730000000e+03 4.6000000000e+00 -4.7542369672e-01
2.2991332169e+00 2.6181329643e+00 3.2252774205e+00 1.9283224194e+00 5.9789183234e+00 1.2740000000e+03 4.6000000000e+00 -4.7542369672e-01
2.3040948840e+00 3.1560655142e+00 3.2698861055e+00 1.9302790914e+00 6.9741579986e+00 1.2750000000e+03 4.6000000000e+00 -4.7542369672e-01
2.3050245079e+00 2.8792229121e+00 3.3178398334e+00 1.9020405634e+00 2.6696891027e+00 1.2760000000e+03 4.6000000000e+00 -4.7542369672e-01
2.3081499183e+00 2.9301743430e+00 3.3251876853e+00 1.9057354672e+00 1.6646986046e+01 1.2770000000e+03 4.6000000000e+00 -4.7542369672e-01
2.3084925925e+00 2.7014652163e+00 3.3051401587e+00 1.9244310829e+00 1.5372223403e+01 1.2780000000e+03 4.6000000000e+00 -4.7542369672e-01
2.3094920129e+00 2.8360681973e+00 3.3419249927e+00 1.9240437779e+00 1.7632318001e+01 1.2790000000e+03 4.6000000000e+00 -4.7542369672e-01
2.3098648561e+00 2.5067735356e+00 3.3347262360e+00 1.9183885084e+00 1.0238520489e+01 1.2800000000e+03 4.6000000000e+00 -4.7542369672e-01
2.3125448680e+00 2.5603368795e+00 3.3026201111e+00 1.9314360460e+00 5.1740361480e+00 1.2810000000e+03 4.6000000000e+00 -4.7542369672e-01
2.3130805641e+00 4.6164082161e+00 3.3629963980e+00 1.9501857459e+00 6.8976402734e+00 1.2820000000e+03 4.6000000000e+00 -4.7542369672e-01
2.3153074501e+00 2.6335234355e+00 3.4031215476e+00 1.8979859591e+00 3.7225893347e+00 1.2830000000e+03 4.6000000000e+00 -4.7542369672e-01
2.3172538710e+00 2.7066647985e+00 3.4140047117e+00 1.9521167075e+00 1.7204037169e+01 1.2840000000e+03 4.6000000000e+00 -4.7542369672e-01
2.3173786391e+00 3.1100946360e+00 3.3742264059e+00 1.9106382626e+00 1.1120589220e+01 1.2850000000e+03 4.6000000000e+00 -4.7542369672e-01
2.3176352080e+00 2.5417875235e+00 3.3936814592e+00 1.9475855929e+00 1.1660504642e+01 1.2860000000e+03 4.6000000000e+00 -4.7542369672e-01
2.3185396017e+00 3.9388250737e+00 3.4567504423e+00 1.9024917974e+00 1.2373688090e+01 1.2870000000e+03 4.6000000000e+00 -4.7542369672e-01
2.3188088612e+00 2.8622515492e+00 3.4396292422e+00 1.9282100223e+00 1.3641979184e+01 1.2880000000e+03 4.6000000000e+00 -4.7542369672e-01
2.3205495893e+00 3.8456872103e+00 3.4759458414e+00 1.9493390150e+00 8.0955549776e+00 1.2890000000e+03 4.6000000000e+00 -4.7542369672e-01
2.3222606779e+00 2.6060484289e+00 3.4574416629e+00 1.9229625822e+00 1.1954999006e+01 1.2900000000e+03 4.6000000000e+00 -4.7542369672e-01
2.3233978334e+00 2.5047102999e+00 3.4691975176e+00 1.8998368166e+00 6.9607246138e+00 1.2910000000e+03 4.6000000000e+00 -4.7542369672e-01
2.3249133480e+00 3.2541056002e+00 3.4613503545e+00 1.9093476850e+00 1.5582393191e+01 1.2920000000e+03 4.6000000000e+00 -4.7542369672e-01
2.3267630486e+00 3.4056288805e+00 3.5554691268e+00 1.8810565129e+00 1.0719841734e+01 1.2930000000e+03 4.6000000000e+00 -4.7542369672e-01
2.3272739636e+00 4.1462853620e+00 3.5241101176e+00 1.9039037392e+00 1.5021457864e+01 1.2940000000e+03 4.6000000000e+00 -4.7542369672e-01
2.3304981076e+00 2.6625648481e+00 3.5507139122e+00 1.9020087552e+00 1.0548311292e+01 1.2950000000e+03 4.6000000000e+00 -4.7542369672e-01
2.3315029009e+00 2.5906580320e+00 3.5857192317e+00 1.9162520447e+00 6.3553897330e+00 1.2960000000e+03 4.6000000000e+00 -4.7542369672e-01
2.3347827462e+00 3.6452245089e+00 3.5659402505e+00 1.9066360127e+00 7.2367774874e+00 1.2970000000e+03 4.6000000000e+00 -4.7542369672e-01
2.3355973841e+00 2.5274697594e+00 3.5516194685e+00 1.9333176458e+00 7.3463353914e+00 1.2980000000e+03 4.6000000000e+00 -4.7542369672e-01
2.3398399898e+00 2.7953561534e+00 3.6425222979e+00 1.8802358049e+00 1.0809505813e+01 1.2990000000e+03 4.6000000000e+00 -4.7542369672e-01
2.3411306430e+00 3.0475561872e+00 3.6143291768e+00 1.9485568275e+00 8.0177187477e+00 1.3000000000e+03 4.6000000000e+00 -4.7542369672e-01
2.3442068747e+00 2.6067505950e+00 3.6102750389e+00 1.9453927904e+00 5.0426003573e+00 1.3010000000e+03 4.6000000000e+00 -4.7542369672e-01
2.3450762654e+00 2.6571856287e+00 3.6004912027e+00 1.9250515880e+00 1.0957489840e+01 1.3020000000e+03 4.6000000000e+00 -4.7542369672e-01
2.3467113873e+00 2.8145405931e+00 3.6430316308e+00 1.9135558708e+00 1.5046068200e+01 1.3030000000e+03 4.6000000000e+00 -4.7542369672e-01
2.3507579692e+00 2.6673770553e+00 3.6308125834e+00 1.9461825186e+00 1.0309657915e+01 1.3040000000e+03 4.6000000000e+00 -4.7542369672e-01
2.3529198261e+00 3.4613166474e+00 3.6459248930e+00 1.9280001707e+00 3.5131446393e+00 1.3050000000e+03 4.6000000000e+00 -4.7542369672e-01
2.3536992468e+00 2.6561003546e+00 3.6567769518e+00 1.9001941063e+00 6.6554942518e+00 1.3060000000e+03 4.6000000000e+00 -4.7542369672e-01
2.3542546197e+00 4.0357827645e+00 3.6457586320e+00 1.9477991104e+00 3.1363489138e+00 1.3070000000e+03 4.6000000000e+00 -4.7542369672e-01
2.3569559878e+00 3.0061014423e+00 3.7483890134e+00 1.8918745247e+00 4.2013473434e+00 1.3080000000e+03 4.6000000000e+00 -4.7542369672e-01
2.3597666904e+00 2.5782392007e+00 3.7321733658e+00 1.8999775480e+00 1.7625326677e+01 1.3090000000e+03 4.6000000000e+00 -4.7542369672e-01
2.3605251903e+00 3.3828850698e+00 3.7135563123e+00 1.8879165103e+00 9.2627164360e+00 1.3100000000e+03 4.6000000000e+00 -4.7542369672e-01
2.3621936241e+00 2.9718630162e+00 3.6957996651e+00 1.9526904279e+00 3.8011705258e+00 1.3110000000e+03 4.6000000000e+00 -4.7542369672e-01
2.3622325511e+00 2.9409153246e+00 3.7165965492e+00 1.9062812629e+00 1.7011633521e+01 1.3120000000e+03 4.6000000000e+00 -4.7542369672e-01
2.3632155686e+00 3.1757494583e+00 3.7016411135e+00 1.9238669044e+00 9.9143176751e+00 1.3130000000e+03 4.6000000000e+00 -4.7542369672e-01
2.3654173414e+00 3.2257755260e+00 3.7240678222e+00 1.8841760719e+00 1.6569362177e+01 1.3140000000e+03 4.6000000000e+00 -4.7542369672e-01
2.3675416461e+00 2.5290305685e+00 3.7968457438e+00 1.8936488468e+00 1.4205492939e+01 1.3150000000e+03 4.6000000000e+00 -4.7542369672e-01
2.3676794179e+00 2.9848123955e+00 3.7688692917e+00 1.8816884428e+00 1.6492289342e+01 1.3160000000e+03 4.6000000000e+00 -4.7542369672e-01
2.3698537712e+00 2.6251090589e+00 3.7639919959e+00 1.8927048472e+00 4.9170726133e+00 1.3170000000e+03 4.6000000000e+00 -4.7542369672e-01
2.3702623725e+00 2.8326620836e+00 3.7604925103e+00 1.9104348327e+00 9.1803857997e+00 1.3180000000e+03 4.6000000000e+00 -4.7542369672e-01
2.3706588714e+00 2.6212636131e+00 3.7969173989e+00 1.9226207397e+00 9.8591701913e+00 1.3190000000e+03 4.6000000000e+00 -4.7542369672e-01
2.3725004046e+00 3.0120408972e+00 3.8463320348e+00 1.9045849911e+00 1.7972604063e+01 1.3200000000e+03 4.6000000000e+00 -4.7542369672e-01
2.3735957078e+00 3.7296564060e+00 3.8348240812e+00 1.8766521657e+00 7.1216842785e+00 1.3210000000e+03 4.6000000000e+00 -4.7542369672e-01
2.3774682357e+00 3.2249447831e+00 3.9055676458e+00 1.8936739408e+00 1.3052236972e+01 1.3220000000e+03 4.6000000000e+00 -4.7542369672e-01
2.3781098255e+00 2.6361186837e+00 3.8639410196e+00 1.8895107191e+00 1.5311124003e+01 1.3230000000e+03 4.6000000000e+00 -4.7542369672e-01
2.3835341585e+00 3.0851765627e+00 3.8587770946e+00 1.9102289146e+00 9.7118541999e+00 1.3240000000e+03 4.6000000000e+00 -4.7542369672e-01
2.3851735727e+00 2.6218514091e+00 3.8300582936e+00 1.9441221123e+00 1.0435546317e+01 1.3250000000e+03 4.6000000000e+00 -4.7542369672e-01
2.3885861536e+00 3.3628573941e+00 4.1258122047e+00 1.9245177648e+00 1.0681537401e+01 1.3260000000e+03 6.0000000000e-01 -2.9444389792e+00
2.3909247679e+00 3.2389400081e+00 4.3786529474e+00 1.8809857824e+00 4.7220762660e+00 1.3270000000e+03 6.0000000000e-01 -2.9444389792e+00
2.3912940075e+00 3.1703641667e+00 4.4618353443e+00 1.9319802147e+00 6.2439029529e+00 1.3280000000e+03 6.0000000000e-01 -2.9444389792e+00
2.3921677940e+00 2.5073531507e+00 4.6017777308e+00 1.9121314473e+00 1.2807740168e+01 1.3290000000e+03 6.0000000000e-01 -2.9444389792e+00
2.3923162862e+00 2.6421180047e+00 4.6778479423e+00 1.9088608488e+00 1.1388362988e+01 1.3300000000e+03 6.0000000000e-01 -2.9444389792e+00
2.3936047429e+00 2.7489280293e+00 4.6563448032e+00 1.9084693575e+00 1.7009322750e+01 1.3310000000e+03 6.0000000000e-01 -2.9444389792e+00
2.3938084545e+00 2.6889003013e+00 4.7144238318e+00 1.8948776545e+00 5.6064630401e+00 1.3320000000e+03 6.0000000000e-01 -2.9444389792e+00
2.3947468301e+00 2.6288481439e+00 4.7705363962e+00 1.9232608227e+00 1.3205869230e+01 1.3330000000e+03 6.0000000000e-01 -2.9444389792e+00
2.3957562610e+00 2.9471248582e+00 4.8535373514e+00 1.9345706645e+00 5.2686557210e+00 1.3340000000e+03 6.0000000000e-01 -2.9444389792e+00
2.3973736567e+00 2.6672566622e+00 1.3821100935e-01 1.9560238581e+00 1.0228286381e+01 1.3350000000e+03 6.0000000000e-01 -2.9444389792e+00
2.3975076288e+00 2.9825752101e+00 1.1671593352e-01 1.9878913314e+00 1.3615278964e+01 1.3360000000e+03 6.0000000000e-01 -2.9444389792e+00
2.4012732631e+00 2.5714642314e+00 2.0898912172e-01 2.0102261369e+00 1.1234603990e+01 1.3370000000e+03 6.0000000000e-01 -2.9444389792e+00
2.4027094875e+00 2.7739772221e+00 1.6546537538e-01 1.9683143520e+00 1.2757044074e+01 1.3380000000e+03 6.0000000000e-01 -2.9444389792e+00
2.4037788080e+00 3.5799124277e+00 3.3978683162e-01 1.9710497756e+00 7.3431125894e+00 1.3390000000e+03 6.0000000000e-01 -2.9444389792e+00
2.4039197125e+00 2.8403957533e+00 3.3496268229e-01 2.0171364706e+00 9.9728559224e+00 1.3400000000e+03 6.0000000000e-01 -2.9444389792e+00
2.4056668604e+00 2.5472622237e+00 3.3784640223e-01 1.9577641289e+00 2.9821912071e+00 1.3410000000e+03 6.0000000000e-01 -2.9444389792e+00
2.4078271783e+00 2.5709979209e+00 3.2136686367e-01 2.0153233323e+00 5.8188188873e+00 1.3420000000e+03 6.0000000000e-01 -2.9444389792e+00
2.4087206605e+00 2.7474870859e+00 5.0673608212e-01 2.0227642437e+00 3.1753091050e+00 1.3430000000e+03 6.0000000000e-01 -2.9444389792e+00
2.4095893538e+00 2.6587651805e+00 6.6817578350e-01 1.9808077018e+00 5.7343934442e+00 1.3440000000e+03 6.0000000000e-01 -2.9444389792e+00
2.4101515428e+00 2.6631777088e+00 6.7129791670e-01 2.0269381731e+00 1.1627256046e+01 1.3450000000e+03 6.0000000000e-01 -2.9444389792e+00
2.4109527403e+00 2.6765536607e+00 6.4360865307e-01 2.0158844736e+00 6.5296668195e+00 1.3460000000e+03 6.0000000000e-01 -2.9444389792e+00
2.4139911052e+00 2.8624776227e+00 7.7615410652e-01 2.0298026409e+00 1.1637252635e+01 1.3470000000e+03 6.0000000000e-01 -2.9444389792e+00
2.4144736432e+00 3.0050821640e+00 7.6518748099e-01 2.0052903088e+00 6.9656023790e+00 1.3480000000e+03 6.0000000000e-01 -2.9444389792e+00
2.4179748966e+00 3.0111877364e+00 9.6663887175e-01 1.9551762800e+00 4.1777748119e+00 1.3490000000e+03 6.0000000000e-01 -2.9444389792e+00
2.4199348309e+00 3.4941331136e+00 1.0724606002e+00 1.9783231376e+00 1.1550459096e+01 1.3500000000e+03 6.0000000000e-01 -2.9444389792e+00
2.4210414824e+00 3.0526871350e+00 1.0797952796e+00 1.9740648547e+00 1.7623614319e+01 1.3510000000e+03 6.0000000000e-01 -2.9444389792e+00
2.4225125297e+00 2.7597900516e+00 1.1359011041e+00 1.9576839593e+00 1.7313486971e+01 1.3520000000e+03 4.6000000000e+00 -4.7542369672e-01
2.4225718972e+00 4.1235482618e+00 1.1259807593e+00 1.9896196942e+00 1.0590801678e+01 1.3530000000e+03 4.6000000000e+00 -4.7542369672e-01
2.4301252824e+00 2.6830847587e+00 1.0989418361e+00 1.9806087175e+00 9.5806952900e+00 1.3540000000e+03 4.6000000000e+00 -4.7542369672e-01
2.4316890857e+00 3.3299909658e+00 1.1113580082e+00 1.9947256669e+00 3.0618948741e+00 1.3550000000e+03 4.6000000000e+00 -4.7542369672e-01
2.4341666942e+00 2.5488788828e+00 1.1561614192e+00 1.9597807571e+00 1.1472041232e+01 1.3560000000e+03 4.6000000000e+00 -4.7542369672e-01
2.4356114013e+00 2.9642820315e+00 1.1833688529e+00 2.0073312370e+00 9.6651278155e+00 1.3570000000e+03 4.6000000000e+00 -4.7542369672e-01
2.4373594737e+00 2.5454976953e+00 1.2480939074e+00 1.9751078310e+00 9.4982313828e+00 1.3580000000e+03 4.6000000000e+00 -4.7542369672e-01
2.4396823096e+00 2.5773623249e+00 1.2039091758e+00 2.0030922429e+00 1.7966352317e+01 1.3590000000e+03 4.6000000000e+00 -4.7542369672e-01
2.4401850422e+00 2.7911470625e+00 1.2102868279e+00 1.9861244779e+00 9.4651392544e+00 1.3600000000e+03 4.6000000000e+00 -4.7542369672e-01
2.4433649331e+00 3.5811015201e+00 1.3094794047e+00 1.9848064775e+00 6.9116869459e+00 1.3610000000e+03 4.6000000000e+00 -4.7542369672e-01
2.4457973426e+00 2.5126770623e+00 1.2619540657e+00 1.9733596534e+00 1.5308538130e+01 1.3620000000e+03 4.6000000000e+00 -4.7542369672e-01
2.4471343307e+00 2.9475623058e+00 1.3506982205e+00 1.9741161548e+00 1.4067210233e+01 1.3630000000e+03 4.6000000000e+00 -4.7542369672e-01
2.4502063933e+00 2.5421495382e+00 1.3487409440e+00 2.0193051110e+00 1.3157461793e+01 1.3640000000e+03 4.6000000000e+00 -4.7542369672e-01
2.4515616960e+00 2.5111700511e+00 1.3291247432e+00 1.9920527570e+00 4.0257971245e+00 1.3650000000e+03 4.6000000000e+00 -4.7542369672e-01
2.4530945585e+00 3.1206806171e+00 1.3844101400e+00 2.0119837955e+00 9.3536169460e+00 1.3660000000e+03 4.6000000000e+00 -4.7542369672e-01
2.4535077505e+00 3.6522224076e+00 1.3554360052e+00 1.9667127516e+00 1.4761168625e+01 1.3670000000e+03 4.6000000000e+00 -4.7542369672e-01
2.4539676426e+00 2.9334656935e+00 1.3285053405e+00 1.9596215006e+00 8.0820814887e+00 1.3680000000e+03 4.6000000000e+00 -4.7542369672e-01
2.4549308157e+00 5.4300476104e+00 1.3607327047e+00 1.9622858092e+00 7.8297020348e+00 1.3690000000e+03 4.6000000000e+00 -4.7542369672e-01
2.4565968565e+00 2.5235603857e+00 1.3558714683e+00 1.9857411398e+00 2.6869896012e+00 1.3700000000e+03 4.6000000000e+00 -4.7542369672e-01
2.4566986597e+00 2.7582944639e+00 1.4234175594e+00 2.0306886710e+00 1.6595898513e+01 1.3710000000e+03 4.6000000000e+00 -4.7542369672e-01
2.4582089454e+00 2.6197566974e+00 1.4253204594e+00 1.9560719278e+00 1.3984749968e+01 1.3720000000e+03 4.6000000000e+00 -4.7542369672e-01
2.4607647769e+00 3.0060073929e+00 1.4157975142e+00 2.0301044519e+00 1.6501073891e+01 1.3730000000e+03 4.6000000000e+00 -4.7542369672e-01
2.4633491068e+00 2.5210657100e+00 1.4319235729e+00 1.9742865936e+00 1.0291845310e+01 1.3740000000e+03 4.6000000000e+00 -4.7542369672e-01
2.4648273556e+00 2.6510954054e+00 1.4744757580e+00 1.9831042382e+00 8.3935952505e+00 1.3750000000e+03 4.6000000000e+00 -4.7542369672e-01
2.4665144548e+00 2.5464124563e+00 1.4382672961e+00 1.9899152580e+00 1.5328833765e+01 1.3760000000e+03 4.6000000000e+00 -4.7542369672e-01
2.4668508039e+00 3.2585887773e+00 1.4089330088e+00 1.9676560595e+00 1.1969879274e+01 1.3770000000e+03 4.6000000000e+00 -4.7542369672e-01
2.4713087650e+00 3.7781742425e+00 1.4932703332e+00 2.0076035126e+00 6.5322995759e+00 1.3780000000e+03 4.6000000000e+00 -4.7542369672e-01
2.4714308991e+00 2.7176684343e+00 1.4960951382e+00 2.0267381603e+00 2.5593841823e+00 1.3790000000e+03 4.6000000000e+00 -4.7542369672e-01
2.4737726262e+00 5.1682649764e+00 1.5091071709e+00 1.9955812490e+00 8.0977805036e+00 1.3800000000e+03 4.6000000000e+00 -4.7542369672e-01
2.4744371542e+00 2.6536092779e+00 1.5011105037e+00 2.0200133570e+00 8.0401563557e+00 1.3810000000e+03 4.6000000000e+00 -4.7542369672e-01
2.4748580697e+00 2.5194248515e+00 1.6250518063e+00 1.9833215887e+00 1.4452169423e+01 1.3820000000e+03 4.6000000000e+00 -4.7542369672e-01
2.4755987408e+00 3.4352976422e+00 1.6223551258e+00 1.9847112925e+00 1.1046303531e+01 1.3830000000e+03 4.6000000000e+00 -4.7542369672e-01
2.4828411851e+00 4.6591454497e+00 1.6094562890e+00 2.0268759463e+00 5.5436824613e+00 1.3840000000e+03 4.6000000000e+00 -4.7542369672e-01
2.4848774106e+00 2.5826341752e+00 1.6173628378e+00 1.9984667528e+00 3.7581880869e+00 1.3850000000e+03 4.6000000000e+00 -4.7542369672e-01
2.4858490982e+00 2.8049328249e+00 1.7002633455e+00 1.9748647874e+00 1.7957613301e+01 1.3860000000e+03 4.6000000000e+00 -4.7542369672e-01
2.4894083976e+00 3.1528265334e+00 1.6463010041e+00 1.9546649160e+00 6.9226491322e+00 1.3870000000e+03 4.6000000000e+00 -4.7542369672e-01
2.4905542404e+00 2.6726884195e+00 1.6595808413e+00 2.0285724034e+00 4.6771338464e+00 1.3880000000e+03 4.6000000000e+00 -4.7542369672e-01
2.4919544269e+00 2.6357706655e+00 1.6727874001e+00 1.9936063374e+00 1.7520233906e+01 1.3890000000e+03 4.6000000000e+00 -4.7542369672e-01
2.4922176265e+00 2.6610837100e+00 1.6839023099e+00 2.0034125175e+00 1.1247324792e+01 1.3900000000e+03 4.6000000000e+00 -4.7542369672e-01
2.4931336120e+00 2.6688300891e+00 1.6616171364e+00 2.0264042536e+00 8.9510156554e+00 1.3910000000e+03 4.6000000000e+00 -4.7542369672e-01
2.4936232221e+00 2.9536540660e+00 1.7122372699e+00 1.9695884516e+00 1.5229951327e+01 1.3920000000e+03 4.6000000000e+00 -4.7542369672e-01
2.4942399809e+00 2.6959190077e+00 1.6986785539e+00 2.0084556840e+00 8.0494254539e+00 1.3930000000e+03 4.6000000000e+00 -4.7542369672e-01
2.4951096157e+00 2.7458198924e+00 1.6625051239e+00 1.9712770686e+00 1.3438355546e+01 1.3940000000e+03 4.6000000000e+00 -4.7542369672e-01
2.4961347288e+00 3.1809617771e+00 1.7201539975e+00 2.0002158304e+00 6.4136325365e+00 1.3950000000e+03 4.6000000000e+00 -4.7542369672e-01
2.4964403224e+00 2.8905040131e+00 1.7652956231e+00 1.9689902679e+00 2.5751784652e+00 1.3960000000e+03 4.6000000000e+00 -4.7542369672e-01
2.4971961766e+00 2.8595042788e+00 1.7750953335e+00 1.9600457172e+00 7.3505135095e+00 1.3970000000e+03 4.6000000000e+00 -4.7542369672e-01
2.4975456074e+00 2.5281095577e+00 1.7893551391e+00 1.9593765735e+00 3.2730338742e+00 1.3980000000e+03 4.6000000000e+00 -4.7542369672e-01
2.5004864176e+00 3.2801890809e+00 1.7966777045e+00 2.0257115302e+00 1.3704317325e+01 1.3990000000e+03 4.6000000000e+00 -4.7542369672e-01
2.5006261450e+00 3.4547345504e+00 1.7682552344e+00 1.9894497515e+00 1.2286065985e+01 1.4000000000e+03 4.6000000000e+00 -4.7542369672e-01
2.5008998137e+00 3.2773020920e+00 1.8337880592e+00 1.9718256111e+00 9.3251900754e+00 1.4010000000e+03 4.6000000000e+00 -4.7542369672e-01
2.5016432951e+00 2.5993711992e+00 1.8725465529e+00 1.9616295328e+00 6.3929208539e+00 1.4020000000e+03 4.6000000000e+00 -4.7542369672e-01
2.5030149337e+00 3.0162753232e+00 1.8200871847e+00 2.0217334511e+00 8.6622959056e+00 1.4030000000e+03 4.6000000000e+00 -4.7542369672e-01
2.5038981314e+00 2.6077240967e+00 1.8602214915e+00 1.9917326669e+00 7.5302489182e+00 1.4040000000e+03 4.6000000000e+00 -4.7542369672e-01
2.5049957099e+00 2.6182507462e+00 1.8179374567e+00 1.9804632985e+00 5.2649507343e+00 1.4050000000e+03 4.6000000000e+00 -4.7542369672e-01
2.5055348547e+00 2.6758054623e+00 1.9182260159e+00 1.9882109433e+00 1.3314009553e+01 1.4060000000e+03 4.6000000000e+00 -4.7542369672e-01
2.5134560449e+00 3.1616373546e+00 1.9222533135e+00 1.9826356368e+00 4.8202688424e+00 1.4070000000e+03 4.6000000000e+00 -4.7542369672e-01
2.5151457482e+00 2.8047485477e+00 1.8853689523e+00 2.0107139384e+00 1.3610535612e+01 1.4080000000e+03 4.6000000000e+00 -4.7542369672e-01
2.5164248472e+00 3.1080874209e+00 1.9645793082e+00 2.0196863060e+00 1.6064228688e+01 1.4090000000e+03 4.6000000000e+00 -4.7542369672e-01
2.5178605486e+00 4.1226836746e+00 2.0045524513e+00 2.0041761465e+00 2.7628051941e+00 1.4100000000e+03 4.6000000000e+00 -4.7542369672e-01
2.5182781563e+00 2.8255292985e+00 2.0239871022e+00 1.9649677795e+00 1.0834463194e+01 1.4110000000e+03 4.6000000000e+00 -4.7542369672e-01
2.5227864635e+00 3.3084662461e+00 1.9932571133e+00 2.0211321743e+00 1.1931361229e+01 1.4120000000e+03 4.6000000000e+00 -4.7542369672e-01
2.5259162488e+00 2.7848428383e+00 2.0959119975e+00 1.9689269390e+00 1.5501719040e+01 1.4130000000e+03 4.6000000000e+00 -4.7542369672e-01
2.5270486355e+00 2.8799717683e+00 2.1036763437e+00 1.9922409175e+00 1.4798990950e+01 1.4140000000e+03 4.6000000000e+00 -4.7542369672e-01
2.5299274776e+00 2.6651988181e+00 2.0497504590e+00 1.9791140023e+00 1.0921441179e+01 1.4150000000e+03 4.6000000000e+00 -4.7542369672e-01
2.5406245433e+00 3.5519152078e+00 2.0869245787e+00 2.0054767643e+00 4.3862836213e+00 1.4160000000e+03 4.6000000000e+00 -4.7542369672e-01
2.5433527414e+00 3.5895054114e+00 2.1806496704e+00 2.0265638229e+00 1.3198664264e+01 1.4170000000e+03 4.6000000000e+00 -4.7542369672e-01
2.5450274621e+00 3.0912295295e+00 2.1679925006e+00 1.9665256296e+00 5.0343955090e+00 1.4180000000e+03 4.6000000000e+00 -4.7542369672e-01
2.5490477637e+00 3.3546432888e+00 2.1456376574e+00 2.0064916516e+00 9.8560723592e+00 1.4190000000e+03 4.6000000000e+00 -4.7542369672e-01
2.5495517233e+00 2.8789592507e+00 2.1205203997e+00 2.0141134483e+00 2.3756284102e+00 1.4200000000e+03 4.6000000000e+00 -4.7542369672e-01
2.5510513468e+00 2.7230980338e+00 2.2263518183e+00 1.9797958641e+00 1.4208808416e+01 1.4210000000e+03 4.6000000000e+00 -4.7542369672e-01
2.5523470121e+00 3.7469041476e+00 2.2365639610e+00 1.9680628976e+00 6.3162300231e+00 1.4220000000e+03 4.6000000000e+00 -4.7542369672e-01
2.5558136720e+00 2.9469230650e+00 2.2432083010e+00 2.0088068921e+00 1.5775176024e+01 1.4230000000e+03 4.6000000000e+00 -4.7542369672e-01
2.5598516659e+00 2.5879442246e+00 2.2519786685e+00 1.9826127397e+00 1.1373508161e+01 1.4240000000e+03 4.6000000000e+00 -4.7542369672e-01
2.5613185350e+00 2.5274597745e+00 2.2140351439e+00 2.0246213763e+00 5.1198445698e+00 1.4250000000e+03 4.6000000000e+00 -4.7542369672e-01
2.5652140919e+00 2.7931455761e+00 2.2730657476e+00 1.9818755843e+00 1.7014787406e+01 1.4260000000e+03 4.6000000000e+00 -4.7542369672e-01
2.5654226260e+00 2.9224348420e+00 2.3406517197e+00 1.9981977821e+00 4.3117905238e+00 1.4270000000e+03 4.6000000000e+00 -4.7542369672e-01
2.5691097593e+00 2.5403958982e+00 2.3404271555e+00 2.0115938915e+00 1.0536827780e+01 1.4280000000e+03 4.6000000000e+00 -4.7542369672e-01
2.5708090761e+00 3.2153751984e+00 2.2826100815e+00 1.9666510217e+00 1.0930770980e+01 1.4290000000e+03 4.6000000000e+00 -4.7542369672e-01
2.5736607754e+00 3.0216018947e+00 2.3257735187e+00 1.9971752133e+00 9.2021689767e+00 1.4300000000e+03 4.6000000000e+00 -4.7542369672e-01
2.5743009777e+00 3.6685830480e+00 2.2989943471e+00 2.0021260973e+00 1.6380851040e+01 1.4310000000e+03 4.6000000000e+00 -4.7542369672e-01
2.5763917337e+00 2.7369469553e+00 2.3143804538e+00 2.0243213703e+00 1.1657819456e+01 1.4320000000e+03 4.6000000000e+00 -4.7542369672e-01
2.5764977900e+00 2.6109548032e+00 2.3590742440e+00 1.9912898769e+00 1.7455818436e+01 1.4330000000e+03 4.6000000000e+00 -4.7542369672e-01
2.5782653290e+00 3.2788233977e+00 2.3547129849e+00 2.0212314084e+00 9.9428114342e+00 1.4340000000e+03 4.6000000000e+00 -4.7542369672e-01
2.5818761585e+00 3.0649392293e+00 2.3625767400e+00 1.9775675002e+00 4.5012629307e+00 1.4350000000e+03 4.6000000000e+00 -4.7542369672e-01
2.5828911024e+00 3.2087168327e+00 2.3873820367e+00 1.9852431629e+00 1.4065415960e+01 1.4360000000e+03 4.6000000000e+00 -4.7542369672e-01
2.5842108601e+00 2.9087698697e+00 2.3823448730e+00 2.0184639195e+00 4.1658458405e+00 1.4370000000e+03 4.6000000000e+00 -4.7542369672e-01
2.5866230828e+00 2.7095223411e+00 2.4369241863e+00 1.9565544107e+00 3.1592321812e+00 1.4380000000e+03 4.6000000000e+00 -4.7542369672e-01
2.5879396634e+00 2.6405901627e+00 2.4588150060e+00 2.0135340053e+00 1.2283508346e+01 1.4390000000e+03 4.6000000000e+00 -4.7542369672e-01
2.5899362276e+00 2.5288394846e+00 2.4602146425e+00 2.0020930400e+00 2.4644648975e+00 1.4400000000e+03 4.6000000000e+00 -4.7542369672e-01
2.5902005607e+00 2.8005827255e+00 2.4677116259e+00 2.0087687459e+00 1.7372874978e+01 1.4410000000e+03 4.6000000000e+00 -4.7542369672e-01
2.5918217370e+00 2.5105889575e+00 2.4420932656e+00 1.9782410506e+00 4.3999382309e+00 1.4420000000e+03 4.6000000000e+00 -4.7542369672e-01
2.5935667324e+00 3.3318403077e+00 2.5155238256e+00 2.0295100066e+00 3.4016351507e+00 1.4430000000e+03 4.6000000000e+00 -4.7542369672e-01
2.5957942150e+00 5.0972781075e+00 2.5734981444e+00 1.9641287732e+00 2.3481552944e+00 1.4440000000e+03 4.6000000000e+00 -4.7542369672e-01
2.6018477086e+00 2.7592239813e+00 2.5396591230e+00 2.0272020543e+00 5.3662823669e+00 1.4450000000e+03 4.6000000000e+00 -4.7542369672e-01
2.6026021747e+00 2.7899641467e+00 2.5198872394e+00 2.0252207927e+00 1.4239624739e+01 1.4460000000e+03 4.6000000000e+00 -4.7542369672e-01
2.6027518710e+00 3.8271405783e+00 2.6230384859e+00 1.9855455439e+00 1.0459665434e+01 1.4470000000e+03 4.6000000000e+00 -4.7542369672e-01
2.6032776358e+00 2.9789953716e+00 2.6173977069e+00 1.9985939571e+00 1.4294318776e+01 1.4480000000e+03 4.6000000000e+00 -4.7542369672e-01
2.6050721416e+00 3.1646536680e+00 2.5889457647e+00 1.9800956410e+00 4.4688706857e+00 1.4490000000e+03 4.6000000000e+00 -4.7542369672e-01
2.6126780914e+00 2.5900147258e+00 2.6169901241e+00 1.9729499018e+00 5.2485571704e+00 1.4500000000e+03 4.6000000000e+00 -4.7542369672e-01
2.6144048163e+00 3.6103908369e+00 2.6201120010e+00 1.9556157721e+00 6.2364484150e+00 1.4510000000e+03 4.6000000000e+00 -4.7542369672e-01
2.6152919005e+00 2.6965993987e+00 2.6073508951e+00 1.9953494599e+00 1.2530411207e+01 1.4520000000e+03 4.6000000000e+00 -4.7542369672e-01
2.6189053906e+00 3.0042141057e+00 2.6464510608e+00 2.0138805273e+00 3.6559419609e+00 1.4530000000e+03 4.6000000000e+00 -4.7542369672e-01
2.6195871189e+00 3.0923871884e+00 2.6461455386e+00 2.0062693166e+00 1.3856639367e+01 1.4540000000e+03 4.6000000000e+00 -4.7542369672e-01
2.6209257320e+00 2.5332757660e+00 2.7015509416e+00 2.0289981394e+00 8.6778232910e+00 1.4550000000e+03 4.6000000000e+00 -4.7542369672e-01
2.6211115927e+00 2.9774250607e+00 2.6779698810e+00 1.9651199013e+00 4.4274870472e+00 1.4560000000e+03 4.6000000000e+00 -4.7542369672e-01
2.6220095550e+00 2.6081751952e+00 2.7458666125e+00 1.9552905217e+00 1.0889065712e+01 1.4570000000e+03 4.6000000000e+00 -4.7542369672e-01
2.6224015825e+00 2.5275216030e+00 2.7919842632e+00 1.9962787674e+00 4.9642463862e+00 1.4580000000e+03 4.6000000000e+00 -4.7542369672e-01
2.6229375018e+00 2.8372011444e+00 2.8090998661e+00 1.9931007758e+00 8.5289023820e+00 1.4590000000e+03 4.6000000000e+00 -4.7542369672e-01
2.6237636330e+00 2.5633369311e+00 2.7536120009e+00 1.9764550555e+00 7.3501137937e+00 1.4600000000e+03 4.6000000000e+00 -4.7542369672e-01
2.6254357752e+00 2.5130360796e+00 2.8128976429e+00 1.9871385001e+00 4.6262431887e+00 1.4610000000e+03 4.6000000000e+00 -4.7542369672e-01
2.6254893027e+00 2.8918156998e+00 2.8202574484e+00 2.0290265280e+00 8.2949078950e+00 1.4620000000e+03 4.6000000000e+00 -4.7542369672e-01
2.6319929437e+00 2.7781461858e+00 2.8592491782e+00 2.0293127257e+00 7.0803405071e+00 1.4630000000e+03 4.6000000000e+00 -4.7542369672e-01
2.6354756471e+00 2.8721243421e+00 2.8275420870e+00 1.9853940709e+00 1.0489926029e+01 1.4640000000e+03 4.6000000000e+00 -4.7542369672e-01
2.6416096684e+00 2.5927708073e+00 2.9649129947e+00 1.9645918948e+00 9.9223151069e+00 1.4650000000e+03 4.6000000000e+00 -4.7542369672e-01
2.6433533896e+00 2.9831286256e+00 2.9667043167e+00 1.9855755897e+00 1.7633964662e+01 1.4660000000e+03 4.6000000000e+00 -4.7542369672e-01
2.6437701377e+00 3.0485691985e+00 2.9113545745e+00 2.0234130024e+00 5.5589541115e+00 1.4670000000e+03 4.6000000000e+00 -4.7542369672e-01
2.6446283748e+00 3.0167228328e+00 2.9525895705e+00 1.9568926581e+00 6.0018804609e+00 1.4680000000e+03 4.6000000000e+00 -4.7542369672e-01
2.6450867122e+00 3.1404754159e+00 2.9556521190e+00 2.0217519771e+00 6.0947100482e+00 1.4690000000e+03 4.6000000000e+00 -4.7542369672e-01
2.6480205265e+00 3.2139391656e+00 3.0357440354e+00 2.0053620109e+00 1.2640630174e+01 1.4700000000e+03 4.6000000000e+00 -4.7542369672e-01
2.6492649544e+00 2.6210428780e+00 2.9919669472e+00 2.0077737015e+00 1.5711166144e+01 1.4710000000e+03 4.6000000000e+00 -4.7542369672e-01
2.6498692434e+00 3.1172685661e+00 2.9798721028e+00 2.0027143516e+00 3.6261478113e+00 1.4720000000e+03 4.6000000000e+00 -4.7542369672e-01
2.6500814643e+00 4.2085915898e+00 2.9961929515e+00 1.9703600490e+00 2.8720138890e+00 1.4730000000e+03 4.6000000000e+00 -4.7542369672e-01
2.6517103737e+00 3.8070694766e+00 3.0042981177e+00 2.0265118389e+00 1.3124231264e+01 1.4740000000e+03 4.6000000000e+00 -4.7542369672e-01
2.6519138312e+00 2.5839450872e+00 3.0065037661e+00 2.0131525787e+00 1.7076962528e+01 1.4750000000e+03 4.6000000000e+00 -4.7542369672e-01
2.6535783479e+00 3.2784324360e+00 3.0644890163e+00 1.9705815823e+00 1.5033328141e+01 1.4760000000e+03 4.6000000000e+00 -4.7542369672e-01
2.6542303830e+00 3.0173482303e+00 3.0724372600e+00 1.9636040222e+00 9.2420625792e+00 1.4770000000e+03 4.6000000000e+00 -4.7542369672e-01
2.6545010154e+00 2.6559993242e+00 3.0602487754e+00 2.0177064405e+00 1.0506009673e+01 1.4780000000e+03 4.6000000000e+00 -4.7542369672e-01
2.6549932778e+00 2.5148087897e+00 3.0958782841e+00 2.0173356002e+00 8.6832649261e+00 1.4790000000e+03 4.6000000000e+00 -4.7542369672e-01
2.6555334907e+00 2.7599748824e+00 3.1039345302e+00 1.9885338545e+00 8.2018859182e+00 1.4800000000e+03 4.6000000000e+00 -4.7542369672e-01
2.6596384890e+00 2.5741390506e+00 3.1922061051e+00 2.0290562423e+00 1.0514587979e+01 1.4810000000e+03 4.6000000000e+00 -4.7542369672e-01
2.6611284056e+00 2.7372585922e+00 3.1658221939e+00 1.9771535355e+00 1.3050749151e+01 1.4820000000e+03 4.6000000000e+00 -4.7542369672e-01
2.6624019405e+00 3.3372341735e+00 3.1688228135e+00 2.0115717193e+00 1.1964273646e+01 1.4830000000e+03 4.6000000000e+00 -4.7542369672e-01
2.6628098642e+00 2.5852926247e+00 3.1430344276e+00 2.0138614433e+00 5.5652660141e+00 1.4840000000e+03 4.6000000000e+00 -4.7542369672e-01
2.6629053414e+00 2.8959660566e+00 3.2736605326e+00 1.9837041447e+00 1.3917177422e+01 1.4850000000e+03 4.6000000000e+00 -4.7542369672e-01
2.6639536056e+00 3.2936359860e+00 3.2744798287e+00 2.0197698560e+00 1.7955842961e+01 1.4860000000e+03 4.6000000000e+00 -4.7542369672e-01
2.6652538728e+00 3.5281329865e+00 3.2130958773e+00 1.9688294805e+00 4.5165978403e+00 1.4870000000e+03 4.6000000000e+00 -4.7542369672e-01
2.6719026427e+00 2.8779982827e+00 3.2793062276e+00 1.9886491255e+00 5.3357254115e+00 1.4880000000e+03 4.6000000000e+00 -4.7542369672e-01
2.6774637100e+00 3.0520240615e+00 3.2867393826e+00 2.0017617449e+00 1.1083091841e+01 1.4890000000e+03 4.6000000000e+00 -4.7542369672e-01
2.6776062483e+00 2.5040853005e+00 3.3406857143e+00 1.9741481113e+00 5.3885248303e+00 1.4900000000e+03 4.6000000000e+00 -4.7542369672e-01
2.6801372669e+00 3.0001793567e+00 3.2845930248e+00 2.0148531238e+00 1.1761358515e+01 1.4910000000e+03 4.6000000000e+00 -4.7542369672e-01
2.6806303206e+00 3.0894452015e+00 3.3420840326e+00 1.9572155042e+00 7.8436610641e+00 1.4920000000e+03 4.6000000000e+00 -4.7542369672e-01
2.6808900691e+00 3.0408276985e+00 3.3369874593e+00 1.9937816196e+00 2.2670564208e+00 1.4930000000e+03 4.6000000000e+00 -4.7542369672e-01
2.6831600831e+00 2.7505734993e+00 3.4049532264e+00 2.0158069095e+00 1.2454049588e+01 1.4940000000e+03 4.6000000000e+00 -4.7542369672e-01
2.6837067505e+00 3.1771499063e+00 3.4326092112e+00 1.9536477596e+00 1.3034249504e+01 1.4950000000e+03 4.6000000000e+00 -4.7542369672e-01
2.6845835034e+00 2.7886104924e+00 3.3901902270e+00 2.0116272504e+00 1.2017262653e+01 1.4960000000e+03 4.6000000000e+00 -4.7542369672e-01
2.6857146841e+00 2.5632327561e+00 3.3668931543e+00 1.9925699741e+00 5.9620259180e+00 1.4970000000e+03 4.6000000000e+00 -4.7542369672e-01
2.6870950333e+00 3.0009002899e+00 3.3989261169e+00 1.9596413571e+00 3.8127523948e+00 1.4980000000e+03 4.6000000000e+00 -4.7542369672e-01
2.6891494911e+00 2.8117367289e+00 3.3626725955e+00 2.0211833568e+00 1.5825826820e+01 1.4990000000e+03 4.6000000000e+00 -4.7542369672e-01
2.6918270159e+00 2.6672337747e+00 3.5001089552e+00 1.9905021662e+00 3.9837134796e+00 1.5000000000e+03 4.6000000000e+00 -4.7542369672e-01
2.6991986785e+00 2.7267389949e+00 3.4822064787e+00 1.9717591790e+00 7.8390414816e+00 1.5010000000e+03 4.6000000000e+00 -4.7542369672e-01
2.6996921007e+00 2.5984169881e+00 3.4584419201e+00 1.9839255356e+00 9.9603242108e+00 1.5020000000e+03 4.6000000000e+00 -4.7542369672e-01
2.7003104314e+00 3.2141553876e+00 3.5120677349e+00 1.9916666790e+00 6.4025818591e+00 1.5030000000e+03 4.6000000000e+00 -4.7542369672e-01
2.7008148758e+00 3.1720812219e+00 3.5693357278e+00 2.0193278351e+00 6.5148293316e+00 1.5040000000e+03 4.6000000000e+00 -4.7542369672e-01
2.7044308650e+00 2.5139063762e+00 3.6703530290e+00 1.9782777125e+00 4.2154291353e+00 1.5050000000e+03 4.6000000000e+00 -4.7542369672e-01
2.7062247699e+00 2.6797910575e+00 3.6217536604e+00 1.9717686942e+00 1.6472840916e+01 1.5060000000e+03 4.6000000000e+00 -4.7542369672e-01
2.7078096586e+00 3.4359081790e+00 3.6361237038e+00 1.9843241889e+00 3.5742489901e+00 1.5070000000e+03 4.6000000000e+00 -4.7542369672e-01
2.7120439178e+00 2.9370241190e+00 3.7304874195e+00 2.0288514773e+00 3.9573527872e+00 1.5080000000e+03 4.6000000000e+00 -4.7542369672e-01
2.7128479325e+00 3.3738757371e+00 3.7424401355e+00 1.9808230606e+00 3.9192643375e+00 1.5090000000e+03 4.6000000000e+00 -4.7542369672e-01
2.7134300571e+00 2.5205840587e+00 3.7327237196e+00 2.0275230440e+00 8.5745505199e+00 1.5100000000e+03 4.6000000000e+00 -4.7542369672e-01
2.7157969586e+00 2.6832054754e+00 3.7048742236e+00 1.9928085281e+00 8.2012540781e+00 1.5110000000e+03 4.6000000000e+00 -4.7542369672e-01
2.7203142024e+00 3.3739251542e+00 3.7478518917e+00 2.0304175415e+00 1.7205319019e+01 1.5120000000e+03 4.6000000000e+00 -4.7542369672e-01
2.7238930054e+00 2.7695035420e+00 3.8254543256e+00 1.9907797819e+00 6.3751198197e+00 1.5130000000e+03 4.6000000000e+00 -4.7542369672e-01
2.7242055479e+00 2.8461320047e+00 3.7913643852e+00 1.9599274841e+00 1.1101819782e+01 1.5140000000e+03 4.6000000000e+00 -4.7542369672e-01
2.7285164911e+00 2.6813060677e+00 3.8110455434e+00 2.0212784884e+00 1.2042010843e+01 1.5150000000e+03 4.6000000000e+00 -4.7542369672e-01
2.7397815032e+00 3.7257988440e+00 3.7782906062e+00 1.9842383144e+00 1.2835444795e+01 1.5160000000e+03 4.6000000000e+00 -4.7542369672e-01
2.7412180412e+00 3.3272747018e+00 3.8463430566e+00 1.9564898916e+00 1.7895384519e+01 1.5170000000e+03 4.6000000000e+00 -4.7542369672e-01
2.7414376644e+00 2.6256302536e+00 3.8489758484e+00 1.9770806407e+00 1.5188193893e+01 1.5180000000e+03 4.6000000000e+00 -4.7542369672e-01
2.7446108502e+00 3.3628255330e+00 3.8353681040e+00 1.9972113860e+00 2.7396405568e+00 1.5190000000e+03 4.6000000000e+00 -4.7542369672e-01
2.7464304270e+00 3.1401304654e+00 3.8990208324e+00 2.0150419455e+00 3.9699496745e+00 1.5200000000e+03 4.6000000000e+00 -4.7542369672e-01
2.7477973257e+00 3.0414213823e+00 3.8736067718e+00 2.0310749235e+00 6.2052601031e+00 1.5210000000e+03 4.6000000000e+00 -4.7542369672e-01
2.7512103065e+00 2.5824117121e+00 3.9987544633e+00 1.9727831943e+00 2.8228179800e+00 1.5220000000e+03 6.0000000000e-01 -2.9444389792e+00
2.7516213330e+00 2.6783688747e+00 4.1190427607e+00 2.0207339234e+00 1.7904627246e+01 1.5230000000e+03 6.0000000000e-01 -2.9444389792e+00
2.7544532272e+00 2.9037880505e+00 4.1578047157e+00 1.9725607977e+00 1.3154886285e+01 1.5240000000e+03 6.0000000000e-01 -2.9444389792e+00
2.7563069622e+00 2.8364539526e+00 4.6600541006e+00 2.0029141090e+00 5.7033059805e+00 1.5250000000e+03 6.0000000000e-01 -2.9444389792e+00
2.7598791516e+00 3.7507165065e+00 1.7596337399e-01 2.0839638203e+00 1.0005173030e+01 1.5260000000e+03 6.0000000000e-01 -2.9444389792e+00
2.7599890543e+00 2.6657093198e+00 2.3931056377e-01 2.1019242388e+00 1.1270371807e+01 1.5270000000e+03 6.0000000000e-01 -2.9444389792e+00
2.7603429362e+00 2.6131788732e+00 2.8198113627e-01 2.1063583116e+00 1.2155014617e+01 1.5280000000e+03 6.0000000000e-01 -2.9444389792e+00
2.7618105896e+00 2.6693278455e+00 3.3973003759e-01 2.0844063382e+00 1.2977465748e+01 1.5290000000e+03 6.0000000000e-01 -2.9444389792e+00
2.7656615316e+00 2.8791883783e+00 3.9737921762e-01 2.0895198675e+00 4.3397886941e+00 1.5300000000e+03 6.0000000000e-01 -2.9444389792e+00
2.7676369247e+00 2.6574524225e+00 4.7223990426e-01 2.0822525903e+00 1.0090308214e+01 1.5310000000e+03 6.0000000000e-01 -2.9444389792e+00
2.7685774208e+00 2.6943538448e+00 6.4174967235e-01 2.0503266024e+00 1.7017974606e+01 1.5320000000e+03 6.0000000000e-01 -2.9444389792e+00
2.7718422545e+00 3.1433737161e+00 7.3523734679e-01 2.0655706267e+00 1.2098446840e+01 1.5330000000e+03 6.0000000000e-01 -2.9444389792e+00
2.7732232151e+00 2.7245199546e+00 9.5573159087e-01 2.0502723107e+00 1.4580256027e+01 1.5340000000e+03 6.0000000000e-01 -2.9444389792e+00
2.7751513531e+00 3.4102394903e+00 1.1251078494e+00 2.0559800642e+00 1.6107558879e+01 1.5350000000e+03 4.6000000000e+00 -4.7542369672e-01
2.7783335985e+00 2.8684920842e+00 1.1581889532e+00 2.0735734957e+00 1.4995189675e+01 1.5360000000e+03 4.6000000000e+00 -4.7542369672e-01
2.7797624476e+00 2.8640306432e+00 1.2071840988e+00 2.0727646880e+00 1.3953788046e+01 1.5370000000e+03 4.6000000000e+00 -4.7542369672e-01
2.7819217656e+00 2.6184656893e+00 1.2159218490e+00 2.0600304192e+00 8.6232984148e+00 1.5380000000e+03 4.6000000000e+00 -4.7542369672e-01
2.7825751641e+00 2.8744835442e+00 1.2424811422e+00 2.0616385969e+00 1.0575220955e+01 1.5390000000e+03 4.6000000000e+00 -4.7542369672e-01
2.7835607263e+00 2.5222203610e+00 1.3138341427e+00 2.0452272153e+00 3.5093398921e+00 1.5400000000e+03 4.6000000000e+00 -4.7542369672e-01
2.7847379806e+00 2.9067490621e+00 1.2921709704e+00 2.0768186381e+00 8.9950844661e+00 1.5410000000e+03 4.6000000000e+00 -4.7542369672e-01
2.7856985056e+00 2.5742476198e+00 1.2925737301e+00 2.0735488447e+00 8.5583589731e+00 1.5420000000e+03 4.6000000000e+00 -4.7542369672e-01
2.7864724902e+00 2.5030072281e+00 1.2928650525e+00 2.0874532431e+00 1.4342710118e+01 1.5430000000e+03 4.6000000000e+00 -4.7542369672e-01
2.7886730202e+00 2.7976602793e+00 1.2598857602e+00 2.0451026575e+00 2.1564027537e+00 1.5440000000e+03 4.6000000000e+00 -4.7542369672e-01
2.7892510068e+00 2.5570565050e+00 1.3138944042e+00 2.0543610284e+00 3.9380501351e+00 1.5450000000e+03 4.6000000000e+00 -4.7542369672e-01
2.7894849319e+00 2.6146608597e+00 1.2745532895e+00 2.0813385322e+00 1.3151805203e+01 1.5460000000e+03 4.6000000000e+00 -4.7542369672e-01
2.7927394456e+00 3.1714347583e+00 1.3752854560e+00 2.0313983037e+00 9.8506027249e+00 1.5470000000e+03 4.6000000000e+00 -4.7542369672e-01
2.7927629801e+00 2.7365164810e+00 1.3603925721e+00 2.0318945607e+00 9.3620875470e+00 1.5480000000e+03 4.6000000000e+00 -4.7542369672e-01
2.7962329440e+00 2.9616175202e+00 1.3476381195e+00 2.1010417056e+00 4.5354397352e+00 1.5490000000e+03 4.6000000000e+00 -4.7542369672e-01
2.7978632454e+00 3.0389339999e+00 1.3638981166e+00 2.1087722459e+00 1.6416501008e+01 1.5500000000e+03 4.6000000000e+00 -4.7542369672e-01
2.7987332091e+00 2.7748004284e+00 1.4227281988e+00 2.1078293077e+00 1.4754071369e+01 1.5510000000e+03 4.6000000000e+00 -4.7542369672e-01
2.7993620473e+00 2.7812136206e+00 1.4807365179e+00 2.0589185954e+00 1.4247951282e+01 1.5520000000e+03 4.6000000000e+00 -4.7542369672e-01
2.8084304980e+00 2.9550427818e+00 1.4773469486e+00 2.0884277825e+00 6.0003395862e+00 1.5530000000e+03 4.6000000000e+00 -4.7542369672e-01
2.8094585732e+00 2.6588470507e+00 1.4096692492e+00 2.0816183636e+00 5.2273934302e+00 1.5540000000e+03 4.6000000000e+00 -4.7542369672e-01
2.8104186914e+00 2.6966665477e+00 1.4235358197e+00 2.1033574083e+00 1.3332577337e+01 1.5550000000e+03 4.6000000000e+00 -4.7542369672e-01
2.8129812825e+00 2.9570861614e+00 1.5492248799e+00 2.0406878642e+00 1.3612443730e+01 1.5560000000e+03 4.6000000000e+00 -4.7542369672e-01
2.8173884969e+00 2.6779667574e+00 1.4844995265e+00 2.0573049728e+00 1.0079373444e+01 1.5570000000e+03 4.6000000000e+00 -4.7542369672e-01
2.8175000317e+00 2.9127613854e+00 1.6255671310e+00 2.0567578954e+00 1.6878668473e+01 1.5580000000e+03 4.6000000000e+00 -4.7542369672e-01
2.8179400483e+00 3.4271937704e+00 1.6043578215e+00 2.0678388883e+00 1.7459658086e+01 1.5590000000e+03 4.6000000000e+00 -4.7542369672e-01
2.8179667623e+00 2.5494445898e+00 1.5855222415e+00 2.0725317161e+00 5.6653016912e+00 1.5600000000e+03 4.6000000000e+00 -4.7542369672e-01
2.8213062363e+00 3.4113097199e+00 1.6064875890e+00 2.0460080303e+00 1.3562261541e+01 1.5610000000e+03 4.6000000000e+00 -4.7542369672e-01
2.8249127085e+00 2.7033644403e+00 1.6167144795e+00 2.0546503746e+00 1.5725065953e+01 1.5620000000e+03 4.6000000000e+00 -4.7542369672e-01
2.8291823261e+00 3.5835269674e+00 1.6185993859e+00 2.0540060475e+00 1.4867219337e+01 1.5630000000e+03 4.6000000000e+00 -4.7542369672e-01
2.8318943634e+00 2.6801660312e+00 1.5848048373e+00 2.0314921454e+00 8.9439100535e+00 1.5640000000e+03 4.6000000000e+00 -4.7542369672e-01
2.8319075252e+00 2.9351490073e+00 1.6483589632e+00 2.0801438056e+00 1.2580429708e+01 1.5650000000e+03 4.6000000000e+00 -4.7542369672e-01
2.8398933923e+00 2.7379096804e+00 1.7186413561e+00 2.0490970173e+00 7.8969253104e+00 1.5660000000e+03 4.6000000000e+00 -4.7542369672e-01
2.8400404798e+00 2.5395209673e+00 1.6645561345e+00 2.0603765076e+00 1.4862795183e+01 1.5670000000e+03 4.6000000000e+00 -4.7542369672e-01
2.8401259962e+00 2.5561034355e+00 1.6438512033e+00 2.0515684298e+00 7.4527112459e+00 1.5680000000e+03 4.6000000000e+00 -4.7542369672e-01
2.8450656148e+00 2.8738700457e+00 1.7109184523e+00 2.0700340191e+00 1.1392316036e+01 1.5690000000e+03 4.6000000000e+00 -4.7542369672e-01
2.8453850611e+00 2.7021172751e+00 1.6415036717e+00 2.0849670441e+00 4.6384489410e+00 1.5700000000e+03 4.6000000000e+00 -4.7542369672e-01
2.8472455973e+00 3.1986225806e+00 1.7357055415e+00 2.0766626511e+00 1.1107939288e+01 1.5710000000e+03 4.6000000000e+00 -4.7542369672e-01
2.8484461095e+00 3.4812345720e+00 1.7710114229e+00 2.0615216224e+00 7.8890090046e+00 1.5720000000e+03 4.6000000000e+00 -4.7542369672e-01
2.8484840856e+00 2.5013598482e+00 1.7516393706e+00 2.0955997883e+00 1.2368353789e+01 1.5730000000e+03 4.6000000000e+00 -4.7542369672e-01
2.8509174819e+00 2.7854473318e+00 1.7583436946e+00 2.0469714377e+00 5.6319650851e+00 1.5740000000e+03 4.6000000000e+00 -4.7542369672e-01
2.8556450581e+00 2.8019497988e+00 1.7867256597e+00 2.0891479589e+00 8.3494449813e+00 1.5750000000e+03 4.6000000000e+00 -4.7542369672e-01
2.8575441206e+00 2.6375773416e+00 1.7827160505e+00 2.0391565205e+00 1.7327163999e+01 1.5760000000e+03 4.6000000000e+00 -4.7542369672e-01
2.8580786175e+00 2.5971185449e+00 1.7334139340e+00 2.0790450440e+00 7.7049016067e+00 1.5770000000e+03 4.6000000000e+00 -4.7542369672e-01
2.8581751027e+00 2.5176706250e+00 1.8559798394e+00 2.0709357196e+00 3.9248919349e+00 1.5780000000e+03 4.6000000000e+00 -4.7542369672e-01
2.8597760350e+00 2.7113280754e+00 1.8033117228e+00 2.0606855355e+00 9.0578788117e+00 1.5790000000e+03 4.6000000000e+00 -4.7542369672e-01
2.8603180172e+00 2.8781960475e+00 1.8662561959e+00 2.0811087083e+00 1.3103554627e+01 1.5800000000e+03 4.6000000000e+00 -4.7542369672e-01
2.8609466921e+00 2.5052882358e+00 1.9507109723e+00 2.0325460431e+00 5.2309362800e+00 1.5810000000e+03 4.6000000000e+00 -4.7542369672e-01
2.8622012433e+00 2.5067648775e+00 1.9142185118e+00 2.0666491996e+00 6.6145079039e+00 1.5820000000e+03 4.6000000000e+00 -4.7542369672e-01
2.8626588181e+00 2.5879339177e+00 1.9000602861e+00 2.1000687254e+00 6.1201403824e+00 1.5830000000e+03 4.6000000000e+00 -4.7542369672e-01
2.8647184174e+00 2.5755937695e+00 1.8822788115e+00 2.0742859246e+00 6.0329540430e+00 1.5840000000e+03 4.6000000000e+00 -4.7542369672e-01
2.8688605559e+00 2.6007862650e+00 1.8952354676e+00 2.0908977541e+00 1.6121750314e+01 1.5850000000e+03 4.6000000000e+00 -4.7542369672e-01
2.8730137579e+00 3.0082034956e+00 1.9250713508e+00 2.0442280370e+00 4.9420741899e+00 1.5860000000e+03 4.6000000000e+00 -4.7542369672e-01
2.8749753334e+00 2.5496716094e+00 1.9261813234e+00 2.0701686923e+00 9.4880701799e+00 1.5870000000e+03 4.6000000000e+00 -4.7542369672e-01
2.8750402114e+00 4.8436752480e+00 1.9613931004e+00 2.0670462945e+00 7.3701659012e+00 1.5880000000e+03 4.6000000000e+00 -4.7542369672e-01
2.8775523702e+00 2.8532526573e+00 2.0118680118e+00 2.0766141942e+00 1.3076295453e+01 1.5890000000e+03 4.6000000000e+00 -4.7542369672e-01
2.8807504100e+00 2.9819014391e+00 2.0496184997e+00 2.0823063956e+00 1.5707026534e+01 1.5900000000e+03 4.6000000000e+00 -4.7542369672e-01
2.8812266857e+00 2.9069747194e+00 2.0837910597e+00 2.0326705047e+00 7.1408329177e+00 1.5910000000e+03 4.6000000000e+00 -4.7542369672e-01
2.8815294954e+00 2.5233629990e+00 2.0616454967e+00 2.1013850996e+00 7.6125316138e+00 1.5920000000e+03 4.6000000000e+00 -4.7542369672e-01
2.8820036837e+00 2.7998736426e+00 2.0909115121e+00 2.0333384696e+00 1.2765722791e+01 1.5930000000e+03 4.6000000000e+00 -4.7542369672e-01
2.8872459395e+00 2.9348999329e+00 2.1785574040e+00 2.0445586056e+00 1.5640782540e+01 1.5940000000e+03 4.6000000000e+00 -4.7542369672e-01
2.8873445884e+00 3.4180915168e+00 2.1595959829e+00 2.0346282869e+00 8.8640162278e+00 1.5950000000e+03 4.6000000000e+00 -4.7542369672e-01
2.8874278983e+00 3.0736071328e+00 2.1512202159e+00 2.0408254338e+00 6.6281581828e+00 1.5960000000e+03 4.6000000000e+00 -4.7542369672e-01
2.8876272869e+00 3.4853768390e+00 2.1116848073e+00 2.0403722274e+00 9.2993811319e+00 1.5970000000e+03 4.6000000000e+00 -4.7542369672e-01
2.8887180004e+00 2.7553291262e+00 2.1877876786e+00 2.0846631187e+00 1.0288703505e+01 1.5980000000e+03 4.6000000000e+00 -4.7542369672e-01
2.8915464385e+00 2.6557193772e+00 2.2092852363e+00 2.0587310939e+00 8.6908721168e+00 1.5990000000e+03 4.6000000000e+00 -4.7542369672e-01
2.8933140723e+00 2.7373692876e+00 2.2521698173e+00 2.0324787244e+00 2.5451419625e+00 1.6000000000e+03 4.6000000000e+00 -4.7542369672e-01
2.8944652468e+00 2.6239059375e+00 2.2432039111e+00 2.1087377218e+00 8.0149225546e+00 1.6010000000e+03 4.6000000000e+00 -4.7542369672e-01
2.8953795792e+00 2.9155335204e+00 2.2331363999e+00 2.0926773479e+00 1.7111309827e+01 1.6020000000e+03 4.6000000000e+00 -4.7542369672e-01
2.8981116485e+00 2.9215325611e+00 2.2879571230e+00 2.0799080955e+00 1.3709430480e+01 1.6030000000e+03 4.6000000000e+00 -4.7542369672e-01
2.8995753794e+00 3.6487110612e+00 2.3366662552e+00 2.0999569801e+00 9.2429369553e+00 1.6040000000e+03 4.6000000000e+00 -4.7542369672e-01
2.9048373635e+00 2.5502839004e+00 2.4015584325e+00 2.0956450797e+00 1.3494767023e+01 1.6050000000e+03 4.6000000000e+00 -4.7542369672e-01
2.9058754679e+00 2.7936752543e+00 2.3967838379e+00 2.0941963104e+00 1.7677250658e+01 1.6060000000e+03 4.6000000000e+00 -4.7542369672e-01
2.9083118884e+00 2.9112802561e+00 2.3871997288e+00 2.0813308195e+00 6.5641299390e+00 1.6070000000e+03 4.6000000000e+00 -4.7542369672e-01
2.9084472731e+00 2.5952828955e+00 2.3867710931e+00 2.0442956311e+00 7.4356229830e+00 1.6080000000e+03 4.6000000000e+00 -4.7542369672e-01
2.9084598510e+00 2.6313620553e+00 2.4315018924e+00 2.0363882008e+00 3.6084154333e+00 1.6090000000e+03 4.6000000000e+00 -4.7542369672e-01
2.9144430054e+00 2.7056317629e+00 2.4747389708e+00 2.0986767078e+00 1.3463165304e+01 1.6100000000e+03 4.6000000000e+00 -4.7542369672e-01
2.9151576586e+00 2.9227906459e+00 2.5496358823e+00 2.0872415042e+00 1.6702422697e+01 1.6110000000e+03 4.6000000000e+00 -4.7542369672e-01
2.9171663454e+00 2.5506698133e+00 2.5352626401e+00 2.0321217915e+00 5.9093860950e+00 1.6120000000e+03 4.6000000000e+00 -4.7542369672e-01
2.9172869734e+00 2.6391051523e+00 2.5356515862e+00 2.0846851077e+00 1.1917555282e+01 1.6130000000e+03 4.6000000000e+00 -4.7542369672e-01
2.9209823024e+00 2.5868525527e+00 2.5629386882e+00 2.0879085109e+00 5.6829234319e+00 1.6140000000e+03 4.6000000000e+00 -4.7542369672e-01
2.9226768626e+00 2.5788792143e+00 2.5089720481e+00 2.1021524670e+00 1.1817006160e+01 1.6150000000e+03 4.6000000000e+00 -4.7542369672e-01
2.9239327533e+00 2.6621739855e+00 2.5500631898e+00 2.0523626058e+00 4.2333048714e+00 1.6160000000e+03 4.6000000000e+00 -4.7542369672e-01
2.9265828574e+00 3.3640216406e+00 2.6070825067e+00 2.0701420858e+00 5.4272479348e+00 1.6170000000e+03 4.6000000000e+00 -4.7542369672e-01
2.9272050145e+00 2.5056520299e+00 2.6391067558e+00 2.0371246856e+00 4.8576086094e+00 1.6180000000e+03 4.6000000000e+00 -4.7542369672e-01
2.9282295404e+00 2.5641046263e+00 2.6407334735e+00 2.0807061190e+00 5.0447044831e+00 1.6190000000e+03 4.6000000000e+00 -4.7542369672e-01
2.9291904939e+00 2.6568630905e+00 2.5964086141e+00 2.0818861857e+00 4.9429243685e+00 1.6200000000e+03 4.6000000000e+00 -4.7542369672e-01
2.9292906113e+00 3.2465439747e+00 2.6368489745e+00 2.0789957574e+00 5.6877701224e+00 1.6210000000e+03 4.6000000000e+00 -4.7542369672e-01
2.9306393056e+00 2.8107549368e+00 2.6399543743e+00 2.0792698893e+00 5.1593104738e+00 1.6220000000e+03 4.6000000000e+00 -4.7542369672e-01
2.9312181124e+00 2.5518911509e+00 2.6296748891e+00 2.0837880381e+00 1.1673631021e+01 1.6230000000e+03 4.6000000000e+00 -4.7542369672e-01
2.9328209148e+00 2.7260578979e+00 2.6649980893e+00 2.0821876471e+00 1.2124424327e+01 1.6240000000e+03 4.6000000000e+00 -4.7542369672e-01
2.9330720979e+00 2.5740703683e+00 2.6857293622e+00 2.0560915869e+00 1.2085035477e+01 1.6250000000e+03 4.6000000000e+00 -4.7542369672e-01
2.9332038057e+00 4.2876450282e+00 2.7336844824e+00 2.0412300241e+00 9.9855063875e+00 1.6260000000e+03 4.6000000000e+00 -4.7542369672e-01
2.9335384869e+00 2.5749469794e+00 2.6692147964e+00 2.0634877752e+00 8.7767526159e+00 1.6270000000e+03 4.6000000000e+00 -4.7542369672e-01
2.9352453642e+00 3.1458814412e+00 2.7428517336e+00 2.0864728097e+00 2.9397411576e+00 1.6280000000e+03 4.6000000000e+00 -4.7542369672e-01
2.9364393026e+00 2.6387321944e+00 2.7634651152e+00 2.0548069504e+00 4.4803958113e+00 1.6290000000e+03 4.6000000000e+00 -4.7542369672e-01
2.9364885737e+00 3.6825746006e+00 2.7633010883e+00 2.0460722639e+00 1.3481539435e+01 1.6300000000e+03 4.6000000000e+00 -4.7542369672e-01
2.9383749412e+00 2.5791243505e+00 2.7658677319e+00 2.0485262835e+00 1.1354549919e+01 1.6310000000e+03 4.6000000000e+00 -4.7542369672e-01
2.9399453128e+00 2.9856485388e+00 2.7653116806e+00 2.1089897116e+00 8.3429105435e+00 1.6320000000e+03 4.6000000000e+00 -4.7542369672e-01
2.9453852786e+00 3.3712935010e+00 2.7809432451e+00 2.0689497830e+00 7.5194508897e+00 1.6330000000e+03 4.6000000000e+00 -4.7542369672e-01
2.9475865046e+00 2.5237838490e+00 2.7402512090e+00 2.1051544366e+00 1.4910760610e+01 1.6340000000e+03 4.6000000000e+00 -4.7542369672e-01
2.9507520393e+00 2.8861966353e+00 2.8832576804e+00 2.0994679584e+00 1.3492474666e+01 1.6350000000e+03 4.6000000000e+00 -4.7542369672e-01
2.9518888033e+00 4.1016350081e+00 2.8708605192e+00 2.1035439036e+00 7.6348815945e+00 1.6360000000e+03 4.6000000000e+00 -4.7542369672e-01
2.9570395816e+00 3.0274535405e+00 2.9658531693e+00 2.0402536887e+00 3.8002618434e+00 1.6370000000e+03 4.6000000000e+00 -4.7542369672e-01
2.9580964443e+00 2.7342333493e+00 2.9137376040e+00 2.0984379817e+00 2.4336536594e+00 1.6380000000e+03 4.6000000000e+00 -4.7542369672e-01
2.9609041840e+00 2.7665026940e+00 2.9005678141e+00 2.0857435358e+00 1.1154488512e+01 1.6390000000e+03 4.6000000000e+00 -4.7542369672e-01
2.9637755155e+00 3.7749111494e+00 2.9049259325e+00 2.0565273642e+00 1.0716907574e+01 1.6400000000e+03 4.6000000000e+00 -4.7542369672e-01
2.9691929363e+00 3.0360299856e+00 2.9599899902e+00 2.0540404305e+00 1.0027309323e+01 1.6410000000e+03 4.6000000000e+00 -4.7542369672e-01
2.9729641102e+00 2.8242938979e+00 2.9368681514e+00 2.0536062183e+00 1.4929651119e+01 1.6420000000e+03 4.6000000000e+00 -4.7542369672e-01
2.9753993724e+00 2.5301953530e+00 3.0462461004e+00 2.0875416399e+00 6.1118823528e+00 1.6430000000e+03 4.6000000000e+00 -4.7542369672e-01
2.9772178794e+00 2.7299104113e+00 3.0142748840e+00 2.0835027011e+00 1.7592294006e+01 1.6440000000e+03 4.6000000000e+00 -4.7542369672e-01
2.9824187245e+00 2.8792093137e+00 2.9755655362e+00 2.0692154137e+00 4.5640087983e+00 1.6450000000e+03 4.6000000000e+00 -4.7542369672e-01
2.9845029948e+00 2.7174146249e+00 3.0676213562e+00 2.0315441336e+00 1.7663474344e+01 1.6460000000e+03 4.6000000000e+00 -4.7542369672e-01
2.9848136606e+00 2.8622490510e+00 3.0997615747e+00 2.0593138997e+00 1.5796043697e+01 1.6470000000e+03 4.6000000000e+00 -4.7542369672e-01
2.9853059061e+00 4.4907277210e+00 3.0838486014e+00 2.1049101849e+00 2.0927213783e+00 1.6480000000e+03 4.6000000000e+00 -4.7542369672e-01
2.9860384069e+00 2.5675336597e+00 3.1141944902e+00 2.0566769431e+00 1.7407333422e+01 1.6490000000e+03 4.6000000000e+00 -4.7542369672e-01
2.9862667954e+00 2.6092440521e+00 3.0852070048e+00 2.0789260227e+00 5.2015521080e+00 1.6500000000e+03 4.6000000000e+00 -4.7542369672e-01
2.9872473492e+00 3.5452607985e+00 3.1004354634e+00 2.0972128588e+00 1.3942076906e+01 1.6510000000e+03 4.6000000000e+00 -4.7542369672e-01
2.9876031863e+00 2.5477887426e+00 3.1547421128e+00 2.0357589362e+00 1.5568321612e+01 1.6520000000e+03 4.6000000000e+00 -4.7542369672e-01
2.9888914593e+00 3.1133310389e+00 3.1734247749e+00 2.1091478930e+00 8.3913033619e+00 1.6530000000e+03 4.6000000000e+00 -4.7542369672e-01
2.9904716104e+00 2.8168516106e+00 3.1318437699e+00 2.0484472722e+00 7.5807007961e+00 1.6540000000e+03 4.6000000000e+00 -4.7542369672e-01
2.9911591433e+00 2.7024339794e+00 3.2035939214e+00 2.0425574894e+00 1.4190446231e+01 1.6550000000e+03 4.6000000000e+00 -4.7542369672e-01
2.9927354504e+00 3.1132528232e+00 3.2386811324e+00 2.0717578367e+00 1.1123417335e+01 1.6560000000e+03 4.6000000000e+00 -4.7542369672e-01
2.9990931016e+00 2.5403137719e+00 3.2134609640e+00 2.0355604435e+00 1.3069779776e+01 1.6570000000e+03 4.6000000000e+00 -4.7542369672e-01
2.9999285047e+00 2.9678534874e+00 3.2702665465e+00 2.0794092827e+00 1.4441753388e+01 1.6580000000e+03 4.6000000000e+00 -4.7542369672e-01
3.0017917819e+00 2.7305063945e+00 3.2644770039e+00 2.0750418713e+00 9.5014873476e+00 1.6590000000e+03 4.6000000000e+00 -4.7542369672e-01
3.0024026741e+00 3.3110167701e+00 3.2379029374e+00 2.0845924302e+00 5.0266306018e+00 1.6600000000e+03 4.6000000000e+00 -4.7542369672e-01
3.0032943550e+00 2.7590592433e+00 3.3158448629e+00 2.1045677112e+00 6.0537216855e+00 1.6610000000e+03 4.6000000000e+00 -4.7542369672e-01
3.0042610023e+00 3.5394021029e+00 3.2825813616e+00 2.0452127690e+00 3.5475688411e+00 1.6620000000e+03 4.6000000000e+00 -4.7542369672e-01
3.0043773893e+00 2.5959156242e+00 3.3156948071e+00 2.0535575877e+00 1.0379988930e+01 1.6630000000e+03 4.6000000000e+00 -4.7542369672e-01
3.0057937472e+00 2.5458318471e+00 3.3384530225e+00 2.0707952790e+00 1.0035450693e+01 1.6640000000e+03 4.6000000000e+00 -4.7542369672e-01
3.0082747093e+00 4.2031953837e+00 3.3151312090e+00 2.0639710581e+00 1.7985588851e+01 1.6650000000e+03 4.6000000000e+00 -4.7542369672e-01
3.0098763896e+00 2.8365701479e+00 3.3114761446e+00 2.0667516044e+00 5.7409034277e+00 1.6660000000e+03 4.6000000000e+00 -4.7542369672e-01
3.0121845451e+00 3.4823859950e+00 3.3771773454e+00 2.0775467537e+00 1.4574500728e+01 1.6670000000e+03 4.6000000000e+00 -4.7542369672e-01
3.0156811071e+00 2.7992480287e+00 3.3675706235e+00 2.0625720705e+00 1.2041451195e+01 1.6680000000e+03 4.6000000000e+00 -4.7542369672e-01
3.0180532993e+00 3.0103569748e+00 3.4600144479e+00 2.0330597407e+00 1.0963743777e+01 1.6690000000e+03 4.6000000000e+00 -4.7542369672e-01
3.0188636190e+00 3.1524236864e+00 3.5109173145e+00 2.0543443254e+00 7.4760007797e+00 1.6700000000e+03 4.6000000000e+00 -4.7542369672e-01
3.0216629873e+00 2.8893839430e+00 3.5299502451e+00 2.0568691414e+00 6.0105049509e+00 1.6710000000e+03 4.6000000000e+00 -4.7542369672e-01
3.0252242870e+00 2.5882740588e+00 3.5633087956e+00 2.0657524339e+00 1.5116972472e+01 1.6720000000e+03 4.6000000000e+00 -4.7542369672e-01
3.0271723640e+00 2.6758221360e+00 3.5156329535e+00 2.1038870329e+00 1.3179337791e+01 1.6730000000e+03 4.6000000000e+00 -4.7542369672e-01
3.0275605790e+00 3.0324287761e+00 3.5528272859e+00 2.0745887442e+00 1.7651708196e+01 1.6740000000e+03 4.6000000000e+00 -4.7542369672e-01
3.0313132300e+00 2.5076851691e+00 3.5342417412e+00 2.0678432955e+00 1.1543531334e+01 1.6750000000e+03 4.6000000000e+00 -4.7542369672e-01
3.0313980263e+00 3.1587429722e+00 3.6688448832e+00 2.0538296175e+00 7.1612664121e+00 1.6760000000e+03 4.6000000000e+00 -4.7542369672e-01
3.0348528053e+00 3.0778241764e+00 3.6458430600e+00 2.0954399963e+00 1.2249622657e+01 1.6770000000e+03 4.6000000000e+00 -4.7542369672e-01
3.0365275598e+00 3.2436828712e+00 3.6323439727e+00 2.0857853521e+00 1.0603515837e+01 1.6780000000e+03 4.6000000000e+00 -4.7542369672e-01
3.0369043165e+00 2.5385412365e+00 3.5939450348e+00 2.0332058310e+00 1.4710780246e+01 1.6790000000e+03 4.6000000000e+00 -4.7542369672e-01
3.0372406267e+00 2.9219570028e+00 3.7214324576e+00 2.0605676003e+00 1.6208434827e+01 1.6800000000e+03 4.6000000000e+00 -4.7542369672e-01
3.0381064632e+00 2.6880829616e+00 3.7109412433e+00 2.0743403582e+00 1.0663445875e+01 1.6810000000e+03 4.6000000000e+00 -4.7542369672e-01
3.0407882405e+00 2.5035828846e+00 3.6910324606e+00 2.1077968284e+00 7.6582212248e+00 1.6820000000e+03 4.6000000000e+00 -4.7542369672e-01
3.0416053967e+00 2.6548780578e+00 3.6911590585e+00 2.0931126341e+00 1.2511323894e+01 1.6830000000e+03 4.6000000000e+00 -4.7542369672e-01
3.0418929078e+00 2.6683207773e+00 3.6758086719e+00 2.0418834726e+00 1.7281190463e+01 1.6840000000e+03 4.6000000000e+00 -4.7542369672e-01
3.0420625181e+00 2.9240923486e+00 3.7191050239e+00 2.0657855595e+00 8.7168781689e+00 1.6850000000e+03 4.6000000000e+00 -4.7542369672e-01
3.0489670018e+00 3.0708289450e+00 3.7694152622e+00 2.0516467949e+00 1.0154769032e+01 1.6860000000e+03 4.6000000000e+00 -4.7542369672e-01
3.0501380408e+00 2.8729885009e+00 3.7648634879e+00 2.1005088273e+00 7.9788504818e+00 1.6870000000e+03 4.6000000000e+00 -4.7542369672e-01
3.0502835399e+00 2.5287911102e+00 3.7872007558e+00 2.0508681338e+00 1.5051777578e+01 1.6880000000e+03 4.6000000000e+00 -4.7542369672e-01
3.0543767045e+00 2.7019145679e+00 3.7970726415e+00 2.0548448420e+00 5.1794158135e+00 1.6890000000e+03 4.6000000000e+00 -4.7542369672e-01
3.0563614398e+00 2.5778514727e+00 3.7903099671e+00 2.0954712931e+00 1.6844097850e+01 1.6900000000e+03 4.6000000000e+00 -4.7542369672e-01
3.0568928032e+00 2.8903737940e+00 3.8982551769e+00 2.0459197210e+00 8.2444580907e+00 1.6910000000e+03 4.6000000000e+00 -4.7542369672e-01
3.0572234401e+00 3.5701972305e+00 3.8899721887e+00 2.0929323009e+00 2.9444063405e+00 1.6920000000e+03 4.6000000000e+00 -4.7542369672e-01
3.0577650408e+00 2.5021497115e+00 3.8791861826e+00 2.1040696583e+00 4.8057033848e+00 1.6930000000e+03 4.6000000000e+00 -4.7542369672e-01
3.0582401657e+00 2.8879311222e+00 3.8613114388e+00 2.1009751891e+00 1.0722871757e+01 1.6940000000e+03 4.6000000000e+00 -4.7542369672e-01
3.0591538303e+00 2.5293015803e+00 4.0216675388e+00 2.0333105945e+00 9.9442247404e+00 1.6950000000e+03 6.0000000000e-01 -2.9444389792e+00
3.0611897017e+00 2.6555756702e+00 4.4589774379e+00 2.0939227387e+00 2.7866920357e+00 1.6960000000e+03 6.0000000000e-01 -2.9444389792e+00
3.0663611947e+00 2.6887858929e+00 4.6928237493e+00 2.0977305024e+00 1.7141367567e+01 1.6970000000e+03 6.0000000000e-01 -2.9444389792e+00
3.0666751167e+00 2.7755155818e+00 4.8250405167e+00 2.0434742693e+00 1.4598713031e+01 1.6980000000e+03 6.0000000000e-01 -2.9444389792e+00
3.0703438264e+00 2.5832876433e+00 4.8501589293e+00 2.0552360447e+00 1.6194793724e+01 1.6990000000e+03 6.0000000000e-01 -2.9444389792e+00
3.0761409683e+00 2.9910124376e+00 2.0026917629e-01 2.1740125342e+00 1.4660450527e+01 1.7000000000e+03 6.0000000000e-01 -2.9444389792e+00
3.0827313451e+00 2.5195670708e+00 3.0742759985e-01 2.1525483065e+00 1.5089017504e+01 1.7010000000e+03 6.0000000000e-01 -2.9444389792e+00
3.0855865936e+00 2.6698179718e+00 4.9087620774e-01 2.1495999039e+00 1.1829134743e+01 1.7020000000e+03 6.0000000000e-01 -2.9444389792e+00
3.0882772533e+00 3.3377622898e+00 5.1790870082e-01 2.1634938718e+00 4.7642301772e+00 1.7030000000e+03 6.0000000000e-01 -2.9444389792e+00
3.0911357869e+00 3.4869622177e+00 5.8384076370e-01 2.1704662860e+00 2.6996601951e+00 1.7040000000e+03 6.0000000000e-01 -2.9444389792e+00
3.0964666733e+00 4.0093456553e+00 6.3391202359e-01 2.1245695726e+00 8.5942864992e+00 1.7050000000e+03 6.0000000000e-01 -2.9444389792e+00
3.0968198091e+00 2.5448006955e+00 7.2063786628e-01 2.1839403293e+00 3.5946760251e+00 1.7060000000e+03 6.0000000000e-01 -2.9444389792e+00
3.0969531405e+00 2.8759608026e+00 8.6881395556e-01 2.1419979725e+00 4.1037758212e+00 1.7070000000e+03 6.0000000000e-01 -2.9444389792e+00
3.0974160879e+00 3.2203345481e+00 9.9629454041e-01 2.1549194138e+00 2.1072560879e+00 1.7080000000e+03 6.0000000000e-01 -2.9444389792e+00
3.1000522342e+00 2.5005001035e+00 9.7152998555e-01 2.1724143706e+00 7.4698269050e+00 1.7090000000e+03 6.0000000000e-01 -2.9444389792e+00
3.1004895706e+00 2.5292178374e+00 1.0022780554e+00 2.1639600006e+00 1.4902884321e+01 1.7100000000e+03 6.0000000000e-01 -2.9444389792e+00
3.1006284249e+00 3.3723267507e+00 1.2509261011e+00 2.1302429867e+00 7.1920483023e+00 1.7110000000e+03 6.0000000000e-01 -2.9444389792e+00
3.1047171650e+00 2.7778855479e+00 1.3426140345e+00 2.1268418460e+00 5.1012115137e+00 1.7120000000e+03 6.0000000000e-01 -2.9444389792e+00
3.1057003408e+00 4.5864919300e+00 1.7081827674e+00 2.1310003112e+00 6.0229552885e+00 1.7130000000e+03 6.0000000000e-01 -2.9444389792e+00
3.1108735054e+00 2.9090164131e+00 1.7959029112e+00 2.1366264667e+00 2.2151815701e+00 1.7140000000e+03 6.0000000000e-01 -2.9444389792e+00
3.1136100056e+00 2.7677690610e+00 2.2721271107e+00 2.1123803148e+00 1.4927366890e+01 1.7150000000e+03 6.0000000000e-01 -2.9444389792e+00
3.1179100651e+00 4.4064753313e+00 2.3595132691e+00 2.1263948280e+00 7.3692350866e+00 1.7160000000e+03 6.0000000000e-01 -2.9444389792e+00
3.1188151211e+00 2.9214586327e+00 2.4891434584e+00 2.1805252289e+00 1.4347643157e+01 1.7170000000e+03 6.0000000000e-01 -2.9444389792e+00
3.1196276953e+00 2.7202555169e+00 2.5440517202e+00 2.1404236195e+00 3.6484788171e+00 1.7180000000e+03 6.0000000000e-01 -2.9444389792e+00
3.1226860093e+00 2.5473813268e+00 2.6933635634e+00 2.1597928188e+00 6.5840120195e+00 1.7190000000e+03 6.0000000000e-01 -2.9444389792e+00
3.1264138777e+00 2.6088244499e+00 3.1607303313e+00 2.1570204113e+00 8.7448939497e+00 1.7200000000e+03 6.0000000000e-01 -2.9444389792e+00
3.1265957395e+00 2.6041597932e+00 3.2596366452e+00 2.1618568233e+00 1.4075425654e+01 1.7210000000e+03 6.0000000000e-01 -2.9444389792e+00
3.1282461534e+00 2.5003002297e+00 3.2223483870e+00 2.1199289893e+00 1.0948833892e+01 1.7220000000e+03 6.0000000000e-01 -2.9444389792e+00
3.1284151622e+00 3.4194683375e+00 3.4236215308e+00 2.1126894065e+00 1.3193921635e+01 1.7230000000e+03 6.0000000000e-01 -2.9444389792e+00
3.1289730999e+00 2.5536465188e+00 3.4825988490e+00 2.1850003019e+00 1.5254392068e+01 1.7240000000e+03 6.0000000000e-01 -2.9444389792e+00
3.1295167171e+00 2.6683335434e+00 3.9640579215e+00 2.1691198101e+00 1.2722848945e+01 1.7250000000e+03 6.0000000000e-01 -2.9444389792e+00
3.1324930074e+00 2.9027164242e+00 4.0275505757e+00 2.1613779180e+00 1.3974546294e+01 1.7260000000e+03 6.0000000000e-01 -2.9444389792e+00
3.1326005642e+00 2.8325307234e+00 4.0116799638e+00 2.1640549352e+00 9.9066692356e+00 1.7270000000e+03 6.0000000000e-01 -2.9444389792e+00
3.1339974188e+00 2.5792395628e+00 4.2791729354e+00 2.1586187107e+00 5.0368970053e+00 1.7280000000e+03 6.0000000000e-01 -2.9444389792e+00
3.1347372910e+00 3.1271803746e+00 4.7035548927e+00 2.1740753872e+00 1.6189869956e+01 1.7290000000e+03 6.0000000000e-01 -2.9444389792e+00
3.1364974488e+00 2.5324539361e+00 2.5289450763e-01 2.1883783662e+00 3.5378648608e+00 1.7300000000e+03 6.0000000000e-01 -2.9444389792e+00
3.1390128662e+00 2.5695988949e+00 3.1653310985e-01 2.2185320636e+00 5.7740870985e+00 1.7310000000e+03 6.0000000000e-01 -2.9444389792e+00
3.1408212163e+00 3.1081694807e+00 6.8171658771e-01 2.1927383954e+00 1.4934357985e+01 1.7320000000e+03 6.0000000000e-01 -2.9444389792e+00
3.1413413035e+00 2.6878848680e+00 7.2515121386e-01 2.2468192844e+00 3.1722765470e+00 1.7330000000e+03 6.0000000000e-01 -2.9444389792e+00
3.1431047321e+00 3.8956654034e+00 7.3658633517e-01 2.1941444682e+00 1.2761654444e+01 1.7340000000e+03 6.0000000000e-01 -2.9444389792e+00
3.1460204455e+00 2.8533506690e+00 1.1886212129e+00 2.1949942536e+00 8.4445015450e+00 1.7350000000e+03 6.0000000000e-01 -2.9444389792e+00
3.1505964842e+00 3.7810623953e+00 1.3968672360e+00 2.2646567270e+00 8.7466581132e+00 1.7360000000e+03 6.0000000000e-01 -2.9444389792e+00
3.1512175592e+00 3.5621029155e+00 1.4197911305e+00 2.2041178019e+00 9.1054412611e+00 1.7370000000e+03 6.0000000000e-01 -2.9444389792e+00
3.1540028434e+00 2.7364502330e+00 1.6096453756e+00 2.2539669062e+00 9.9656108839e+00 1.7380000000e+03 6.0000000000e-01 -2.9444389792e+00
3.1569608744e+00 2.5479455022e+00 1.7063611131e+00 2.2296140153e+00 1.6484323197e+01 1.7390000000e+03 6.0000000000e-01 -2.9444389792e+00
3.1577844879e+00 2.9955043357e+00 2.0074936572e+00 2.2513516833e+00 7.5853975522e+00 1.7400000000e+03 6.0000000000e-01 -2.9444389792e+00
3.1583645402e+00 3.0573536856e+00 2.0882823565e+00 2.2119360980e+00 4.9124089301e+00 1.7410000000e+03 6.0000000000e-01 -2.9444389792e+00
3.1584808967e+00 2.9496490636e+00 2.1252697928e+00 2.2160862214e+00 5.7396507168e+00 1.7420000000e+03 6.0000000000e-01 -2.9444389792e+00
3.1616164923e+00 2.5844679851e+00 2.2989590858e+00 2.2321539271e+00 9.6482514527e+00 1.7430000000e+03 6.0000000000e-01 -2.9444389792e+00
3.1640091935e+00 3.0458457797e+00 2.2950693776e+00 2.2563040795e+00 7.3372975468e+00 1.7440000000e+03 6.0000000000e-01 -2.9444389792e+00
3.1640273237e+00 2.6292742253e+00 2.4196221974e+00 2.2006949593e+00 1.7812560711e+01 1.7450000000e+03 6.0000000000e-01 -2.9444389792e+00
3.1652317754e+00 2.9542465051e+00 2.4753640067e+00 2.2128835712e+00 9.7848491841e+00 1.7460000000e+03 6.0000000000e-01 -2.9444389792e+00
3.1659116253e+00 4.3102439880e+00 2.5752125958e+00 2.1901081657e+00 1.6168822017e+01 1.7470000000e+03 6.0000000000e-01 -2.9444389792e+00
3.1659487750e+00 2.7249307829e+00 2.9242037387e+00 2.2460987418e+00 8.3822210044e+00 1.7480000000e+03 6.0000000000e-01 -2.9444389792e+00
3.1674244994e+00 2.6551138051e+00 2.9156316557e+00 2.2470575323e+00 3.9215131461e+00 1.7490000000e+03 6.0000000000e-01 -2.9444389792e+00
3.1684528395e+00 2.5192346128e+00 3.0070538981e+00 2.1961694624e+00 2.0453555178e+00 1.7500000000e+03 6.0000000000e-01 -2.9444389792e+00
3.1690983010e+00 3.2460883916e+00 3.2353924373e+00 2.2173940327e+00 5.4570205134e+00 1.7510000000e+03 6.0000000000e-01 -2.9444389792e+00
3.1711135788e+00 2.9993383014e+00 3.3797598751e+00 2.2568358322e+00 1.5663232727e+01 1.7520000000e+03 6.0000000000e-01 -2.9444389792e+00
3.1712052718e+00 2.5358912284e+00 3.5143017141e+00 2.2025121437e+00 1.7841275211e+01 1.7530000000e+03 6.0000000000e-01 -2.9444389792e+00
3.1715593704e+00 2.5495650695e+00 3.5253344987e+00 2.2003384809e+00 1.0657366284e+01 1.7540000000e+03 6.0000000000e-01 -2.9444389792e+00
3.1744348120e+00 3.2150295754e+00 3.6603377534e+00 2.2148599220e+00 2.2270458598e+00 1.7550000000e+03 6.0000000000e-01 -2.9444389792e+00
3.1762260761e+00 2.5873095426e+00 3.8089583248e+00 2.2640725909e+00 5.4025514430e+00 1.7560000000e+03 6.0000000000e-01 -2.9444389792e+00
3.1783139589e+00 2.6007845741e+00 3.8768076257e+00 2.2442858533e+00 7.3152930179e+00 1.7570000000e+03 6.0000000000e-01 -2.9444389792e+00
3.1787870490e+00 2.6035232007e+00 3.8949928059e+00 2.1918384312e+00 1.3561396048e+01 1.7580000000e+03 6.0000000000e-01 -2.9444389792e+00
3.1832722495e+00 3.4811534499e+00 3.8704337057e+00 2.2257000572e+00 1.4892695741e+01 1.7590000000e+03 6.0000000000e-01 -2.9444389792e+00
3.1841247805e+00 2.6998766660e+00 4.1509256178e+00 2.1916621961e+00 3.8010087180e+00 1.7600000000e+03 6.0000000000e-01 -2.9444389792e+00
3.1841866587e+00 3.0308716046e+00 4.5444194712e+00 2.2270979149e+00 2.8443727713e+00 1.7610000000e+03 6.0000000000e-01 -2.9444389792e+00
3.1891039327e+00 2.6118677242e+00 4.5493866831e+00 2.2436229007e+00 9.9834442625e+00 1.7620000000e+03 6.0000000000e-01 -2.9444389792e+00
3.1913726456e+00 2.5221472251e+00 4.6403234988e+00 2.2623452249e+00 1.4318497952e+01 1.7630000000e+03 6.0000000000e-01 -2.9444389792e+00
3.1916088806e+00 2.8938119839e+00 4.6232251446e+00 2.1976979753e+00 5.4057126225e+00 1.7640000000e+03 6.0000000000e-01 -2.9444389792e+00
3.1936571577e+00 2.5545132385e+00 4.7159528105e+00 2.2084381127e+00 1.2868143778e+01 1.7650000000e+03 6.0000000000e-01 -2.9444389792e+00
3.1942048283e+00 3.0707799698e+00 4.7571753063e+00 2.2586857511e+00 1.1303144420e+01 1.7660000000e+03 6.0000000000e-01 -2.9444389792e+00
3.1947780200e+00 2.7861519241e+00 4.8401501354e+00 2.2199819428e+00 9.5147391899e+00 1.7670000000e+03 6.0000000000e-01 -2.9444389792e+00
3.1950894378e+00 3.0488951187e+00 4.9755959484e+00 2.2254002695e+00 1.3582795516e+01 1.7680000000e+03 6.0000000000e-01 -2.9444389792e+00
3.1953022803e+00 3.2793706787e+00 3.2246492450e-02 2.3021896314e+00 3.3289247276e+00 1.7690000000e+03 6.0000000000e-01 -2.9444389792e+00
3.1971400210e+00 4.3283601814e+00 1.6394207952e-01 2.3350770551e+00 4.0506513466e+00 1.7700000000e+03 6.0000000000e-01 -2.9444389792e+00
3.1975898726e+00 3.5551075711e+00 2.8684259929e-01 2.2884342562e+00 1.5995587274e+01 1.7710000000e+03 6.0000000000e-01 -2.9444389792e+00
3.1979750216e+00 2.7107258985e+00 2.4758439519e-01 2.3194547999e+00 5.4390190108e+00 1.7720000000e+03 6.0000000000e-01 -2.9444389792e+00
3.1984611517e+00 2.5852193275e+00 1.2021825655e+00 2.3434599826e+00 7.1215350838e+00 1.7730000000e+03 6.0000000000e-01 -2.9444389792e+00
3.2010605014e+00 2.6094737379e+00 1.1886665525e+00 2.3083284353e+00 1.6986208185e+01 1.7740000000e+03 6.0000000000e-01 -2.9444389792e+00
3.2028438760e+00 2.8397255771e+00 1.3559333189e+00 2.2681469158e+00 1.6756545243e+01 1.7750000000e+03 6.0000000000e-01 -2.9444389792e+00
3.2037737091e+00 2.6338434159e+00 1.3919756554e+00 2.3317154614e+00 1.2102042730e+01 1.7760000000e+03 6.0000000000e-01 -2.9444389792e+00
3.2047569434e+00 2.5532244844e+00 1.3885526214e+00 2.2828551407e+00 1.2546933123e+01 1.7770000000e+03 6.0000000000e-01 -2.9444389792e+00
3.2047827206e+00 2.5839566594e+00 1.8039907229e+00 2.2706136379e+00 1.0175978653e+01 1.7780000000e+03 6.0000000000e-01 -2.9444389792e+00
3.2062694382e+00 2.6811394829e+00 1.8829070018e+00 2.2802061055e+00 6.9191415868e+00 1.7790000000e+03 6.0000000000e-01 -2.9444389792e+00
3.2064491487e+00 2.5434805312e+00 1.9539694782e+00 2.2693906869e+00 1.3552611587e+01 1.7800000000e+03 6.0000000000e-01 -2.9444389792e+00
3.2103870988e+00 3.2102732552e+00 2.1104630585e+00 2.3328592376e+00 5.0891494202e+00 1.7810000000e+03 6.0000000000e-01 -2.9444389792e+00
3.2112074190e+00 2.5756118238e+00 2.4588790134e+00 2.3065190422e+00 5.3890200109e+00 1.7820000000e+03 6.0000000000e-01 -2.9444389792e+00
3.2115207780e+00 2.6607735140e+00 2.6109178313e+00 2.2696784210e+00 1.4393772511e+01 1.7830000000e+03 6.0000000000e-01 -2.9444389792e+00
3.2122756580e+00 2.8069017436e+00 2.6804704344e+00 2.3360247385e+00 1.7466639334e+01 1.7840000000e+03 6.0000000000e-01 -2.9444389792e+00
3.2147592588e+00 3.3613028151e+00 2.9291694160e+00 2.2863049729e+00 6.5462137355e+00 1.7850000000e+03 6.0000000000e-01 -2.9444389792e+00
3.2162036795e+00 2.5288782042e+00 3.1114848028e+00 2.3178752946e+00 1.2331527622e+01 1.7860000000e+03 6.0000000000e-01 -2.9444389792e+00
3.2185112530e+00 3.2737969216e+00 3.2112737134e+00 2.2666397221e+00 1.7314679927e+01 1.7870000000e+03 6.0000000000e-01 -2.9444389792e+00
3.2195474593e+00 3.1377771764e+00 3.4910322075e+00 2.3030727156e+00 1.2607255209e+01 1.7880000000e+03 6.0000000000e-01 -2.9444389792e+00
3.2197225551e+00 3.5401767308e+00 3.4666282083e+00 2.3336966377e+00 1.4475724067e+01 1.7890000000e+03 6.0000000000e-01 -2.9444389792e+00
3.2198888084e+00 2.8927415828e+00 3.5328691230e+00 2.2768434315e+00 7.4844172513e+00 1.7900000000e+03 6.0000000000e-01 -2.9444389792e+00
3.2222828781e+00 3.8371155161e+00 3.7604683244e+00 2.2996525300e+00 3.7451954380e+00 1.7910000000e+03 6.0000000000e-01 -2.9444389792e+00
3.2236176523e+00 2.5558464355e+00 3.8822885064e+00 2.3294768464e+00 1.5145664815e+01 1.7920000000e+03 6.0000000000e-01 -2.9444389792e+00
3.2274546191e+00 2.7409813157e+00 3.9172602551e+00 2.3356718684e+00 5.4536474594e+00 1.7930000000e+03 6.0000000000e-01 -2.9444389792e+00
3.2275454215e+00 2.5629469205e+00 3.9875061001e+00 2.3042604067e+00 1.6304747002e+01 1.7940000000e+03 6.0000000000e-01 -2.9444389792e+00
3.2283946420e+00 2.8988819737e+00 4.1766011809e+00 2.3290857404e+00 6.9756830245e+00 1.7950000000e+03 6.0000000000e-01 -2.9444389792e+00
3.2326887730e+00 2.7169711680e+00 4.2104332004e+00 2.2763495169e+00 1.6441851047e+01 1.7960000000e+03 6.0000000000e-01 -2.9444389792e+00
3.2327897683e+00 2.5526818487e+00 4.1481866811e+00 2.2836726526e+00 7.4451320295e+00 1.7970000000e+03 6.0000000000e-01 -2.9444389792e+00
3.2344655304e+00 2.5701698166e+00 4.2229267646e+00 2.2786241017e+00 5.6188229850e+00 1.7980000000e+03 6.0000000000e-01 -2.9444389792e+00
3.2356541863e+00 3.4154390760e+00 4.3618032986e+00 2.2933415472e+00 1.1858665157e+01 1.7990000000e+03 6.0000000000e-01 -2.9444389792e+00
3.2357705131e+00 3.5306994876e+00 4.3241166225e+00 2.2818666441e+00 3.5776100588e+00 1.8000000000e+03 6.0000000000e-01 -2.9444389792e+00
3.2420791799e+00 3.9189233018e+00 4.4987572285e+00 2.2940066719e+00 1.2067525556e+01 1.8010000000e+03 6.0000000000e-01 -2.9444389792e+00
3.2430617909e+00 2.6445011927e+00 4.5824917644e+00 2.2859433591e+00 1.4784550511e+01 1.8020000000e+03 6.0000000000e-01 -2.9444389792e+00
3.2435176606e+00 2.8560013019e+00 4.7535824011e+00 2.2768784074e+00 6.1017580066e+00 1.8030000000e+03 6.0000000000e-01 -2.9444389792e+00
3.2455684180e+00 2.5574502900e+00 6.1960386439e-02 2.3467382946e+00 1.7095160129e+01 1.8040000000e+03 6.0000000000e-01 -2.9444389792e+00
3.2458108396e+00 3.9677348690e+00 1.5816385138e-01 2.3959530785e+00 8.0993731757e+00 1.8050000000e+03 6.0000000000e-01 -2.9444389792e+00
3.2458591605e+00 2.7604848479e+00 5.0457665650e-01 2.3738002081e+00 1.5865663902e+01 1.8060000000e+03 6.0000000000e-01 -2.9444389792e+00
3.2496654696e+00 2.9117729265e+00 6.5999636542e-01 2.3863523334e+00 1.5176882557e+01 1.8070000000e+03 6.0000000000e-01 -2.9444389792e+00
3.2503854109e+00 2.6284443960e+00 6.7448359243e-01 2.3790560992e+00 1.6748752498e+01 1.8080000000e+03 6.0000000000e-01 -2.9444389792e+00
3.2513309553e+00 3.0677542575e+00 7.0090100604e-01 2.3954379319e+00 1.7972896690e+01 1.8090000000e+03 6.0000000000e-01 -2.9444389792e+00
3.2520230817e+00 4.9105697695e+00 1.1638062145e+00 2.4081435305e+00 1.6294499535e+01 1.8100000000e+03 8.6000000000e+00 9.2798677164e-01
3.2520540618e+00 3.3425491528e+00 1.1246245236e+00 2.3659982371e+00 3.0086681924e+00 1.8110000000e+03 8.6000000000e+00 9.2798677164e-01
3.2545697088e+00 2.5378693685e+00 1.1231090422e+00 2.3593383302e+00 3.4254656569e+00 1.8120000000e+03 8.6000000000e+00 9.2798677164e-01
3.2550115600e+00 2.5480846942e+00 1.1655448438e+00 2.4049730695e+00 1.3816365200e+01 1.8130000000e+03 8.6000000000e+00 9.2798677164e-01
3.2563494210e+00 2.5754646244e+00 1.1477479277e+00 2.3704729120e+00 9.3857476684e+00 1.8140000000e+03 8.6000000000e+00 9.2798677164e-01
3.2566160541e+00 2.9552778892e+00 1.1067462606e+00 2.4148414889e+00 7.3653492913e+00 1.8150000000e+03 8.6000000000e+00 9.2798677164e-01
3.2575745358e+00 2.7140348119e+00 1.1646297791e+00 2.3851488072e+00 1.7707086253e+01 1.8160000000e+03 8.6000000000e+00 9.2798677164e-01
3.2577168098e+00 3.0185222313e+00 1.2086428969e+00 2.3455998033e+00 4.8753731847e+00 1.8170000000e+03 8.6000000000e+00 9.2798677164e-01
3.2599800677e+00 3.3893592271e+00 1.2241380793e+00 2.3549854344e+00 8.0263032273e+00 1.8180000000e+03 8.6000000000e+00 9.2798677164e-01
3.2609451066e+00 2.7914320188e+00 1.1781086533e+00 2.3829036500e+00 1.6695704700e+01 1.8190000000e+03 8.6000000000e+00 9.2798677164e-01
3.2634420186e+00 2.5037704422e+00 1.2343685455e+00 2.4080584233e+00 1.2592511305e+01 1.8200000000e+03 8.6000000000e+00 9.2798677164e-01
3.2651323823e+00 2.5235058693e+00 1.2233207439e+00 2.3787805037e+00 6.2507203102e+00 1.8210000000e+03 8.6000000000e+00 9.2798677164e-01
3.2662830516e+00 2.6428510396e+00 1.2415074742e+00 2.3731037513e+00 8.7819182616e+00 1.8220000000e+03 8.6000000000e+00 9.2798677164e-01
3.2674770586e+00 3.6080474474e+00 1.2039771572e+00 2.3455614126e+00 4.4355314385e+00 1.8230000000e+03 8.6000000000e+00 9.2798677164e-01
3.2708961563e+00 3.7371976306e+00 1.2176709048e+00 2.4134406662e+00 2.3712972911e+00 1.8240000000e+03 8.6000000000e+00 9.2798677164e-01
3.2744904377e+00 3.2496880429e+00 1.2237392906e+00 2.4106980671e+00 1.0832622519e+01 1.8250000000e+03 8.6000000000e+00 9.2798677164e-01
3.2748936409e+00 2.5159616455e+00 1.1891653316e+00 2.4091881649e+00 8.6645040569e+00 1.8260000000e+03 8.6000000000e+00 9.2798677164e-01
3.2820182328e+00 2.6781725225e+00 1.2661111773e+00 2.4147375448e+00 1.4538645002e+01 1.8270000000e+03 8.6000000000e+00 9.2798677164e-01
3.2851596331e+00 3.2713357740e+00 1.2872567735e+00 2.3602766365e+00 7.2871972385e+00 1.8280000000e+03 8.6000000000e+00 9.2798677164e-01
3.2857024664e+00 2.5033481286e+00 1.3005604889e+00 2.3719067370e+00 3.2488297258e+00 1.8290000000e+03 8.6000000000e+00 9.2798677164e-01
3.2857213549e+00 3.1923757970e+00 1.2560982712e+00 2.3991408346e+00 1.0544522387e+01 1.8300000000e+03 8.6000000000e+00 9.2798677164e-01
3.2867147133e+00 2.6075375916e+00 1.2612847955e+00 2.3862238889e+00 1.2983786590e+01 1.8310000000e+03 8.6000000000e+00 9.2798677164e-01
3.2873181844e+00 2.7678193099e+00 1.3848747222e+00 2.3951589738e+00 6.6043885998e+00 1.8320000000e+03 8.6000000000e+00 9.2798677164e-01
3.2893301103e+00 2.5260696980e+00 1.3422619015e+00 2.4141735121e+00 9.7077230747e+00 1.8330000000e+03 8.6000000000e+00 9.2798677164e-01
3.3049127393e+00 2.9352079221e+00 1.3951434580e+00 2.3725415265e+00 6.9798572629e+00 1.8340000000e+03 8.6000000000e+00 9.2798677164e-01
3.3065864238e+00 2.5856784997e+00 1.3729117072e+00 2.3929614162e+00 1.1503391275e+01 1.8350000000e+03 8.6000000000e+00 9.2798677164e-01
3.3069746041e+00 4.5177319620e+00 1.3502265038e+00 2.3520039128e+00 6.0728772677e+00 1.8360000000e+03 8.6000000000e+00 9.2798677164e-01
3.3083762342e+00 2.9866609515e+00 1.3455346858e+00 2.3801696273e+00 9.8224353761e+00 1.8370000000e+03 8.6000000000e+00 9.2798677164e-01
3.3094853798e+00 2.8115071872e+00 1.3724501580e+00 2.3770092445e+00 1.7601387376e+01 1.8380000000e+03 8.6000000000e+00 9.2798677164e-01
3.3094891231e+00 3.1397496994e+00 1.3486881129e+00 2.4114760975e+00 1.3631285525e+01 1.8390000000e+03 8.6000000000e+00 9.2798677164e-01
3.3102010141e+00 3.0100751506e+00 1.4365260107e+00 2.4157314522e+00 1.7943784545e+01 1.8400000000e+03 8.6000000000e+00 9.2798677164e-01
3.3103091013e+00 2.5576837863e+00 1.4438629067e+00 2.3607308727e+00 8.7735441973e+00 1.8410000000e+03 8.6000000000e+00 9.2798677164e-01
3.3103694256e+00 2.8732302448e+00 1.4512915018e+00 2.3654403507e+00 7.1951233666e+00 1.8420000000e+03 8.6000000000e+00 9.2798677164e-01
3.3109278237e+00 3.7617556400e+00 1.4644754650e+00 2.3856014915e+00 7.9431436393e+00 1.8430000000e+03 8.6000000000e+00 9.2798677164e-01
3.3115143460e+00 2.6400814672e+00 1.4382607132e+00 2.3951682658e+00 9.3852146443e+00 1.8440000000e+03 8.6000000000e+00 9.2798677164e-01
3.3122900870e+00 3.7831323979e+00 1.4775114247e+00 2.3904823066e+00 1.0917119279e+01 1.8450000000e+03 8.6000000000e+00 9.2798677164e-01
3.3150905539e+00 3.2739974842e+00 1.4751858692e+00 2.3807299563e+00 1.0090291842e+01 1.8460000000e+03 8.6000000000e+00 9.2798677164e-01
3.3157033432e+00 2.8303982364e+00 1.4399205347e+00 2.3986088480e+00 9.1238597346e+00 1.8470000000e+03 8.6000000000e+00 9.2798677164e-01
3.3159707331e+00 2.5617901912e+00 1.4693990561e+00 2.4065521784e+00 1.0475803584e+01 1.8480000000e+03 8.6000000000e+00 9.2798677164e-01
3.3192157979e+00 2.6467904177e+00 1.4185247542e+00 2.3748471950e+00 3.0565724703e+00 1.8490000000e+03 8.6000000000e+00 9.2798677164e-01
3.3208474004e+00 3.4683998013e+00 1.4123621259e+00 2.3752606689e+00 5.6680150949e+00 1.8500000000e+03 8.6000000000e+00 9.2798677164e-01
3.3229632380e+00 2.6209610405e+00 1.4114924940e+00 2.4187685442e+00 3.8670200024e+00 1.8510000000e+03 8.6000000000e+00 9.2798677164e-01
3.3231946558e+00 2.6164713786e+00 1.4893864004e+00 2.4129286746e+00 5.3513739928e+00 1.8520000000e+03 8.6000000000e+00 9.2798677164e-01
3.3236055439e+00 2.7396530276e+00 1.5347243037e+00 2.4134857214e+00 1.3817477532e+01 1.8530000000e+03 8.6000000000e+00 9.2798677164e-01
3.3238202120e+00 2.5250575367e+00 1.5211455371e+00 2.3649332756e+00 7.5181547730e+00 1.8540000000e+03 8.6000000000e+00 9.2798677164e-01
3.3262057397e+00 2.6158306402e+00 1.5095147521e+00 2.3766332588e+00 7.9933750986e+00 1.8550000000e+03 8.6000000000e+00 9.2798677164e-01
3.3287717898e+00 2.7180885131e+00 1.5501387102e+00 2.4145767110e+00 1.4979376316e+01 1.8560000000e+03 8.6000000000e+00 9.2798677164e-01
3.3288662589e+00 2.5061869379e+00 1.4922576711e+00 2.3503122824e+00 1.1516300853e+01 1.8570000000e+03 8.6000000000e+00 9.2798677164e-01
3.3292314197e+00 2.5075313520e+00 1.5127065634e+00 2.3652479328e+00 6.3386588424e+00 1.8580000000e+03 8.6000000000e+00 9.2798677164e-01
3.3314918634e+00 4.0319913618e+00 1.5106268751e+00 2.3892398983e+00 9.1657476228e+00 1.8590000000e+03 8.6000000000e+00 9.2798677164e-01
3.3345918039e+00 2.7040273755e+00 1.5482034516e+00 2.3936120472e+00 1.2077812551e+01 1.8600000000e+03 8.6000000000e+00 9.2798677164e-01
3.3362201038e+00 2.8010253894e+00 1.5640480253e+00 2.4044087689e+00 1.5172910497e+01 1.8610000000e+03 8.6000000000e+00 9.2798677164e-01
3.3381452297e+00 2.8739360759e+00 1.5992469782e+00 2.4168222907e+00 3.5055529253e+00 1.8620000000e+03 8.6000000000e+00 9.2798677164e-01
3.3479493439e+00 3.1883443937e+00 1.5855454896e+00 2.4211038646e+00 1.2853754905e+01 1.8630000000e+03 8.6000000000e+00 9.2798677164e-01
3.3560313801e+00 2.6593510234e+00 1.5733760125e+00 2.4118658339e+00 1.7474031980e+01 1.8640000000e+03 8.6000000000e+00 9.2798677164e-01
3.3589481820e+00 2.9466982905e+00 1.5809931578e+00 2.3851275805e+00 6.6482959367e+00 1.8650000000e+03 8.6000000000e+00 9.2798677164e-01
3.3639286601e+00 2.7461354720e+00 1.6368594436e+00 2.3973803319e+00 1.5378628398e+01 1.8660000000e+03 8.6000000000e+00 9.2798677164e-01
3.3654860411e+00 2.5431942689e+00 1.5686570341e+00 2.4128855843e+00 2.5298175795e+00 1.8670000000e+03 8.6000000000e+00 9.2798677164e-01
3.3661105091e+00 2.7180392258e+00 1.7004285441e+00 2.3772417576e+00 1.7326976908e+01 1.8680000000e+03 8.6000000000e+00 9.2798677164e-01
3.3699265117e+00 3.0915690510e+00 1.6662168313e+00 2.3778470699e+00 3.7680789558e+00 1.8690000000e+03 8.6000000000e+00 9.2798677164e-01
3.3701032759e+00 3.4817854197e+00 1.7125448630e+00 2.3551414333e+00 1.0447518803e+01 1.8700000000e+03 8.6000000000e+00 9.2798677164e-01
3.3701096938e+00 2.5275060532e+00 1.6602044037e+00 2.4123667158e+00 1.7935602690e+01 1.8710000000e+03 8.6000000000e+00 9.2798677164e-01
3.3733091101e+00 2.6120461457e+00 1.6611482993e+00 2.3751460526e+00 1.6478882039e+01 1.8720000000e+03 8.6000000000e+00 9.2798677164e-01
3.3735241210e+00 2.5549217479e+00 1.6454379851e+00 2.3611249441e+00 1.2571693350e+01 1.8730000000e+03 8.6000000000e+00 9.2798677164e-01
3.3787759860e+00 2.6305435052e+00 1.6468060789e+00 2.3971953081e+00 9.5148636851e+00 1.8740000000e+03 8.6000000000e+00 9.2798677164e-01
3.3811021997e+00 2.8448118397e+00 1.7037932264e+00 2.3748141412e+00 7.1098624209e+00 1.8750000000e+03 8.6000000000e+00 9.2798677164e-01
3.3823265770e+00 3.3598520463e+00 1.6631750006e+00 2.3566911641e+00 8.0332325813e+00 1.8760000000e+03 8.6000000000e+00 9.2798677164e-01
3.3832677267e+00 2.6914091966e+00 1.7919234618e+00 2.3747793904e+00 1.5883133632e+01 1.8770000000e+03 8.6000000000e+00 9.2798677164e-01
3.3835315346e+00 3.8225865097e+00 1.7894235886e+00 2.3741214318e+00 1.0016692649e+01 1.8780000000e+03 8.6000000000e+00 9.2798677164e-01
3.3856933963e+00 2.7264108178e+00 1.7395646645e+00 2.3603937663e+00 1.5137721594e+01 1.8790000000e+03 8.6000000000e+00 9.2798677164e-01
3.3864713271e+00 2.5538627868e+00 1.7599570036e+00 2.4216701386e+00 7.9347932501e+00 1.8800000000e+03 8.6000000000e+00 9.2798677164e-01
3.3901178693e+00 2.7856227764e+00 1.7385790405e+00 2.4197259135e+00 1.6741510622e+01 1.8810000000e+03 8.6000000000e+00 9.2798677164e-01
3.3915952033e+00 2.7088147172e+00 1.7489121481e+00 2.3682421466e+00 8.0874565715e+00 1.8820000000e+03 8.6000000000e+00 9.2798677164e-01
3.3918228012e+00 2.8784663976e+00 1.7804631027e+00 2.4115979618e+00 2.2858932211e+00 1.8830000000e+03 8.6000000000e+00 9.2798677164e-01
3.3925709866e+00 2.6137644537e+00 1.7475473099e+00 2.3834556054e+00 1.4957045784e+01 1.8840000000e+03 8.6000000000e+00 9.2798677164e-01
3.3984646662e+00 2.5123325017e+00 1.7433533876e+00 2.3847319553e+00 7.4894377988e+00 1.8850000000e+03 8.6000000000e+00 9.2798677164e-01
3.4007307755e+00 2.7612864199e+00 1.8213314913e+00 2.3936301478e+00 9.0070596747e+00 1.8860000000e+03 8.6000000000e+00 9.2798677164e-01
3.4024433634e+00 3.3159659373e+00 1.8003983385e+00 2.4002778495e+00 1.0322907830e+01 1.8870000000e+03 8.6000000000e+00 9.2798677164e-01
3.4045158380e+00 2.7146308557e+00 1.8015817741e+00 2.3673062901e+00 7.3638444782e+00 1.8880000000e+03 8.6000000000e+00 9.2798677164e-01
3.4049060124e+00 2.8081547880e+00 1.8022285443e+00 2.4106336565e+00 5.8245056238e+00 1.8890000000e+03 8.6000000000e+00 9.2798677164e-01
3.4067272192e+00 3.1748587779e+00 1.8469950946e+00 2.3611847646e+00 2.9754852115e+00 1.8900000000e+03 8.6000000000e+00 9.2798677164e-01
3.4118623929e+00 2.5226797348e+00 1.8096869971e+00 2.4035393136e+00 7.5996086331e+00 1.8910000000e+03 8.6000000000e+00 9.2798677164e-01
3.4143964904e+00 3.2775804691e+00 1.9299176026e+00 2.3575473711e+00 4.1601001646e+00 1.8920000000e+03 8.6000000000e+00 9.2798677164e-01
3.4199908969e+00 2.9802062561e+00 1.9117423407e+00 2.3854330721e+00 1.6494516309e+01 1.8930000000e+03 8.6000000000e+00 9.2798677164e-01
3.4221113666e+00 2.6483158474e+00 1.9033200318e+00 2.4177268020e+00 1.4773983592e+01 1.8940000000e+03 8.6000000000e+00 9.2798677164e-01
3.4238109243e+00 2.5913396642e+00 1.9077512942e+00 2.3853866521e+00 5.6167929087e+00 1.8950000000e+03 8.6000000000e+00 9.2798677164e-01
3.4299364815e+00 3.0836945598e+00 1.9258382492e+00 2.3612705400e+00 4.9796062680e+00 1.8960000000e+03 8.6000000000e+00 9.2798677164e-01
3.4314940354e+00 4.1111014863e+00 1.9037306527e+00 2.3662384625e+00 1.0892197794e+01 1.8970000000e+03 8.6000000000e+00 9.2798677164e-01
3.4347086448e+00 2.6408575987e+00 1.9100803789e+00 2.3983681759e+00 1.1404623893e+01 1.8980000000e+03 8.6000000000e+00 9.2798677164e-01
3.4348530800e+00 2.9376177574e+00 1.9069722507e+00 2.4019140930e+00 9.9668275014e+00 1.8990000000e+03 8.6000000000e+00 9.2798677164e-01
3.4369096063e+00 3.0509716451e+00 1.9757928014e+00 2.3646098004e+00 2.4894318414e+00 1.9000000000e+03 8.6000000000e+00 9.2798677164e-01
3.4400499873e+00 3.2773136754e+00 1.9767811346e+00 2.3816152055e+00 6.7648553003e+00 1.9010000000e+03 8.6000000000e+00 9.2798677164e-01
3.4402499865e+00 2.9522186658e+00 2.0019722626e+00 2.3757163536e+00 8.0324444536e+00 1.9020000000e+03 8.6000000000e+00 9.2798677164e-01
3.4406846849e+00 2.6043885167e+00 1.9916255244e+00 2.3656728121e+00 1.7528912399e+01 1.9030000000e+03 8.6000000000e+00 9.2798677164e-01
3.4408629001e+00 2.5020532844e+00 1.9993803588e+00 2.3911526611e+00 8.0231517105e+00 1.9040000000e+03 8.6000000000e+00 9.2798677164e-01
3.4415347086e+00 2.8026214411e+00 1.9691129923e+00 2.3713676534e+00 1.7307800133e+01 1.9050000000e+03 8.6000000000e+00 9.2798677164e-01
3.4434990176e+00 2.9801486996e+00 1.9822950073e+00 2.3886882979e+00 4.8988856036e+00 1.9060000000e+03 8.6000000000e+00 9.2798677164e-01
3.4462797548e+00 2.9948253185e+00 2.0407458555e+00 2.4078493007e+00 1.3937365468e+01 1.9070000000e+03 8.6000000000e+00 9.2798677164e-01
3.4469062614e+00 2.8262914397e+00 2.0355940934e+00 2.4079071162e+00 4.3516650371e+00 1.9080000000e+03 8.6000000000e+00 9.2798677164e-01
3.4497956043e+00 3.2740316332e+00 2.0435410477e+00 2.3744749542e+00 1.6289084587e+01 1.9090000000e+03 8.6000000000e+00 9.2798677164e-01
3.4507813182e+00 2.8612052552e+00 2.0926381927e+00 2.3798256271e+00 3.1320346867e+00 1.9100000000e+03 8.6000000000e+00 9.2798677164e-01
3.4551673791e+00 2.5887133630e+00 2.0584461896e+00 2.3684225511e+00 8.1050185894e+00 1.9110000000e+03 8.6000000000e+00 9.2798677164e-01
3.4574931960e+00 2.6952161074e+00 2.0562611409e+00 2.4135946233e+00 4.1846344268e+00 1.9120000000e+03 8.6000000000e+00 9.2798677164e-01
3.4591609175e+00 3.2700429174e+00 2.0351869646e+00 2.4033212391e+00 1.2091385302e+01 1.9130000000e+03 8.6000000000e+00 9.2798677164e-01
3.4592802570e+00 2.7426983890e+00 2.0566130394e+00 2.3662193112e+00 1.6081882621e+01 1.9140000000e+03 8.6000000000e+00 9.2798677164e-01
3.4596791222e+00 2.8656200761e+00 2.0634760758e+00 2.3548514183e+00 4.1058063661e+00 1.9150000000e+03 8.6000000000e+00 9.2798677164e-01
3.4621747514e+00 2.7024054859e+00 2.0871097419e+00 2.3619230404e+00 1.1593897927e+01 1.9160000000e+03 8.6000000000e+00 9.2798677164e-01
3.4633841354e+00 2.5377847094e+00 2.0687985641e+00 2.3469109708e+00 8.4129675022e+00 1.9170000000e+03 8.6000000000e+00 9.2798677164e-01
3.4776549113e+00 2.6120156766e+00 2.0404635154e+00 2.3796941168e+00 1.2925133866e+01 1.9180000000e+03 8.6000000000e+00 9.2798677164e-01
3.4785159368e+00 2.9274082079e+00 2.0836852402e+00 2.3880887777e+00 1.3451754852e+01 1.9190000000e+03 8.6000000000e+00 9.2798677164e-01
3.4791024535e+00 2.5884182272e+00 2.1439872535e+00 2.3849886901e+00 1.5403507697e+01 1.9200000000e+03 8.6000000000e+00 9.2798677164e-01
3.4792792366e+00 2.5502721532e+00 2.1433714457e+00 2.4130420200e+00 2.0001136752e+00 1.9210000000e+03 8.6000000000e+00 9.2798677164e-01
3.4794776042e+00 2.7779904668e+00 2.1221930408e+00 2.3531456224e+00 1.6852119049e+01 1.9220000000e+03 8.6000000000e+00 9.2798677164e-01
3.4818146421e+00 2.7043161836e+00 2.1980015082e+00 2.3895225889e+00 2.8318672237e+00 1.9230000000e+03 8.6000000000e+00 9.2798677164e-01
3.4823784140e+00 4.6757576587e+00 2.2516717819e+00 2.4007927751e+00 1.6803491969e+01 1.9240000000e+03 8.6000000000e+00 9.2798677164e-01
3.4826979873e+00 2.7406349086e+00 2.2610651897e+00 2.3517274949e+00 1.7617661767e+01 1.9250000000e+03 8.6000000000e+00 9.2798677164e-01
3.4858819030e+00 3.3246619058e+00 2.2897759504e+00 2.3557913535e+00 5.5350487241e+00 1.9260000000e+03 8.6000000000e+00 9.2798677164e-01
3.4865235858e+00 3.0432912622e+00 2.2866278655e+00 2.3544684708e+00 1.4518381037e+01 1.9270000000e+03 8.6000000000e+00 9.2798677164e-01
3.4869000941e+00 2.5805990703e+00 2.2872021647e+00 2.3465633452e+00 1.6411864996e+01 1.9280000000e+03 8.6000000000e+00 9.2798677164e-01
3.4874584521e+00 3.0541492540e+00 2.2694630939e+00 2.4159156831e+00 7.8037773149e+00 1.9290000000e+03 8.6000000000e+00 9.2798677164e-01
3.4881971676e+00 3.3600871707e+00 2.2669953813e+00 2.3725270598e+00 3.5633377036e+00 1.9300000000e+03 8.6000000000e+00 9.2798677164e-01
3.4887118263e+00 2.5756103373e+00 2.3890790291e+00 2.3735833571e+00 1.1344925752e+01 1.9310000000e+03 8.6000000000e+00 9.2798677164e-01
3.4898731811e+00 2.7524723806e+00 2.3966180527e+00 2.3861941241e+00 4.2373767747e+00 1.9320000000e+03 8.6000000000e+00 9.2798677164e-01
3.4912361782e+00 2.5024694295e+00 2.3458336959e+00 2.4002407166e+00 5.1893637360e+00 1.9330000000e+03 8.6000000000e+00 9.2798677164e-01
3.4927161307e+00 2.5250672910e+00 2.3764072769e+00 2.3696413928e+00 1.4730103393e+01 1.9340000000e+03 8.6000000000e+00 9.2798677164e-01
3.4941256809e+00 2.7254997794e+00 2.3654461231e+00 2.3732995525e+00 1.7560588737e+01 1.9350000000e+03 8.6000000000e+00 9.2798677164e-01
3.4956272515e+00 2.7928751706e+00 2.3801918404e+00 2.3648167651e+00 8.3124355057e+00 1.9360000000e+03 8.6000000000e+00 9.2798677164e-01
3.4962271017e+00 2.9899690382e+00 2.3865111515e+00 2.3864430528e+00 8.9187490684e+00 1.9370000000e+03 8.6000000000e+00 9.2798677164e-01
3.4986007513e+00 2.6144774681e+00 2.3689325533e+00 2.4133733626e+00 8.0282391899e+00 1.9380000000e+03 8.6000000000e+00 9.2798677164e-01
3.5062553668e+00 3.2276625264e+00 2.3977571867e+00 2.3852384283e+00 8.3193779269e+00 1.9390000000e+03 8.6000000000e+00 9.2798677164e-01
3.5082070592e+00 3.2145560174e+00 2.3450968327e+00 2.3660082202e+00 1.4480119001e+01 1.9400000000e+03 8.6000000000e+00 9.2798677164e-01
3.5098854176e+00 2.6189268105e+00 2.3991323717e+00 2.3693147112e+00 8.4355071665e+00 1.9410000000e+03 8.6000000000e+00 9.2798677164e-01
3.5099267409e+00 3.5658386235e+00 2.4212536096e+00 2.3641008459e+00 5.8139296409e+00 1.9420000000e+03 8.6000000000e+00 9.2798677164e-01
3.5110162480e+00 2.8128431150e+00 2.4257387288e+00 2.3499999232e+00 5.0201081266e+00 1.9430000000e+03 8.6000000000e+00 9.2798677164e-01
3.5113360353e+00 2.5173571687e+00 2.4758986461e+00 2.3936477376e+00 3.7579376633e+00 1.9440000000e+03 8.6000000000e+00 9.2798677164e-01
3.5126016664e+00 2.9240695245e+00 2.4398475752e+00 2.4168448335e+00 6.8539040135e+00 1.9450000000e+03 8.6000000000e+00 9.2798677164e-01
3.5129605849e+00 2.9191436548e+00 2.4276783555e+00 2.3514937030e+00 1.7987655432e+01 1.9460000000e+03 8.6000000000e+00 9.2798677164e-01
3.5136185130e+00 2.5139857296e+00 2.4301316144e+00 2.4104046371e+00 7.7472881780e+00 1.9470000000e+03 8.6000000000e+00 9.2798677164e-01
3.5140967744e+00 3.5163885972e+00 2.4619787639e+00 2.3680613332e+00 8.0180066608e+00 1.9480000000e+03 8.6000000000e+00 9.2798677164e-01
3.5143249681e+00 2.5531931061e+00 2.4580969982e+00 2.3802462376e+00 5.0793316515e+00 1.9490000000e+03 8.6000000000e+00 9.2798677164e-01
3.5145209571e+00 2.7650803670e+00 2.4697810879e+00 2.3612246270e+00 1.0929656463e+01 1.9500000000e+03 8.6000000000e+00 9.2798677164e-01
3.5171427563e+00 2.8489000303e+00 2.4797317871e+00 2.3557024876e+00 1.4915865333e+01 1.9510000000e+03 8.6000000000e+00 9.2798677164e-01
3.5175250480e+00 4.2319287681e+00 2.5083962798e+00 2.4107733109e+00 1.0513486196e+01 1.9520000000e+03 8.6000000000e+00 9.2798677164e-01
3.5178335841e+00 3.4234427740e+00 2.5160625008e+00 2.4171276302e+00 9.1047755203e+00 1.9530000000e+03 8.6000000000e+00 9.2798677164e-01
3.5204955130e+00 2.5304284522e+00 2.5680295134e+00 2.3600291358e+00 5.5112681413e+00 1.9540000000e+03 8.6000000000e+00 9.2798677164e-01
3.5212138313e+00 3.2562895163e+00 2.5127718116e+00 2.3612263188e+00 1.5006633376e+01 1.9550000000e+03 8.6000000000e+00 9.2798677164e-01
3.5243744733e+00 2.5530185088e+00 2.5720562640e+00 2.3945847643e+00 1.7617055441e+01 1.9560000000e+03 8.6000000000e+00 9.2798677164e-01
3.5249525736e+00 2.6262660297e+00 2.5434768007e+00 2.4145064070e+00 7.6051103018e+00 1.9570000000e+03 8.6000000000e+00 9.2798677164e-01
3.5282361597e+00 3.1289018430e+00 2.5491294390e+00 2.3571161453e+00 1.2265608400e+01 1.9580000000e+03 8.6000000000e+00 9.2798677164e-01
3.5286363288e+00 2.8096458103e+00 2.5583620309e+00 2.3781774043e+00 3.9220402615e+00 1.9590000000e+03 8.6000000000e+00 9.2798677164e-01
3.5296857817e+00 3.2625564998e+00 2.5164156835e+00 2.3882579610e+00 2.8373236297e+00 1.9600000000e+03 8.6000000000e+00 9.2798677164e-01
3.5342661662e+00 2.5154362775e+00 2.5249023682e+00 2.3567784581e+00 8.2823111092e+00 1.9610000000e+03 8.6000000000e+00 9.2798677164e-01
3.5347382580e+00 2.9271853174e+00 2.5105413965e+00 2.4112553849e+00 1.5043008311e+01 1.9620000000e+03 8.6000000000e+00 9.2798677164e-01
3.5365590680e+00 2.6749088857e+00 2.5848866584e+00 2.3805000985e+00 1.7534333118e+01 1.9630000000e+03 8.6000000000e+00 9.2798677164e-01
3.5378231795e+00 2.6136697024e+00 2.5828879017e+00 2.4043107972e+00 2.0621169958e+00 1.9640000000e+03 8.6000000000e+00 9.2798677164e-01
3.5381480536e+00 3.0497215727e+00 2.6247141219e+00 2.3630399304e+00 2.7656342296e+00 1.9650000000e+03 8.6000000000e+00 9.2798677164e-01
3.5381712831e+00 2.8142388941e+00 2.6514658999e+00 2.3501683821e+00 4.8114049908e+00 1.9660000000e+03 8.6000000000e+00 9.2798677164e-01
3.5418484146e+00 3.2119057406e+00 2.6481050077e+00 2.3976023388e+00 6.8802501774e+00 1.9670000000e+03 8.6000000000e+00 9.2798677164e-01
3.5452688227e+00 2.5112806759e+00 2.6322155673e+00 2.3518817347e+00 2.4128371832e+00 1.9680000000e+03 8.6000000000e+00 9.2798677164e-01
3.5468863468e+00 2.7103664028e+00 2.6375347189e+00 2.4086606218e+00 4.3287871184e+00 1.9690000000e+03 8.6000000000e+00 9.2798677164e-01
3.5481797066e+00 2.8837064555e+00 2.6130694208e+00 2.3942038873e+00 1.4859298868e+01 1.9700000000e+03 8.6000000000e+00 9.2798677164e-01
3.5482635285e+00 2.9977926260e+00 2.6089578174e+00 2.3963128900e+00 1.5343525529e+01 1.9710000000e+03 8.6000000000e+00 9.2798677164e-01
3.5547831397e+00 2.6756624804e+00 2.7124794388e+00 2.3730669088e+00 1.4824586321e+01 1.9720000000e+03 8.6000000000e+00 9.2798677164e-01
3.5560683765e+00 2.8381338963e+00 2.6895622157e+00 2.3724766923e+00 1.3868450653e+01 1.9730000000e+03 8.6000000000e+00 9.2798677164e-01
3.5566072642e+00 2.8164937728e+00 2.6853555726e+00 2.3851192944e+00 9.5095122915e+00 1.9740000000e+03 8.6000000000e+00 9.2798677164e-01
3.5662330025e+00 2.5915012664e+00 2.7175889859e+00 2.3523235538e+00 7.7149383817e+00 1.9750000000e+03 8.6000000000e+00 9.2798677164e-01
3.5670777130e+00 2.5795811003e+00 2.7093535691e+00 2.3507765694e+00 4.4591603971e+00 1.9760000000e+03 8.6000000000e+00 9.2798677164e-01
3.5768048828e+00 3.2305557844e+00 2.6819058810e+00 2.3711628649e+00 1.0033459639e+01 1.9770000000e+03 8.6000000000e+00 9.2798677164e-01
3.5785319240e+00 2.6198864502e+00 2.6836456000e+00 2.3660424592e+00 9.4824076480e+00 1.9780000000e+03 8.6000000000e+00 9.2798677164e-01
3.5785403137e+00 2.9291236062e+00 2.7525078337e+00 2.3591152525e+00 1.0683372058e+01 1.9790000000e+03 8.6000000000e+00 9.2798677164e-01
3.5853820957e+00 2.6494543613e+00 2.8116493533e+00 2.3908931381e+00 8.6219794944e+00 1.9800000000e+03 8.6000000000e+00 9.2798677164e-01
3.5878116614e+00 2.6140844860e+00 2.8041481940e+00 2.3602321283e+00 3.4801894277e+00 1.9810000000e+03 8.6000000000e+00 9.2798677164e-01
3.5882519360e+00 2.6242463512e+00 2.7406395231e+00 2.4097006473e+00 1.5680148613e+01 1.9820000000e+03 8.6000000000e+00 9.2798677164e-01
3.5901283521e+00 2.6659842252e+00 2.7515770844e+00 2.3846845937e+00 1.0087385697e+01 1.9830000000e+03 8.6000000000e+00 9.2798677164e-01
3.5920595756e+00 2.6162496693e+00 2.7367061307e+00 2.4124501144e+00 1.6319614446e+01 1.9840000000e+03 8.6000000000e+00 9.2798677164e-01
3.5923869254e+00 2.9921243409e+00 2.8018003913e+00 2.4164473266e+00 1.6770139097e+01 1.9850000000e+03 8.6000000000e+00 9.2798677164e-01
3.5939961843e+00 2.6970956633e+00 2.7397564771e+00 2.4076341899e+00 4.9632266027e+00 1.9860000000e+03 8.6000000000e+00 9.2798677164e-01
3.5990528894e+00 2.6172783783e+00 2.7457026725e+00 2.3673227910e+00 1.2264904486e+01 1.9870000000e+03 8.6000000000e+00 9.2798677164e-01
3.5991618233e+00 2.5144253010e+00 2.8124064989e+00 2.3555288863e+00 1.2660511445e+01 1.9880000000e+03 8.6000000000e+00 9.2798677164e-01
3.6009871194e+00 2.8435955211e+00 2.7591075352e+00 2.3822147533e+00 1.3090230239e+01 1.9890000000e+03 8.6000000000e+00 9.2798677164e-01
3.6042802760e+00 2.5056158870e+00 2.7742925709e+00 2.3554800463e+00 1.4887121955e+01 1.9900000000e+03 8.6000000000e+00 9.2798677164e-01
3.6052408692e+00 2.5758911523e+00 2.7681454128e+00 2.3617208423e+00 6.1687703138e+00 1.9910000000e+03 8.6000000000e+00 9.2798677164e-01
3.6160328467e+00 2.5084473284e+00 2.7388717394e+00 2.3994499197e+00 1.1620213272e+01 1.9920000000e+03 8.6000000000e+00 9.2798677164e-01
3.6204940469e+00 2.6611447185e+00 2.8388139980e+00 2.3656026533e+00 1.4518206801e+01 1.9930000000e+03 8.6000000000e+00 9.2798677164e-01
3.6299725746e+00 2.5548541496e+00 2.8455216732e+00 2.3937495498e+00 6.8082649453e+00 1.9940000000e+03 8.6000000000e+00 9.2798677164e-01
3.6335545522e+00 2.5646861207e+00 2.8788103848e+00 2.4203805548e+00 2.5449769044e+00 1.9950000000e+03 8.6000000000e+00 9.2798677164e-01
3.6343236980e+00 3.0259532971e+00 2.8129076678e+00 2.3726019131e+00 1.6275791658e+01 1.9960000000e+03 8.6000000000e+00 9.2798677164e-01
3.6363617893e+00 2.7697675230e+00 2.8223339509e+00 2.3933592033e+00 9.2926284456e+00 1.9970000000e+03 8.6000000000e+00 9.2798677164e-01
3.6381647344e+00 3.0728557926e+00 2.9309377478e+00 2.3505700045e+00 8.6660943361e+00 1.9980000000e+03 8.6000000000e+00 9.2798677164e-01
3.6392967289e+00 2.7092453529e+00 2.9641547763e+00 2.3571980057e+00 1.2790971828e+01 1.9990000000e+03 8.6000000000e+00 9.2798677164e-01
3.6430856069e+00 2.5489595560e+00 2.9191040019e+00 2.3915513147e+00 1.1512950630e+01 2.0000000000e+03 8.6000000000e+00 9.2798677164e-01
3.6444732117e+00 2.7432059132e+00 2.9531851335e+00 2.3973488050e+00 7.0089330644e+00 2.0010000000e+03 8.6000000000e+00 9.2798677164e-01
3.6453843214e+00 2.8036717303e+00 2.8961713403e+00 2.4107118127e+00 6.7890017953e+00 2.0020000000e+03 8.6000000000e+00 9.2798677164e-01
3.6470879060e+00 2.5712145250e+00 2.9669604568e+00 2.3692973957e+00 1.6156417567e+01 2.0030000000e+03 8.6000000000e+00 9.2798677164e-01
3.6472140338e+00 2.9060718972e+00 2.9621938585e+00 2.3949295914e+00 3.8827730495e+00 2.0040000000e+03 8.6000000000e+00 9.2798677164e-01
3.6547239097e+00 2.7235841069e+00 2.9770691896e+00 2.4109051677e+00 9.3902243678e+00 2.0050000000e+03 8.6000000000e+00 9.2798677164e-01
3.6594791792e+00 2.5592695405e+00 3.0438303606e+00 2.4072114006e+00 1.5997529549e+01 2.0060000000e+03 8.6000000000e+00 9.2798677164e-01
3.6624993983e+00 2.7915328351e+00 2.9753287594e+00 2.3685561739e+00 9.5388630893e+00 2.0070000000e+03 8.6000000000e+00 9.2798677164e-01
3.6657481107e+00 2.7502599658e+00 3.0180203823e+00 2.3733477202e+00 1.3199756900e+01 2.0080000000e+03 8.6000000000e+00 9.2798677164e-01
3.6668948182e+00 2.5508375642e+00 3.0319567453e+00 2.3780925730e+00 2.0626350210e+00 2.0090000000e+03 8.6000000000e+00 9.2798677164e-01
3.6678359471e+00 2.5391484419e+00 3.0361031975e+00 2.3621815918e+00 1.0537887558e+01 2.0100000000e+03 8.6000000000e+00 9.2798677164e-01
3.6680507386e+00 2.6219637764e+00 3.0210551416e+00 2.3618832996e+00 1.1759211252e+01 2.0110000000e+03 8.6000000000e+00 9.2798677164e-01
3.6685294854e+00 2.8144021395e+00 2.9833983182e+00 2.4213875325e+00 2.2845033199e+00 2.0120000000e+03 8.6000000000e+00 9.2798677164e-01
3.6725107986e+00 3.4398417906e+00 2.9850988481e+00 2.3993387929e+00 8.9237681008e+00 2.0130000000e+03 8.6000000000e+00 9.2798677164e-01
3.6753941859e+00 2.5316054323e+00 3.0228040832e+00 2.4054893662e+00 1.3846966626e+01 2.0140000000e+03 8.6000000000e+00 9.2798677164e-01
3.6771908113e+00 3.3889948159e+00 3.0460285108e+00 2.3765374955e+00 1.0831643069e+01 2.0150000000e+03 8.6000000000e+00 9.2798677164e-01
3.6789317098e+00 3.2929792453e+00 3.1216532119e+00 2.3890830310e+00 3.0238641240e+00 2.0160000000e+03 8.6000000000e+00 9.2798677164e-01
3.6837729026e+00 2.6613788338e+00 3.1037903678e+00 2.4116164629e+00 9.4577201061e+00 2.0170000000e+03 8.6000000000e+00 9.2798677164e-01
3.6860798804e+00 2.7960357538e+00 3.0711109573e+00 2.3991792804e+00 1.3955419974e+01 2.0180000000e+03 8.6000000000e+00 9.2798677164e-01
3.6870488595e+00 2.9824053219e+00 3.1235079832e+00 2.3443678137e+00 1.4956461566e+01 2.0190000000e+03 8.6000000000e+00 9.2798677164e-01
3.6923812462e+00 2.9967161183e+00 3.0791810255e+00 2.3975151115e+00 6.6884977436e+00 2.0200000000e+03 8.6000000000e+00 9.2798677164e-01
3.6939851986e+00 3.1451047909e+00 3.1281273048e+00 2.4055571463e+00 1.1405786324e+01 2.0210000000e+03 8.6000000000e+00 9.2798677164e-01
3.6951854667e+00 2.5398199645e+00 3.1795180196e+00 2.3460545095e+00 6.4411692282e+00 2.0220000000e+03 8.6000000000e+00 9.2798677164e-01
3.6955859736e+00 3.0641142730e+00 3.1697580518e+00 2.4035181172e+00 1.4811358485e+01 2.0230000000e+03 8.6000000000e+00 9.2798677164e-01
3.6971074032e+00 3.3572557022e+00 3.1776485696e+00 2.4055050337e+00 6.0679168568e+00 2.0240000000e+03 8.6000000000e+00 9.2798677164e-01
3.6994197734e+00 3.5432701139e+00 3.1269434309e+00 2.3812358315e+00 6.8508604955e+00 2.0250000000e+03 8.6000000000e+00 9.2798677164e-01
3.6997403121e+00 2.6040587574e+00 3.2600872464e+00 2.4064997776e+00 1.0238996143e+01 2.0260000000e+03 8.6000000000e+00 9.2798677164e-01
3.7000371540e+00 2.6390360990e+00 3.2035619227e+00 2.4178656500e+00 4.4593969119e+00 2.0270000000e+03 8.6000000000e+00 9.2798677164e-01
3.7064524311e+00 2.5833451883e+00 3.2670968724e+00 2.4211721411e+00 1.0666085102e+01 2.0280000000e+03 8.6000000000e+00 9.2798677164e-01
3.7073702108e+00 2.8229650752e+00 3.2223122669e+00 2.3625821695e+00 1.6420425778e+01 2.0290000000e+03 8.6000000000e+00 9.2798677164e-01
3.7097214701e+00 3.1948821812e+00 3.2131903129e+00 2.4085763808e+00 8.5394523777e+00 2.0300000000e+03 8.6000000000e+00 9.2798677164e-01
3.7115345980e+00 2.7114365910e+00 3.2081262935e+00 2.3738536286e+00 1.0097972839e+01 2.0310000000e+03 8.6000000000e+00 9.2798677164e-01
3.7122142135e+00 3.0266151899e+00 3.2811378730e+00 2.3450448406e+00 1.4725919179e+01 2.0320000000e+03 8.6000000000e+00 9.2798677164e-01
3.7143050376e+00 3.5314038590e+00 3.2295214081e+00 2.4170574560e+00 1.3309285456e+01 2.0330000000e+03 8.6000000000e+00 9.2798677164e-01
3.7223846072e+00 2.5596231744e+00 3.2214697408e+00 2.3638795655e+00 1.7094378435e+01 2.0340000000e+03 8.6000000000e+00 9.2798677164e-01
3.7244976394e+00 2.7850568254e+00 3.2532193815e+00 2.3610417874e+00 7.3771605583e+00 2.0350000000e+03 8.6000000000e+00 9.2798677164e-01
3.7281216659e+00 2.9763516256e+00 3.2405886462e+00 2.3880670128e+00 5.1218536622e+00 2.0360000000e+03 8.6000000000e+00 9.2798677164e-01
3.7292986550e+00 2.6959292280e+00 3.2675704047e+00 2.3852923701e+00 8.1810134264e+00 2.0370000000e+03 8.6000000000e+00 9.2798677164e-01
3.7353605983e+00 3.3266068782e+00 3.2734325640e+00 2.4076583912e+00 1.1012136576e+01 2.0380000000e+03 8.6000000000e+00 9.2798677164e-01
3.7371396226e+00 2.5024609276e+00 3.2453067058e+00 2.3953245623e+00 1.1458708657e+01 2.0390000000e+03 8.6000000000e+00 9.2798677164e-01
3.7385850542e+00 4.3833517325e+00 3.2773885653e+00 2.3905651708e+00 7.9756256677e+00 2.0400000000e+03 8.6000000000e+00 9.2798677164e-01
3.7392921217e+00 2.8383933289e+00 3.3446318672e+00 2.4113672885e+00 1.0741322685e+01 2.0410000000e+03 8.6000000000e+00 9.2798677164e-01
3.7489672305e+00 2.7785026764e+00 3.3229229562e+00 2.3666962772e+00 3.6834675285e+00 2.0420000000e+03 8.6000000000e+00 9.2798677164e-01
3.7493266817e+00 2.5776870872e+00 3.3521056251e+00 2.3814971975e+00 5.0825655588e+00 2.0430000000e+03 8.6000000000e+00 9.2798677164e-01
3.7534878095e+00 2.8448222879e+00 3.3345247723e+00 2.4187984285e+00 1.4319753626e+01 2.0440000000e+03 8.6000000000e+00 9.2798677164e-01
3.7550186855e+00 3.4225722501e+00 3.3219624341e+00 2.3527383257e+00 1.7298051129e+01 2.0450000000e+03 8.6000000000e+00 9.2798677164e-01
3.7572831240e+00 2.6338765854e+00 3.3469065075e+00 2.4099885043e+00 3.5626121749e+00 2.0460000000e+03 8.6000000000e+00 9.2798677164e-01
3.7575730467e+00 2.6840270093e+00 3.4156739789e+00 2.3910748273e+00 6.1263933072e+00 2.0470000000e+03 8.6000000000e+00 9.2798677164e-01
3.7579177067e+00 3.9165108000e+00 3.3996231296e+00 2.4063378963e+00 3.9527759145e+00 2.0480000000e+03 8.6000000000e+00 9.2798677164e-01
3.7582389218e+00 2.5186996451e+00 3.4359325975e+00 2.3862328509e+00 6.5907506890e+00 2.0490000000e+03 8.6000000000e+00 9.2798677164e-01
3.7588973449e+00 2.6355015323e+00 3.4282272488e+00 2.3760527004e+00 4.9458504539e+00 2.0500000000e+03 8.6000000000e+00 9.2798677164e-01
3.7595632872e+00 3.5089749128e+00 3.4222623434e+00 2.3615623102e+00 1.5430662070e+01 2.0510000000e+03 8.6000000000e+00 9.2798677164e-01
3.7599257311e+00 2.8149159437e+00 3.3743618961e+00 2.4030508931e+00 1.1391064282e+01 2.0520000000e+03 8.6000000000e+00 9.2798677164e-01
3.7608275345e+00 3.0410730835e+00 3.4506415179e+00 2.4133867245e+00 1.5117246072e+01 2.0530000000e+03 8.6000000000e+00 9.2798677164e-01
3.7623720754e+00 3.4443949929e+00 3.5084913561e+00 2.4031424851e+00 1.0596383537e+01 2.0540000000e+03 8.6000000000e+00 9.2798677164e-01
3.7668029463e+00 2.5151052727e+00 3.4833522625e+00 2.3856191422e+00 1.6160236672e+01 2.0550000000e+03 8.6000000000e+00 9.2798677164e-01
3.7675950786e+00 2.5375944916e+00 3.4936771848e+00 2.4046922991e+00 1.4624405680e+01 2.0560000000e+03 8.6000000000e+00 9.2798677164e-01
3.7680405530e+00 3.0446350633e+00 3.4670384646e+00 2.4127003727e+00 9.0005066116e+00 2.0570000000e+03 8.6000000000e+00 9.2798677164e-01
3.7699406008e+00 2.5696207333e+00 3.5133385923e+00 2.4064760238e+00 1.0212907272e+01 2.0580000000e+03 8.6000000000e+00 9.2798677164e-01
3.7712907347e+00 2.7738417250e+00 3.4633695233e+00 2.4197238344e+00 1.5240781622e+01 2.0590000000e+03 8.6000000000e+00 9.2798677164e-01
3.7726259212e+00 2.5514304041e+00 3.4831478843e+00 2.3892443646e+00 5.3063591500e+00 2.0600000000e+03 8.6000000000e+00 9.2798677164e-01
3.7736257391e+00 3.0160883454e+00 3.4869639712e+00 2.4175957200e+00 8.7317267371e+00 2.0610000000e+03 8.6000000000e+00 9.2798677164e-01
3.7739283146e+00 2.6119486563e+00 3.4600405800e+00 2.4142774942e+00 4.5748959702e+00 2.0620000000e+03 8.6000000000e+00 9.2798677164e-01
3.7758703636e+00 3.0804765061e+00 3.4453875345e+00 2.3920693414e+00 1.3326863711e+01 2.0630000000e+03 8.6000000000e+00 9.2798677164e-01
3.7780233823e+00 2.8488411912e+00 3.5568881043e+00 2.3584407209e+00 5.4838454816e+00 2.0640000000e+03 8.6000000000e+00 9.2798677164e-01
3.7784453831e+00 3.0552530434e+00 3.5832685260e+00 2.3821393964e+00 9.9154204454e+00 2.0650000000e+03 8.6000000000e+00 9.2798677164e-01
3.7785699274e+00 3.0583135527e+00 3.5823590798e+00 2.4194812841e+00 6.2932609720e+00 2.0660000000e+03 8.6000000000e+00 9.2798677164e-01
3.7827893643e+00 3.0159752612e+00 3.5455445720e+00 2.4176167912e+00 6.2382657271e+00 2.0670000000e+03 8.6000000000e+00 9.2798677164e-01
3.7847548838e+00 2.5157651626e+00 3.5704092159e+00 2.3626765919e+00 5.8757733970e+00 2.0680000000e+03 8.6000000000e+00 9.2798677164e-01
3.7854129221e+00 2.6619440990e+00 3.6481721329e+00 2.4093357387e+00 1.1282020772e+01 2.0690000000e+03 8.6000000000e+00 9.2798677164e-01
3.7870636282e+00 2.6128428705e+00 3.6119074801e+00 2.4212173334e+00 6.2741012477e+00 2.0700000000e+03 8.6000000000e+00 9.2798677164e-01
3.7870781305e+00 2.8290311577e+00 3.6177503693e+00 2.4218314795e+00 5.7581551406e+00 2.0710000000e+03 8.6000000000e+00 9.2798677164e-01
3.7897329566e+00 2.5287596237e+00 3.6125825228e+00 2.3690420555e+00 7.4406975524e+00 2.0720000000e+03 8.6000000000e+00 9.2798677164e-01
3.7908287793e+00 2.8391179309e+00 3.6497243017e+00 2.3722892351e+00 1.5256822218e+01 2.0730000000e+03 8.6000000000e+00 9.2798677164e-01
3.7927087176e+00 2.7761969846e+00 3.5945820492e+00 2.3782619077e+00 6.3899722597e+00 2.0740000000e+03 8.6000000000e+00 9.2798677164e-01
3.7927160701e+00 2.9993114022e+00 3.6537819534e+00 2.3595512724e+00 9.3727298456e+00 2.0750000000e+03 8.6000000000e+00 9.2798677164e-01
3.7964544810e+00 3.5208876740e+00 3.6617411071e+00 2.3474598204e+00 3.9515012246e+00 2.0760000000e+03 8.6000000000e+00 9.2798677164e-01
3.7974588341e+00 4.2725420915e+00 3.6320749516e+00 2.3780523315e+00 2.8554160495e+00 2.0770000000e+03 8.6000000000e+00 9.2798677164e-01
3.7991934273e+00 3.8890883465e+00 3.7351662760e+00 2.4203925975e+00 1.3431413163e+01 2.0780000000e+03 8.6000000000e+00 9.2798677164e-01
3.7993760029e+00 2.6591381316e+00 3.6976924010e+00 2.3440264289e+00 9.4673069376e+00 2.0790000000e+03 8.6000000000e+00 9.2798677164e-01
3.8013175477e+00 2.6565881457e+00 3.7333209847e+00 2.3823537489e+00 8.5402192917e+00 2.0800000000e+03 8.6000000000e+00 9.2798677164e-01
3.8032409647e+00 3.5465984213e+00 3.7200373010e+00 2.4191882627e+00 7.7991244449e+00 2.0810000000e+03 8.6000000000e+00 9.2798677164e-01
3.8047432391e+00 3.1017317773e+00 3.6774017847e+00 2.3979884800e+00 1.6708064810e+01 2.0820000000e+03 8.6000000000e+00 9.2798677164e-01
3.8086377019e+00 2.8087727089e+00 3.6756019204e+00 2.3604167715e+00 8.5641316919e+00 2.0830000000e+03 8.6000000000e+00 9.2798677164e-01
3.8200788660e+00 2.8974659281e+00 3.7243375995e+00 2.3887930559e+00 2.5295262793e+00 2.0840000000e+03 8.6000000000e+00 9.2798677164e-01
3.8228822887e+00 2.5657727150e+00 3.7095448954e+00 2.3994686892e+00 6.3253914213e+00 2.0850000000e+03 8.6000000000e+00 9.2798677164e-01
3.8233159208e+00 3.2022186673e+00 3.7729699641e+00 2.3516824065e+00 5.8668860447e+00 2.0860000000e+03 8.6000000000e+00 9.2798677164e-01
3.8243613246e+00 2.8547735805e+00 3.8184788632e+00 2.3912074119e+00 6.2314491896e+00 2.0870000000e+03 8.6000000000e+00 9.2798677164e-01
3.8258005499e+00 2.5656792452e+00 3.7689745051e+00 2.4117268159e+00 4.9660672498e+00 2.0880000000e+03 8.6000000000e+00 9.2798677164e-01
3.8340640165e+00 2.5820530026e+00 3.8022596920e+00 2.4192087265e+00 1.2124141279e+01 2.0890000000e+03 8.6000000000e+00 9.2798677164e-01
3.8352123529e+00 3.2585419702e+00 3.8119596957e+00 2.4104855061e+00 6.8915649518e+00 2.0900000000e+03 8.6000000000e+00 9.2798677164e-01
3.8367508213e+00 2.9260863656e+00 3.8137255348e+00 2.3527289829e+00 5.3771224069e+00 2.0910000000e+03 8.6000000000e+00 9.2798677164e-01
3.8382289764e+00 3.5696416252e+00 3.7571312164e+00 2.4178165031e+00 1.7237500666e+01 2.0920000000e+03 8.6000000000e+00 9.2798677164e-01
3.8401324020e+00 2.6643458299e+00 3.7823848922e+00 2.3457614891e+00 6.2291822565e+00 2.0930000000e+03 8.6000000000e+00 9.2798677164e-01
3.8412347238e+00 3.3216193086e+00 3.7939402660e+00 2.3929855128e+00 1.1049994845e+01 2.0940000000e+03 8.6000000000e+00 9.2798677164e-01
3.8412630640e+00 2.6724218092e+00 3.7728180455e+00 2.4213839161e+00 1.0963867716e+01 2.0950000000e+03 8.6000000000e+00 9.2798677164e-01
3.8422804401e+00 2.8636044651e+00 3.7670554263e+00 2.3505528578e+00 2.9024621877e+00 2.0960000000e+03 8.6000000000e+00 9.2798677164e-01
3.8483318358e+00 2.9095513983e+00 3.7614247290e+00 2.3756815613e+00 6.3869632695e+00 2.0970000000e+03 8.6000000000e+00 9.2798677164e-01
3.8498595305e+00 3.0128827157e+00 3.7552321036e+00 2.3647749802e+00 1.6328421012e+01 2.0980000000e+03 8.6000000000e+00 9.2798677164e-01
3.8536171499e+00 2.6692043409e+00 3.8306395400e+00 2.3611278346e+00 1.1146616257e+01 2.0990000000e+03 8.6000000000e+00 9.2798677164e-01
3.8557004207e+00 4.8605371776e+00 3.8867032942e+00 2.3501402740e+00 1.2255387763e+01 2.1000000000e+03 8.6000000000e+00 9.2798677164e-01
3.8560510870e+00 2.6325043621e+00 3.8606240141e+00 2.4200955467e+00 1.4128470197e+01 2.1010000000e+03 8.6000000000e+00 9.2798677164e-01
3.8579384315e+00 2.5324916162e+00 3.8449545102e+00 2.3667179885e+00 1.5713044841e+01 2.1020000000e+03 8.6000000000e+00 9.2798677164e-01
3.8587734863e+00 2.9422694527e+00 3.8789477002e+00 2.3520429742e+00 4.9157879109e+00 2.1030000000e+03 8.6000000000e+00 9.2798677164e-01
3.8591077888e+00 3.1015267058e+00 3.8700723763e+00 2.3764485408e+00 1.2915080882e+01 2.1040000000e+03 8.6000000000e+00 9.2798677164e-01
3.8611461745e+00 4.3362074548e+00 3.8350121735e+00 2.3776881719e+00 2.6893275240e+00 2.1050000000e+03 8.6000000000e+00 9.2798677164e-01
3.8613089746e+00 2.6541594932e+00 3.8357182433e+00 2.3473716515e+00 7.4957180960e+00 2.1060000000e+03 8.6000000000e+00 9.2798677164e-01
3.8615399406e+00 3.7726417129e+00 3.8876398445e+00 2.3516080562e+00 1.6477060289e+01 2.1070000000e+03 8.6000000000e+00 9.2798677164e-01
3.8624204554e+00 2.5117414292e+00 3.8561388681e+00 2.3827815947e+00 3.1140201969e+00 2.1080000000e+03 8.6000000000e+00 9.2798677164e-01
3.8639804878e+00 3.3859904576e+00 3.8504296158e+00 2.3959906715e+00 3.9747137814e+00 2.1090000000e+03 8.6000000000e+00 9.2798677164e-01
3.8640083928e+00 2.6948988954e+00 4.1044181335e+00 2.3624099410e+00 1.0614732635e+01 2.1100000000e+03 6.0000000000e-01 -2.9444389792e+00
3.8669843535e+00 2.6013419751e+00 4.1685757552e+00 2.3487044917e+00 1.3078413862e+01 2.1110000000e+03 6.0000000000e-01 -2.9444389792e+00
3.8673551810e+00 2.5987755549e+00 4.2356974739e+00 2.4060102563e+00 1.4710126855e+01 2.1120000000e+03 6.0000000000e-01 -2.9444389792e+00
3.8711822670e+00 2.6119393527e+00 4.3236804119e+00 2.4186273828e+00 6.1436715110e+00 2.1130000000e+03 6.0000000000e-01 -2.9444389792e+00
3.8718955923e+00 2.7435165241e+00 4.3757274987e+00 2.3872064685e+00 6.7851352602e+00 2.1140000000e+03 6.0000000000e-01 -2.9444389792e+00
3.8722956303e+00 2.5911337998e+00 4.4611378595e+00 2.3904672738e+00 5.6509088151e+00 2.1150000000e+03 6.0000000000e-01 -2.9444389792e+00
3.8747172851e+00 2.9045375430e+00 4.7295672772e+00 2.3959210349e+00 5.9127985090e+00 2.1160000000e+03 6.0000000000e-01 -2.9444389792e+00
3.8783647109e+00 2.8845779314e+00 4.7551604003e+00 2.4089396445e+00 1.2963689812e+01 2.1170000000e+03 6.0000000000e-01 -2.9444389792e+00
3.8788113842e+00 2.7266462289e+00 4.7592733759e+00 2.3944257441e+00 7.9703551754e+00 2.1180000000e+03 6.0000000000e-01 -2.9444389792e+00
3.8805628697e+00 3.2037964041e+00 3.2617280715e-01 2.4414023316e+00 6.3457459069e+00 2.1190000000e+03 6.0000000000e-01 -2.9444389792e+00
3.8848935128e+00 2.8012799961e+00 6.1098270086e-01 2.4351280229e+00 1.3200854020e+01 2.1200000000e+03 6.0000000000e-01 -2.9444389792e+00
3.8888568617e+00 2.5412238008e+00 6.3227570161e-01 2.4769199490e+00 3.9635751744e+00 2.1210000000e+03 6.0000000000e-01 -2.9444389792e+00
3.8897470900e+00 2.9749155431e+00 8.3273689905e-01 2.4711640970e+00 1.0663454090e+01 2.1220000000e+03 6.0000000000e-01 -2.9444389792e+00
3.8916622108e+00 3.0054616662e+00 9.2924084246e-01 2.4580693363e+00 1.2382532621e+01 2.1230000000e+03 6.0000000000e-01 -2.9444389792e+00
3.8919605028e+00 2.9684848533e+00 8.6435400524e-01 2.4521620122e+00 5.9024686274e+00 2.1240000000e+03 6.0000000000e-01 -2.9444389792e+00
3.8924187069e+00 2.7152237468e+00 1.1354863492e+00 2.4674345283e+00 1.2059032049e+01 2.1250000000e+03 8.6000000000e+00 9.2798677164e-01
3.8934083543e+00 2.9943192836e+00 1.0988052137e+00 2.4901621538e+00 7.6557130435e+00 2.1260000000e+03 8.6000000000e+00 9.2798677164e-01
3.8935940760e+00 2.5571407650e+00 1.1193436084e+00 2.4407031548e+00 1.7631439508e+01 2.1270000000e+03 8.6000000000e+00 9.2798677164e-01
3.8963286755e+00 4.0125075662e+00 1.1513092536e+00 2.4771550809e+00 1.3750298763e+01 2.1280000000e+03 8.6000000000e+00 9.2798677164e-01
3.8996124438e+00 3.9230492291e+00 1.1270625094e+00 2.4968194865e+00 1.2882894115e+01 2.1290000000e+03 8.6000000000e+00 9.2798677164e-01
3.9006872632e+00 4.1298196912e+00 1.1173810292e+00 2.4732709895e+00 1.5676765075e+01 2.1300000000e+03 8.6000000000e+00 9.2798677164e-01
3.9009983218e+00 2.5427690701e+00 1.2034416147e+00 2.4547754864e+00 7.9114018494e+00 2.1310000000e+03 8.6000000000e+00 9.2798677164e-01
3.9027015673e+00 2.6731989389e+00 1.2163467427e+00 2.4305824640e+00 1.6652588389e+01 2.1320000000e+03 8.6000000000e+00 9.2798677164e-01
3.9062200670e+00 3.4677100032e+00 1.2004862824e+00 2.4892077201e+00 1.2936156010e+01 2.1330000000e+03 8.6000000000e+00 9.2798677164e-01
3.9071306198e+00 2.8579723204e+00 1.1851600510e+00 2.4473534964e+00 4.4474954600e+00 2.1340000000e+03 8.6000000000e+00 9.2798677164e-01
3.9084359876e+00 2.7128292357e+00 1.2216433196e+00 2.4654414490e+00 1.7216260308e+01 2.1350000000e+03 8.6000000000e+00 9.2798677164e-01
3.9089693713e+00 2.6364353509e+00 1.2441417353e+00 2.4562554321e+00 2.0535788379e+00 2.1360000000e+03 8.6000000000e+00 9.2798677164e-01
3.9091939948e+00 4.1130288564e+00 1.1974772197e+00 2.4866726025e+00 6.7764571991e+00 2.1370000000e+03 8.6000000000e+00 9.2798677164e-01
3.9092096672e+00 2.5286519389e+00 1.2474810789e+00 2.4553902722e+00 4.2781281354e+00 2.1380000000e+03 8.6000000000e+00 9.2798677164e-01
3.9117549892e+00 2.7742138251e+00 1.2462532028e+00 2.4761294041e+00 6.2307629481e+00 2.1390000000e+03 8.6000000000e+00 9.2798677164e-01
3.9137020949e+00 2.6350620231e+00 1.1933367966e+00 2.4431297441e+00 6.2880720922e+00 2.1400000000e+03 8.6000000000e+00 9.2798677164e-01
3.9143582811e+00 2.6087902673e+00 1.2408296976e+00 2.4475024348e+00 4.0616056068e+00 2.1410000000e+03 8.6000000000e+00 9.2798677164e-01
3.9152852510e+00 2.8497781701e+00 1.3261357607e+00 2.4772966477e+00 5.3987374084e+00 2.1420000000e+03 8.6000000000e+00 9.2798677164e-01
3.9186550531e+00 2.7434337275e+00 1.2630850475e+00 2.4537040708e+00 1.0577744189e+01 2.1430000000e+03 8.6000000000e+00 9.2798677164e-01
3.9188337909e+00 2.6345655037e+00 1.3032234001e+00 2.4965074919e+00 8.4032168744e+00 2.1440000000e+03 8.6000000000e+00 9.2798677164e-01
3.9217840121e+00 2.5180572381e+00 1.2546697166e+00 2.4632214803e+00 1.5946634724e+01 2.1450000000e+03 8.6000000000e+00 9.2798677164e-01
3.9236975323e+00 2.5033277017e+00 1.3042624349e+00 2.4384652031e+00 4.8896086359e+00 2.1460000000e+03 8.6000000000e+00 9.2798677164e-01
3.9241418244e+00 2.7695453279e+00 1.2877351424e+00 2.4831183610e+00 1.0557039017e+01 2.1470000000e+03 8.6000000000e+00 9.2798677164e-01
3.9273913131e+00 3.3873112618e+00 1.2636557871e+00 2.4792055314e+00 1.3323806645e+01 2.1480000000e+03 8.6000000000e+00 9.2798677164e-01
3.9295890418e+00 2.7954164468e+00 1.2943344692e+00 2.4876393437e+00 9.1504157938e+00 2.1490000000e+03 8.6000000000e+00 9.2798677164e-01
3.9296905728e+00 2.5971365049e+00 1.4026947713e+00 2.4925888707e+00 8.4262330288e+00 2.1500000000e+03 8.6000000000e+00 9.2798677164e-01
3.9316914039e+00 3.1291864511e+00 1.4036517909e+00 2.4821887204e+00 1.5365196198e+01 2.1510000000e+03 8.6000000000e+00 9.2798677164e-01
3.9335611027e+00 2.7837967300e+00 1.4000347424e+00 2.4875149894e+00 1.5327147011e+01 2.1520000000e+03 8.6000000000e+00 9.2798677164e-01
3.9355767772e+00 2.5620806223e+00 1.3942417275e+00 2.4857294001e+00 1.6299675720e+01 2.1530000000e+03 8.6000000000e+00 9.2798677164e-01
3.9444732374e+00 3.0991803403e+00 1.3295885289e+00 2.4772869825e+00 1.4631223556e+01 2.1540000000e+03 8.6000000000e+00 9.2798677164e-01
3.9469560252e+00 2.5530265348e+00 1.3339887136e+00 2.4468578639e+00 1.7009589800e+01 2.1550000000e+03 8.6000000000e+00 9.2798677164e-01
3.9474992936e+00 2.5651785394e+00 1.4007174291e+00 2.4896928629e+00 7.2019547456e+00 2.1560000000e+03 8.6000000000e+00 9.2798677164e-01
3.9494115385e+00 2.5721846395e+00 1.3688930637e+00 2.4883527241e+00 7.9679733528e+00 2.1570000000e+03 8.6000000000e+00 9.2798677164e-01
3.9498225509e+00 3.4265601391e+00 1.3923248349e+00 2.4642732706e+00 1.3337915403e+01 2.1580000000e+03 8.6000000000e+00 9.2798677164e-01
3.9535499266e+00 2.8691993858e+00 1.4772545074e+00 2.4694867814e+00 2.8951756541e+00 2.1590000000e+03 8.6000000000e+00 9.2798677164e-01
3.9545036993e+00 3.3060086457e+00 1.4286519215e+00 2.4456230684e+00 7.5924269100e+00 2.1600000000e+03 8.6000000000e+00 9.2798677164e-01
3.9552205401e+00 3.5021081205e+00 1.4814329971e+00 2.4674196562e+00 6.0188657951e+00 2.1610000000e+03 8.6000000000e+00 9.2798677164e-01
3.9597291181e+00 2.7541481001e+00 1.4455610189e+00 2.4725878731e+00 2.6778839223e+00 2.1620000000e+03 8.6000000000e+00 9.2798677164e-01
3.9664432483e+00 3.2173633524e+00 1.4755526594e+00 2.4704671194e+00 1.4065637522e+01 2.1630000000e+03 8.6000000000e+00 9.2798677164e-01
3.9668797075e+00 2.6022991675e+00 1.4427503407e+00 2.4730996475e+00 1.3013611268e+01 2.1640000000e+03 8.6000000000e+00 9.2798677164e-01
3.9678781169e+00 3.1373676855e+00 1.4363770689e+00 2.4792118470e+00 1.6101336437e+01 2.1650000000e+03 8.6000000000e+00 9.2798677164e-01
3.9720339940e+00 2.6877620333e+00 1.5265418580e+00 2.4343791546e+00 3.9475293823e+00 2.1660000000e+03 8.6000000000e+00 9.2798677164e-01
3.9726555605e+00 2.6979451081e+00 1.4896128796e+00 2.4616577991e+00 4.6539676759e+00 2.1670000000e+03 8.6000000000e+00 9.2798677164e-01
3.9751938624e+00 3.0794770815e+00 1.4873500901e+00 2.4656629121e+00 5.0658907606e+00 2.1680000000e+03 8.6000000000e+00 9.2798677164e-01
3.9753268516e+00 3.0496595681e+00 1.5193129278e+00 2.4823668394e+00 8.3835631220e+00 2.1690000000e+03 8.6000000000e+00 9.2798677164e-01
3.9767091191e+00 2.9531996761e+00 1.5382798545e+00 2.4939284253e+00 1.3975527234e+01 2.1700000000e+03 8.6000000000e+00 9.2798677164e-01
3.9773829035e+00 2.9024891788e+00 1.4905682820e+00 2.4638738009e+00 5.5436302495e+00 2.1710000000e+03 8.6000000000e+00 9.2798677164e-01
3.9812007837e+00 3.3472166301e+00 1.5538063250e+00 2.4855238632e+00 1.1276786343e+01 2.1720000000e+03 8.6000000000e+00 9.2798677164e-01
3.9817872931e+00 2.5931385144e+00 1.4975693869e+00 2.4350283651e+00 2.4030581550e+00 2.1730000000e+03 8.6000000000e+00 9.2798677164e-01
3.9860355775e+00 2.5409897736e+00 1.5585516035e+00 2.4785122565e+00 1.7825241773e+01 2.1740000000e+03 8.6000000000e+00 9.2798677164e-01
3.9871206541e+00 2.5191737470e+00 1.5796084439e+00 2.4736160138e+00 3.1965283556e+00 2.1750000000e+03 8.6000000000e+00 9.2798677164e-01
3.9916679523e+00 2.7135684603e+00 1.6185837889e+00 2.4300035291e+00 2.4649170476e+00 2.1760000000e+03 8.6000000000e+00 9.2798677164e-01
3.9963854749e+00 2.7209509496e+00 1.5657900789e+00 2.4232697693e+00 7.6351471427e+00 2.1770000000e+03 8.6000000000e+00 9.2798677164e-01
3.9964487828e+00 3.1895419197e+00 1.5836886520e+00 2.4853576462e+00 1.1688543957e+01 2.1780000000e+03 8.6000000000e+00 9.2798677164e-01
3.9987192411e+00 3.5719878163e+00 1.5770271689e+00 2.4358919571e+00 1.6601296981e+01 2.1790000000e+03 8.6000000000e+00 9.2798677164e-01
4.0005089041e+00 2.8288044935e+00 1.5656468039e+00 2.4717169309e+00 1.1494747217e+01 2.1800000000e+03 8.6000000000e+00 9.2798677164e-01
4.0019441375e+00 3.0256189773e+00 1.6309545771e+00 2.4454389892e+00 1.7983937935e+01 2.1810000000e+03 8.6000000000e+00 9.2798677164e-01
4.0020880968e+00 2.7926698500e+00 1.6676131479e+00 2.4829902468e+00 1.7416492243e+01 2.1820000000e+03 8.6000000000e+00 9.2798677164e-01
4.0021743085e+00 2.6471170977e+00 1.6803650639e+00 2.4739161237e+00 1.5728839410e+01 2.1830000000e+03 8.6000000000e+00 9.2798677164e-01
4.0047219630e+00 2.6604108926e+00 1.6880059050e+00 2.4629780482e+00 7.7286578046e+00 2.1840000000e+03 8.6000000000e+00 9.2798677164e-01
4.0068389938e+00 2.5114967877e+00 1.6533816061e+00 2.4810287406e+00 4.2344348176e+00 2.1850000000e+03 8.6000000000e+00 9.2798677164e-01
4.0069936372e+00 2.7203140274e+00 1.6555829851e+00 2.4958571733e+00 1.2306340457e+01 2.1860000000e+03 8.6000000000e+00 9.2798677164e-01
4.0070809001e+00 3.0560411924e+00 1.6644270470e+00 2.4861219521e+00 1.6383958943e+01 2.1870000000e+03 8.6000000000e+00 9.2798677164e-01
4.0073000306e+00 4.2281421130e+00 1.6816555662e+00 2.4761481277e+00 1.4566387304e+01 2.1880000000e+03 8.6000000000e+00 9.2798677164e-01
4.0084441530e+00 2.5992353883e+00 1.7003302568e+00 2.4280951210e+00 2.6806441222e+00 2.1890000000e+03 8.6000000000e+00 9.2798677164e-01
4.0086616772e+00 2.8037915300e+00 1.7261669844e+00 2.4562184816e+00 9.8172562994e+00 2.1900000000e+03 8.6000000000e+00 9.2798677164e-01
4.0107477231e+00 2.6282399291e+00 1.7326669291e+00 2.4919222215e+00 1.7661461365e+01 2.1910000000e+03 8.6000000000e+00 9.2798677164e-01
4.0109035474e+00 2.6472524056e+00 1.7221244673e+00 2.4957104328e+00 3.2948139492e+00 2.1920000000e+03 8.6000000000e+00 9.2798677164e-01
4.0117200722e+00 2.5127877453e+00 1.7517769698e+00 2.4270865558e+00 3.7761341456e+00 2.1930000000e+03 8.6000000000e+00 9.2798677164e-01
4.0117561246e+00 3.1417749377e+00 1.7822942349e+00 2.4545034467e+00 1.1369646521e+01 2.1940000000e+03 8.6000000000e+00 9.2798677164e-01
4.0118513959e+00 2.6265332922e+00 1.7391493573e+00 2.4969494450e+00 8.0716852345e+00 2.1950000000e+03 8.6000000000e+00 9.2798677164e-01
4.0125305791e+00 2.8957002814e+00 1.7594048062e+00 2.4635727929e+00 1.7049625537e+01 2.1960000000e+03 8.6000000000e+00 9.2798677164e-01
4.0141082203e+00 2.6414400875e+00 1.7732703237e+00 2.4561446804e+00 1.7920939319e+01 2.1970000000e+03 8.6000000000e+00 9.2798677164e-01
4.0184526681e+00 3.1577014177e+00 1.7365613149e+00 2.4776732043e+00 5.6380711556e+00 2.1980000000e+03 8.6000000000e+00 9.2798677164e-01
4.0253772127e+00 2.6905201100e+00 1.7741443125e+00 2.4902687082e+00 1.2026509335e+01 2.1990000000e+03 8.6000000000e+00 9.2798677164e-01
4.0267652535e+00 2.9091516345e+00 1.8727301193e+00 2.4697907298e+00 1.3836250934e+01 2.2000000000e+03 8.6000000000e+00 9.2798677164e-01
4.0271189544e+00 3.2094635198e+00 1.8262710753e+00 2.4733967417e+00 1.3695360152e+01 2.2010000000e+03 8.6000000000e+00 9.2798677164e-01
4.0282636310e+00 3.8976435866e+00 1.8202457613e+00 2.4658035795e+00 1.3198112391e+01 2.2020000000e+03 8.6000000000e+00 9.2798677164e-01
4.0301104131e+00 2.7270332004e+00 1.8404765321e+00 2.4370454867e+00 7.7349839147e+00 2.2030000000e+03 8.6000000000e+00 9.2798677164e-01
4.0354510285e+00 3.2543741852e+00 1.8033439179e+00 2.4319087486e+00 1.0024469551e+01 2.2040000000e+03 8.6000000000e+00 9.2798677164e-01
4.0384022187e+00 2.5774374790e+00 1.8551214695e+00 2.4364695580e+00 5.2761655404e+00 2.2050000000e+03 8.6000000000e+00 9.2798677164e-01
4.0426701926e+00 2.5158086084e+00 1.8276040138e+00 2.4272073932e+00 1.7659967435e+01 2.2060000000e+03 8.6000000000e+00 9.2798677164e-01
4.0429861232e+00 2.5591269097e+00 1.8316672481e+00 2.4370421335e+00 2.7833754194e+00 2.2070000000e+03 8.6000000000e+00 9.2798677164e-01
4.0453112082e+00 2.7343276691e+00 1.8170479453e+00 2.4314181880e+00 6.2913800492e+00 2.2080000000e+03 8.6000000000e+00 9.2798677164e-01
4.0466415616e+00 2.6544413816e+00 1.8688586649e+00 2.4549657077e+00 1.3759327330e+01 2.2090000000e+03 8.6000000000e+00 9.2798677164e-01
4.0559077910e+00 2.7281123795e+00 1.9515228198e+00 2.4469221510e+00 8.0180373996e+00 2.2100000000e+03 8.6000000000e+00 9.2798677164e-01
4.0604815181e+00 3.1248018734e+00 1.9282498310e+00 2.4556067940e+00 1.5643874462e+01 2.2110000000e+03 8.6000000000e+00 9.2798677164e-01
4.0608573857e+00 2.5098763897e+00 1.9209538349e+00 2.4940435837e+00 1.3620167226e+01 2.2120000000e+03 8.6000000000e+00 9.2798677164e-01
4.0617332230e+00 2.9651015663e+00 1.9510912870e+00 2.4316883683e+00 2.4994575903e+00 2.2130000000e+03 8.6000000000e+00 9.2798677164e-01
4.0619359076e+00 3.2744567580e+00 1.9504827956e+00 2.4552323856e+00 1.0564423458e+01 2.2140000000e+03 8.6000000000e+00 9.2798677164e-01
4.0626977677e+00 2.7691675207e+00 1.9785635564e+00 2.4871721253e+00 4.7787148239e+00 2.2150000000e+03 8.6000000000e+00 9.2798677164e-01
4.0640975140e+00 3.0582611422e+00 1.9785236169e+00 2.4889946897e+00 3.7747063254e+00 2.2160000000e+03 8.6000000000e+00 9.2798677164e-01
4.0673562524e+00 2.5057032273e+00 1.9915511896e+00 2.4876232125e+00 7.4604983911e+00 2.2170000000e+03 8.6000000000e+00 9.2798677164e-01
4.0692445244e+00 2.7783931100e+00 1.9981012349e+00 2.4449394470e+00 4.9868391314e+00 2.2180000000e+03 8.6000000000e+00 9.2798677164e-01
4.0735708115e+00 2.7590738968e+00 1.9942996579e+00 2.4869443872e+00 1.1614085937e+01 2.2190000000e+03 8.6000000000e+00 9.2798677164e-01
4.0741772381e+00 2.5038941619e+00 2.0763988763e+00 2.4842078932e+00 1.5295854846e+01 2.2200000000e+03 8.6000000000e+00 9.2798677164e-01
4.0757224769e+00 3.4462150157e+00 2.0708852435e+00 2.4426884097e+00 1.0704097937e+01 2.2210000000e+03 8.6000000000e+00 9.2798677164e-01
4.0787984319e+00 2.5973535905e+00 2.0764456489e+00 2.4656763722e+00 1.0363303090e+01 2.2220000000e+03 8.6000000000e+00 9.2798677164e-01
4.0817495111e+00 3.8353566605e+00 2.0660929811e+00 2.4338281902e+00 6.2231420917e+00 2.2230000000e+03 8.6000000000e+00 9.2798677164e-01
4.0824022770e+00 2.7378261698e+00 2.0701361601e+00 2.4252306807e+00 1.1722114179e+01 2.2240000000e+03 8.6000000000e+00 9.2798677164e-01
4.0835697128e+00 3.0414248572e+00 2.0417653817e+00 2.4259026415e+00 1.7322962482e+01 2.2250000000e+03 8.6000000000e+00 9.2798677164e-01
4.0844078099e+00 2.6970178066e+00 2.0423938630e+00 2.4304393193e+00 1.3753403451e+01 2.2260000000e+03 8.6000000000e+00 9.2798677164e-01
4.0877264402e+00 2.5485757266e+00 2.1402743385e+00 2.4270049803e+00 9.1426644014e+00 2.2270000000e+03 8.6000000000e+00 9.2798677164e-01
4.0890937131e+00 2.7481336721e+00 2.1703037238e+00 2.4305048480e+00 1.0149539268e+01 2.2280000000e+03 8.6000000000e+00 9.2798677164e-01
4.0914434312e+00 2.7573283791e+00 2.1306923512e+00 2.4788863524e+00 9.2578018459e+00 2.2290000000e+03 8.6000000000e+00 9.2798677164e-01
4.0924128067e+00 2.8941151219e+00 2.1213367050e+00 2.4459038513e+00 1.6604925194e+01 2.2300000000e+03 8.6000000000e+00 9.2798677164e-01
4.0928927256e+00 2.6124259118e+00 2.1759680670e+00 2.4282776012e+00 4.9885820661e+00 2.2310000000e+03 8.6000000000e+00 9.2798677164e-01
4.0932402552e+00 3.0950393560e+00 2.1805999726e+00 2.4226136109e+00 1.5103384168e+01 2.2320000000e+03 8.6000000000e+00 9.2798677164e-01
4.0950156395e+00 3.4071569423e+00 2.1830190868e+00 2.4569804580e+00 1.2699665639e+01 2.2330000000e+03 8.6000000000e+00 9.2798677164e-01
4.0959902704e+00 2.6237137139e+00 2.1755993349e+00 2.4461176909e+00 8.3477833916e+00 2.2340000000e+03 8.6000000000e+00 9.2798677164e-01
4.0981795123e+00 2.9365471047e+00 2.1656174125e+00 2.4824630243e+00 1.1343821365e+01 2.2350000000e+03 8.6000000000e+00 9.2798677164e-01
4.0987308408e+00 2.6822475764e+00 2.2459471206e+00 2.4440722872e+00 4.6328836791e+00 2.2360000000e+03 8.6000000000e+00 9.2798677164e-01
4.1021562801e+00 3.3823868301e+00 2.1937343937e+00 2.4842099458e+00 2.4734747855e+00 2.2370000000e+03 8.6000000000e+00 9.2798677164e-01
4.1027736350e+00 2.5526078248e+00 2.2195942791e+00 2.4934150001e+00 3.8761051854e+00 2.2380000000e+03 8.6000000000e+00 9.2798677164e-01
4.1029489982e+00 2.6806987098e+00 2.1910490064e+00 2.4824755566e+00 1.4717101677e+01 2.2390000000e+03 8.6000000000e+00 9.2798677164e-01
4.1118893224e+00 2.9395134713e+00 2.3174356260e+00 2.4599499711e+00 4.9786282041e+00 2.2400000000e+03 8.6000000000e+00 9.2798677164e-01
4.1154920326e+00 2.6078437749e+00 2.3296007369e+00 2.4812912433e+00 1.7275964501e+01 2.2410000000e+03 8.6000000000e+00 9.2798677164e-01
4.1158834304e+00 2.5316907549e+00 2.3154474840e+00 2.4240128987e+00 2.1486628068e+00 2.2420000000e+03 8.6000000000e+00 9.2798677164e-01
4.1258494448e+00 2.7453584607e+00 2.3096445143e+00 2.4481036011e+00 1.2321741033e+01 2.2430000000e+03 8.6000000000e+00 9.2798677164e-01
4.1357896826e+00 2.7261394790e+00 2.3136104703e+00 2.4713599417e+00 6.9026913488e+00 2.2440000000e+03 8.6000000000e+00 9.2798677164e-01
4.1361648912e+00 2.8834136858e+00 2.2680542412e+00 2.4759095334e+00 7.7918443858e+00 2.2450000000e+03 8.6000000000e+00 9.2798677164e-01
4.1366603333e+00 2.6044321785e+00 2.2902432612e+00 2.4415005625e+00 1.1807962457e+01 2.2460000000e+03 8.6000000000e+00 9.2798677164e-01
4.1370626881e+00 3.4184363441e+00 2.3122809073e+00 2.4819151538e+00 2.3913714162e+00 2.2470000000e+03 8.6000000000e+00 9.2798677164e-01
4.1423850118e+00 2.6720440506e+00 2.2972451990e+00 2.4751646465e+00 1.3324545700e+01 2.2480000000e+03 8.6000000000e+00 9.2798677164e-01
4.1427235635e+00 2.5914623713e+00 2.3204249393e+00 2.4669133101e+00 1.1193904749e+01 2.2490000000e+03 8.6000000000e+00 9.2798677164e-01
4.1485801560e+00 2.6642200517e+00 2.3596153954e+00 2.4367749495e+00 1.1951518826e+01 2.2500000000e+03 8.6000000000e+00 9.2798677164e-01
4.1567091135e+00 2.7777659608e+00 2.3504747432e+00 2.4331519322e+00 1.7510066661e+01 2.2510000000e+03 8.6000000000e+00 9.2798677164e-01
4.1567261993e+00 3.1546082722e+00 2.3572889898e+00 2.4810621972e+00 1.1576794190e+01 2.2520000000e+03 8.6000000000e+00 9.2798677164e-01
4.1569391127e+00 3.0799152260e+00 2.4076081668e+00 2.4293710072e+00 8.5153875058e+00 2.2530000000e+03 8.6000000000e+00 9.2798677164e-01
4.1642610107e+00 2.5761672385e+00 2.3774506862e+00 2.4681513029e+00 2.0444968837e+00 2.2540000000e+03 8.6000000000e+00 9.2798677164e-01
4.1657761263e+00 2.5853202564e+00 2.4601559546e+00 2.4748291846e+00 1.0755717714e+01 2.2550000000e+03 8.6000000000e+00 9.2798677164e-01
4.1679732137e+00 2.5302146177e+00 2.4405260712e+00 2.4864397132e+00 3.2859228924e+00 2.2560000000e+03 8.6000000000e+00 9.2798677164e-01
4.1783785192e+00 2.9879991670e+00 2.4953149455e+00 2.4320382498e+00 1.2707718002e+01 2.2570000000e+03 8.6000000000e+00 9.2798677164e-01
4.1840621849e+00 3.2098992023e+00 2.4605955969e+00 2.4277828925e+00 1.0218354528e+01 2.2580000000e+03 8.6000000000e+00 9.2798677164e-01
4.1851730876e+00 3.6378254277e+00 2.4931868951e+00 2.4411439459e+00 3.5748537016e+00 2.2590000000e+03 8.6000000000e+00 9.2798677164e-01
4.1862128761e+00 2.5775171310e+00 2.4738894898e+00 2.4246476280e+00 6.2230344643e+00 2.2600000000e+03 8.6000000000e+00 9.2798677164e-01
4.1917801232e+00 2.5378705424e+00 2.4448142149e+00 2.4514907891e+00 1.1678392543e+01 2.2610000000e+03 8.6000000000e+00 9.2798677164e-01
4.2020182148e+00 2.7362742296e+00 2.4536830553e+00 2.4853090379e+00 1.0258251612e+01 2.2620000000e+03 8.6000000000e+00 9.2798677164e-01
4.2021072233e+00 2.6746430493e+00 2.5228147705e+00 2.4930975939e+00 1.3591198850e+01 2.2630000000e+03 8.6000000000e+00 9.2798677164e-01
4.2036617799e+00 2.9367083097e+00 2.5104351121e+00 2.4622266893e+00 1.0160579057e+01 2.2640000000e+03 8.6000000000e+00 9.2798677164e-01
4.2040008551e+00 3.1383327735e+00 2.5711740825e+00 2.4307978735e+00 1.7592523569e+01 2.2650000000e+03 8.6000000000e+00 9.2798677164e-01
4.2043510811e+00 3.6353069810e+00 2.5384787242e+00 2.4760387173e+00 1.0644519168e+01 2.2660000000e+03 8.6000000000e+00 9.2798677164e-01
4.2048683756e+00 2.8494976214e+00 2.5616073324e+00 2.4790106651e+00 8.4452990393e+00 2.2670000000e+03 8.6000000000e+00 9.2798677164e-01
4.2051634509e+00 2.6195111638e+00 2.5431637574e+00 2.4896282998e+00 9.7906776104e+00 2.2680000000e+03 8.6000000000e+00 9.2798677164e-01
4.2054602607e+00 3.0752745162e+00 2.5021967757e+00 2.4870587831e+00 5.4867801918e+00 2.2690000000e+03 8.6000000000e+00 9.2798677164e-01
4.2103487159e+00 3.2768519822e+00 2.5199115476e+00 2.4588908363e+00 1.0630187727e+01 2.2700000000e+03 8.6000000000e+00 9.2798677164e-01
4.2142578171e+00 3.1208034339e+00 2.6456949472e+00 2.4287074721e+00 1.7837315749e+01 2.2710000000e+03 8.6000000000e+00 9.2798677164e-01
4.2197133938e+00 2.6626441664e+00 2.6044867215e+00 2.4598294531e+00 1.3865602426e+01 2.2720000000e+03 8.6000000000e+00 9.2798677164e-01
4.2208942462e+00 2.5568375310e+00 2.6409129563e+00 2.4289610773e+00 7.4185704461e+00 2.2730000000e+03 8.6000000000e+00 9.2798677164e-01
4.2212058547e+00 3.0815703175e+00 2.6465311317e+00 2.4956647917e+00 4.8245921260e+00 2.2740000000e+03 8.6000000000e+00 9.2798677164e-01
4.2214109035e+00 2.9175479305e+00 2.6274147728e+00 2.4707759090e+00 3.0030766386e+00 2.2750000000e+03 8.6000000000e+00 9.2798677164e-01
4.2219231816e+00 2.7283676456e+00 2.6319503741e+00 2.4797444983e+00 1.3032655473e+01 2.2760000000e+03 8.6000000000e+00 9.2798677164e-01
4.2258117400e+00 3.1159038871e+00 2.5885983562e+00 2.4978758974e+00 1.2877805807e+01 2.2770000000e+03 8.6000000000e+00 9.2798677164e-01
4.2301131329e+00 2.5048122095e+00 2.5846864555e+00 2.4368305150e+00 8.0590872593e+00 2.2780000000e+03 8.6000000000e+00 9.2798677164e-01
4.2312996598e+00 2.6167781611e+00 2.6270852250e+00 2.4976927519e+00 1.7992018749e+01 2.2790000000e+03 8.6000000000e+00 9.2798677164e-01
4.2316132607e+00 3.1116662150e+00 2.6260021917e+00 2.4578979401e+00 9.8191967628e+00 2.2800000000e+03 8.6000000000e+00 9.2798677164e-01
4.2317881639e+00 2.8996930254e+00 2.6593079960e+00 2.4986179508e+00 1.3186212653e+01 2.2810000000e+03 8.6000000000e+00 9.2798677164e-01
4.2333168717e+00 3.8068449250e+00 2.6584708583e+00 2.4357721247e+00 4.2296324845e+00 2.2820000000e+03 8.6000000000e+00 9.2798677164e-01
4.2358113937e+00 2.8338660993e+00 2.7170526227e+00 2.4840767791e+00 1.7120523146e+01 2.2830000000e+03 8.6000000000e+00 9.2798677164e-01
4.2404588026e+00 2.6051558407e+00 2.6635538873e+00 2.4926616073e+00 3.9308524597e+00 2.2840000000e+03 8.6000000000e+00 9.2798677164e-01
4.2431551103e+00 2.6929633904e+00 2.7337295486e+00 2.4395371966e+00 1.7013974031e+01 2.2850000000e+03 8.6000000000e+00 9.2798677164e-01
4.2432580706e+00 2.5529461943e+00 2.6592598171e+00 2.4646283516e+00 1.0848365412e+01 2.2860000000e+03 8.6000000000e+00 9.2798677164e-01
4.2487918963e+00 2.6833549156e+00 2.6762147959e+00 2.4694771269e+00 3.8663981389e+00 2.2870000000e+03 8.6000000000e+00 9.2798677164e-01
4.2491598373e+00 2.5060693088e+00 2.6979463232e+00 2.4892151045e+00 1.2502324503e+01 2.2880000000e+03 8.6000000000e+00 9.2798677164e-01
4.2505035484e+00 3.4483707580e+00 2.6946826446e+00 2.4752072439e+00 1.6088388498e+01 2.2890000000e+03 8.6000000000e+00 9.2798677164e-01
4.2534290357e+00 2.5753623900e+00 2.7918841629e+00 2.4813558752e+00 5.9237128218e+00 2.2900000000e+03 8.6000000000e+00 9.2798677164e-01
4.2540591238e+00 3.1243028997e+00 2.7630112074e+00 2.4755417445e+00 2.1635729777e+00 2.2910000000e+03 8.6000000000e+00 9.2798677164e-01
4.2569355750e+00 3.2090636528e+00 2.8106194660e+00 2.4297413843e+00 1.7546851151e+01 2.2920000000e+03 8.6000000000e+00 9.2798677164e-01
4.2593308306e+00 2.6599040306e+00 2.7801120196e+00 2.4859968301e+00 1.6341588032e+01 2.2930000000e+03 8.6000000000e+00 9.2798677164e-01
4.2621612846e+00 2.5004065736e+00 2.8012055655e+00 2.4856559855e+00 8.5486496768e+00 2.2940000000e+03 8.6000000000e+00 9.2798677164e-01
4.2634378893e+00 2.9693626551e+00 2.7871231375e+00 2.4644503106e+00 5.4005704534e+00 2.2950000000e+03 8.6000000000e+00 9.2798677164e-01
4.2635137068e+00 2.6027005095e+00 2.8028144588e+00 2.4600640068e+00 1.6989933378e+01 2.2960000000e+03 8.6000000000e+00 9.2798677164e-01
4.2641089235e+00 2.8728609609e+00 2.8688046509e+00 2.4781960872e+00 7.2757564147e+00 2.2970000000e+03 8.6000000000e+00 9.2798677164e-01
4.2680876348e+00 2.5939492227e+00 2.8431178948e+00 2.4915942242e+00 5.9574011734e+00 2.2980000000e+03 8.6000000000e+00 9.2798677164e-01
4.2719930478e+00 2.8342815607e+00 2.8291313942e+00 2.4981203008e+00 4.3554443296e+00 2.2990000000e+03 8.6000000000e+00 9.2798677164e-01
4.2820790295e+00 3.8262299162e+00 2.8770295187e+00 2.4924817409e+00 2.5807978004e+00 2.3000000000e+03 8.6000000000e+00 9.2798677164e-01
4.2829787477e+00 2.5972856668e+00 2.8309220093e+00 2.4876481177e+00 9.2834916345e+00 2.3010000000e+03 8.6000000000e+00 9.2798677164e-01
4.2863326186e+00 2.9597294807e+00 2.8814985799e+00 2.4792500557e+00 9.6906751946e+00 2.3020000000e+03 8.6000000000e+00 9.2798677164e-01
4.2879708056e+00 3.5597664974e+00 2.8605017450e+00 2.4354326001e+00 9.6412718678e+00 2.3030000000e+03 8.6000000000e+00 9.2798677164e-01
4.2901934425e+00 2.5594327681e+00 2.8406825168e+00 2.4916273249e+00 4.5549812451e+00 2.3040000000e+03 8.6000000000e+00 9.2798677164e-01
4.2945949793e+00 3.3511380997e+00 2.9609441849e+00 2.4583581051e+00 2.5101794880e+00 2.3050000000e+03 8.6000000000e+00 9.2798677164e-01
4.2976660527e+00 2.5574563252e+00 2.9490895707e+00 2.4733319239e+00 7.8317486477e+00 2.3060000000e+03 8.6000000000e+00 9.2798677164e-01
4.2988028246e+00 3.1684968805e+00 2.8940293512e+00 2.4597133646e+00 1.2536573409e+01 2.3070000000e+03 8.6000000000e+00 9.2798677164e-01
4.2997109248e+00 3.4018715968e+00 2.9160984600e+00 2.4372349472e+00 1.3256871774e+01 2.3080000000e+03 8.6000000000e+00 9.2798677164e-01
4.3052558708e+00 2.5426897012e+00 2.9657976515e+00 2.4592172169e+00 5.7153864540e+00 2.3090000000e+03 8.6000000000e+00 9.2798677164e-01
4.3055084324e+00 2.6658619947e+00 2.9178764531e+00 2.4456962273e+00 4.1267514525e+00 2.3100000000e+03 8.6000000000e+00 9.2798677164e-01
4.3058117938e+00 3.2756673670e+00 2.9085995348e+00 2.4885657098e+00 3.5634523834e+00 2.3110000000e+03 8.6000000000e+00 9.2798677164e-01
4.3089173031e+00 2.9811895905e+00 2.9264909623e+00 2.4442914189e+00 3.2641379343e+00 2.3120000000e+03 8.6000000000e+00 9.2798677164e-01
4.3106612602e+00 2.7365399446e+00 2.9208701634e+00 2.4680039409e+00 1.2791368381e+01 2.3130000000e+03 8.6000000000e+00 9.2798677164e-01
4.3125608378e+00 2.8269835774e+00 2.9402303422e+00 2.4684651021e+00 1.3644948313e+01 2.3140000000e+03 8.6000000000e+00 9.2798677164e-01
4.3131542463e+00 2.7013642527e+00 2.9102685136e+00 2.4476722873e+00 1.0240613277e+01 2.3150000000e+03 8.6000000000e+00 9.2798677164e-01
4.3147581154e+00 3.6811447895e+00 3.0456580714e+00 2.4805395451e+00 3.3550427074e+00 2.3160000000e+03 8.6000000000e+00 9.2798677164e-01
4.3156476314e+00 3.1394554225e+00 2.9738694187e+00 2.4988930377e+00 6.6745095145e+00 2.3170000000e+03 8.6000000000e+00 9.2798677164e-01
4.3253696348e+00 2.5126517295e+00 2.9856916374e+00 2.4290095413e+00 8.9223534550e+00 2.3180000000e+03 8.6000000000e+00 9.2798677164e-01
4.3254400275e+00 2.5932334445e+00 3.0148417623e+00 2.4469423159e+00 1.4472726810e+01 2.3190000000e+03 8.6000000000e+00 9.2798677164e-01
4.3265307513e+00 4.7108292988e+00 2.9970460182e+00 2.4843857404e+00 1.0638282478e+01 2.3200000000e+03 8.6000000000e+00 9.2798677164e-01
4.3269205577e+00 3.1188966524e+00 3.0085003116e+00 2.4505954101e+00 1.1694602934e+01 2.3210000000e+03 8.6000000000e+00 9.2798677164e-01
4.3285607780e+00 2.7049987819e+00 2.9892040792e+00 2.4567782395e+00 2.6941457193e+00 2.3220000000e+03 8.6000000000e+00 9.2798677164e-01
4.3329582890e+00 3.6634674959e+00 2.9855901941e+00 2.4570176449e+00 2.2989478245e+00 2.3230000000e+03 8.6000000000e+00 9.2798677164e-01
4.3330441676e+00 2.5230507385e+00 3.0258875379e+00 2.4715790908e+00 6.8072246845e+00 2.3240000000e+03 8.6000000000e+00 9.2798677164e-01
4.3338952405e+00 3.4484072485e+00 3.0690303187e+00 2.4724536040e+00 5.4883996668e+00 2.3250000000e+03 8.6000000000e+00 9.2798677164e-01
4.3370960519e+00 2.5060740450e+00 3.0723414633e+00 2.4760546184e+00 4.4934659215e+00 2.3260000000e+03 8.6000000000e+00 9.2798677164e-01
4.3414782305e+00 3.2067209348e+00 3.0733771635e+00 2.4292059776e+00 1.0151982863e+01 2.3270000000e+03 8.6000000000e+00 9.2798677164e-01
4.3435795460e+00 2.7405162450e+00 3.1157616037e+00 2.4407549069e+00 7.7002290901e+00 2.3280000000e+03 8.6000000000e+00 9.2798677164e-01
4.3459616361e+00 2.6334317018e+00 3.0687325863e+00 2.4301376650e+00 1.5631300064e+01 2.3290000000e+03 8.6000000000e+00 9.2798677164e-01
4.3460355895e+00 2.9854818982e+00 3.1039197038e+00 2.4690424069e+00 8.4479102785e+00 2.3300000000e+03 8.6000000000e+00 9.2798677164e-01
4.3463237408e+00 2.5294967740e+00 3.0861275631e+00 2.4741987468e+00 1.7345862233e+01 2.3310000000e+03 8.6000000000e+00 9.2798677164e-01
4.3479809109e+00 2.5907256467e+00 3.0592041463e+00 2.4651760691e+00 6.8233555225e+00 2.3320000000e+03 8.6000000000e+00 9.2798677164e-01
4.3506021439e+00 2.7958204882e+00 3.1456281406e+00 2.4548693664e+00 1.6212635516e+01 2.3330000000e+03 8.6000000000e+00 9.2798677164e-01
4.3518946944e+00 2.9000295004e+00 3.2353256128e+00 2.4787445262e+00 4.9337263497e+00 2.3340000000e+03 8.6000000000e+00 9.2798677164e-01
4.3531647007e+00 3.0910931055e+00 3.2804267320e+00 2.4932093180e+00 1.3857099599e+01 2.3350000000e+03 8.6000000000e+00 9.2798677164e-01
4.3534104711e+00 3.3258351993e+00 3.2719778048e+00 2.4463686464e+00 1.5933632573e+01 2.3360000000e+03 8.6000000000e+00 9.2798677164e-01
4.3577197631e+00 2.9723313493e+00 3.2129820395e+00 2.4566733051e+00 1.0089519126e+01 2.3370000000e+03 8.6000000000e+00 9.2798677164e-01
4.3630389629e+00 2.9001621950e+00 3.2504674731e+00 2.4492910881e+00 1.0580336632e+01 2.3380000000e+03 8.6000000000e+00 9.2798677164e-01
4.3639404502e+00 2.6361391658e+00 3.2308972929e+00 2.4528790232e+00 6.9002454706e+00 2.3390000000e+03 8.6000000000e+00 9.2798677164e-01
4.3682303712e+00 2.5439988172e+00 3.2387801001e+00 2.4851907269e+00 1.4153434497e+01 2.3400000000e+03 8.6000000000e+00 9.2798677164e-01
4.3713422130e+00 2.8482721457e+00 3.2426721107e+00 2.4845540906e+00 3.9820985970e+00 2.3410000000e+03 8.6000000000e+00 9.2798677164e-01
4.3721095905e+00 3.0116672329e+00 3.2309083393e+00 2.4905736937e+00 7.3297707988e+00 2.3420000000e+03 8.6000000000e+00 9.2798677164e-01
4.3730381167e+00 2.5605163456e+00 3.2077268789e+00 2.4670623466e+00 7.6361616984e+00 2.3430000000e+03 8.6000000000e+00 9.2798677164e-01
4.3749676260e+00 3.0152405323e+00 3.2909996615e+00 2.4455121492e+00 1.7461857498e+01 2.3440000000e+03 8.6000000000e+00 9.2798677164e-01
4.3764718462e+00 2.5175785565e+00 3.2978981123e+00 2.4792712013e+00 1.4329381913e+01 2.3450000000e+03 8.6000000000e+00 9.2798677164e-01
4.3771063989e+00 2.6218009162e+00 3.3112253237e+00 2.4464092413e+00 6.9332331355e+00 2.3460000000e+03 8.6000000000e+00 9.2798677164e-01
4.3779175270e+00 3.3924646743e+00 3.2836237730e+00 2.4603572982e+00 1.0839961437e+01 2.3470000000e+03 8.6000000000e+00 9.2798677164e-01
4.3781156209e+00 2.9188553558e+00 3.3394127754e+00 2.4253010732e+00 1.3862507279e+01 2.3480000000e+03 8.6000000000e+00 9.2798677164e-01
4.3798309340e+00 2.7148915675e+00 3.2957759304e+00 2.4231583040e+00 3.5807378189e+00 2.3490000000e+03 8.6000000000e+00 9.2798677164e-01
4.3829172031e+00 2.5418945807e+00 3.4370263117e+00 2.4277255332e+00 7.2018244403e+00 2.3500000000e+03 8.6000000000e+00 9.2798677164e-01
4.3830700265e+00 2.7916806539e+00 3.3823444604e+00 2.4257581049e+00 7.1161338538e+00 2.3510000000e+03 8.6000000000e+00 9.2798677164e-01
4.3846147901e+00 3.5723461725e+00 3.3818967000e+00 2.4256432895e+00 5.8349827818e+00 2.3520000000e+03 8.6000000000e+00 9.2798677164e-01
4.3850479759e+00 3.2917183684e+00 3.3690037111e+00 2.4586221540e+00 1.3633664389e+01 2.3530000000e+03 8.6000000000e+00 9.2798677164e-01
4.3859066698e+00 3.1973344528e+00 3.4002105763e+00 2.4330120183e+00 7.3811319050e+00 2.3540000000e+03 8.6000000000e+00 9.2798677164e-01
4.3891483701e+00 3.1359663123e+00 3.3668156380e+00 2.4548402905e+00 1.7623379272e+01 2.3550000000e+03 8.6000000000e+00 9.2798677164e-01
4.3893220706e+00 2.6415648061e+00 3.4384533897e+00 2.4785234246e+00 1.3136743847e+01 2.3560000000e+03 8.6000000000e+00 9.2798677164e-01
4.3913385821e+00 3.2723048387e+00 3.4946273234e+00 2.4609744029e+00 1.1774372835e+01 2.3570000000e+03 8.6000000000e+00 9.2798677164e-01
4.3914102969e+00 2.9489644334e+00 3.4784707668e+00 2.4586724041e+00 3.5341343570e+00 2.3580000000e+03 8.6000000000e+00 9.2798677164e-01
4.3986096936e+00 2.9320037493e+00 3.5005457637e+00 2.4789681645e+00 2.6040894996e+00 2.3590000000e+03 8.6000000000e+00 9.2798677164e-01
4.3990698915e+00 2.8182310905e+00 3.5075238509e+00 2.4934962601e+00 9.4580304565e+00 2.3600000000e+03 8.6000000000e+00 9.2798677164e-01
4.4003118840e+00 2.9038129328e+00 3.5024551024e+00 2.4435531465e+00 1.4354364087e+01 2.3610000000e+03 8.6000000000e+00 9.2798677164e-01
4.4007909067e+00 3.0077801174e+00 3.4865626891e+00 2.4476000239e+00 1.6726534867e+01 2.3620000000e+03 8.6000000000e+00 9.2798677164e-01
4.4012294791e+00 2.6183140991e+00 3.4455572476e+00 2.4835994529e+00 1.7567865804e+01 2.3630000000e+03 8.6000000000e+00 9.2798677164e-01
4.4030325987e+00 2.8108883112e+00 3.4729798479e+00 2.4531653184e+00 4.6869365289e+00 2.3640000000e+03 8.6000000000e+00 9.2798677164e-01
4.4059124653e+00 2.9995577933e+00 3.4585183289e+00 2.4574141420e+00 9.7275266419e+00 2.3650000000e+03 8.6000000000e+00 9.2798677164e-01
4.4063729628e+00 3.7997505089e+00 3.4575401236e+00 2.4536307296e+00 1.7848242282e+01 2.3660000000e+03 8.6000000000e+00 9.2798677164e-01
4.4067755684e+00 3.3016282275e+00 3.5243818945e+00 2.4314067808e+00 5.5085625652e+00 2.3670000000e+03 8.6000000000e+00 9.2798677164e-01
4.4147721148e+00 3.3343252273e+00 3.5251190441e+00 2.4328640757e+00 1.2608352034e+01 2.3680000000e+03 8.6000000000e+00 9.2798677164e-01
4.4156033624e+00 3.3802404739e+00 3.5698559932e+00 2.4298624604e+00 1.3557816848e+01 2.3690000000e+03 8.6000000000e+00 9.2798677164e-01
4.4206600885e+00 2.5740166762e+00 3.5325566910e+00 2.4851397680e+00 1.0985459564e+01 2.3700000000e+03 8.6000000000e+00 9.2798677164e-01
4.4250737601e+00 2.9005677879e+00 3.5268338317e+00 2.4317627622e+00 9.2239486741e+00 2.3710000000e+03 8.6000000000e+00 9.2798677164e-01
4.4294687129e+00 2.5189507758e+00 3.6408195985e+00 2.4352400722e+00 5.3805441378e+00 2.3720000000e+03 8.6000000000e+00 9.2798677164e-01
4.4310210745e+00 2.5835453926e+00 3.6717295706e+00 2.4437799722e+00 9.3274551548e+00 2.3730000000e+03 8.6000000000e+00 9.2798677164e-01
4.4356092081e+00 2.5398814678e+00 3.6072841701e+00 2.4348024473e+00 5.2244002515e+00 2.3740000000e+03 8.6000000000e+00 9.2798677164e-01
4.4365234743e+00 3.6322226139e+00 3.5960661117e+00 2.4553756815e+00 1.0414835562e+01 2.3750000000e+03 8.6000000000e+00 9.2798677164e-01
4.4383761994e+00 2.8370315196e+00 3.6634997341e+00 2.4582681491e+00 8.1945504948e+00 2.3760000000e+03 8.6000000000e+00 9.2798677164e-01
4.4387049089e+00 2.8255434429e+00 3.6768389395e+00 2.4887140818e+00 1.6914926839e+01 2.3770000000e+03 8.6000000000e+00 9.2798677164e-01
4.4389543293e+00 2.7180261398e+00 3.6960005742e+00 2.4564724030e+00 3.5328734574e+00 2.3780000000e+03 8.6000000000e+00 9.2798677164e-01
4.4394663268e+00 2.7367634228e+00 3.7007440261e+00 2.4566850281e+00 8.9653733451e+00 2.3790000000e+03 8.6000000000e+00 9.2798677164e-01
4.4407343229e+00 2.5512783701e+00 3.6848662980e+00 2.4892910282e+00 4.7151126962e+00 2.3800000000e+03 8.6000000000e+00 9.2798677164e-01
4.4417163340e+00 2.7837341490e+00 3.7126264725e+00 2.4257769569e+00 1.4356232391e+01 2.3810000000e+03 8.6000000000e+00 9.2798677164e-01
4.4426361714e+00 3.2451217415e+00 3.7916916665e+00 2.4804462458e+00 1.4242380367e+01 2.3820000000e+03 8.6000000000e+00 9.2798677164e-01
4.4463121988e+00 3.0491569940e+00 3.7642088719e+00 2.4473401222e+00 3.8913088883e+00 2.3830000000e+03 8.6000000000e+00 9.2798677164e-01
4.4508477984e+00 3.6797680315e+00 3.7694118988e+00 2.4859694834e+00 7.4316486782e+00 2.3840000000e+03 8.6000000000e+00 9.2798677164e-01
4.4532598070e+00 2.5531465029e+00 3.7926132351e+00 2.4877627998e+00 5.5339989776e+00 2.3850000000e+03 8.6000000000e+00 9.2798677164e-01
4.4537466287e+00 3.8755772479e+00 3.8069120668e+00 2.4244981694e+00 1.1790512985e+01 2.3860000000e+03 8.6000000000e+00 9.2798677164e-01
4.4545418909e+00 2.9633383869e+00 3.7808229726e+00 2.4976567289e+00 1.1634140559e+01 2.3870000000e+03 8.6000000000e+00 9.2798677164e-01
4.4556510445e+00 4.0959772353e+00 3.8093294408e+00 2.4435160794e+00 3.3840083202e+00 2.3880000000e+03 8.6000000000e+00 9.2798677164e-01
4.4567195649e+00 2.5605418954e+00 3.8031648256e+00 2.4858084786e+00 1.0486962052e+01 2.3890000000e+03 8.6000000000e+00 9.2798677164e-01
4.4568160056e+00 3.3158068280e+00 3.7522476866e+00 2.4240779674e+00 6.5785616415e+00 2.3900000000e+03 8.6000000000e+00 9.2798677164e-01
4.4620696803e+00 2.9328439285e+00 3.8265239176e+00 2.4688035915e+00 9.1255199283e+00 2.3910000000e+03 8.6000000000e+00 9.2798677164e-01
4.4630477459e+00 3.5367995003e+00 3.8986880293e+00 2.4642016423e+00 7.6941718194e+00 2.3920000000e+03 8.6000000000e+00 9.2798677164e-01
4.4641580626e+00 3.2728770957e+00 3.8543550373e+00 2.4894670917e+00 1.1734003761e+01 2.3930000000e+03 8.6000000000e+00 9.2798677164e-01
4.4660475637e+00 2.6422664924e+00 3.8881989759e+00 2.4847481676e+00 7.7043436534e+00 2.3940000000e+03 8.6000000000e+00 9.2798677164e-01
4.4660633495e+00 2.9612423822e+00 3.8834620492e+00 2.4499305787e+00 1.4624335994e+01 2.3950000000e+03 8.6000000000e+00 9.2798677164e-01
4.4663011724e+00 3.1978289749e+00 3.8958012690e+00 2.4924423914e+00 9.7488611217e+00 2.3960000000e+03 8.6000000000e+00 9.2798677164e-01
4.4667202258e+00 3.7412776906e+00 3.8834608267e+00 2.4551754487e+00 1.4794651433e+01 2.3970000000e+03 8.6000000000e+00 9.2798677164e-01
4.4667708372e+00 2.5419139685e+00 3.8782068567e+00 2.4840157122e+00 1.3576103251e+01 2.3980000000e+03 8.6000000000e+00 9.2798677164e-01
4.4694503678e+00 2.7990909923e+00 3.8636048918e+00 2.4445303425e+00 1.0653093005e+01 2.3990000000e+03 8.6000000000e+00 9.2798677164e-01
4.4696361851e+00 3.9586121630e+00 3.8405253719e+00 2.4245610574e+00 8.6530055522e+00 2.4000000000e+03 8.6000000000e+00 9.2798677164e-01
4.4713103391e+00 2.6802137979e+00 3.8618897388e+00 2.4799891667e+00 1.4455502864e+01 2.4010000000e+03 8.6000000000e+00 9.2798677164e-01
4.4726447508e+00 2.7127770296e+00 3.8534407417e+00 2.4927968260e+00 7.1050800673e+00 2.4020000000e+03 8.6000000000e+00 9.2798677164e-01
4.4736506189e+00 2.7895752338e+00 3.8574001786e+00 2.4891370487e+00 3.5450643897e+00 2.4030000000e+03 8.6000000000e+00 9.2798677164e-01
4.4757659263e+00 2.6514910839e+00 3.8793199433e+00 2.4801217895e+00 1.1172227585e+01 2.4040000000e+03 8.6000000000e+00 9.2798677164e-01
4.4768579971e+00 2.9556696348e+00 3.8696956762e+00 2.4905227272e+00 9.7619823032e+00 2.4050000000e+03 8.6000000000e+00 9.2798677164e-01
4.4770093560e+00 2.5690230204e+00 3.8609993314e+00 2.4549080568e+00 1.4117821347e+01 2.4060000000e+03 8.6000000000e+00 9.2798677164e-01
4.4778255021e+00 2.6345440031e+00 3.9073447475e+00 2.4967935520e+00 1.5370714365e+01 2.4070000000e+03 6.0000000000e-01 -2.9444389792e+00
4.4779174563e+00 2.7305653856e+00 4.0888675133e+00 2.4996746435e+00 2.0369717867e+00 2.4080000000e+03 6.0000000000e-01 -2.9444389792e+00
4.4782800163e+00 4.3597725765e+00 4.5311435067e+00 2.4573800280e+00 1.0962671473e+01 2.4090000000e+03 6.0000000000e-01 -2.9444389792e+00
4.4831620232e+00 2.5448456628e+00 4.5814573270e+00 2.4598995342e+00 1.6428777937e+01 2.4100000000e+03 6.0000000000e-01 -2.9444389792e+00
4.4845194680e+00 2.7320839945e+00 4.7205086772e+00 2.4669817889e+00 7.8659848921e+00 2.4110000000e+03 6.0000000000e-01 -2.9444389792e+00
4.4867832722e+00 2.5038920726e+00 4.8227068633e+00 2.4508952229e+00 1.3336546743e+01 2.4120000000e+03 6.0000000000e-01 -2.9444389792e+00
4.4881736871e+00 2.6455367573e+00 4.9109656679e+00 2.4954371011e+00 9.3566140295e+00 2.4130000000e+03 6.0000000000e-01 -2.9444389792e+00
4.4889761889e+00 4.8938581668e+00 1.7612923436e-01 2.5239897325e+00 1.4368175227e+01 2.4140000000e+03 6.0000000000e-01 -2.9444389792e+00
4.4930751433e+00 2.5127309517e+00 3.3371654177e-01 2.5408863621e+00 1.0768082755e+01 2.4150000000e+03 6.0000000000e-01 -2.9444389792e+00
4.4965086706e+00 2.5668244145e+00 3.4349071160e-01 2.5259311368e+00 2.2057451136e+00 2.4160000000e+03 6.0000000000e-01 -2.9444389792e+00
4.5037262999e+00 2.7363678016e+00 5.2317261279e-01 2.5304659294e+00 1.2457204417e+01 2.4170000000e+03 6.0000000000e-01 -2.9444389792e+00
4.5037864882e+00 2.5471447243e+00 5.9539695818e-01 2.5485431274e+00 1.6403872743e+01 2.4180000000e+03 6.0000000000e-01 -2.9444389792e+00
4.5088246088e+00 3.0484509693e+00 6.3719311500e-01 2.5627359550e+00 1.6879745142e+01 2.4190000000e+03 6.0000000000e-01 -2.9444389792e+00
4.5113124900e+00 2.8466626807e+00 6.2660143926e-01 2.5418448719e+00 8.1376793839e+00 2.4200000000e+03 6.0000000000e-01 -2.9444389792e+00
4.5120263627e+00 2.6006498189e+00 7.1831109710e-01 2.5118849342e+00 1.7967779241e+01 2.4210000000e+03 6.0000000000e-01 -2.9444389792e+00
4.5167405343e+00 2.6968806380e+00 1.0773838931e+00 2.5067373116e+00 1.0556443150e+01 2.4220000000e+03 6.0000000000e-01 -2.9444389792e+00
4.5201149859e+00 2.5925540283e+00 1.1501022716e+00 2.5284959807e+00 1.1159599042e+01 2.4230000000e+03 8.6000000000e+00 9.2798677164e-01
4.5209453571e+00 2.9012579023e+00 1.1002095489e+00 2.5723937005e+00 4.4678253651e+00 2.4240000000e+03 8.6000000000e+00 9.2798677164e-01
4.5224291653e+00 3.4030021634e+00 1.1483950136e+00 2.5525319748e+00 1.4955467590e+01 2.4250000000e+03 8.6000000000e+00 9.2798677164e-01
4.5251584260e+00 3.3250995157e+00 1.1356208638e+00 2.5115362620e+00 1.2494154400e+01 2.4260000000e+03 8.6000000000e+00 9.2798677164e-01
4.5254665451e+00 2.7666358042e+00 1.1312850451e+00 2.5132409792e+00 1.1663344866e+01 2.4270000000e+03 8.6000000000e+00 9.2798677164e-01
4.5258121338e+00 2.8094535994e+00 1.1234013532e+00 2.5661817387e+00 1.4095732009e+01 2.4280000000e+03 8.6000000000e+00 9.2798677164e-01
4.5280940742e+00 2.9966775477e+00 1.1372707318e+00 2.5488056669e+00 1.5620546080e+01 2.4290000000e+03 8.6000000000e+00 9.2798677164e-01
4.5284290571e+00 2.5552703363e+00 1.1365923339e+00 2.5259556564e+00 1.5829560881e+01 2.4300000000e+03 8.6000000000e+00 9.2798677164e-01
4.5330475608e+00 2.8296443320e+00 1.1266716531e+00 2.5638550154e+00 1.2694316769e+01 2.4310000000e+03 8.6000000000e+00 9.2798677164e-01
4.5335209001e+00 2.6294666799e+00 1.2329131748e+00 2.5520697705e+00 6.6001578642e+00 2.4320000000e+03 8.6000000000e+00 9.2798677164e-01
4.5356000026e+00 2.6644929294e+00 1.1873486765e+00 2.5394938876e+00 1.2997574177e+01 2.4330000000e+03 8.6000000000e+00 9.2798677164e-01
4.5357364628e+00 2.6200120864e+00 1.1916270413e+00 2.5227460117e+00 2.4192204737e+00 2.4340000000e+03 8.6000000000e+00 9.2798677164e-01
4.5357366069e+00 2.5014664409e+00 1.2335576743e+00 2.5263797829e+00 7.5610124823e+00 2.4350000000e+03 8.6000000000e+00 9.2798677164e-01
4.5383095629e+00 3.0053422400e+00 1.1948666457e+00 2.5348458788e+00 1.3570046249e+01 2.4360000000e+03 8.6000000000e+00 9.2798677164e-01
4.5421262841e+00 2.8235347589e+00 1.2227512203e+00 2.5534713652e+00 1.2587024230e+01 2.4370000000e+03 8.6000000000e+00 9.2798677164e-01
4.5452626278e+00 2.7909969550e+00 1.2033633586e+00 2.5161900648e+00 1.7017958883e+01 2.4380000000e+03 8.6000000000e+00 9.2798677164e-01
4.5463497196e+00 2.6164832507e+00 1.2121962201e+00 2.5445673538e+00 4.8247905261e+00 2.4390000000e+03 8.6000000000e+00 9.2798677164e-01
4.5476650344e+00 3.4281961797e+00 1.2059594612e+00 2.5659452423e+00 1.2467936928e+01 2.4400000000e+03 8.6000000000e+00 9.2798677164e-01
4.5527901633e+00 2.5136439240e+00 1.1884272592e+00 2.5763998961e+00 7.9557186106e+00 2.4410000000e+03 8.6000000000e+00 9.2798677164e-01
4.5530107636e+00 2.5739001871e+00 1.2380748198e+00 2.5105264484e+00 4.8746320127e+00 2.4420000000e+03 8.6000000000e+00 9.2798677164e-01
4.5530943412e+00 3.3156157752e+00 1.2494693864e+00 2.5643243144e+00 3.9761673657e+00 2.4430000000e+03 8.6000000000e+00 9.2798677164e-01
4.5568564126e+00 3.1464295499e+00 1.2747699688e+00 2.5273956191e+00 1.5284615825e+01 2.4440000000e+03 8.6000000000e+00 9.2798677164e-01
4.5607911788e+00 2.8394372921e+00 1.3199897156e+00 2.5749167948e+00 1.4146671385e+01 2.4450000000e+03 8.6000000000e+00 9.2798677164e-01
4.5619601484e+00 2.6990496502e+00 1.2754076449e+00 2.5125812731e+00 8.2981981338e+00 2.4460000000e+03 8.6000000000e+00 9.2798677164e-01
4.5624614152e+00 3.6885581917e+00 1.3247503182e+00 2.5502793771e+00 9.1670831620e+00 2.4470000000e+03 8.6000000000e+00 9.2798677164e-01
4.5646546734e+00 3.0059117041e+00 1.2754490695e+00 2.5386013555e+00 1.5912554334e+01 2.4480000000e+03 8.6000000000e+00 9.2798677164e-01
4.5658491860e+00 3.2354990662e+00 1.2860458112e+00 2.5199888792e+00 7.8261141571e+00 2.4490000000e+03 8.6000000000e+00 9.2798677164e-01
4.5660631259e+00 2.9491404805e+00 1.2875917763e+00 2.5114558901e+00 1.4093146050e+01 2.4500000000e+03 8.6000000000e+00 9.2798677164e-01
4.5701768885e+00 2.5631645835e+00 1.2794628150e+00 2.5575368761e+00 1.4819122872e+01 2.4510000000e+03 8.6000000000e+00 9.2798677164e-01
4.5721834418e+00 2.9631273791e+00 1.3442455550e+00 2.5667205194e+00 1.4916478404e+01 2.4520000000e+03 8.6000000000e+00 9.2798677164e-01
4.5738903842e+00 3.0421382054e+00 1.3384061953e+00 2.5043830389e+00 1.2781325571e+01 2.4530000000e+03 8.6000000000e+00 9.2798677164e-01
4.5759969130e+00 2.8775889443e+00 1.4032159071e+00 2.5194763164e+00 1.6497541080e+01 2.4540000000e+03 8.6000000000e+00 9.2798677164e-01
4.5761442542e+00 2.6402153381e+00 1.3666874927e+00 2.5378755718e+00 1.0964271445e+01 2.4550000000e+03 8.6000000000e+00 9.2798677164e-01
4.5764139803e+00 3.0321709574e+00 1.3399882969e+00 2.5768523642e+00 4.0316882210e+00 2.4560000000e+03 8.6000000000e+00 9.2798677164e-01
4.5779969737e+00 2.5950928033e+00 1.3805026637e+00 2.5773566819e+00 8.7208035327e+00 2.4570000000e+03 8.6000000000e+00 9.2798677164e-01
4.5782682845e+00 3.8984131238e+00 1.3449578739e+00 2.5164638753e+00 1.2469629071e+01 2.4580000000e+03 8.6000000000e+00 9.2798677164e-01
4.5791390187e+00 2.5617816814e+00 1.3543609417e+00 2.5684173533e+00 2.6111260738e+00 2.4590000000e+03 8.6000000000e+00 9.2798677164e-01
4.5811677707e+00 2.6696921784e+00 1.3518482601e+00 2.5657069441e+00 8.0740809648e+00 2.4600000000e+03 8.6000000000e+00 9.2798677164e-01
4.5865801964e+00 3.4362841427e+00 1.4464029842e+00 2.5663699834e+00 1.4781901463e+01 2.4610000000e+03 8.6000000000e+00 9.2798677164e-01
4.5909249774e+00 3.3892643722e+00 1.4285780882e+00 2.5658303981e+00 1.1852559923e+01 2.4620000000e+03 8.6000000000e+00 9.2798677164e-01
4.5914576192e+00 2.6835499432e+00 1.4200109133e+00 2.5224694031e+00 1.1231273831e+01 2.4630000000e+03 8.6000000000e+00 9.2798677164e-01
4.5920311400e+00 2.5973019280e+00 1.4222718120e+00 2.5777982835e+00 3.9969036563e+00 2.4640000000e+03 8.6000000000e+00 9.2798677164e-01
4.5977917716e+00 2.9335035591e+00 1.4145400815e+00 2.5740804408e+00 1.3737633535e+01 2.4650000000e+03 8.6000000000e+00 9.2798677164e-01
4.6009287239e+00 2.9717076248e+00 1.5253264691e+00 2.5336497827e+00 8.1961367818e+00 2.4660000000e+03 8.6000000000e+00 9.2798677164e-01
4.6022766191e+00 2.6939337517e+00 1.5456076465e+00 2.5350108959e+00 3.2252578065e+00 2.4670000000e+03 8.6000000000e+00 9.2798677164e-01
4.6038691684e+00 3.2166373420e+00 1.5601081818e+00 2.5714242122e+00 8.6610543182e+00 2.4680000000e+03 8.6000000000e+00 9.2798677164e-01
4.6089089765e+00 3.0035045718e+00 1.5151208819e+00 2.5305761348e+00 1.7841615409e+01 2.4690000000e+03 8.6000000000e+00 9.2798677164e-01
4.6095695315e+00 2.5890955430e+00 1.5536756067e+00 2.5412587351e+00 8.0594197131e+00 2.4700000000e+03 8.6000000000e+00 9.2798677164e-01
4.6135864513e+00 3.3258617670e+00 1.5275106743e+00 2.5576084273e+00 1.5154326705e+01 2.4710000000e+03 8.6000000000e+00 9.2798677164e-01
4.6167001756e+00 2.7894569870e+00 1.5029495495e+00 2.5007029758e+00 1.6859077002e+01 2.4720000000e+03 8.6000000000e+00 9.2798677164e-01
4.6172789890e+00 2.7177983623e+00 1.5585142826e+00 2.5413474922e+00 1.2889283064e+01 2.4730000000e+03 8.6000000000e+00 9.2798677164e-01
4.6202435652e+00 2.6176632412e+00 1.5624887819e+00 2.5452391765e+00 2.5252028547e+00 2.4740000000e+03 8.6000000000e+00 9.2798677164e-01
4.6208450779e+00 2.6318661821e+00 1.5963071563e+00 2.5552508326e+00 4.9282332639e+00 2.4750000000e+03 8.6000000000e+00 9.2798677164e-01
4.6238916131e+00 3.5938689670e+00 1.5735800601e+00 2.5270969022e+00 1.3405969685e+01 2.4760000000e+03 8.6000000000e+00 9.2798677164e-01
4.6272255783e+00 3.1968704808e+00 1.5627652046e+00 2.5064989390e+00 2.2345199227e+00 2.4770000000e+03 8.6000000000e+00 9.2798677164e-01
4.6273692442e+00 2.6181827868e+00 1.5907044938e+00 2.5120183824e+00 1.4915127225e+01 2.4780000000e+03 8.6000000000e+00 9.2798677164e-01
4.6277616321e+00 2.8097115453e+00 1.6097007908e+00 2.5425474381e+00 2.5627001550e+00 2.4790000000e+03 8.6000000000e+00 9.2798677164e-01
4.6320874342e+00 2.9549107084e+00 1.5753154236e+00 2.5479714354e+00 4.1927506423e+00 2.4800000000e+03 8.6000000000e+00 9.2798677164e-01
4.6358826792e+00 3.0444563495e+00 1.6348385827e+00 2.5442745937e+00 1.4677496880e+01 2.4810000000e+03 8.6000000000e+00 9.2798677164e-01
4.6359964085e+00 2.6509438262e+00 1.6138552458e+00 2.5007832603e+00 1.4261113982e+01 2.4820000000e+03 8.6000000000e+00 9.2798677164e-01
4.6396400210e+00 2.6035574033e+00 1.5764365834e+00 2.5317348963e+00 1.3081966107e+01 2.4830000000e+03 8.6000000000e+00 9.2798677164e-01
4.6398479918e+00 2.8290617806e+00 1.6431093622e+00 2.5132200915e+00 1.5368477954e+01 2.4840000000e+03 8.6000000000e+00 9.2798677164e-01
4.6401231541e+00 3.0704779659e+00 1.6871878043e+00 2.5357081126e+00 1.2905042794e+01 2.4850000000e+03 8.6000000000e+00 9.2798677164e-01
4.6432407643e+00 2.9018159119e+00 1.6867657492e+00 2.5581782995e+00 8.8395139076e+00 2.4860000000e+03 8.6000000000e+00 9.2798677164e-01
4.6448317536e+00 2.9576941741e+00 1.6499976898e+00 2.5209970090e+00 8.1618576103e+00 2.4870000000e+03 8.6000000000e+00 9.2798677164e-01
4.6452326614e+00 3.3077151969e+00 1.6645087310e+00 2.5006337177e+00 1.2179769688e+01 2.4880000000e+03 8.6000000000e+00 9.2798677164e-01
4.6483588977e+00 2.8341820550e+00 1.6772729844e+00 2.5230155518e+00 5.1537668312e+00 2.4890000000e+03 8.6000000000e+00 9.2798677164e-01
4.6483887831e+00 2.5058588233e+00 1.7807962680e+00 2.5708372606e+00 5.8183927593e+00 2.4900000000e+03 8.6000000000e+00 9.2798677164e-01
4.6484607499e+00 4.0007865544e+00 1.7418282039e+00 2.5153264473e+00 5.4874305207e+00 2.4910000000e+03 8.6000000000e+00 9.2798677164e-01
4.6591212966e+00 2.7991087610e+00 1.7763207784e+00 2.5732763324e+00 1.4629009414e+01 2.4920000000e+03 8.6000000000e+00 9.2798677164e-01
4.6596443249e+00 2.6405007210e+00 1.7442525481e+00 2.5388812013e+00 1.0652004957e+01 2.4930000000e+03 8.6000000000e+00 9.2798677164e-01
4.6596850335e+00 3.5465638862e+00 1.7400893020e+00 2.5313969970e+00 1.6262290815e+01 2.4940000000e+03 8.6000000000e+00 9.2798677164e-01
4.6605769116e+00 2.9211427061e+00 1.7556081559e+00 2.5721270855e+00 7.9280790820e+00 2.4950000000e+03 8.6000000000e+00 9.2798677164e-01
4.6618902044e+00 2.8647822191e+00 1.8141693487e+00 2.5089911955e+00 2.8121399220e+00 2.4960000000e+03 8.6000000000e+00 9.2798677164e-01
4.6647364675e+00 2.7612588978e+00 1.8302962211e+00 2.5482096552e+00 1.3767913072e+01 2.4970000000e+03 8.6000000000e+00 9.2798677164e-01
4.6650619155e+00 3.1983198640e+00 1.8238426736e+00 2.5617229179e+00 1.5686571416e+01 2.4980000000e+03 8.6000000000e+00 9.2798677164e-01
4.6654987233e+00 2.8643245518e+00 1.8080822165e+00 2.5033340627e+00 1.0210701022e+01 2.4990000000e+03 8.6000000000e+00 9.2798677164e-01
4.6682754338e+00 2.8047832230e+00 1.8089330453e+00 2.5442125648e+00 1.0294471335e+01 2.5000000000e+03 8.6000000000e+00 9.2798677164e-01
4.6705279462e+00 2.6697584148e+00 1.7987764901e+00 2.5462377554e+00 2.8037572091e+00 2.5010000000e+03 8.6000000000e+00 9.2798677164e-01
4.6733375956e+00 3.3104143474e+00 1.8185433926e+00 2.5420987625e+00 1.3575141958e+01 2.5020000000e+03 8.6000000000e+00 9.2798677164e-01
4.6748326717e+00 2.7953753613e+00 1.8500481602e+00 2.5390862442e+00 2.1340647933e+00 2.5030000000e+03 8.6000000000e+00 9.2798677164e-01
4.6772894092e+00 2.7769772920e+00 1.9438793396e+00 2.5643350567e+00 5.2069363587e+00 2.5040000000e+03 8.6000000000e+00 9.2798677164e-01
4.6809784029e+00 2.6820536477e+00 1.8919992159e+00 2.5532041629e+00 8.9366976877e+00 2.5050000000e+03 8.6000000000e+00 9.2798677164e-01
4.6824994762e+00 3.4022847104e+00 1.9427267785e+00 2.5448824635e+00 2.3050459206e+00 2.5060000000e+03 8.6000000000e+00 9.2798677164e-01
4.6830249447e+00 2.6335104003e+00 1.9450719856e+00 2.5297076018e+00 1.3379113683e+01 2.5070000000e+03 8.6000000000e+00 9.2798677164e-01
4.6882932199e+00 2.8290890593e+00 1.8817995879e+00 2.5643528089e+00 5.6358285123e+00 2.5080000000e+03 8.6000000000e+00 9.2798677164e-01
4.6886020464e+00 2.8519986076e+00 1.9408576084e+00 2.5534763268e+00 4.4026374902e+00 2.5090000000e+03 8.6000000000e+00 9.2798677164e-01
4.6895961559e+00 2.5184496055e+00 1.9105116925e+00 2.5370006228e+00 7.7962072073e+00 2.5100000000e+03 8.6000000000e+00 9.2798677164e-01
4.6917359299e+00 2.6742291321e+00 1.9251043511e+00 2.5770411315e+00 1.7970185418e+01 2.5110000000e+03 8.6000000000e+00 9.2798677164e-01
4.6933534144e+00 2.8932790976e+00 1.9068334989e+00 2.5529453817e+00 2.1767717918e+00 2.5120000000e+03 8.6000000000e+00 9.2798677164e-01
4.7002524396e+00 3.4420429550e+00 1.9486450062e+00 2.5153248912e+00 1.2306268891e+01 2.5130000000e+03 8.6000000000e+00 9.2798677164e-01
4.7006268692e+00 2.5215816589e+00 1.9055941539e+00 2.5013337223e+00 1.5158357311e+01 2.5140000000e+03 8.6000000000e+00 9.2798677164e-01
4.7039204976e+00 3.1559372236e+00 1.9930747018e+00 2.5578694251e+00 2.8571340653e+00 2.5150000000e+03 8.6000000000e+00 9.2798677164e-01
4.7050978951e+00 2.6957016919e+00 2.0050702815e+00 2.5360363980e+00 9.6444313921e+00 2.5160000000e+03 8.6000000000e+00 9.2798677164e-01
4.7060423414e+00 3.1561153704e+00 2.0140941939e+00 2.5006583129e+00 1.4419231998e+01 2.5170000000e+03 8.6000000000e+00 9.2798677164e-01
4.7099769622e+00 3.2051144599e+00 1.9988700268e+00 2.5512754808e+00 3.4744643478e+00 2.5180000000e+03 8.6000000000e+00 9.2798677164e-01
4.7110514493e+00 2.5760411031e+00 2.0307888028e+00 2.5068911949e+00 1.0330422844e+01 2.5190000000e+03 8.6000000000e+00 9.2798677164e-01
4.7128845427e+00 2.8846524481e+00 2.0107920587e+00 2.5505453411e+00 4.8075104784e+00 2.5200000000e+03 8.6000000000e+00 9.2798677164e-01
4.7147346738e+00 3.3370093446e+00 1.9700550210e+00 2.5646363974e+00 5.4559246226e+00 2.5210000000e+03 8.6000000000e+00 9.2798677164e-01
4.7150284373e+00 3.4353024012e+00 2.0005773536e+00 2.5607516002e+00 1.7652494694e+01 2.5220000000e+03 8.6000000000e+00 9.2798677164e-01
4.7179352901e+00 3.0821715354e+00 2.0673343953e+00 2.5379015148e+00 6.5613876281e+00 2.5230000000e+03 8.6000000000e+00 9.2798677164e-01
4.7187827698e+00 2.8501122760e+00 2.1054670995e+00 2.5417993127e+00 3.1975099111e+00 2.5240000000e+03 8.6000000000e+00 9.2798677164e-01
4.7195601261e+00 2.8057630581e+00 2.0595266263e+00 2.5022674520e+00 9.1198652909e+00 2.5250000000e+03 8.6000000000e+00 9.2798677164e-01
4.7227224119e+00 3.3005454958e+00 2.0518620843e+00 2.5448278701e+00 9.1798117059e+00 2.5260000000e+03 8.6000000000e+00 9.2798677164e-01
4.7228270041e+00 2.7267424803e+00 2.0339794444e+00 2.5048126606e+00 1.1551234471e+01 2.5270000000e+03 8.6000000000e+00 9.2798677164e-01
4.7259013495e+00 2.7942855696e+00 2.0391174227e+00 2.5599786417e+00 4.6047536714e+00 2.5280000000e+03 8.6000000000e+00 9.2798677164e-01
4.7289423954e+00 2.7414830084e+00 2.1055600849e+00 2.5411191623e+00 1.4339829345e+01 2.5290000000e+03 8.6000000000e+00 9.2798677164e-01
4.7332938048e+00 3.0310918056e+00 2.1053645117e+00 2.5368071858e+00 1.0929203672e+01 2.5300000000e+03 8.6000000000e+00 9.2798677164e-01
4.7369835675e+00 2.6000591847e+00 2.0436703160e+00 2.5205503421e+00 8.5843658832e+00 2.5310000000e+03 8.6000000000e+00 9.2798677164e-01
4.7384176315e+00 2.8713698416e+00 2.0684385210e+00 2.5461322443e+00 1.5346356462e+01 2.5320000000e+03 8.6000000000e+00 9.2798677164e-01
4.7389296742e+00 3.3486861130e+00 2.0368978181e+00 2.5085876827e+00 7.8047139610e+00 2.5330000000e+03 8.6000000000e+00 9.2798677164e-01
4.7416206505e+00 3.2026300458e+00 2.0448509061e+00 2.5493925553e+00 1.5397156377e+01 2.5340000000e+03 8.6000000000e+00 9.2798677164e-01
4.7446409001e+00 3.1587284244e+00 2.0901357728e+00 2.5326565090e+00 5.2852131042e+00 2.5350000000e+03 8.6000000000e+00 9.2798677164e-01
4.7460691036e+00 4.2518593817e+00 2.1149687450e+00 2.5344466553e+00 8.4364965829e+00 2.5360000000e+03 8.6000000000e+00 9.2798677164e-01
4.7462446281e+00 3.8439419092e+00 2.1501582370e+00 2.5030433137e+00 4.0310966910e+00 2.5370000000e+03 8.6000000000e+00 9.2798677164e-01
4.7471452046e+00 3.9125127538e+00 2.1701297274e+00 2.5410014910e+00 1.3679750596e+01 2.5380000000e+03 8.6000000000e+00 9.2798677164e-01
4.7475931700e+00 2.5012545750e+00 2.1787291230e+00 2.5526083502e+00 4.3347769425e+00 2.5390000000e+03 8.6000000000e+00 9.2798677164e-01
4.7502416674e+00 3.4058435160e+00 2.1252505865e+00 2.5176984347e+00 1.2865518110e+01 2.5400000000e+03 8.6000000000e+00 9.2798677164e-01
4.7519819641e+00 2.7338870962e+00 2.1212393364e+00 2.5697021182e+00 1.2299788038e+01 2.5410000000e+03 8.6000000000e+00 9.2798677164e-01
4.7536216571e+00 3.1165357145e+00 2.1097477802e+00 2.5093159596e+00 2.6540420346e+00 2.5420000000e+03 8.6000000000e+00 9.2798677164e-01
4.7555505478e+00 2.9166999686e+00 2.1124536343e+00 2.5169418810e+00 2.4310077078e+00 2.5430000000e+03 8.6000000000e+00 9.2798677164e-01
4.7567377520e+00 2.9019667039e+00 2.1360489342e+00 2.5149933761e+00 2.3518886574e+00 2.5440000000e+03 8.6000000000e+00 9.2798677164e-01
4.7570963606e+00 2.6927054159e+00 2.1336957487e+00 2.5656295349e+00 3.4152724528e+00 2.5450000000e+03 8.6000000000e+00 9.2798677164e-01
4.7590197679e+00 2.8790886603e+00 2.1702351718e+00 2.5518422825e+00 4.1846930813e+00 2.5460000000e+03 8.6000000000e+00 9.2798677164e-01
4.7602184710e+00 2.5958611162e+00 2.1566934361e+00 2.5211109857e+00 7.0979843804e+00 2.5470000000e+03 8.6000000000e+00 9.2798677164e-01
4.7613143576e+00 2.5655933123e+00 2.2347015629e+00 2.5158691871e+00 1.2504491550e+01 2.5480000000e+03 8.6000000000e+00 9.2798677164e-01
4.7668843371e+00 3.8542720940e+00 2.2209257045e+00 2.5697432243e+00 1.4788735464e+01 2.5490000000e+03 8.6000000000e+00 9.2798677164e-01
4.7708660876e+00 2.7250541816e+00 2.2114553071e+00 2.5383483252e+00 1.6389670054e+01 2.5500000000e+03 8.6000000000e+00 9.2798677164e-01
4.7712277397e+00 2.7704303013e+00 2.1908680809e+00 2.5157527829e+00 1.7866942803e+01 2.5510000000e+03 8.6000000000e+00 9.2798677164e-01
4.7719961275e+00 2.7579074965e+00 2.2188202590e+00 2.5717690789e+00 1.3117387210e+01 2.5520000000e+03 8.6000000000e+00 9.2798677164e-01
4.7730535937e+00 2.8657298955e+00 2.2282411822e+00 2.5401238431e+00 3.7650555881e+00 2.5530000000e+03 8.6000000000e+00 9.2798677164e-01
4.7736254792e+00 2.5117829872e+00 2.2035713317e+00 2.5245930121e+00 1.6234883616e+01 2.5540000000e+03 8.6000000000e+00 9.2798677164e-01
4.7740317580e+00 2.6070172035e+00 2.2237933808e+00 2.5468828010e+00 1.3551590763e+01 2.5550000000e+03 8.6000000000e+00 9.2798677164e-01
4.7740508708e+00 2.8971458228e+00 2.3427342843e+00 2.5761210834e+00 2.5121528323e+00 2.5560000000e+03 8.6000000000e+00 9.2798677164e-01
4.7750955246e+00 2.6861289159e+00 2.3384493472e+00 2.5231679622e+00 5.9736183779e+00 2.5570000000e+03 8.6000000000e+00 9.2798677164e-01
4.7810328952e+00 3.3756362169e+00 2.3099059854e+00 2.5404017752e+00 1.7889195816e+01 2.5580000000e+03 8.6000000000e+00 9.2798677164e-01
4.7812131386e+00 3.0560314636e+00 2.3027453812e+00 2.5529907542e+00 6.5449191518e+00 2.5590000000e+03 8.6000000000e+00 9.2798677164e-01
4.7825813944e+00 2.5945392181e+00 2.2673212361e+00 2.5228539632e+00 1.2380792470e+01 2.5600000000e+03 8.6000000000e+00 9.2798677164e-01
4.7839564492e+00 2.5759800694e+00 2.2834200068e+00 2.5401797234e+00 1.6062677127e+01 2.5610000000e+03 8.6000000000e+00 9.2798677164e-01
4.7854409461e+00 2.6002941920e+00 2.3048540477e+00 2.5392426589e+00 8.4984379694e+00 2.5620000000e+03 8.6000000000e+00 9.2798677164e-01
4.7856787005e+00 3.0641751017e+00 2.3317288470e+00 2.5529656874e+00 6.6014176584e+00 2.5630000000e+03 8.6000000000e+00 9.2798677164e-01
4.7904146586e+00 4.0041661244e+00 2.2729650202e+00 2.5237957464e+00 1.3293771507e+01 2.5640000000e+03 8.6000000000e+00 9.2798677164e-01
4.7904881237e+00 2.8583221697e+00 2.2723768378e+00 2.5354404967e+00 1.6222610883e+01 2.5650000000e+03 8.6000000000e+00 9.2798677164e-01
4.7948987970e+00 2.8787555761e+00 2.2794113138e+00 2.5258736530e+00 1.1942156723e+01 2.5660000000e+03 8.6000000000e+00 9.2798677164e-01
4.7951445556e+00 2.6446049962e+00 2.2726560478e+00 2.5275307213e+00 1.6789472084e+01 2.5670000000e+03 8.6000000000e+00 9.2798677164e-01
4.7957495729e+00 2.7213315784e+00 2.3719206284e+00 2.5242383311e+00 1.2889411214e+01 2.5680000000e+03 8.6000000000e+00 9.2798677164e-01
4.8022143192e+00 3.4687181060e+00 2.3898778498e+00 2.5187331123e+00 8.8822399215e+00 2.5690000000e+03 8.6000000000e+00 9.2798677164e-01
4.8022671318e+00 2.9726965538e+00 2.3982957819e+00 2.5640222863e+00 1.7230098688e+01 2.5700000000e+03 8.6000000000e+00 9.2798677164e-01
4.8062762453e+00 2.5034356056e+00 2.3978727002e+00 2.5706883595e+00 1.6137148327e+01 2.5710000000e+03 8.6000000000e+00 9.2798677164e-01
4.8066526171e+00 2.6414421944e+00 2.3662840389e+00 2.5382772449e+00 1.4561507045e+01 2.5720000000e+03 8.6000000000e+00 9.2798677164e-01
4.8072049201e+00 2.6819856385e+00 2.3714036880e+00 2.5039081389e+00 4.1821394502e+00 2.5730000000e+03 8.6000000000e+00 9.2798677164e-01
4.8103909840e+00 2.6049526687e+00 2.3528446794e+00 2.5690661023e+00 3.9814407091e+00 2.5740000000e+03 8.6000000000e+00 9.2798677164e-01
4.8115870217e+00 2.6244025139e+00 2.3784833651e+00 2.5658735826e+00 1.3995253925e+01 2.5750000000e+03 8.6000000000e+00 9.2798677164e-01
4.8138319110e+00 2.5393659053e+00 2.3625304908e+00 2.5323717236e+00 7.7123567025e+00 2.5760000000e+03 8.6000000000e+00 9.2798677164e-01
4.8146769780e+00 2.6894193842e+00 2.3889962725e+00 2.5463746138e+00 3.3380480785e+00 2.5770000000e+03 8.6000000000e+00 9.2798677164e-01
4.8147125315e+00 2.6530256700e+00 2.4572795522e+00 2.5306991674e+00 4.6101749443e+00 2.5780000000e+03 8.6000000000e+00 9.2798677164e-01
4.8163124874e+00 3.3419388983e+00 2.4934854971e+00 2.5603814858e+00 7.6293850893e+00 2.5790000000e+03 8.6000000000e+00 9.2798677164e-01
4.8179011446e+00 2.7643163385e+00 2.4287340051e+00 2.5777185038e+00 8.3465310565e+00 2.5800000000e+03 8.6000000000e+00 9.2798677164e-01
4.8218161328e+00 2.8883628007e+00 2.4306709446e+00 2.5590372771e+00 5.0516022324e+00 2.5810000000e+03 8.6000000000e+00 9.2798677164e-01
4.8283744188e+00 2.5732100450e+00 2.4852024362e+00 2.5622222378e+00 1.5066318762e+01 2.5820000000e+03 8.6000000000e+00 9.2798677164e-01
4.8298490605e+00 3.1532501633e+00 2.4298716183e+00 2.5075545473e+00 2.4830245371e+00 2.5830000000e+03 8.6000000000e+00 9.2798677164e-01
4.8335552541e+00 2.7636564374e+00 2.4506933957e+00 2.5102964124e+00 8.6174760536e+00 2.5840000000e+03 8.6000000000e+00 9.2798677164e-01
4.8364009927e+00 4.9664493559e+00 2.4289932289e+00 2.5342589186e+00 8.2933881040e+00 2.5850000000e+03 8.6000000000e+00 9.2798677164e-01
4.8380219561e+00 3.1547938511e+00 2.5164818473e+00 2.5418254812e+00 9.2160884801e+00 2.5860000000e+03 8.6000000000e+00 9.2798677164e-01
4.8380319168e+00 2.8823898386e+00 2.5602013623e+00 2.5650525733e+00 2.8006944860e+00 2.5870000000e+03 8.6000000000e+00 9.2798677164e-01
4.8419827402e+00 2.6615665619e+00 2.5618149039e+00 2.5702126831e+00 1.3979868184e+01 2.5880000000e+03 8.6000000000e+00 9.2798677164e-01
4.8428107458e+00 3.1404214445e+00 2.5378020351e+00 2.5159577977e+00 1.1670807632e+01 2.5890000000e+03 8.6000000000e+00 9.2798677164e-01
4.8475709686e+00 3.0825553799e+00 2.5228548088e+00 2.5707668693e+00 1.1534649500e+01 2.5900000000e+03 8.6000000000e+00 9.2798677164e-01
4.8511258315e+00 2.7835687977e+00 2.5027855236e+00 2.5052375764e+00 2.9407362642e+00 2.5910000000e+03 8.6000000000e+00 9.2798677164e-01
4.8539278463e+00 2.5418629804e+00 2.5127678852e+00 2.5584856041e+00 1.5915603495e+01 2.5920000000e+03 8.6000000000e+00 9.2798677164e-01
4.8551030004e+00 3.1425981394e+00 2.5533738620e+00 2.5462569623e+00 1.5043191208e+01 2.5930000000e+03 8.6000000000e+00 9.2798677164e-01
4.8579118557e+00 3.4682275616e+00 2.5698831855e+00 2.5639737831e+00 1.1324565712e+01 2.5940000000e+03 8.6000000000e+00 9.2798677164e-01
4.8585355923e+00 2.7034203192e+00 2.5076873488e+00 2.5747259232e+00 9.6557658062e+00 2.5950000000e+03 8.6000000000e+00 9.2798677164e-01
4.8596729451e+00 2.9863254144e+00 2.6408300121e+00 2.5669522012e+00 1.0943357655e+01 2.5960000000e+03 8.6000000000e+00 9.2798677164e-01
4.8599414567e+00 3.3411456103e+00 2.6171910469e+00 2.5241678099e+00 1.7499887481e+01 2.5970000000e+03 8.6000000000e+00 9.2798677164e-01
4.8602935812e+00 2.7368965510e+00 2.6289814135e+00 2.5634035617e+00 6.4318506032e+00 2.5980000000e+03 8.6000000000e+00 9.2798677164e-01
4.8621839575e+00 2.7426030332e+00 2.6423156330e+00 2.5308722092e+00 1.4402172223e+01 2.5990000000e+03 8.6000000000e+00 9.2798677164e-01
4.8637144728e+00 3.6202181856e+00 2.5944472824e+00 2.5328577085e+00 1.0814893261e+01 2.6000000000e+03 8.6000000000e+00 9.2798677164e-01
4.8640365962e+00 3.2849794098e+00 2.6529254650e+00 2.5474716816e+00 9.1058502465e+00 2.6010000000e+03 8.6000000000e+00 9.2798677164e-01
4.8650740039e+00 2.9601309852e+00 2.5915508450e+00 2.5430208801e+00 6.3901418623e+00 2.6020000000e+03 8.6000000000e+00 9.2798677164e-01
4.8654143289e+00 3.5562260146e+00 2.6686049558e+00 2.5301050027e+00 1.5359176440e+01 2.6030000000e+03 8.6000000000e+00 9.2798677164e-01
4.8664278195e+00 2.9871092504e+00 2.7316992072e+00 2.5749575980e+00 1.4858664414e+01 2.6040000000e+03 8.6000000000e+00 9.2798677164e-01
4.8666354005e+00 2.9818421615e+00 2.7343504467e+00 2.5328389463e+00 1.3360131616e+01 2.6050000000e+03 8.6000000000e+00 9.2798677164e-01
4.8726103731e+00 3.7005747686e+00 2.6724535319e+00 2.5278250788e+00 2.7905302258e+00 2.6060000000e+03 8.6000000000e+00 9.2798677164e-01
4.8742922131e+00 3.4157121473e+00 2.7066275969e+00 2.5139990621e+00 3.4344470079e+00 2.6070000000e+03 8.6000000000e+00 9.2798677164e-01
4.8746382492e+00 3.8642839153e+00 2.6720628902e+00 2.5166569747e+00 2.9558164362e+00 2.6080000000e+03 8.6000000000e+00 9.2798677164e-01
4.8750895175e+00 2.6083955448e+00 2.7931161211e+00 2.5052421135e+00 4.5114556351e+00 2.6090000000e+03 8.6000000000e+00 9.2798677164e-01
4.8766051931e+00 2.5211851786e+00 2.8024803824e+00 2.5333628196e+00 5.6653440257e+00 2.6100000000e+03 8.6000000000e+00 9.2798677164e-01
4.8771341834e+00 4.1507262475e+00 2.8045048038e+00 2.5686379859e+00 6.6315253834e+00 2.6110000000e+03 8.6000000000e+00 9.2798677164e-01
4.8772806370e+00 2.6227834756e+00 2.8105347381e+00 2.5117627100e+00 6.0892472238e+00 2.6120000000e+03 8.6000000000e+00 9.2798677164e-01
4.8773935987e+00 2.8693454102e+00 2.7600803242e+00 2.5569815631e+00 6.2577372210e+00 2.6130000000e+03 8.6000000000e+00 9.2798677164e-01
4.8774911138e+00 3.5086331526e+00 2.7574933139e+00 2.5229270015e+00 7.0644280383e+00 2.6140000000e+03 8.6000000000e+00 9.2798677164e-01
4.8778292766e+00 2.6465543383e+00 2.7960237886e+00 2.5415475222e+00 4.6160290237e+00 2.6150000000e+03 8.6000000000e+00 9.2798677164e-01
4.8802587867e+00 4.0975600795e+00 2.7930109973e+00 2.5004641171e+00 4.3844893604e+00 2.6160000000e+03 8.6000000000e+00 9.2798677164e-01
4.8813707605e+00 2.6981414769e+00 2.8370449049e+00 2.5699438560e+00 1.6442085390e+01 2.6170000000e+03 8.6000000000e+00 9.2798677164e-01
4.8814726678e+00 2.5895368519e+00 2.8561034202e+00 2.5399429847e+00 8.6750913467e+00 2.6180000000e+03 8.6000000000e+00 9.2798677164e-01
4.8828482636e+00 2.7457592801e+00 2.8480180191e+00 2.5389499510e+00 6.3196862717e+00 2.6190000000e+03 8.6000000000e+00 9.2798677164e-01
4.8832436526e+00 2.6009876145e+00 2.8682817050e+00 2.5512169662e+00 1.0477931916e+01 2.6200000000e+03 8.6000000000e+00 9.2798677164e-01
4.8862460770e+00 2.6058433279e+00 2.8551672767e+00 2.5253818761e+00 1.2535700989e+01 2.6210000000e+03 8.6000000000e+00 9.2798677164e-01
4.8895071450e+00 2.6852756103e+00 2.8641098113e+00 2.5211753412e+00 9.8688545780e+00 2.6220000000e+03 8.6000000000e+00 9.2798677164e-01
4.8896441632e+00 3.2548941885e+00 2.8661998495e+00 2.5046338782e+00 1.5088582206e+01 2.6230000000e+03 8.6000000000e+00 9.2798677164e-01
4.8911600220e+00 2.7218390646e+00 2.8882863143e+00 2.5344946649e+00 5.6549120320e+00 2.6240000000e+03 8.6000000000e+00 9.2798677164e-01
4.8947009361e+00 2.5980471190e+00 2.9624473354e+00 2.5018967790e+00 7.6560080656e+00 2.6250000000e+03 8.6000000000e+00 9.2798677164e-01
4.8951676007e+00 2.5730089638e+00 2.8933030119e+00 2.5616453261e+00 6.8265902842e+00 2.6260000000e+03 8.6000000000e+00 9.2798677164e-01
4.8959660492e+00 2.8164452021e+00 2.8984135868e+00 2.5130948965e+00 8.8899254582e+00 2.6270000000e+03 8.6000000000e+00 9.2798677164e-01
4.8980396345e+00 2.7681658198e+00 2.9376565546e+00 2.5401968927e+00 1.5368531931e+01 2.6280000000e+03 8.6000000000e+00 9.2798677164e-01
4.9000135019e+00 2.8963381820e+00 2.8927899963e+00 2.5754585711e+00 1.4709875945e+01 2.6290000000e+03 8.6000000000e+00 9.2798677164e-01
4.9006931955e+00 2.6388317708e+00 2.9198018341e+00 2.5741805290e+00 1.6441980339e+01 2.6300000000e+03 8.6000000000e+00 9.2798677164e-01
4.9015591740e+00 4.6415535420e+00 2.9343152372e+00 2.5281407956e+00 1.1484169166e+01 2.6310000000e+03 8.6000000000e+00 9.2798677164e-01
4.9017597232e+00 2.7282817060e+00 2.9344628794e+00 2.5105795766e+00 7.5184918778e+00 2.6320000000e+03 8.6000000000e+00 9.2798677164e-01
4.9028983497e+00 3.2131049072e+00 2.8936405320e+00 2.5061072322e+00 9.8145000910e+00 2.6330000000e+03 8.6000000000e+00 9.2798677164e-01
4.9035109225e+00 2.5380285287e+00 2.9446614211e+00 2.5601383075e+00 1.2462885602e+01 2.6340000000e+03 8.6000000000e+00 9.2798677164e-01
4.9038618618e+00 2.6873919306e+00 3.0344787871e+00 2.5420321899e+00 1.1108085787e+01 2.6350000000e+03 8.6000000000e+00 9.2798677164e-01
4.9058533950e+00 2.5557476619e+00 3.0092125792e+00 2.5123235932e+00 1.5074527723e+01 2.6360000000e+03 8.6000000000e+00 9.2798677164e-01
4.9065262158e+00 3.5914387656e+00 3.0044382071e+00 2.5447016762e+00 8.5866399519e+00 2.6370000000e+03 8.6000000000e+00 9.2798677164e-01
4.9090260873e+00 2.7094431455e+00 3.0260027728e+00 2.5475447615e+00 7.9783975460e+00 2.6380000000e+03 8.6000000000e+00 9.2798677164e-01
4.9091011398e+00 3.1584170035e+00 3.0236741675e+00 2.5388113925e+00 1.1363039387e+01 2.6390000000e+03 8.6000000000e+00 9.2798677164e-01
4.9130275611e+00 2.6835831138e+00 3.0453614341e+00 2.5225840563e+00 1.1990479043e+01 2.6400000000e+03 8.6000000000e+00 9.2798677164e-01
4.9146763074e+00 3.5506902338e+00 3.0428047441e+00 2.5568740602e+00 1.5145839563e+01 2.6410000000e+03 8.6000000000e+00 9.2798677164e-01
4.9170048887e+00 2.9131550924e+00 3.0583598919e+00 2.5211846868e+00 7.8282036596e+00 2.6420000000e+03 8.6000000000e+00 9.2798677164e-01
4.9171339962e+00 2.8746917242e+00 3.0744169845e+00 2.5397370062e+00 6.3058980561e+00 2.6430000000e+03 8.6000000000e+00 9.2798677164e-01
4.9175562119e+00 3.1351070741e+00 3.0651456872e+00 2.5533241323e+00 8.0676131478e+00 2.6440000000e+03 8.6000000000e+00 9.2798677164e-01
4.9182250047e+00 3.5878830256e+00 3.0701540255e+00 2.5024615411e+00 1.1544868216e+01 2.6450000000e+03 8.6000000000e+00 9.2798677164e-01
4.9206299007e+00 2.5834242957e+00 3.0664603572e+00 2.5733031391e+00 1.7329338887e+01 2.6460000000e+03 8.6000000000e+00 9.2798677164e-01
4.9250779120e+00 2.9401128420e+00 3.0855264870e+00 2.5663097134e+00 1.5775802321e+01 2.6470000000e+03 8.6000000000e+00 9.2798677164e-01
4.9258913934e+00 2.5168500778e+00 3.0858920692e+00 2.5300566953e+00 1.5139193706e+01 2.6480000000e+03 8.6000000000e+00 9.2798677164e-01
4.9335187369e+00 3.0973062868e+00 3.1648934526e+00 2.5277932694e+00 8.2783554831e+00 2.6490000000e+03 8.6000000000e+00 9.2798677164e-01
4.9399616618e+00 2.7694582608e+00 3.1924999720e+00 2.5403121345e+00 1.4516101794e+01 2.6500000000e+03 8.6000000000e+00 9.2798677164e-01
4.9410954024e+00 2.6643775752e+00 3.1694722673e+00 2.5195804778e+00 1.0816359877e+01 2.6510000000e+03 8.6000000000e+00 9.2798677164e-01
4.9413689184e+00 3.6760872680e+00 3.1326683001e+00 2.5679354615e+00 4.4206739457e+00 2.6520000000e+03 8.6000000000e+00 9.2798677164e-01
4.9417784999e+00 2.5490562528e+00 3.1864211824e+00 2.5261359321e+00 9.2179365932e+00 2.6530000000e+03 8.6000000000e+00 9.2798677164e-01
4.9427243503e+00 2.5183641305e+00 3.2585975121e+00 2.5692794373e+00 6.5738113562e+00 2.6540000000e+03 8.6000000000e+00 9.2798677164e-01
4.9436123918e+00 2.6797774329e+00 3.2400313402e+00 2.5379917941e+00 1.7981134361e+01 2.6550000000e+03 8.6000000000e+00 9.2798677164e-01
4.9481042258e+00 2.8667211693e+00 3.2663522149e+00 2.5460375999e+00 9.8771583820e+00 2.6560000000e+03 8.6000000000e+00 9.2798677164e-01
4.9548028647e+00 2.8905985978e+00 3.2303457793e+00 2.5574966450e+00 1.0226411398e+01 2.6570000000e+03 8.6000000000e+00 9.2798677164e-01
4.9569833469e+00 2.6140341911e+00 3.2697046061e+00 2.5119291550e+00 6.8517750358e+00 2.6580000000e+03 8.6000000000e+00 9.2798677164e-01
4.9576348564e+00 2.6628113958e+00 3.2170631462e+00 2.5642506323e+00 1.6442210871e+01 2.6590000000e+03 8.6000000000e+00 9.2798677164e-01
4.9616797308e+00 3.0238343146e+00 3.2057828225e+00 2.5045419571e+00 6.5092875418e+00 2.6600000000e+03 8.6000000000e+00 9.2798677164e-01
4.9631351010e+00 2.8816023295e+00 3.2450417400e+00 2.5594801803e+00 6.4001832779e+00 2.6610000000e+03 8.6000000000e+00 9.2798677164e-01
4.9632200518e+00 3.0180428267e+00 3.2406916115e+00 2.5382572463e+00 1.1747990308e+01 2.6620000000e+03 8.6000000000e+00 9.2798677164e-01
4.9640005709e+00 2.8954431237e+00 3.3287528326e+00 2.5193185770e+00 1.1824077095e+01 2.6630000000e+03 8.6000000000e+00 9.2798677164e-01
4.9654478100e+00 2.5283048312e+00 3.2924804646e+00 2.5228466062e+00 2.1130811035e+00 2.6640000000e+03 8.6000000000e+00 9.2798677164e-01
4.9704844931e+00 2.7860680940e+00 3.3114319426e+00 2.5469308714e+00 1.2580613687e+01 2.6650000000e+03 8.6000000000e+00 9.2798677164e-01
4.9736021642e+00 2.9253731281e+00 3.3359955236e+00 2.5195233487e+00 1.1282786933e+01 2.6660000000e+03 8.6000000000e+00 9.2798677164e-01
4.9748024579e+00 2.5406538567e+00 3.3017000631e+00 2.5709838467e+00 3.5800245128e+00 2.6670000000e+03 8.6000000000e+00 9.2798677164e-01
4.9784564522e+00 3.2405307245e+00 3.3476046689e+00 2.5312915128e+00 1.4076586129e+01 2.6680000000e+03 8.6000000000e+00 9.2798677164e-01
4.9792259867e+00 3.6456408607e+00 3.3104622223e+00 2.5543967880e+00 1.2028431343e+01 2.6690000000e+03 8.6000000000e+00 9.2798677164e-01
4.9800058040e+00 3.1079526264e+00 3.3554914615e+00 2.5654528359e+00 1.2744903370e+01 2.6700000000e+03 8.6000000000e+00 9.2798677164e-01
4.9847694829e+00 2.6028476001e+00 3.3499478682e+00 2.5325041163e+00 2.1765226992e+00 2.6710000000e+03 8.6000000000e+00 9.2798677164e-01
4.9850314657e+00 2.8485260793e+00 3.3213394550e+00 2.5663245469e+00 2.2053567127e+00 2.6720000000e+03 8.6000000000e+00 9.2798677164e-01
4.9875541183e+00 2.9907254460e+00 3.4174896680e+00 2.5216642266e+00 1.5003211857e+01 2.6730000000e+03 8.6000000000e+00 9.2798677164e-01
4.9876454255e+00 2.5219564879e+00 3.4180959688e+00 2.5386194032e+00 6.4400329421e+00 2.6740000000e+03 8.6000000000e+00 9.2798677164e-01
4.9920819101e+00 3.0807542362e+00 3.3907847084e+00 2.5189264459e+00 1.1397619318e+01 2.6750000000e+03 8.6000000000e+00 9.2798677164e-01
4.9938481798e+00 2.9196451997e+00 3.3777157984e+00 2.5503421274e+00 1.2387918042e+01 2.6760000000e+03 8.6000000000e+00 9.2798677164e-01
4.9944101736e+00 3.3044595132e+00 3.3638828460e+00 2.5572474924e+00 2.9386150858e+00 2.6770000000e+03 8.6000000000e+00 9.2798677164e-01
4.9962488208e+00 3.1869001472e+00 3.3866794160e+00 2.5247800123e+00 1.6761712935e+01 2.6780000000e+03 8.6000000000e+00 9.2798677164e-01
4.9974012610e+00 2.5744400581e+00 3.3761824720e+00 2.5161202714e+00 4.0520734972e+00 2.6790000000e+03 8.6000000000e+00 9.2798677164e-01
4.9977350633e+00 2.6166459893e+00 3.5008511581e+00 2.5617351134e+00 5.2816833737e+00 2.6800000000e+03 8.6000000000e+00 9.2798677164e-01
4.9981889136e+00 2.9782638098e+00 3.4951864654e+00 2.5606506483e+00 5.1516510980e+00 2.6810000000e+03 8.6000000000e+00 9.2798677164e-01
5.0067709937e+00 2.8573554970e+00 3.4427791321e+00 2.5632832197e+00 1.7369100761e+01 2.6820000000e+03 8.6000000000e+00 9.2798677164e-01
5.0068034057e+00 3.0907960117e+00 3.4457872925e+00 2.5530247755e+00 3.5675857628e+00 2.6830000000e+03 8.6000000000e+00 9.2798677164e-01
5.0088594060e+00 3.4616416336e+00 3.4663681155e+00 2.5765620544e+00 1.1784748616e+01 2.6840000000e+03 8.6000000000e+00 9.2798677164e-01
5.0117498867e+00 2.5791531375e+00 3.4716291422e+00 2.5168691469e+00 4.0092938844e+00 2.6850000000e+03 8.6000000000e+00 9.2798677164e-01
5.0142333324e+00 2.8010558440e+00 3.4887915895e+00 2.5637704292e+00 1.1150278456e+01 2.6860000000e+03 8.6000000000e+00 9.2798677164e-01
5.0159799717e+00 2.7894284499e+00 3.5092120821e+00 2.5750467721e+00 2.5059982828e+00 2.6870000000e+03 8.6000000000e+00 9.2798677164e-01
5.0172540431e+00 5.2882216465e+00 3.5058959782e+00 2.5261774305e+00 1.3960836339e+01 2.6880000000e+03 8.6000000000e+00 9.2798677164e-01
5.0184286488e+00 2.5794316146e+00 3.5333815224e+00 2.5179373207e+00 3.0575613061e+00 2.6890000000e+03 8.6000000000e+00 9.2798677164e-01
5.0188997874e+00 3.6054196289e+00 3.5371041880e+00 2.5377032525e+00 1.4097576065e+01 2.6900000000e+03 8.6000000000e+00 9.2798677164e-01
5.0201968372e+00 2.8330369405e+00 3.5325950079e+00 2.5363968531e+00 1.6317817538e+01 2.6910000000e+03 8.6000000000e+00 9.2798677164e-01
5.0218849491e+00 2.8051874766e+00 3.5915842569e+00 2.5423934507e+00 9.6687507864e+00 2.6920000000e+03 8.6000000000e+00 9.2798677164e-01
5.0254407564e+00 3.8544235878e+00 3.5348822936e+00 2.5211651905e+00 1.2173616348e+01 2.6930000000e+03 8.6000000000e+00 9.2798677164e-01
5.0292769999e+00 3.1874541558e+00 3.5811841207e+00 2.5664229205e+00 1.1896964268e+01 2.6940000000e+03 8.6000000000e+00 9.2798677164e-01
5.0359605009e+00 4.0525706670e+00 3.5200285633e+00 2.5308568154e+00 1.2702215986e+01 2.6950000000e+03 8.6000000000e+00 9.2798677164e-01
5.0359655522e+00 2.6526643556e+00 3.6594583556e+00 2.5285330033e+00 8.5808098789e+00 2.6960000000e+03 8.6000000000e+00 9.2798677164e-01
5.0361870792e+00 2.6126813908e+00 3.6228622013e+00 2.5494945150e+00 5.0386271430e+00 2.6970000000e+03 8.6000000000e+00 9.2798677164e-01
5.0405424808e+00 2.6734804630e+00 3.6213465533e+00 2.5368399653e+00 1.5785666578e+01 2.6980000000e+03 8.6000000000e+00 9.2798677164e-01
5.0407210508e+00 2.7499067918e+00 3.6106342938e+00 2.5350224621e+00 4.5782903653e+00 2.6990000000e+03 8.6000000000e+00 9.2798677164e-01
5.0410301541e+00 2.6524567764e+00 3.6260117989e+00 2.5707737106e+00 1.1891436168e+01 2.7000000000e+03 8.6000000000e+00 9.2798677164e-01
5.0411597371e+00 3.9630209007e+00 3.6479548761e+00 2.5551133207e+00 1.2590084422e+01 2.7010000000e+03 8.6000000000e+00 9.2798677164e-01
5.0415433383e+00 2.8610462039e+00 3.7006672831e+00 2.5623798633e+00 7.0429980054e+00 2.7020000000e+03 8.6000000000e+00 9.2798677164e-01
5.0433997328e+00 3.6034395577e+00 3.6964937537e+00 2.5582920604e+00 1.5920015979e+01 2.7030000000e+03 8.6000000000e+00 9.2798677164e-01
5.0434340925e+00 2.7113743807e+00 3.7276110022e+00 2.5613231154e+00 1.0754864110e+01 2.7040000000e+03 8.6000000000e+00 9.2798677164e-01
5.0444428188e+00 2.5687326719e+00 3.7100318677e+00 2.5520396678e+00 1.6253317468e+01 2.7050000000e+03 8.6000000000e+00 9.2798677164e-01
5.0454400509e+00 3.1368682923e+00 3.7090304041e+00 2.5281781465e+00 1.1957916758e+01 2.7060000000e+03 8.6000000000e+00 9.2798677164e-01
5.0456229862e+00 3.2660673316e+00 3.7354515075e+00 2.5261733543e+00 9.5964457695e+00 2.7070000000e+03 8.6000000000e+00 9.2798677164e-01
5.0487097637e+00 2.7778784555e+00 3.7060687169e+00 2.5453494652e+00 1.4669028629e+01 2.7080000000e+03 8.6000000000e+00 9.2798677164e-01
5.0510655360e+00 2.5397106339e+00 3.7248269708e+00 2.5455342240e+00 4.8404935456e+00 2.7090000000e+03 8.6000000000e+00 9.2798677164e-01
5.0517024114e+00 2.9072918444e+00 3.7203066699e+00 2.5442105266e+00 5.4261776466e+00 2.7100000000e+03 8.6000000000e+00 9.2798677164e-01
5.0527085574e+00 2.5853894817e+00 3.8120806244e+00 2.5214236472e+00 1.1434006392e+01 2.7110000000e+03 8.6000000000e+00 9.2798677164e-01
5.0527922793e+00 2.9997628147e+00 3.7825454434e+00 2.5005305612e+00 6.6191657590e+00 2.7120000000e+03 8.6000000000e+00 9.2798677164e-01
5.0528206611e+00 2.7667504921e+00 3.7735595851e+00 2.5732277613e+00 8.9558969982e+00 2.7130000000e+03 8.6000000000e+00 9.2798677164e-01
5.0559870336e+00 2.8921086286e+00 3.7912675459e+00 2.5559881077e+00 1.7127366534e+01 2.7140000000e+03 8.6000000000e+00 9.2798677164e-01
5.0600279684e+00 3.3117832675e+00 3.7799296007e+00 2.5177081687e+00 3.7671385038e+00 2.7150000000e+03 8.6000000000e+00 9.2798677164e-01
5.0621185725e+00 2.6968929590e+00 3.8198738108e+00 2.5676126102e+00 1.5158321116e+01 2.7160000000e+03 8.6000000000e+00 9.2798677164e-01
5.0631640079e+00 2.9894097668e+00 3.7727666723e+00 2.5700854460e+00 2.2332989547e+00 2.7170000000e+03 8.6000000000e+00 9.2798677164e-01
5.0653476105e+00 2.7962993628e+00 3.8072976000e+00 2.5340628548e+00 1.7922966980e+01 2.7180000000e+03 8.6000000000e+00 9.2798677164e-01
5.0663734195e+00 3.1768328951e+00 3.7986990161e+00 2.5045025358e+00 1.7435799857e+01 2.7190000000e+03 8.6000000000e+00 9.2798677164e-01
5.0691696971e+00 2.5756260783e+00 3.7832375276e+00 2.5094788323e+00 5.6176950724e+00 2.7200000000e+03 8.6000000000e+00 9.2798677164e-01
5.0723526108e+00 2.6266892826e+00 3.8972154329e+00 2.5714840219e+00 1.3813198822e+01 2.7210000000e+03 8.6000000000e+00 9.2798677164e-01
5.0753334775e+00 2.5878207084e+00 3.8997460277e+00 2.5003950544e+00 1.4896361758e+01 2.7220000000e+03 8.6000000000e+00 9.2798677164e-01
5.0763727385e+00 3.3492626520e+00 3.8672393842e+00 2.5036532832e+00 1.5987957660e+01 2.7230000000e+03 8.6000000000e+00 9.2798677164e-01
5.0782293644e+00 2.9291573866e+00 3.8800858754e+00 2.5474793398e+00 1.2760986584e+01 2.7240000000e+03 8.6000000000e+00 9.2798677164e-01
5.0801507020e+00 2.5810144780e+00 3.8582257301e+00 2.5254866230e+00 1.6443200532e+01 2.7250000000e+03 8.6000000000e+00 9.2798677164e-01
5.0813480239e+00 2.6790601250e+00 3.8914446761e+00 2.5139248069e+00 1.5594248223e+01 2.7260000000e+03 8.6000000000e+00 9.2798677164e-01
5.0849590629e+00 2.6461380862e+00 3.8820491183e+00 2.5722178413e+00 1.6252723945e+01 2.7270000000e+03 8.6000000000e+00 9.2798677164e-01
5.0876481560e+00 2.5362213679e+00 3.8862046220e+00 2.5148105341e+00 3.5000686923e+00 2.7280000000e+03 8.6000000000e+00 9.2798677164e-01
5.0879817006e+00 2.5178675890e+00 3.8388471393e+00 2.5777044370e+00 1.6915503913e+01 2.7290000000e+03 8.6000000000e+00 9.2798677164e-01
5.0911189980e+00 3.3262226428e+00 3.8647949141e+00 2.5146333698e+00 5.8585852733e+00 2.7300000000e+03 8.6000000000e+00 9.2798677164e-01
5.0919470208e+00 3.3831251296e+00 3.8654243461e+00 2.5301262913e+00 4.6367874465e+00 2.7310000000e+03 8.6000000000e+00 9.2798677164e-01
5.0927590479e+00 2.9070925682e+00 3.8473403240e+00 2.5217054275e+00 1.4490411371e+01 2.7320000000e+03 8.6000000000e+00 9.2798677164e-01
5.0958406439e+00 3.1892265910e+00 3.8961941197e+00 2.5412193141e+00 1.1672299871e+01 2.7330000000e+03 8.6000000000e+00 9.2798677164e-01
5.0962124765e+00 3.3690688691e+00 3.8403559705e+00 2.5349553592e+00 7.5655901627e+00 2.7340000000e+03 8.6000000000e+00 9.2798677164e-01
5.1003201535e+00 2.9686918153e+00 3.9356441863e+00 2.5503201121e+00 4.3997229946e+00 2.7350000000e+03 6.0000000000e-01 -2.9444389792e+00
5.1008533284e+00 3.2697850112e+00 4.2748273844e+00 2.5131150607e+00 1.3061393180e+01 2.7360000000e+03 6.0000000000e-01 -2.9444389792e+00
5.1010390290e+00 2.5886160807e+00 4.6791333451e+00 2.5033309333e+00 1.5135372194e+01 2.7370000000e+03 6.0000000000e-01 -2.9444389792e+00
5.1011446611e+00 2.5915716543e+00 4.9983185843e+00 2.5637501745e+00 5.8077376017e+00 2.7380000000e+03 6.0000000000e-01 -2.9444389792e+00
5.1012215986e+00 2.7385738577e+00 4.9397548616e+00 2.5633803616e+00 5.9923418547e+00 2.7390000000e+03 6.0000000000e-01 -2.9444389792e+00
5.1021031573e+00 2.9387889534e+00 4.7958968150e-02 2.5849288356e+00 5.9437593856e+00 2.7400000000e+03 6.0000000000e-01 -2.9444389792e+00
5.1021724282e+00 2.9570289236e+00 2.1835938028e-01 2.5857310712e+00 4.5177005094e+00 2.7410000000e+03 6.0000000000e-01 -2.9444389792e+00
5.1053232423e+00 3.4854407998e+00 5.5707407378e-01 2.5878113142e+00 3.4306542356e+00 2.7420000000e+03 6.0000000000e-01 -2.9444389792e+00
5.1074571135e+00 2.8921435770e+00 7.4280874823e-01 2.6199155496e+00 4.5290982219e+00 2.7430000000e+03 6.0000000000e-01 -2.9444389792e+00
5.1077679193e+00 2.7345845240e+00 8.2910822222e-01 2.6081928367e+00 1.7877329888e+01 2.7440000000e+03 6.0000000000e-01 -2.9444389792e+00
5.1088454696e+00 2.8317193996e+00 8.3373403991e-01 2.6009731852e+00 8.2083454377e+00 2.7450000000e+03 6.0000000000e-01 -2.9444389792e+00
5.1093615970e+00 3.0812971067e+00 1.1386925275e+00 2.6460756894e+00 1.4266528351e+01 2.7460000000e+03 8.6000000000e+00 9.2798677164e-01
5.1110345705e+00 2.9563863235e+00 1.1196483973e+00 2.6156777626e+00 3.3078056936e+00 2.7470000000e+03 8.6000000000e+00 9.2798677164e-01
5.1141182339e+00 3.2345204095e+00 1.1124492725e+00 2.6234742460e+00 1.7006269209e+01 2.7480000000e+03 8.6000000000e+00 9.2798677164e-01
5.1141767484e+00 3.0847116375e+00 1.1494158268e+00 2.6172573057e+00 5.6323070422e+00 2.7490000000e+03 8.6000000000e+00 9.2798677164e-01
5.1148750691e+00 3.4008047355e+00 1.1476025238e+00 2.6053871206e+00 2.3683523256e+00 2.7500000000e+03 8.6000000000e+00 9.2798677164e-01
5.1163322533e+00 4.6146691963e+00 1.1092244639e+00 2.6048127222e+00 1.2443541533e+01 2.7510000000e+03 8.6000000000e+00 9.2798677164e-01
5.1182476823e+00 2.8518677185e+00 1.1323379719e+00 2.6432250066e+00 5.5383426411e+00 2.7520000000e+03 8.6000000000e+00 9.2798677164e-01
5.1191679762e+00 2.6473613210e+00 1.1517278229e+00 2.5849631793e+00 1.6060663276e+01 2.7530000000e+03 8.6000000000e+00 9.2798677164e-01
5.1199649010e+00 2.5496040827e+00 1.1198857550e+00 2.5799440082e+00 1.7906939945e+01 2.7540000000e+03 8.6000000000e+00 9.2798677164e-01
5.1209844661e+00 2.8546135135e+00 1.1457752975e+00 2.6137468719e+00 6.1374654500e+00 2.7550000000e+03 8.6000000000e+00 9.2798677164e-01
5.1220908101e+00 2.7232048906e+00 1.2212550580e+00 2.5787151903e+00 1.5126675787e+01 2.7560000000e+03 8.6000000000e+00 9.2798677164e-01
5.1227580801e+00 3.7290969111e+00 1.1773598517e+00 2.5797889648e+00 1.3700954029e+01 2.7570000000e+03 8.6000000000e+00 9.2798677164e-01
5.1233635844e+00 2.9911225160e+00 1.1777037171e+00 2.5911647682e+00 5.6393579993e+00 2.7580000000e+03 8.6000000000e+00 9.2798677164e-01
5.1246368793e+00 3.0662273201e+00 1.1912903714e+00 2.6232583924e+00 8.9529925310e+00 2.7590000000e+03 8.6000000000e+00 9.2798677164e-01
5.1259522207e+00 2.5410724832e+00 1.2488310256e+00 2.5925645126e+00 7.2811816295e+00 2.7600000000e+03 8.6000000000e+00 9.2798677164e-01
5.1260904827e+00 3.4427313404e+00 1.2773037124e+00 2.6241819495e+00 3.4992042514e+00 2.7610000000e+03 8.6000000000e+00 9.2798677164e-01
5.1272294542e+00 2.9164951600e+00 1.2664665643e+00 2.6171146343e+00 1.7564091068e+01 2.7620000000e+03 8.6000000000e+00 9.2798677164e-01
5.1293353935e+00 3.9439108555e+00 1.3149161566e+00 2.6069616184e+00 1.2910364056e+01 2.7630000000e+03 8.6000000000e+00 9.2798677164e-01
5.1299919881e+00 2.7493826391e+00 1.2709840797e+00 2.5872672031e+00 7.4707607200e+00 2.7640000000e+03 8.6000000000e+00 9.2798677164e-01
5.1344967557e+00 2.9094336298e+00 1.2627529581e+00 2.6015048435e+00 7.8841220857e+00 2.7650000000e+03 8.6000000000e+00 9.2798677164e-01
5.1347104195e+00 2.9082746497e+00 1.2920770749e+00 2.6135392221e+00 9.5792114090e+00 2.7660000000e+03 8.6000000000e+00 9.2798677164e-01
5.1382717658e+00 2.6107370159e+00 1.3224522333e+00 2.5941480282e+00 6.0908050531e+00 2.7670000000e+03 8.6000000000e+00 9.2798677164e-01
5.1387705796e+00 2.5838902462e+00 1.3232660089e+00 2.6033212433e+00 1.5655471768e+01 2.7680000000e+03 8.6000000000e+00 9.2798677164e-01
5.1423365192e+00 2.7170971821e+00 1.3183573180e+00 2.5869741443e+00 5.8399682273e+00 2.7690000000e+03 8.6000000000e+00 9.2798677164e-01
5.1429376292e+00 2.9185355377e+00 1.2693389656e+00 2.5962813835e+00 9.7529197944e+00 2.7700000000e+03 8.6000000000e+00 9.2798677164e-01
5.1448511862e+00 2.6881023412e+00 1.3088214066e+00 2.6482782066e+00 4.1474048965e+00 2.7710000000e+03 8.6000000000e+00 9.2798677164e-01
5.1448833877e+00 2.8302685117e+00 1.2974131181e+00 2.5846751027e+00 1.3574873334e+01 2.7720000000e+03 8.6000000000e+00 9.2798677164e-01
5.1457415884e+00 2.7686833383e+00 1.3265035508e+00 2.5782642512e+00 9.5007349616e+00 2.7730000000e+03 8.6000000000e+00 9.2798677164e-01
5.1466434735e+00 2.6544172494e+00 1.3056265494e+00 2.5894963753e+00 1.0600211150e+01 2.7740000000e+03 8.6000000000e+00 9.2798677164e-01
5.1482134073e+00 2.6625831006e+00 1.3841185203e+00 2.6239654482e+00 1.6287480717e+01 2.7750000000e+03 8.6000000000e+00 9.2798677164e-01
5.1489816664e+00 2.5761088447e+00 1.3557753455e+00 2.6008306585e+00 7.3235350586e+00 2.7760000000e+03 8.6000000000e+00 9.2798677164e-01
5.1494321315e+00 2.6068028509e+00 1.3487604710e+00 2.5990213474e+00 7.8114627137e+00 2.7770000000e+03 8.6000000000e+00 9.2798677164e-01
5.1498384415e+00 3.2290829532e+00 1.3993688695e+00 2.5782565786e+00 6.9240600537e+00 2.7780000000e+03 8.6000000000e+00 9.2798677164e-01
5.1507255600e+00 2.7190880999e+00 1.4599822069e+00 2.6194548366e+00 7.0494517134e+00 2.7790000000e+03 8.6000000000e+00 9.2798677164e-01
5.1516076207e+00 2.5210882682e+00 1.4778155943e+00 2.6398130134e+00 5.8284626448e+00 2.7800000000e+03 8.6000000000e+00 9.2798677164e-01
5.1539926856e+00 2.9257039339e+00 1.4146786100e+00 2.6508841007e+00 1.2248201711e+01 2.7810000000e+03 8.6000000000e+00 9.2798677164e-01
5.1546896168e+00 2.6997145078e+00 1.4773837353e+00 2.6164883562e+00 9.6921153431e+00 2.7820000000e+03 8.6000000000e+00 9.2798677164e-01
5.1550533541e+00 2.5430073581e+00 1.4207143771e+00 2.6418712329e+00 1.6208037551e+01 2.7830000000e+03 8.6000000000e+00 9.2798677164e-01
5.1592929127e+00 2.5518547084e+00 1.4787008938e+00 2.6311896686e+00 1.3289878036e+01 2.7840000000e+03 8.6000000000e+00 9.2798677164e-01
5.1593520395e+00 2.7925230352e+00 1.4565378551e+00 2.6373324749e+00 1.4646062431e+01 2.7850000000e+03 8.6000000000e+00 9.2798677164e-01
5.1614313807e+00 3.1774497568e+00 1.4607692918e+00 2.6544156837e+00 1.4348763004e+01 2.7860000000e+03 8.6000000000e+00 9.2798677164e-01
5.1625845632e+00 2.5564638824e+00 1.5093213033e+00 2.5966500045e+00 1.6389403864e+01 2.7870000000e+03 8.6000000000e+00 9.2798677164e-01
5.1665838014e+00 2.7709326270e+00 1.5120882591e+00 2.6503942649e+00 2.3696915902e+00 2.7880000000e+03 8.6000000000e+00 9.2798677164e-01
5.1686754817e+00 2.5202656784e+00 1.5179762284e+00 2.5903113108e+00 1.0742344485e+01 2.7890000000e+03 8.6000000000e+00 9.2798677164e-01
5.1699529830e+00 3.0663521004e+00 1.5368121363e+00 2.6417575821e+00 2.9683679741e+00 2.7900000000e+03 8.6000000000e+00 9.2798677164e-01
5.1717970193e+00 2.5119470957e+00 1.5089344864e+00 2.6422372398e+00 1.1059099769e+01 2.7910000000e+03 8.6000000000e+00 9.2798677164e-01
5.1722179937e+00 2.6258654799e+00 1.5433806411e+00 2.6191931576e+00 1.5310840304e+01 2.7920000000e+03 8.6000000000e+00 9.2798677164e-01
5.1725656258e+00 2.5693116594e+00 1.5209151124e+00 2.6358325345e+00 9.5928318405e+00 2.7930000000e+03 8.6000000000e+00 9.2798677164e-01
5.1736665247e+00 2.6052612721e+00 1.5471649005e+00 2.6490514628e+00 1.0748790636e+01 2.7940000000e+03 8.6000000000e+00 9.2798677164e-01
5.1768523553e+00 2.6874727551e+00 1.4934974913e+00 2.6081549391e+00 7.5171744720e+00 2.7950000000e+03 8.6000000000e+00 9.2798677164e-01
5.1793678584e+00 2.8413147193e+00 1.5303157800e+00 2.5864627435e+00 2.0910562745e+00 2.7960000000e+03 8.6000000000e+00 9.2798677164e-01
5.1794688003e+00 2.6862326864e+00 1.5984863445e+00 2.5973553504e+00 8.9805428976e+00 2.7970000000e+03 8.6000000000e+00 9.2798677164e-01
5.1813545803e+00 2.5562935682e+00 1.6255832985e+00 2.5931262471e+00 1.7334780349e+01 2.7980000000e+03 8.6000000000e+00 9.2798677164e-01
5.1838224545e+00 4.0800053824e+00 1.5760077147e+00 2.5975382992e+00 9.1834566475e+00 2.7990000000e+03 8.6000000000e+00 9.2798677164e-01
5.1848779305e+00 2.8104326909e+00 1.6237923170e+00 2.6508966426e+00 8.4584844709e+00 2.8000000000e+03 8.6000000000e+00 9.2798677164e-01
5.1852361562e+00 2.8060508073e+00 1.6215386454e+00 2.6233175557e+00 6.6957951035e+00 2.8010000000e+03 8.6000000000e+00 9.2798677164e-01
5.1853762424e+00 3.7816867849e+00 1.5678480693e+00 2.6085868751e+00 6.3746907812e+00 2.8020000000e+03 8.6000000000e+00 9.2798677164e-01
5.1862943214e+00 3.8637768556e+00 1.5992166199e+00 2.6076826733e+00 9.2438514177e+00 2.8030000000e+03 8.6000000000e+00 9.2798677164e-01
5.1876345681e+00 2.5498678650e+00 1.5990285129e+00 2.6412664191e+00 5.6002279492e+00 2.8040000000e+03 8.6000000000e+00 9.2798677164e-01
5.1877162933e+00 3.6816765039e+00 1.5920695055e+00 2.6331231129e+00 7.9696440717e+00 2.8050000000e+03 8.6000000000e+00 9.2798677164e-01
5.1878123191e+00 2.7630366340e+00 1.6040747199e+00 2.6031315190e+00 1.1040472488e+01 2.8060000000e+03 8.6000000000e+00 9.2798677164e-01
5.1900167349e+00 2.5600488385e+00 1.5957041739e+00 2.5959856020e+00 1.1275253030e+01 2.8070000000e+03 8.6000000000e+00 9.2798677164e-01
5.1908630035e+00 2.6287768931e+00 1.6314574582e+00 2.6133434801e+00 1.3310192158e+01 2.8080000000e+03 8.6000000000e+00 9.2798677164e-01
5.1910219702e+00 2.5896214845e+00 1.6885628075e+00 2.6502969102e+00 1.1478921927e+01 2.8090000000e+03 8.6000000000e+00 9.2798677164e-01
5.1934986920e+00 2.9378142480e+00 1.6464779726e+00 2.6423075107e+00 1.6676230736e+01 2.8100000000e+03 8.6000000000e+00 9.2798677164e-01
5.1938096339e+00 3.7462818360e+00 1.7066471673e+00 2.6154292754e+00 1.5203164294e+01 2.8110000000e+03 8.6000000000e+00 9.2798677164e-01
5.1945205866e+00 4.5951550129e+00 1.7076310562e+00 2.6389733693e+00 2.6149406400e+00 2.8120000000e+03 8.6000000000e+00 9.2798677164e-01
5.1952627913e+00 3.3349180532e+00 1.6993826835e+00 2.6420056269e+00 1.3688139971e+01 2.8130000000e+03 8.6000000000e+00 9.2798677164e-01
5.2027552870e+00 2.6544928010e+00 1.7160005689e+00 2.5921202817e+00 4.6223846135e+00 2.8140000000e+03 8.6000000000e+00 9.2798677164e-01
5.2056640376e+00 2.5781006464e+00 1.7241133917e+00 2.6170585212e+00 4.5588851927e+00 2.8150000000e+03 8.6000000000e+00 9.2798677164e-01
5.2079014502e+00 2.5752649582e+00 1.7464407142e+00 2.6115881132e+00 6.4558062411e+00 2.8160000000e+03 8.6000000000e+00 9.2798677164e-01
5.2087096044e+00 2.5121265655e+00 1.7201017667e+00 2.6264735762e+00 8.0415836126e+00 2.8170000000e+03 8.6000000000e+00 9.2798677164e-01
5.2166571488e+00 3.4385654854e+00 1.7269883152e+00 2.5795886370e+00 6.5278713897e+00 2.8180000000e+03 8.6000000000e+00 9.2798677164e-01
5.2192509856e+00 3.0619322904e+00 1.7854659509e+00 2.6536274832e+00 1.7678886715e+01 2.8190000000e+03 8.6000000000e+00 9.2798677164e-01
5.2194352085e+00 2.8943665313e+00 1.7304454500e+00 2.5900144423e+00 6.6105175695e+00 2.8200000000e+03 8.6000000000e+00 9.2798677164e-01
5.2218795565e+00 2.5472977890e+00 1.7880794103e+00 2.5957884577e+00 1.7917586332e+01 2.8210000000e+03 8.6000000000e+00 9.2798677164e-01
5.2316295242e+00 2.5574227631e+00 1.7725778595e+00 2.6207064970e+00 1.0450808180e+01 2.8220000000e+03 8.6000000000e+00 9.2798677164e-01
5.2319886864e+00 2.8230451571e+00 1.7545401834e+00 2.6125449537e+00 1.3232214613e+01 2.8230000000e+03 8.6000000000e+00 9.2798677164e-01
5.2339748737e+00 3.3140730647e+00 1.7320941758e+00 2.6272115615e+00 1.1033444838e+01 2.8240000000e+03 8.6000000000e+00 9.2798677164e-01
5.2373762245e+00 3.7157482490e+00 1.8154325797e+00 2.6088452552e+00 1.7198457823e+01 2.8250000000e+03 8.6000000000e+00 9.2798677164e-01
5.2388124966e+00 2.6705121986e+00 1.8179206464e+00 2.5854740773e+00 3.5983968032e+00 2.8260000000e+03 8.6000000000e+00 9.2798677164e-01
5.2400378027e+00 2.8156279545e+00 1.8157135222e+00 2.6003896554e+00 8.2561929734e+00 2.8270000000e+03 8.6000000000e+00 9.2798677164e-01
5.2435922711e+00 2.7589322006e+00 1.8392196824e+00 2.6231795609e+00 1.2434891806e+01 2.8280000000e+03 8.6000000000e+00 9.2798677164e-01
5.2463540866e+00 2.6455213815e+00 1.8358526201e+00 2.5830443659e+00 1.4912412177e+01 2.8290000000e+03 8.6000000000e+00 9.2798677164e-01
5.2475851376e+00 2.5016889565e+00 1.8299757388e+00 2.6446539328e+00 4.1759253724e+00 2.8300000000e+03 8.6000000000e+00 9.2798677164e-01
5.2489242407e+00 2.9094307613e+00 1.9346066079e+00 2.5913328012e+00 6.0535638458e+00 2.8310000000e+03 8.6000000000e+00 9.2798677164e-01
5.2516229456e+00 2.8211081310e+00 1.9015794839e+00 2.6486313465e+00 1.2772025707e+01 2.8320000000e+03 8.6000000000e+00 9.2798677164e-01
5.2559850989e+00 2.8639936427e+00 1.9354511316e+00 2.5945599539e+00 1.6457345665e+01 2.8330000000e+03 8.6000000000e+00 9.2798677164e-01
5.2570387715e+00 4.4546648291e+00 1.8756426735e+00 2.6014081110e+00 6.9188179026e+00 2.8340000000e+03 8.6000000000e+00 9.2798677164e-01
5.2577983345e+00 2.5003540993e+00 1.9183208315e+00 2.6355144074e+00 4.6059051251e+00 2.8350000000e+03 8.6000000000e+00 9.2798677164e-01
5.2619442775e+00 3.6940659322e+00 1.9148265134e+00 2.5963211965e+00 3.2558578557e+00 2.8360000000e+03 8.6000000000e+00 9.2798677164e-01
5.2621645962e+00 3.9649467467e+00 1.9200239399e+00 2.6082687901e+00 1.6844942339e+01 2.8370000000e+03 8.6000000000e+00 9.2798677164e-01
5.2648228659e+00 2.6048029905e+00 1.9426936412e+00 2.6063271564e+00 1.1585615954e+01 2.8380000000e+03 8.6000000000e+00 9.2798677164e-01
5.2679390016e+00 2.6521696338e+00 1.9412718948e+00 2.6210353992e+00 1.4169717246e+01 2.8390000000e+03 8.6000000000e+00 9.2798677164e-01
5.2727018317e+00 2.7990666720e+00 2.0160712565e+00 2.6157741943e+00 2.8513297960e+00 2.8400000000e+03 8.6000000000e+00 9.2798677164e-01
5.2780587802e+00 2.6061899345e+00 1.9583084480e+00 2.6205059568e+00 1.6629323420e+01 2.8410000000e+03 8.6000000000e+00 9.2798677164e-01
5.2839554841e+00 3.3022252266e+00 1.9609784145e+00 2.5892456904e+00 1.6994011175e+01 2.8420000000e+03 8.6000000000e+00 9.2798677164e-01
5.2879487155e+00 2.7314670218e+00 1.9639237956e+00 2.5887535260e+00 8.6896476465e+00 2.8430000000e+03 8.6000000000e+00 9.2798677164e-01
5.2880946514e+00 2.7025983940e+00 1.9753721225e+00 2.6299276728e+00 1.5367978975e+01 2.8440000000e+03 8.6000000000e+00 9.2798677164e-01
5.2896154658e+00 3.1293879788e+00 1.9682020227e+00 2.6415841875e+00 4.0794372314e+00 2.8450000000e+03 8.6000000000e+00 9.2798677164e-01
5.2899689615e+00 2.7751136174e+00 1.9951206831e+00 2.5918357239e+00 4.7784442968e+00 2.8460000000e+03 8.6000000000e+00 9.2798677164e-01
5.2914808212e+00 3.0474115491e+00 2.0078917374e+00 2.5922888801e+00 5.7221210457e+00 2.8470000000e+03 8.6000000000e+00 9.2798677164e-01
5.2957321384e+00 2.5212445042e+00 2.0112225049e+00 2.6197304140e+00 4.0748391571e+00 2.8480000000e+03 8.6000000000e+00 9.2798677164e-01
5.2966957394e+00 3.0185646156e+00 2.0972668759e+00 2.5824488722e+00 9.4933869511e+00 2.8490000000e+03 8.6000000000e+00 9.2798677164e-01
5.2969904252e+00 2.7712324642e+00 2.0544632400e+00 2.6099998766e+00 1.3141064320e+01 2.8500000000e+03 8.6000000000e+00 9.2798677164e-01
5.2997930801e+00 2.5691040909e+00 2.0367719018e+00 2.6232958106e+00 1.1035369919e+01 2.8510000000e+03 8.6000000000e+00 9.2798677164e-01
5.3043153571e+00 2.5580502066e+00 2.0939508232e+00 2.5968317859e+00 1.1705393274e+01 2.8520000000e+03 8.6000000000e+00 9.2798677164e-01
5.3062868890e+00 2.8886666893e+00 2.0823853197e+00 2.5925458300e+00 1.1447728786e+01 2.8530000000e+03 8.6000000000e+00 9.2798677164e-01
5.3063996022e+00 2.5716813712e+00 2.0722691973e+00 2.6310870882e+00 1.4497131656e+01 2.8540000000e+03 8.6000000000e+00 9.2798677164e-01
5.3064273643e+00 3.1205503681e+00 2.0326489078e+00 2.6514430582e+00 8.6544735942e+00 2.8550000000e+03 8.6000000000e+00 9.2798677164e-01
5.3099078278e+00 3.2348370812e+00 2.0458497052e+00 2.6115761883e+00 1.4957174959e+01 2.8560000000e+03 8.6000000000e+00 9.2798677164e-01
5.3105386827e+00 2.5818351772e+00 2.1204626454e+00 2.6089634103e+00 2.5451998020e+00 2.8570000000e+03 8.6000000000e+00 9.2798677164e-01
5.3127953991e+00 2.9218687834e+00 2.1415227334e+00 2.6051572758e+00 2.3975484180e+00 2.8580000000e+03 8.6000000000e+00 9.2798677164e-01
5.3138854703e+00 2.7748263540e+00 2.1697774198e+00 2.5968444562e+00 1.1891873504e+01 2.8590000000e+03 8.6000000000e+00 9.2798677164e-01
5.3179902999e+00 2.7299424836e+00 2.1282394880e+00 2.6276852920e+00 5.8684528412e+00 2.8600000000e+03 8.6000000000e+00 9.2798677164e-01
5.3182114341e+00 2.6364493474e+00 2.1369516528e+00 2.6038057308e+00 1.3837359805e+01 2.8610000000e+03 8.6000000000e+00 9.2798677164e-01
5.3242957342e+00 3.2595600584e+00 2.1638244427e+00 2.6197235922e+00 4.8247957451e+00 2.8620000000e+03 8.6000000000e+00 9.2798677164e-01
5.3243034207e+00 2.9694028247e+00 2.1825184863e+00 2.6153770472e+00 1.3350274028e+01 2.8630000000e+03 8.6000000000e+00 9.2798677164e-01
5.3279836674e+00 2.7242870291e+00 2.1411684241e+00 2.5874661441e+00 4.6561108448e+00 2.8640000000e+03 8.6000000000e+00 9.2798677164e-01
5.3306980105e+00 2.9042818823e+00 2.1895940713e+00 2.5948255284e+00 8.0940226701e+00 2.8650000000e+03 8.6000000000e+00 9.2798677164e-01
5.3313680270e+00 3.0787433083e+00 2.1944487943e+00 2.6161679890e+00 9.2081097087e+00 2.8660000000e+03 8.6000000000e+00 9.2798677164e-01
5.3349356530e+00 3.0019688076e+00 2.2567491928e+00 2.5879862378e+00 1.5974625635e+01 2.8670000000e+03 8.6000000000e+00 9.2798677164e-01
5.3399860754e+00 3.0739711927e+00 2.2462381200e+00 2.6134412088e+00 6.9052850162e+00 2.8680000000e+03 8.6000000000e+00 9.2798677164e-01
5.3422456262e+00 2.5147837772e+00 2.2028884464e+00 2.6131028854e+00 9.7545441795e+00 2.8690000000e+03 8.6000000000e+00 9.2798677164e-01
5.3429198136e+00 2.5605999299e+00 2.2372931412e+00 2.6289022427e+00 4.7961162304e+00 2.8700000000e+03 8.6000000000e+00 9.2798677164e-01
5.3444918049e+00 2.5574882471e+00 2.2191286432e+00 2.6477972040e+00 1.0452253676e+01 2.8710000000e+03 8.6000000000e+00 9.2798677164e-01
5.3449956938e+00 3.8190102350e+00 2.2498279720e+00 2.5796005671e+00 8.2198924838e+00 2.8720000000e+03 8.6000000000e+00 9.2798677164e-01
5.3458449776e+00 2.5922591495e+00 2.2211023962e+00 2.6016306111e+00 1.3358215833e+01 2.8730000000e+03 8.6000000000e+00 9.2798677164e-01
5.3496765689e+00 3.4092792350e+00 2.2459152286e+00 2.6549677144e+00 3.6812622742e+00 2.8740000000e+03 8.6000000000e+00 9.2798677164e-01
5.3499919743e+00 3.7017102535e+00 2.2069670382e+00 2.6054605295e+00 3.3605301306e+00 2.8750000000e+03 8.6000000000e+00 9.2798677164e-01
5.3522425687e+00 2.7182118003e+00 2.2424991895e+00 2.6358473367e+00 8.7775818701e+00 2.8760000000e+03 8.6000000000e+00 9.2798677164e-01
5.3534430144e+00 3.1731913861e+00 2.2193483304e+00 2.5975162331e+00 7.2333900630e+00 2.8770000000e+03 8.6000000000e+00 9.2798677164e-01
5.3547975368e+00 2.8614656871e+00 2.2750788515e+00 2.6519726962e+00 1.7383470640e+01 2.8780000000e+03 8.6000000000e+00 9.2798677164e-01
5.3571239501e+00 4.5248929342e+00 2.2853550001e+00 2.6124772416e+00 1.5205102182e+01 2.8790000000e+03 8.6000000000e+00 9.2798677164e-01
5.3571660986e+00 2.9688265906e+00 2.3381464994e+00 2.6539740899e+00 1.2596968417e+01 2.8800000000e+03 8.6000000000e+00 9.2798677164e-01
5.3572406774e+00 2.9788642667e+00 2.3256125458e+00 2.6167414775e+00 1.1547390661e+01 2.8810000000e+03 8.6000000000e+00 9.2798677164e-01
5.3581740658e+00 2.8029081256e+00 2.2748285882e+00 2.6242077268e+00 1.2877452223e+01 2.8820000000e+03 8.6000000000e+00 9.2798677164e-01
5.3595930413e+00 2.8380814359e+00 2.3226187314e+00 2.5808464033e+00 1.2570878917e+01 2.8830000000e+03 8.6000000000e+00 9.2798677164e-01
5.3613851917e+00 3.7650660430e+00 2.3392606792e+00 2.5805369184e+00 6.3122761171e+00 2.8840000000e+03 8.6000000000e+00 9.2798677164e-01
5.3615006658e+00 2.5809325896e+00 2.2908022154e+00 2.6151280803e+00 5.8139518940e+00 2.8850000000e+03 8.6000000000e+00 9.2798677164e-01
5.3664534018e+00 3.4209802943e+00 2.3035114808e+00 2.6209468363e+00 1.3428070539e+01 2.8860000000e+03 8.6000000000e+00 9.2798677164e-01
5.3674469247e+00 2.6300329305e+00 2.3429939087e+00 2.5938471588e+00 1.2821743790e+01 2.8870000000e+03 8.6000000000e+00 9.2798677164e-01
5.3675056584e+00 2.5559043339e+00 2.3227031533e+00 2.5977297088e+00 1.4690454296e+01 2.8880000000e+03 8.6000000000e+00 9.2798677164e-01
5.3716771119e+00 3.7689774346e+00 2.3798059728e+00 2.6348928832e+00 7.2992001324e+00 2.8890000000e+03 8.6000000000e+00 9.2798677164e-01
5.3737429644e+00 3.0885876654e+00 2.4006669364e+00 2.6303976349e+00 1.3378385067e+01 2.8900000000e+03 8.6000000000e+00 9.2798677164e-01
5.3747744684e+00 3.9505293168e+00 2.3696395259e+00 2.6495691275e+00 4.4737925632e+00 2.8910000000e+03 8.6000000000e+00 9.2798677164e-01
5.3756794279e+00 2.6486713949e+00 2.3581979558e+00 2.6124688001e+00 1.5229344843e+01 2.8920000000e+03 8.6000000000e+00 9.2798677164e-01
5.3771699504e+00 2.6448148295e+00 2.3725192711e+00 2.6070961719e+00 3.1595004537e+00 2.8930000000e+03 8.6000000000e+00 9.2798677164e-01
5.3845738249e+00 3.7554329783e+00 2.3609599115e+00 2.6519211814e+00 7.7845007410e+00 2.8940000000e+03 8.6000000000e+00 9.2798677164e-01
5.3846804478e+00 3.0206179368e+00 2.4412715758e+00 2.5862106269e+00 9.0323588585e+00 2.8950000000e+03 8.6000000000e+00 9.2798677164e-01
5.3861436148e+00 2.9601349266e+00 2.4443904323e+00 2.5817004413e+00 8.6836575409e+00 2.8960000000e+03 8.6000000000e+00 9.2798677164e-01
5.3886330176e+00 2.8492702737e+00 2.4407611336e+00 2.6288178371e+00 1.1783170913e+01 2.8970000000e+03 8.6000000000e+00 9.2798677164e-01
5.3914916984e+00 3.9645712574e+00 2.4689472821e+00 2.6041904054e+00 3.7909502633e+00 2.8980000000e+03 8.6000000000e+00 9.2798677164e-01
5.3922020659e+00 2.7632038047e+00 2.4883662248e+00 2.6159939461e+00 1.7045275153e+01 2.8990000000e+03 8.6000000000e+00 9.2798677164e-01
5.3933001274e+00 2.8188110638e+00 2.4720312269e+00 2.5977065349e+00 8.0370895674e+00 2.9000000000e+03 8.6000000000e+00 9.2798677164e-01
5.3934114801e+00 2.5647050127e+00 2.5651280628e+00 2.6377542689e+00 5.0888913943e+00 2.9010000000e+03 8.6000000000e+00 9.2798677164e-01
5.3938752748e+00 2.5357391159e+00 2.5293886653e+00 2.6412996618e+00 6.0889755027e+00 2.9020000000e+03 8.6000000000e+00 9.2798677164e-01
5.3942420560e+00 2.6739275925e+00 2.5046930691e+00 2.5831606439e+00 6.2409352244e+00 2.9030000000e+03 8.6000000000e+00 9.2798677164e-01
5.3979904123e+00 2.5377708669e+00 2.5709696981e+00 2.6545839337e+00 5.1638497579e+00 2.9040000000e+03 8.6000000000e+00 9.2798677164e-01
5.3995343404e+00 2.5000047990e+00 2.5157831033e+00 2.6245806993e+00 1.3926704332e+01 2.9050000000e+03 8.6000000000e+00 9.2798677164e-01
5.4017585358e+00 4.1415527831e+00 2.5576563438e+00 2.5845905819e+00 1.0251469646e+01 2.9060000000e+03 8.6000000000e+00 9.2798677164e-01
5.4030587011e+00 2.6982595805e+00 2.5335015842e+00 2.6546920045e+00 1.0336678873e+01 2.9070000000e+03 8.6000000000e+00 9.2798677164e-01
5.4104579501e+00 3.4084557211e+00 2.5818859190e+00 2.6086180150e+00 1.6234614839e+01 2.9080000000e+03 8.6000000000e+00 9.2798677164e-01
5.4106212670e+00 3.6533675421e+00 2.5819972765e+00 2.5845190135e+00 4.9036291269e+00 2.9090000000e+03 8.6000000000e+00 9.2798677164e-01
5.4107480117e+00 3.7854297846e+00 2.6133872528e+00 2.6412250514e+00 4.8530053422e+00 2.9100000000e+03 8.6000000000e+00 9.2798677164e-01
5.4118831241e+00 2.8355033454e+00 2.6257452975e+00 2.5947726509e+00 9.8535331827e+00 2.9110000000e+03 8.6000000000e+00 9.2798677164e-01
5.4131879785e+00 3.3528614392e+00 2.6071089517e+00 2.5851365915e+00 4.3266075886e+00 2.9120000000e+03 8.6000000000e+00 9.2798677164e-01
5.4147252864e+00 2.7758687210e+00 2.5814018285e+00 2.5896458200e+00 2.6895862554e+00 2.9130000000e+03 8.6000000000e+00 9.2798677164e-01
5.4169464741e+00 2.5827712694e+00 2.6285942359e+00 2.6037914959e+00 1.1077079361e+01 2.9140000000e+03 8.6000000000e+00 9.2798677164e-01
5.4194602627e+00 2.6338392913e+00 2.6402104303e+00 2.5852340996e+00 1.3348220438e+01 2.9150000000e+03 8.6000000000e+00 9.2798677164e-01
5.4227498119e+00 2.5200026587e+00 2.6481275713e+00 2.6207004593e+00 1.4374462707e+01 2.9160000000e+03 8.6000000000e+00 9.2798677164e-01
5.4233792853e+00 3.0876248805e+00 2.6023660664e+00 2.6102616127e+00 1.4821780255e+01 2.9170000000e+03 8.6000000000e+00 9.2798677164e-01
5.4242481832e+00 2.7791324847e+00 2.6813951094e+00 2.6364011469e+00 5.8172398703e+00 2.9180000000e+03 8.6000000000e+00 9.2798677164e-01
5.4243329460e+00 2.6927470624e+00 2.6570213350e+00 2.6554994329e+00 7.5386198758e+00 2.9190000000e+03 8.6000000000e+00 9.2798677164e-01
5.4260737186e+00 2.5338674461e+00 2.6606766636e+00 2.6246789116e+00 1.0696560806e+01 2.9200000000e+03 8.6000000000e+00 9.2798677164e-01
5.4280121856e+00 2.5772007637e+00 2.7085551457e+00 2.6459281971e+00 1.1734281687e+01 2.9210000000e+03 8.6000000000e+00 9.2798677164e-01
5.4286403553e+00 2.5771601638e+00 2.7111632612e+00 2.6023980327e+00 1.0013345314e+01 2.9220000000e+03 8.6000000000e+00 9.2798677164e-01
5.4293518039e+00 2.9746244198e+00 2.7537083686e+00 2.6559942046e+00 2.1328636364e+00 2.9230000000e+03 8.6000000000e+00 9.2798677164e-01
5.4308949117e+00 2.8464205106e+00 2.7477319706e+00 2.6310121201e+00 1.7269483281e+01 2.9240000000e+03 8.6000000000e+00 9.2798677164e-01
5.4316067744e+00 2.5555400584e+00 2.7371860936e+00 2.5960526026e+00 1.7323715041e+01 2.9250000000e+03 8.6000000000e+00 9.2798677164e-01
5.4332267813e+00 2.5754883767e+00 2.7937556750e+00 2.5967391096e+00 9.6146412832e+00 2.9260000000e+03 8.6000000000e+00 9.2798677164e-01
5.4342373748e+00 3.2827803318e+00 2.7660764649e+00 2.6488219757e+00 1.0298582808e+01 2.9270000000e+03 8.6000000000e+00 9.2798677164e-01
5.4428221477e+00 2.7390180996e+00 2.7655987136e+00 2.6417774800e+00 1.7032519356e+01 2.9280000000e+03 8.6000000000e+00 9.2798677164e-01
5.4450888936e+00 3.0919716050e+00 2.7633434911e+00 2.6456998478e+00 1.3818519141e+01 2.9290000000e+03 8.6000000000e+00 9.2798677164e-01
5.4474734035e+00 2.5793156381e+00 2.8817115107e+00 2.6537774394e+00 6.2850303155e+00 2.9300000000e+03 8.6000000000e+00 9.2798677164e-01
5.4481348054e+00 2.7359548301e+00 2.8398622661e+00 2.6387390223e+00 1.7783651174e+01 2.9310000000e+03 8.6000000000e+00 9.2798677164e-01
5.4525584371e+00 2.6270027655e+00 2.8716035226e+00 2.6429741424e+00 8.1092937565e+00 2.9320000000e+03 8.6000000000e+00 9.2798677164e-01
5.4537515361e+00 3.3095964873e+00 2.8196538096e+00 2.5881000405e+00 9.4287598978e+00 2.9330000000e+03 8.6000000000e+00 9.2798677164e-01
5.4543694337e+00 2.7276185364e+00 2.8901095172e+00 2.6484376051e+00 1.3934205934e+01 2.9340000000e+03 8.6000000000e+00 9.2798677164e-01
5.4546534262e+00 3.1323125251e+00 2.8600926981e+00 2.5908469957e+00 1.2167744001e+01 2.9350000000e+03 8.6000000000e+00 9.2798677164e-01
5.4558061158e+00 3.4278170748e+00 2.8579865822e+00 2.6428816537e+00 7.5751511743e+00 2.9360000000e+03 8.6000000000e+00 9.2798677164e-01
5.4567144036e+00 3.0026923436e+00 2.8875212701e+00 2.6405429665e+00 1.4000542154e+01 2.9370000000e+03 8.6000000000e+00 9.2798677164e-01
5.4618869844e+00 2.6745415167e+00 2.8673517804e+00 2.6149582440e+00 1.1820194890e+01 2.9380000000e+03 8.6000000000e+00 9.2798677164e-01
5.4632715479e+00 2.5800078411e+00 2.8514435123e+00 2.6073111307e+00 3.9392404534e+00 2.9390000000e+03 8.6000000000e+00 9.2798677164e-01
5.4641794788e+00 3.7473592806e+00 2.9528838807e+00 2.6524335828e+00 1.5829020058e+01 2.9400000000e+03 8.6000000000e+00 9.2798677164e-01
5.4655779153e+00 2.9300477433e+00 2.8936787663e+00 2.5842069338e+00 1.7643019477e+01 2.9410000000e+03 8.6000000000e+00 9.2798677164e-01
5.4681955508e+00 2.7620710730e+00 2.9062241213e+00 2.6147472442e+00 1.2964690492e+01 2.9420000000e+03 8.6000000000e+00 9.2798677164e-01
5.4695560466e+00 2.5207131113e+00 2.9646834412e+00 2.6003859212e+00 4.8167852323e+00 2.9430000000e+03 8.6000000000e+00 9.2798677164e-01
5.4696604803e+00 2.9229913783e+00 2.9505070347e+00 2.6379805704e+00 4.9674299281e+00 2.9440000000e+03 8.6000000000e+00 9.2798677164e-01
5.4700657706e+00 3.1672529906e+00 2.9305726120e+00 2.6282390958e+00 1.6620353849e+01 2.9450000000e+03 8.6000000000e+00 9.2798677164e-01
5.4728524600e+00 2.6478114470e+00 2.9283203468e+00 2.6001202324e+00 4.9497426889e+00 2.9460000000e+03 8.6000000000e+00 9.2798677164e-01
5.4747485050e+00 2.9050897163e+00 3.0335790793e+00 2.6074939473e+00 9.9545618636e+00 2.9470000000e+03 8.6000000000e+00 9.2798677164e-01
5.4773649174e+00 3.6682824793e+00 3.0285530689e+00 2.5905348133e+00 5.5011820947e+00 2.9480000000e+03 8.6000000000e+00 9.2798677164e-01
5.4781663215e+00 2.5735088046e+00 3.0044768127e+00 2.6549594173e+00 2.9473976922e+00 2.9490000000e+03 8.6000000000e+00 9.2798677164e-01
5.4784404846e+00 4.9618223877e+00 3.0206413431e+00 2.6540158698e+00 1.0198717519e+01 2.9500000000e+03 8.6000000000e+00 9.2798677164e-01
5.4828697974e+00 4.1209299755e+00 3.0154808513e+00 2.6338102470e+00 2.7258575189e+00 2.9510000000e+03 8.6000000000e+00 9.2798677164e-01
5.4847928962e+00 2.5411690484e+00 3.0211294263e+00 2.6234397940e+00 5.1123396438e+00 2.9520000000e+03 8.6000000000e+00 9.2798677164e-01
5.4881854028e+00 3.6301091994e+00 3.0169991579e+00 2.6471127023e+00 5.0428116996e+00 2.9530000000e+03 8.6000000000e+00 9.2798677164e-01
5.4886943346e+00 2.7063108060e+00 3.0091483845e+00 2.5883165287e+00 4.4103805479e+00 2.9540000000e+03 8.6000000000e+00 9.2798677164e-01
5.4896632674e+00 2.5541147249e+00 2.9732126070e+00 2.6163972020e+00 1.3154022023e+01 2.9550000000e+03 8.6000000000e+00 9.2798677164e-01
5.4907096952e+00 2.9740280428e+00 3.0128711640e+00 2.6413034533e+00 1.1286449123e+01 2.9560000000e+03 8.6000000000e+00 9.2798677164e-01
5.4915435526e+00 2.5989597029e+00 3.0393430185e+00 2.6040048585e+00 1.5768238051e+01 2.9570000000e+03 8.6000000000e+00 9.2798677164e-01
5.4915516808e+00 4.6424905588e+00 2.9912936622e+00 2.6533351611e+00 1.5240643601e+01 2.9580000000e+03 8.6000000000e+00 9.2798677164e-01
5.4932183006e+00 2.7051970859e+00 2.9920839175e+00 2.5861512025e+00 6.1352253082e+00 2.9590000000e+03 8.6000000000e+00 9.2798677164e-01
5.4935455157e+00 2.5790280920e+00 3.0690123397e+00 2.5790266371e+00 1.2030414931e+01 2.9600000000e+03 8.6000000000e+00 9.2798677164e-01
5.4940392331e+00 3.6187110821e+00 3.0701032346e+00 2.6316468961e+00 8.8033960235e+00 2.9610000000e+03 8.6000000000e+00 9.2798677164e-01
5.4946661086e+00 3.0373960044e+00 3.0683742675e+00 2.6139116386e+00 1.1484669521e+01 2.9620000000e+03 8.6000000000e+00 9.2798677164e-01
5.4950974324e+00 2.7078921321e+00 3.0578685604e+00 2.6248061238e+00 1.4736822248e+01 2.9630000000e+03 8.6000000000e+00 9.2798677164e-01
5.4978781289e+00 3.3766762412e+00 3.0539762150e+00 2.6006314700e+00 1.7180556487e+01 2.9640000000e+03 8.6000000000e+00 9.2798677164e-01
5.4987732378e+00 3.9767641834e+00 3.1068804642e+00 2.5954102391e+00 1.5734060738e+01 2.9650000000e+03 8.6000000000e+00 9.2798677164e-01
5.4995409286e+00 2.7809326700e+00 3.0979953444e+00 2.5917582062e+00 1.7312655535e+01 2.9660000000e+03 8.6000000000e+00 9.2798677164e-01
5.5036563411e+00 2.5043736288e+00 3.1139899378e+00 2.5896774204e+00 8.8833712813e+00 2.9670000000e+03 8.6000000000e+00 9.2798677164e-01
5.5052963569e+00 2.7426306982e+00 3.0957104216e+00 2.6131608278e+00 9.2493353798e+00 2.9680000000e+03 8.6000000000e+00 9.2798677164e-01
5.5067699115e+00 2.5027390737e+00 3.1034918296e+00 2.5921385581e+00 1.1959595578e+01 2.9690000000e+03 8.6000000000e+00 9.2798677164e-01
5.5082173894e+00 2.8348279933e+00 3.1084678396e+00 2.5946849687e+00 1.4866501188e+01 2.9700000000e+03 8.6000000000e+00 9.2798677164e-01
5.5082291534e+00 2.6335286187e+00 3.1242303951e+00 2.6037755592e+00 1.7461385115e+01 2.9710000000e+03 8.6000000000e+00 9.2798677164e-01
5.5087918836e+00 2.5668415433e+00 3.1268491466e+00 2.6062244818e+00 1.3515014496e+01 2.9720000000e+03 8.6000000000e+00 9.2798677164e-01
5.5119527078e+00 2.6607950470e+00 3.1912618998e+00 2.6355614099e+00 1.2335612947e+01 2.9730000000e+03 8.6000000000e+00 9.2798677164e-01
5.5127931057e+00 2.5094362535e+00 3.1875619377e+00 2.6033680742e+00 6.9394440372e+00 2.9740000000e+03 8.6000000000e+00 9.2798677164e-01
5.5216992632e+00 4.3710127459e+00 3.2006963072e+00 2.6148124787e+00 3.6348225217e+00 2.9750000000e+03 8.6000000000e+00 9.2798677164e-01
5.5226003395e+00 3.0126635718e+00 3.1259984725e+00 2.6545848012e+00 6.2362344803e+00 2.9760000000e+03 8.6000000000e+00 9.2798677164e-01
5.5280588798e+00 3.0572800097e+00 3.1855700290e+00 2.6203795347e+00 6.8317289694e+00 2.9770000000e+03 8.6000000000e+00 9.2798677164e-01
5.5281516386e+00 3.8699862690e+00 3.1927746296e+00 2.5820900691e+00 9.0938221927e+00 2.9780000000e+03 8.6000000000e+00 9.2798677164e-01
5.5293542985e+00 2.5587450403e+00 3.1944721897e+00 2.6133937464e+00 4.7356395512e+00 2.9790000000e+03 8.6000000000e+00 9.2798677164e-01
5.5301403287e+00 2.8091701369e+00 3.2771406994e+00 2.5894344104e+00 1.7706642453e+01 2.9800000000e+03 8.6000000000e+00 9.2798677164e-01
5.5302893701e+00 2.7821853154e+00 3.2584326778e+00 2.5789674689e+00 4.9482499369e+00 2.9810000000e+03 8.6000000000e+00 9.2798677164e-01
5.5341062009e+00 3.0142804329e+00 3.2478504033e+00 2.6055137828e+00 4.1808022331e+00 2.9820000000e+03 8.6000000000e+00 9.2798677164e-01
5.5343089258e+00 3.8053161479e+00 3.2400798788e+00 2.6237309124e+00 4.8025085408e+00 2.9830000000e+03 8.6000000000e+00 9.2798677164e-01
5.5384445271e+00 3.4496515674e+00 3.2803256598e+00 2.6114879884e+00 1.7765560042e+01 2.9840000000e+03 8.6000000000e+00 9.2798677164e-01
5.5392189516e+00 2.5075803813e+00 3.2095796576e+00 2.5786400648e+00 4.9824175081e+00 2.9850000000e+03 8.6000000000e+00 9.2798677164e-01
5.5393577549e+00 2.5618644146e+00 3.2517843502e+00 2.5980925434e+00 1.3506880140e+01 2.9860000000e+03 8.6000000000e+00 9.2798677164e-01
5.5417469558e+00 2.7926783126e+00 3.2241525533e+00 2.5932555663e+00 4.3750617923e+00 2.9870000000e+03 8.6000000000e+00 9.2798677164e-01
5.5427440089e+00 3.5690089593e+00 3.2688823093e+00 2.5955573245e+00 1.6182497162e+01 2.9880000000e+03 8.6000000000e+00 9.2798677164e-01
5.5428997758e+00 2.8977778545e+00 3.2181072876e+00 2.6219348512e+00 1.0402029280e+01 2.9890000000e+03 8.6000000000e+00 9.2798677164e-01
5.5447645759e+00 2.7392705520e+00 3.2953515069e+00 2.6128273989e+00 1.1282405927e+01 2.9900000000e+03 8.6000000000e+00 9.2798677164e-01
5.5464513792e+00 2.5842079792e+00 3.3559390616e+00 2.6207852128e+00 1.2894223614e+01 2.9910000000e+03 8.6000000000e+00 9.2798677164e-01
5.5465383830e+00 2.5813022464e+00 3.3032622123e+00 2.5930840858e+00 4.0107997120e+00 2.9920000000e+03 8.6000000000e+00 9.2798677164e-01
5.5467441935e+00 3.3172798282e+00 3.3072958595e+00 2.6206338214e+00 1.2629871626e+01 2.9930000000e+03 8.6000000000e+00 9.2798677164e-01
5.5482280910e+00 3.2939988901e+00 3.3283938654e+00 2.6035157948e+00 4.1519993860e+00 2.9940000000e+03 8.6000000000e+00 9.2798677164e-01
5.5492858626e+00 2.5291110122e+00 3.3255371870e+00 2.5852191292e+00 1.1237463351e+01 2.9950000000e+03 8.6000000000e+00 9.2798677164e-01
5.5493527756e+00 2.8706418255e+00 3.2901379858e+00 2.6500850352e+00 7.6392532385e+00 2.9960000000e+03 8.6000000000e+00 9.2798677164e-01
5.5510420893e+00 2.6736991108e+00 3.3466020845e+00 2.5996965727e+00 7.4071920696e+00 2.9970000000e+03 8.6000000000e+00 9.2798677164e-01
5.5515955870e+00 2.6034605351e+00 3.3188087009e+00 2.5861475784e+00 1.3189785424e+01 2.9980000000e+03 8.6000000000e+00 9.2798677164e-01
5.5531289427e+00 2.5957150067e+00 3.3364889937e+00 2.5798391040e+00 1.7268529781e+01 2.9990000000e+03 8.6000000000e+00 9.2798677164e-01
5.5545055284e+00 2.8791636170e+00 3.3574704851e+00 2.6423382174e+00 6.1726184878e+00 3.0000000000e+03 8.6000000000e+00 9.2798677164e-01
5.5577062274e+00 3.4626178549e+00 3.3562923024e+00 2.6268588963e+00 1.1018372107e+01 3.0010000000e+03 8.6000000000e+00 9.2798677164e-01
5.5620157403e+00 2.7119096634e+00 3.2943619585e+00 2.6480299155e+00 8.9267593765e+00 3.0020000000e+03 8.6000000000e+00 9.2798677164e-01
5.5620190928e+00 2.5345551528e+00 3.4288348855e+00 2.6072054121e+00 1.6759510390e+01 3.0030000000e+03 8.6000000000e+00 9.2798677164e-01
5.5624290377e+00 2.7857761122e+00 3.4246240152e+00 2.5801548439e+00 8.5951762789e+00 3.0040000000e+03 8.6000000000e+00 9.2798677164e-01
5.5639084184e+00 2.7335481717e+00 3.4289618373e+00 2.5990389492e+00 1.4846488773e+01 3.0050000000e+03 8.6000000000e+00 9.2798677164e-01
5.5639439105e+00 2.5454303314e+00 3.3827888706e+00 2.6324087588e+00 1.1846530298e+01 3.0060000000e+03 8.6000000000e+00 9.2798677164e-01
5.5640626555e+00 2.8478822586e+00 3.3886144563e+00 2.5997082798e+00 5.4888221608e+00 3.0070000000e+03 8.6000000000e+00 9.2798677164e-01
5.5666030020e+00 2.6342657536e+00 3.3981337015e+00 2.6378554183e+00 8.9101370012e+00 3.0080000000e+03 8.6000000000e+00 9.2798677164e-01
5.5683143862e+00 2.6050846545e+00 3.3956893554e+00 2.6089063672e+00 9.2773511771e+00 3.0090000000e+03 8.6000000000e+00 9.2798677164e-01
5.5692234332e+00 2.6833194293e+00 3.3966316894e+00 2.5955241122e+00 2.9612177006e+00 3.0100000000e+03 8.6000000000e+00 9.2798677164e-01
5.5723492576e+00 2.7981665452e+00 3.5053638255e+00 2.6143014227e+00 1.2124710604e+01 3.0110000000e+03 8.6000000000e+00 9.2798677164e-01
5.5728726896e+00 2.7259084795e+00 3.4426863162e+00 2.6481998455e+00 1.3478767129e+01 3.0120000000e+03 8.6000000000e+00 9.2798677164e-01
5.5762722744e+00 3.2150303786e+00 3.5118983270e+00 2.6094953019e+00 1.3652502100e+01 3.0130000000e+03 8.6000000000e+00 9.2798677164e-01
5.5778061024e+00 2.6381870941e+00 3.5096771868e+00 2.6337718044e+00 1.0681571595e+01 3.0140000000e+03 8.6000000000e+00 9.2798677164e-01
5.5813685250e+00 2.7424318147e+00 3.5071942804e+00 2.6330609014e+00 1.3955903713e+01 3.0150000000e+03 8.6000000000e+00 9.2798677164e-01
5.5820791243e+00 2.6119314899e+00 3.4474056829e+00 2.6545723642e+00 3.0206371583e+00 3.0160000000e+03 8.6000000000e+00 9.2798677164e-01
5.5838879094e+00 3.1986548511e+00 3.4908778196e+00 2.5852618072e+00 6.1239027909e+00 3.0170000000e+03 8.6000000000e+00 9.2798677164e-01
5.5890107727e+00 2.9057403630e+00 3.5738959424e+00 2.6417224294e+00 4.1225433211e+00 3.0180000000e+03 8.6000000000e+00 9.2798677164e-01
5.5891113992e+00 2.7612514742e+00 3.5368467219e+00 2.6015206739e+00 1.4129395750e+01 3.0190000000e+03 8.6000000000e+00 9.2798677164e-01
5.5894148866e+00 2.6144948730e+00 3.6320663970e+00 2.6458630720e+00 1.7093512314e+01 3.0200000000e+03 8.6000000000e+00 9.2798677164e-01
5.5905553420e+00 2.6687539470e+00 3.6610011685e+00 2.5947718462e+00 1.6086202700e+01 3.0210000000e+03 8.6000000000e+00 9.2798677164e-01
5.5906204964e+00 2.5127545011e+00 3.5968919999e+00 2.6161014628e+00 1.7450434157e+01 3.0220000000e+03 8.6000000000e+00 9.2798677164e-01
5.5939905885e+00 2.7029021275e+00 3.6691864845e+00 2.6016221807e+00 2.2254041651e+00 3.0230000000e+03 8.6000000000e+00 9.2798677164e-01
5.5957217999e+00 2.6088135030e+00 3.6622439110e+00 2.6250539912e+00 9.6111141810e+00 3.0240000000e+03 8.6000000000e+00 9.2798677164e-01
5.5966163424e+00 2.8622741385e+00 3.6429295597e+00 2.6149025485e+00 9.3654584678e+00 3.0250000000e+03 8.6000000000e+00 9.2798677164e-01
5.5967081792e+00 2.8527875955e+00 3.6681691112e+00 2.6130373899e+00 1.6468286295e+01 3.0260000000e+03 8.6000000000e+00 9.2798677164e-01
5.5968952414e+00 2.5735185170e+00 3.6140709423e+00 2.5893618632e+00 7.8271227073e+00 3.0270000000e+03 8.6000000000e+00 9.2798677164e-01
5.5970897081e+00 2.7186266670e+00 3.7345658177e+00 2.6061342436e+00 1.7990933695e+01 3.0280000000e+03 8.6000000000e+00 9.2798677164e-01
5.6009203784e+00 2.7505719414e+00 3.7445727106e+00 2.6175404327e+00 1.4560091524e+01 3.0290000000e+03 8.6000000000e+00 9.2798677164e-01
5.6023095411e+00 2.5525925383e+00 3.7061568310e+00 2.6328474387e+00 1.7507095224e+01 3.0300000000e+03 8.6000000000e+00 9.2798677164e-01
5.6060454744e+00 3.7884160381e+00 3.7378258437e+00 2.6129529363e+00 4.1869448812e+00 3.0310000000e+03 8.6000000000e+00 9.2798677164e-01
5.6066629375e+00 2.5907283101e+00 3.6929777704e+00 2.6471294917e+00 1.1632561140e+01 3.0320000000e+03 8.6000000000e+00 9.2798677164e-01
5.6074464597e+00 3.6480143388e+00 3.7712391293e+00 2.6027593608e+00 1.0653465143e+01 3.0330000000e+03 8.6000000000e+00 9.2798677164e-01
5.6096775224e+00 2.8536609469e+00 3.7919277530e+00 2.5890127972e+00 6.3554385679e+00 3.0340000000e+03 8.6000000000e+00 9.2798677164e-01
5.6103324646e+00 2.7080969064e+00 3.8051067683e+00 2.6558415345e+00 4.5655207654e+00 3.0350000000e+03 8.6000000000e+00 9.2798677164e-01
5.6104633316e+00 2.8896811505e+00 3.7566234592e+00 2.6147667082e+00 5.0582479006e+00 3.0360000000e+03 8.6000000000e+00 9.2798677164e-01
5.6137784472e+00 3.5816819550e+00 3.8140649837e+00 2.6110938640e+00 6.4377710328e+00 3.0370000000e+03 8.6000000000e+00 9.2798677164e-01
5.6140412208e+00 2.5908933836e+00 3.8480966087e+00 2.6149805549e+00 5.0401169983e+00 3.0380000000e+03 8.6000000000e+00 9.2798677164e-01
5.6146347128e+00 2.5200061626e+00 3.8895447866e+00 2.6161681862e+00 1.4408303433e+01 3.0390000000e+03 8.6000000000e+00 9.2798677164e-01
5.6151850889e+00 2.9660970650e+00 3.8978132500e+00 2.6523732613e+00 1.2373292252e+01 3.0400000000e+03 8.6000000000e+00 9.2798677164e-01
5.6196873531e+00 2.7190859338e+00 3.8292394837e+00 2.6478507035e+00 1.7775246185e+01 3.0410000000e+03 8.6000000000e+00 9.2798677164e-01
5.6206533841e+00 2.6321804189e+00 3.8731108314e+00 2.5820095913e+00 2.8454357548e+00 3.0420000000e+03 8.6000000000e+00 9.2798677164e-01
5.6210511126e+00 3.3029202405e+00 3.8354859844e+00 2.6257679895e+00 1.5535249194e+01 3.0430000000e+03 8.6000000000e+00 9.2798677164e-01
5.6231397299e+00 2.9377138983e+00 3.8857670462e+00 2.6414587912e+00 3.8725345022e+00 3.0440000000e+03 8.6000000000e+00 9.2798677164e-01
5.6233606787e+00 3.1549062503e+00 3.8462769919e+00 2.6191546168e+00 6.3998290865e+00 3.0450000000e+03 8.6000000000e+00 9.2798677164e-01
5.6243176533e+00 2.8995028293e+00 3.8419050343e+00 2.5963659044e+00 2.1533962216e+00 3.0460000000e+03 8.6000000000e+00 9.2798677164e-01
5.6244273936e+00 2.5187380106e+00 3.8892827377e+00 2.5864779028e+00 1.7726458394e+01 3.0470000000e+03 8.6000000000e+00 9.2798677164e-01
5.6253423476e+00 2.5095800325e+00 3.8574495320e+00 2.5782908880e+00 1.7303083972e+01 3.0480000000e+03 8.6000000000e+00 9.2798677164e-01
5.6257464718e+00 2.6486060360e+00 3.9195812328e+00 2.6390392126e+00 6.7670071666e+00 3.0490000000e+03 6.0000000000e-01 -2.9444389792e+00
5.6323386812e+00 2.6458172670e+00 3.9917395693e+00 2.5842924625e+00 6.7477576143e+00 3.0500000000e+03 6.0000000000e-01 -2.9444389792e+00
5.6375591624e+00 2.6362135687e+00 4.1012406324e+00 2.5861560033e+00 2.7804114713e+00 3.0510000000e+03 6.0000000000e-01 -2.9444389792e+00
5.6382325903e+00 2.8435503986e+00 4.0658671885e+00 2.6404236832e+00 9.6303972422e+00 3.0520000000e+03 6.0000000000e-01 -2.9444389792e+00
5.6438678757e+00 2.6127931897e+00 4.2659834550e+00 2.5904043909e+00 1.7869193142e+01 3.0530000000e+03 6.0000000000e-01 -2.9444389792e+00
5.6440754761e+00 3.0553709088e+00 4.3323924001e+00 2.6151108890e+00 1.7782454652e+01 3.0540000000e+03 6.0000000000e-01 -2.9444389792e+00
5.6455718778e+00 2.9220959972e+00 4.4437935707e+00 2.6378885280e+00 5.5402285760e+00 3.0550000000e+03 6.0000000000e-01 -2.9444389792e+00
5.6461116597e+00 3.0636491638e+00 4.3970466482e+00 2.6208589559e+00 1.2434933216e+01 3.0560000000e+03 6.0000000000e-01 -2.9444389792e+00
5.6478967923e+00 2.8910542071e+00 4.5659277022e+00 2.6360076869e+00 5.0021501763e+00 3.0570000000e+03 6.0000000000e-01 -2.9444389792e+00
5.6503277077e+00 2.5051230264e+00 4.7665117192e+00 2.6410750656e+00 4.9487238226e+00 3.0580000000e+03 6.0000000000e-01 -2.9444389792e+00
5.6510035319e+00 3.4274444387e+00 4.9005850170e+00 2.6378407212e+00 1.0293287321e+01 3.0590000000e+03 6.0000000000e-01 -2.9444389792e+00
5.6520794897e+00 2.9713846054e+00 4.9202834100e+00 2.6294994931e+00 1.1715432348e+01 3.0600000000e+03 6.0000000000e-01 -2.9444389792e+00
5.6526412861e+00 3.1293662071e+00 4.9340865095e+00 2.6342585157e+00 7.9729367081e+00 3.0610000000e+03 6.0000000000e-01 -2.9444389792e+00
5.6536967661e+00 2.7877017498e+00 6.4917976207e-02 2.7244879038e+00 6.4197113468e+00 3.0620000000e+03 6.0000000000e-01 -2.9444389792e+00
5.6578963232e+00 2.7806331279e+00 3.0852456967e-02 2.6903521467e+00 4.1510487680e+00 3.0630000000e+03 6.0000000000e-01 -2.9444389792e+00
5.6580058370e+00 2.9089977774e+00 3.0655380524e-02 2.6596722398e+00 3.6710119610e+00 3.0640000000e+03 6.0000000000e-01 -2.9444389792e+00
5.6598463246e+00 2.9506239157e+00 8.9551866127e-02 2.7001154123e+00 9.5991143436e+00 3.0650000000e+03 6.0000000000e-01 -2.9444389792e+00
5.6605642904e+00 2.9130359637e+00 1.3842396764e-01 2.7282798502e+00 1.4387880112e+01 3.0660000000e+03 6.0000000000e-01 -2.9444389792e+00
5.6620977483e+00 2.8070053089e+00 3.4379674577e-01 2.7327135139e+00 3.9919216737e+00 3.0670000000e+03 6.0000000000e-01 -2.9444389792e+00
5.6628757293e+00 2.5101128905e+00 3.3680729382e-01 2.7190853749e+00 1.2767943578e+01 3.0680000000e+03 6.0000000000e-01 -2.9444389792e+00
5.6660324190e+00 3.8691691872e+00 3.5379204351e-01 2.6734743470e+00 1.3974284280e+01 3.0690000000e+03 6.0000000000e-01 -2.9444389792e+00
5.6662092096e+00 2.5943870164e+00 5.4053307169e-01 2.7312723651e+00 2.6691339365e+00 3.0700000000e+03 6.0000000000e-01 -2.9444389792e+00
5.6670280572e+00 2.7875464704e+00 5.4918149053e-01 2.7071104488e+00 1.2492179361e+01 3.0710000000e+03 6.0000000000e-01 -2.9444389792e+00
5.6690024175e+00 2.7580439267e+00 6.6803564463e-01 2.7298602871e+00 1.7513177048e+01 3.0720000000e+03 6.0000000000e-01 -2.9444389792e+00
5.6765352435e+00 2.7787523916e+00 7.0991894451e-01 2.6825904805e+00 4.9464391120e+00 3.0730000000e+03 6.0000000000e-01 -2.9444389792e+00
5.6786101830e+00 2.9131932237e+00 9.1533188095e-01 2.6700876802e+00 1.1931395674e+01 3.0740000000e+03 6.0000000000e-01 -2.9444389792e+00
5.6787254710e+00 2.6653148379e+00 8.7200025435e-01 2.7311832153e+00 1.3034704610e+01 3.0750000000e+03 6.0000000000e-01 -2.9444389792e+00
5.6790291340e+00 2.5446484854e+00 1.0330522092e+00 2.6636285290e+00 1.3044359710e+01 3.0760000000e+03 6.0000000000e-01 -2.9444389792e+00
5.6800876809e+00 2.5510109600e+00 1.1488298515e+00 2.6902549329e+00 1.7420506852e+01 3.0770000000e+03 8.6000000000e+00 9.2798677164e-01
5.6801806899e+00 4.0373831258e+00 1.1519600158e+00 2.6978274111e+00 9.8218948942e+00 3.0780000000e+03 8.6000000000e+00 9.2798677164e-01
5.6846077032e+00 2.6215182706e+00 1.1645459789e+00 2.7277927508e+00 5.1266870307e+00 3.0790000000e+03 8.6000000000e+00 9.2798677164e-01
5.6861433978e+00 2.5897417170e+00 1.1237934936e+00 2.6789615975e+00 1.2540421931e+01 3.0800000000e+03 8.6000000000e+00 9.2798677164e-01
5.6879710583e+00 3.0465471382e+00 1.1096010595e+00 2.7086648976e+00 5.4808449193e+00 3.0810000000e+03 8.6000000000e+00 9.2798677164e-01
5.6933649320e+00 2.5420482587e+00 1.1368890177e+00 2.6683641857e+00 4.0347229858e+00 3.0820000000e+03 8.6000000000e+00 9.2798677164e-01
5.6947354762e+00 2.5275313541e+00 1.1218106153e+00 2.6581816587e+00 1.3272034015e+01 3.0830000000e+03 8.6000000000e+00 9.2798677164e-01
5.6970616757e+00 2.6288721083e+00 1.1485388096e+00 2.7003125370e+00 9.0937200893e+00 3.0840000000e+03 8.6000000000e+00 9.2798677164e-01
5.6990706667e+00 2.5982777177e+00 1.1104582052e+00 2.7278310622e+00 1.3712632944e+01 3.0850000000e+03 8.6000000000e+00 9.2798677164e-01
5.7019873337e+00 2.5476401095e+00 1.1023207071e+00 2.7323167704e+00 1.6398763930e+01 3.0860000000e+03 8.6000000000e+00 9.2798677164e-01
5.7042474383e+00 2.5505904531e+00 1.2484111628e+00 2.6674831837e+00 7.2244127336e+00 3.0870000000e+03 8.6000000000e+00 9.2798677164e-01
5.7084578359e+00 2.5575318611e+00 1.1951317230e+00 2.6624232701e+00 1.6490198851e+01 3.0880000000e+03 8.6000000000e+00 9.2798677164e-01
5.7098197176e+00 2.9568047485e+00 1.2079441664e+00 2.7116386668e+00 8.8322420740e+00 3.0890000000e+03 8.6000000000e+00 9.2798677164e-01
5.7149840216e+00 2.8424915532e+00 1.2003308276e+00 2.6833772260e+00 1.4071981089e+01 3.0900000000e+03 8.6000000000e+00 9.2798677164e-01
5.7184862279e+00 3.2002585074e+00 1.1899528594e+00 2.7056526702e+00 3.8083873617e+00 3.0910000000e+03 8.6000000000e+00 9.2798677164e-01
5.7207431374e+00 2.8647642984e+00 1.2367819166e+00 2.6990263002e+00 4.8318959949e+00 3.0920000000e+03 8.6000000000e+00 9.2798677164e-01
5.7213904438e+00 3.8121394211e+00 1.2334118582e+00 2.6567173412e+00 2.9182367212e+00 3.0930000000e+03 8.6000000000e+00 9.2798677164e-01
5.7225542979e+00 2.5531510133e+00 1.2211710620e+00 2.7135918021e+00 3.4785569198e+00 3.0940000000e+03 8.6000000000e+00 9.2798677164e-01
5.7227028334e+00 2.6937056470e+00 1.2121166741e+00 2.7018088602e+00 4.8827362779e+00 3.0950000000e+03 8.6000000000e+00 9.2798677164e-01
5.7236493168e+00 2.5305680529e+00 1.2621179358e+00 2.7027132740e+00 1.7737716005e+01 3.0960000000e+03 8.6000000000e+00 9.2798677164e-01
5.7268443579e+00 2.9568738504e+00 1.2835743611e+00 2.6645279028e+00 1.2841695693e+01 3.0970000000e+03 8.6000000000e+00 9.2798677164e-01
5.7292003127e+00 2.5361415028e+00 1.3079306769e+00 2.7135852408e+00 1.0681230000e+01 3.0980000000e+03 8.6000000000e+00 9.2798677164e-01
5.7300140062e+00 2.5754366530e+00 1.2783063534e+00 2.7307593557e+00 5.3552137142e+00 3.0990000000e+03 8.6000000000e+00 9.2798677164e-01
5.7317409931e+00 4.6039195650e+00 1.2949847556e+00 2.7057824381e+00 5.7370355827e+00 3.1000000000e+03 8.6000000000e+00 9.2798677164e-01
5.7360007648e+00 2.6309270972e+00 1.3279238442e+00 2.6683343005e+00 9.4065738453e+00 3.1010000000e+03 8.6000000000e+00 9.2798677164e-01
5.7381411647e+00 2.8648904937e+00 1.2770985829e+00 2.7065281932e+00 1.3140284180e+01 3.1020000000e+03 8.6000000000e+00 9.2798677164e-01
5.7382676340e+00 2.5564048073e+00 1.3207573094e+00 2.7253554416e+00 1.3729567508e+01 3.1030000000e+03 8.6000000000e+00 9.2798677164e-01
5.7411041603e+00 2.7848992676e+00 1.3725733959e+00 2.6897720121e+00 7.3204783769e+00 3.1040000000e+03 8.6000000000e+00 9.2798677164e-01
5.7434533585e+00 2.5121979937e+00 1.3980440960e+00 2.7080498689e+00 1.1412166756e+01 3.1050000000e+03 8.6000000000e+00 9.2798677164e-01
5.7437006118e+00 2.7328453559e+00 1.3745734640e+00 2.7286242598e+00 1.0735242044e+01 3.1060000000e+03 8.6000000000e+00 9.2798677164e-01
5.7451582185e+00 2.7178967128e+00 1.4270211027e+00 2.7298726088e+00 4.1003130351e+00 3.1070000000e+03 8.6000000000e+00 9.2798677164e-01
5.7455793408e+00 2.5026806152e+00 1.4391157950e+00 2.6911582738e+00 5.5010677372e+00 3.1080000000e+03 8.6000000000e+00 9.2798677164e-01
5.7466761361e+00 2.5707057188e+00 1.4136879434e+00 2.7126254463e+00 1.7316589819e+01 3.1090000000e+03 8.6000000000e+00 9.2798677164e-01
5.7511735632e+00 4.3233251971e+00 1.4446014627e+00 2.6626387250e+00 1.0558552896e+01 3.1100000000e+03 8.6000000000e+00 9.2798677164e-01
5.7524522311e+00 2.5739332626e+00 1.4430073058e+00 2.7059004919e+00 2.6904588844e+00 3.1110000000e+03 8.6000000000e+00 9.2798677164e-01
5.7525469317e+00 3.0476707694e+00 1.4361857082e+00 2.6986590107e+00 6.1968528369e+00 3.1120000000e+03 8.6000000000e+00 9.2798677164e-01
5.7548157750e+00 2.8207962334e+00 1.4371720464e+00 2.6977272289e+00 6.8757092010e+00 3.1130000000e+03 8.6000000000e+00 9.2798677164e-01
5.7573586003e+00 2.6235438383e+00 1.4512497780e+00 2.6972570796e+00 5.8462518835e+00 3.1140000000e+03 8.6000000000e+00 9.2798677164e-01
5.7580949417e+00 2.6378548606e+00 1.4125402912e+00 2.6851768880e+00 9.0716505965e+00 3.1150000000e+03 8.6000000000e+00 9.2798677164e-01
5.7594136496e+00 2.6551544656e+00 1.5015769414e+00 2.6653087400e+00 1.6241836454e+01 3.1160000000e+03 8.6000000000e+00 9.2798677164e-01
5.7603495806e+00 2.6294889296e+00 1.5294046008e+00 2.7143344842e+00 1.0160764487e+01 3.1170000000e+03 8.6000000000e+00 9.2798677164e-01
5.7621341595e+00 2.8683021068e+00 1.5208364418e+00 2.6753579574e+00 6.2877703829e+00 3.1180000000e+03 8.6000000000e+00 9.2798677164e-01
5.7632126059e+00 2.7162280485e+00 1.5129133756e+00 2.6640044805e+00 6.1454073324e+00 3.1190000000e+03 8.6000000000e+00 9.2798677164e-01
5.7673956631e+00 2.7557863605e+00 1.5514691437e+00 2.7297055523e+00 1.2458412570e+01 3.1200000000e+03 8.6000000000e+00 9.2798677164e-01
5.7698287532e+00 2.8288307192e+00 1.5511495705e+00 2.6620412184e+00 1.1690576837e+01 3.1210000000e+03 8.6000000000e+00 9.2798677164e-01
5.7729997482e+00 3.0266566959e+00 1.4989731717e+00 2.6976969287e+00 9.9741951200e+00 3.1220000000e+03 8.6000000000e+00 9.2798677164e-01
5.7769452333e+00 2.5674571321e+00 1.5329809042e+00 2.7290415854e+00 1.4511390979e+01 3.1230000000e+03 8.6000000000e+00 9.2798677164e-01
5.7805134808e+00 2.5777034001e+00 1.5410591836e+00 2.7121858323e+00 1.1886586935e+01 3.1240000000e+03 8.6000000000e+00 9.2798677164e-01
5.7810914901e+00 3.1613256992e+00 1.5225138291e+00 2.7198346638e+00 8.9837435924e+00 3.1250000000e+03 8.6000000000e+00 9.2798677164e-01
5.7816919882e+00 2.5063961364e+00 1.5253321802e+00 2.7262583398e+00 1.5471512533e+01 3.1260000000e+03 8.6000000000e+00 9.2798677164e-01
5.7838311269e+00 3.0059089095e+00 1.5885960045e+00 2.6765863819e+00 1.7980243531e+01 3.1270000000e+03 8.6000000000e+00 9.2798677164e-01
5.7880643982e+00 2.7247034427e+00 1.5660450017e+00 2.6717353403e+00 1.1352667562e+01 3.1280000000e+03 8.6000000000e+00 9.2798677164e-01
5.7912533176e+00 2.7742867699e+00 1.6029966640e+00 2.7181353689e+00 3.9672387343e+00 3.1290000000e+03 8.6000000000e+00 9.2798677164e-01
5.7919947714e+00 3.1651314376e+00 1.5795085654e+00 2.6827062645e+00 7.9531652061e+00 3.1300000000e+03 8.6000000000e+00 9.2798677164e-01
5.7977925259e+00 2.6701172046e+00 1.6060725671e+00 2.6601135715e+00 1.7786966266e+01 3.1310000000e+03 8.6000000000e+00 9.2798677164e-01
5.8002351957e+00 3.0054110885e+00 1.6074497424e+00 2.7167502826e+00 2.9326991323e+00 3.1320000000e+03 8.6000000000e+00 9.2798677164e-01
5.8019759311e+00 2.8510475727e+00 1.6213690683e+00 2.6918989286e+00 1.6791017083e+01 3.1330000000e+03 8.6000000000e+00 9.2798677164e-01
5.8040948154e+00 2.7262722303e+00 1.6048222125e+00 2.6709486180e+00 5.0916498037e+00 3.1340000000e+03 8.6000000000e+00 9.2798677164e-01
5.8041757124e+00 2.6559086838e+00 1.6280332094e+00 2.7029460228e+00 1.7555866044e+01 3.1350000000e+03 8.6000000000e+00 9.2798677164e-01
5.8055016526e+00 2.8643915707e+00 1.6089808460e+00 2.6630089346e+00 1.7619304635e+01 3.1360000000e+03 8.6000000000e+00 9.2798677164e-01
5.8073334215e+00 2.6956219961e+00 1.5696276999e+00 2.6686389332e+00 1.5463809044e+01 3.1370000000e+03 8.6000000000e+00 9.2798677164e-01
5.8205046692e+00 2.6853116226e+00 1.7094324679e+00 2.7149821397e+00 5.6309256380e+00 3.1380000000e+03 8.6000000000e+00 9.2798677164e-01
5.8231107541e+00 3.2243045424e+00 1.6666958737e+00 2.7263842831e+00 1.3503866302e+01 3.1390000000e+03 8.6000000000e+00 9.2798677164e-01
5.8231500466e+00 2.7009756292e+00 1.6554907889e+00 2.7004472825e+00 1.1501743698e+01 3.1400000000e+03 8.6000000000e+00 9.2798677164e-01
5.8243918253e+00 2.8446303664e+00 1.6530253449e+00 2.7335937672e+00 1.1112749401e+01 3.1410000000e+03 8.6000000000e+00 9.2798677164e-01
5.8333207003e+00 2.8123426800e+00 1.7110636052e+00 2.7331142176e+00 8.2248265353e+00 3.1420000000e+03 8.6000000000e+00 9.2798677164e-01
5.8338472694e+00 3.1908144562e+00 1.6509315290e+00 2.6725811239e+00 8.9286545348e+00 3.1430000000e+03 8.6000000000e+00 9.2798677164e-01
5.8382040113e+00 3.3271193687e+00 1.7904153907e+00 2.7218175271e+00 1.5630019944e+01 3.1440000000e+03 8.6000000000e+00 9.2798677164e-01
5.8402673867e+00 2.7004799222e+00 1.7535600703e+00 2.6794295383e+00 1.6146908921e+01 3.1450000000e+03 8.6000000000e+00 9.2798677164e-01
5.8410083390e+00 2.7725347841e+00 1.7239477301e+00 2.7258809704e+00 1.4324966002e+01 3.1460000000e+03 8.6000000000e+00 9.2798677164e-01
5.8447360878e+00 2.7087880357e+00 1.7676457634e+00 2.7179032682e+00 4.7000212908e+00 3.1470000000e+03 8.6000000000e+00 9.2798677164e-01
5.8499883827e+00 2.7234794678e+00 1.7919764279e+00 2.6621965689e+00 8.0047488511e+00 3.1480000000e+03 8.6000000000e+00 9.2798677164e-01
5.8539857860e+00 2.8033340597e+00 1.7720619397e+00 2.7313954011e+00 6.0701350898e+00 3.1490000000e+03 8.6000000000e+00 9.2798677164e-01
5.8548024101e+00 2.9611076300e+00 1.7784697254e+00 2.7097831965e+00 1.7254568304e+01 3.1500000000e+03 8.6000000000e+00 9.2798677164e-01
5.8556518214e+00 2.6126670545e+00 1.7803055260e+00 2.6768259091e+00 1.6289207648e+01 3.1510000000e+03 8.6000000000e+00 9.2798677164e-01
5.8574561640e+00 2.5170934296e+00 1.7519161575e+00 2.6967904286e+00 1.0367536994e+01 3.1520000000e+03 8.6000000000e+00 9.2798677164e-01
5.8580352639e+00 2.5664028612e+00 1.7232319029e+00 2.6566142487e+00 6.4764517946e+00 3.1530000000e+03 8.6000000000e+00 9.2798677164e-01
5.8605958905e+00 2.6969774645e+00 1.7264889819e+00 2.7235848172e+00 1.5864207841e+01 3.1540000000e+03 8.6000000000e+00 9.2798677164e-01
5.8618108539e+00 3.1288946431e+00 1.7688948608e+00 2.6833499128e+00 9.7462189071e+00 3.1550000000e+03 8.6000000000e+00 9.2798677164e-01
5.8619198337e+00 3.1023917060e+00 1.7494230167e+00 2.7306832329e+00 1.6855492834e+01 3.1560000000e+03 8.6000000000e+00 9.2798677164e-01
5.8623560430e+00 3.5953848523e+00 1.8011707215e+00 2.7214662575e+00 3.7830018370e+00 3.1570000000e+03 8.6000000000e+00 9.2798677164e-01
5.8659271231e+00 2.7492586674e+00 1.8040116940e+00 2.6864241728e+00 7.8350077645e+00 3.1580000000e+03 8.6000000000e+00 9.2798677164e-01
5.8678039206e+00 4.1598020475e+00 1.8439936553e+00 2.7004924026e+00 4.7169538352e+00 3.1590000000e+03 8.6000000000e+00 9.2798677164e-01
5.8692268191e+00 2.6182685310e+00 1.8374286352e+00 2.7144891550e+00 1.2235702044e+01 3.1600000000e+03 8.6000000000e+00 9.2798677164e-01
5.8800320504e+00 2.5884291083e+00 1.8739798149e+00 2.6642696501e+00 1.6128072968e+01 3.1610000000e+03 8.6000000000e+00 9.2798677164e-01
5.8808167140e+00 2.6681847101e+00 1.8500618310e+00 2.7252172136e+00 1.2545117384e+01 3.1620000000e+03 8.6000000000e+00 9.2798677164e-01
5.8856818043e+00 2.8065540091e+00 1.8356576398e+00 2.6823026880e+00 2.6697379004e+00 3.1630000000e+03 8.6000000000e+00 9.2798677164e-01
5.8895788933e+00 3.6055324301e+00 1.8347342363e+00 2.7341138631e+00 1.3681928814e+01 3.1640000000e+03 8.6000000000e+00 9.2798677164e-01
5.8944894015e+00 2.6282124258e+00 1.8813385549e+00 2.6566198369e+00 1.7563881608e+01 3.1650000000e+03 8.6000000000e+00 9.2798677164e-01
5.8959928292e+00 2.6811378983e+00 1.9407539475e+00 2.6836568872e+00 3.2428921459e+00 3.1660000000e+03 8.6000000000e+00 9.2798677164e-01
5.9021799654e+00 2.6779586574e+00 1.8887387683e+00 2.6717191263e+00 9.3716016924e+00 3.1670000000e+03 8.6000000000e+00 9.2798677164e-01
5.9027652346e+00 2.8209464135e+00 1.9300605004e+00 2.7015548956e+00 9.1149573743e+00 3.1680000000e+03 8.6000000000e+00 9.2798677164e-01
5.9043535335e+00 2.6055502318e+00 1.9063036568e+00 2.7262709321e+00 1.1071845970e+01 3.1690000000e+03 8.6000000000e+00 9.2798677164e-01
5.9051597136e+00 3.7989248471e+00 1.9527785286e+00 2.6785323899e+00 6.7382723004e+00 3.1700000000e+03 8.6000000000e+00 9.2798677164e-01
5.9055494221e+00 4.0557633378e+00 1.9040991778e+00 2.6947698695e+00 1.1762155253e+01 3.1710000000e+03 8.6000000000e+00 9.2798677164e-01
5.9064260530e+00 3.8452382469e+00 1.9515915032e+00 2.6624905640e+00 1.4450784226e+01 3.1720000000e+03 8.6000000000e+00 9.2798677164e-01
5.9135127458e+00 2.6210302305e+00 1.9125731726e+00 2.7196319009e+00 1.0476007460e+01 3.1730000000e+03 8.6000000000e+00 9.2798677164e-01
5.9144842377e+00 2.7359423631e+00 2.0126779646e+00 2.7308708647e+00 5.2190496719e+00 3.1740000000e+03 8.6000000000e+00 9.2798677164e-01
5.9173078695e+00 2.5137918758e+00 1.9560584597e+00 2.6677102438e+00 1.6995927581e+01 3.1750000000e+03 8.6000000000e+00 9.2798677164e-01
5.9211272686e+00 2.6255445749e+00 2.0290533487e+00 2.7177291838e+00 1.3899433018e+01 3.1760000000e+03 8.6000000000e+00 9.2798677164e-01
5.9251397922e+00 3.0351198343e+00 2.0093575962e+00 2.7319159971e+00 1.5640271077e+01 3.1770000000e+03 8.6000000000e+00 9.2798677164e-01
5.9334315687e+00 2.6272429849e+00 2.0021434436e+00 2.7245032710e+00 7.6055751175e+00 3.1780000000e+03 8.6000000000e+00 9.2798677164e-01
5.9343965447e+00 2.7994238308e+00 2.0561315214e+00 2.7130420968e+00 1.4582852830e+01 3.1790000000e+03 8.6000000000e+00 9.2798677164e-01
5.9358864068e+00 2.9445955482e+00 2.0344921104e+00 2.7212135888e+00 3.4749829037e+00 3.1800000000e+03 8.6000000000e+00 9.2798677164e-01
5.9372843230e+00 2.5363479534e+00 2.0468211353e+00 2.7060929200e+00 8.6136978355e+00 3.1810000000e+03 8.6000000000e+00 9.2798677164e-01
5.9373788202e+00 2.5148499292e+00 2.1079304038e+00 2.6862443507e+00 1.6341648141e+01 3.1820000000e+03 8.6000000000e+00 9.2798677164e-01
5.9386834952e+00 2.7991489348e+00 2.0342296825e+00 2.6653014943e+00 3.9773766650e+00 3.1830000000e+03 8.6000000000e+00 9.2798677164e-01
5.9395029839e+00 3.1307718796e+00 2.0370173993e+00 2.7181139705e+00 1.4804329365e+01 3.1840000000e+03 8.6000000000e+00 9.2798677164e-01
5.9432959372e+00 2.7492994605e+00 2.0755142254e+00 2.6986843529e+00 5.5064004848e+00 3.1850000000e+03 8.6000000000e+00 9.2798677164e-01
5.9435969848e+00 2.7314689148e+00 2.1014952451e+00 2.7246188838e+00 6.5636408252e+00 3.1860000000e+03 8.6000000000e+00 9.2798677164e-01
5.9493567413e+00 2.9799656267e+00 2.0616805189e+00 2.7000913623e+00 4.8851085345e+00 3.1870000000e+03 8.6000000000e+00 9.2798677164e-01
5.9503065916e+00 3.2007511402e+00 2.0885243681e+00 2.6974513146e+00 9.4985736935e+00 3.1880000000e+03 8.6000000000e+00 9.2798677164e-01
5.9503997009e+00 2.7076457405e+00 2.1712801623e+00 2.7295260988e+00 8.1485027813e+00 3.1890000000e+03 8.6000000000e+00 9.2798677164e-01
5.9536614587e+00 2.7280899456e+00 2.1122185103e+00 2.7080410474e+00 1.4190961210e+01 3.1900000000e+03 8.6000000000e+00 9.2798677164e-01
5.9562095197e+00 2.5435049563e+00 2.1251246253e+00 2.6919496773e+00 4.4229552014e+00 3.1910000000e+03 8.6000000000e+00 9.2798677164e-01
5.9591288987e+00 5.1393335155e+00 2.1865825290e+00 2.6695650542e+00 2.6084482277e+00 3.1920000000e+03 8.6000000000e+00 9.2798677164e-01
5.9630540757e+00 2.8153801637e+00 2.1656921618e+00 2.7146978755e+00 1.7867076347e+01 3.1930000000e+03 8.6000000000e+00 9.2798677164e-01
5.9684928452e+00 2.6349258120e+00 2.1428418376e+00 2.7082178912e+00 2.8926619307e+00 3.1940000000e+03 8.6000000000e+00 9.2798677164e-01
5.9726792891e+00 3.2679873470e+00 2.1872137525e+00 2.7210719454e+00 8.5393366308e+00 3.1950000000e+03 8.6000000000e+00 9.2798677164e-01
5.9727533194e+00 3.1824369621e+00 2.1266137759e+00 2.7262430266e+00 1.0966631691e+01 3.1960000000e+03 8.6000000000e+00 9.2798677164e-01
5.9747832228e+00 2.6941057757e+00 2.1457401409e+00 2.7311761408e+00 1.3829057738e+01 3.1970000000e+03 8.6000000000e+00 9.2798677164e-01
5.9775969914e+00 2.5303886018e+00 2.1640568150e+00 2.6967929411e+00 1.2424744751e+01 3.1980000000e+03 8.6000000000e+00 9.2798677164e-01
5.9808137495e+00 2.7877242204e+00 2.1341987847e+00 2.6803519320e+00 7.4905975717e+00 3.1990000000e+03 8.6000000000e+00 9.2798677164e-01
5.9819089486e+00 2.8671225579e+00 2.2637721482e+00 2.7095537984e+00 1.4210604743e+01 3.2000000000e+03 8.6000000000e+00 9.2798677164e-01
5.9837513939e+00 2.5850414610e+00 2.2334035341e+00 2.7153954966e+00 1.4040751315e+01 3.2010000000e+03 8.6000000000e+00 9.2798677164e-01
5.9846702711e+00 3.5031211989e+00 2.2204883806e+00 2.6788797095e+00 1.5218185596e+01 3.2020000000e+03 8.6000000000e+00 9.2798677164e-01
5.9848254604e+00 2.7274142802e+00 2.1917698422e+00 2.6632635569e+00 1.7773352363e+01 3.2030000000e+03 8.6000000000e+00 9.2798677164e-01
5.9884852663e+00 2.6563410812e+00 2.2180569100e+00 2.6941837216e+00 1.0262622323e+01 3.2040000000e+03 8.6000000000e+00 9.2798677164e-01
5.9891463200e+00 2.6943760899e+00 2.2411235705e+00 2.7341046533e+00 3.9687251757e+00 3.2050000000e+03 8.6000000000e+00 9.2798677164e-01
5.9892541936e+00 2.9782691019e+00 2.2270611191e+00 2.7062209522e+00 6.8234208838e+00 3.2060000000e+03 8.6000000000e+00 9.2798677164e-01
5.9894746561e+00 3.7057046134e+00 2.1897377793e+00 2.7324528772e+00 1.6050540306e+01 3.2070000000e+03 8.6000000000e+00 9.2798677164e-01
5.9901742020e+00 2.7304187398e+00 2.2166972202e+00 2.6612116545e+00 3.2639525258e+00 3.2080000000e+03 8.6000000000e+00 9.2798677164e-01
5.9940732077e+00 2.8498600143e+00 2.3032418259e+00 2.6984635408e+00 1.3573349570e+01 3.2090000000e+03 8.6000000000e+00 9.2798677164e-01
5.9942842515e+00 2.5672635286e+00 2.3333326848e+00 2.6881951570e+00 4.7915958527e+00 3.2100000000e+03 8.6000000000e+00 9.2798677164e-01
5.9994613109e+00 3.0106747493e+00 2.3155802513e+00 2.7077220927e+00 1.3073547986e+01 3.2110000000e+03 8.6000000000e+00 9.2798677164e-01
6.0037822332e+00 2.6003125727e+00 2.3009251890e+00 2.6979947868e+00 7.7946560255e+00 3.2120000000e+03 8.6000000000e+00 9.2798677164e-01
6.0039211968e+00 2.5316683653e+00 2.2920787499e+00 2.6963286138e+00 8.3482591481e+00 3.2130000000e+03 8.6000000000e+00 9.2798677164e-01
6.0052429232e+00 3.0796674663e+00 2.2878048303e+00 2.6705646465e+00 2.4358208830e+00 3.2140000000e+03 8.6000000000e+00 9.2798677164e-01
6.0052968357e+00 2.7216790267e+00 2.2790170515e+00 2.7201473684e+00 1.4174841674e+01 3.2150000000e+03 8.6000000000e+00 9.2798677164e-01
6.0117628280e+00 3.0442392137e+00 2.2959430418e+00 2.6596358680e+00 7.0340159622e+00 3.2160000000e+03 8.6000000000e+00 9.2798677164e-01
6.0143994310e+00 2.7545500566e+00 2.3262555757e+00 2.6831696294e+00 1.2515107014e+01 3.2170000000e+03 8.6000000000e+00 9.2798677164e-01
6.0157607815e+00 3.5394370443e+00 2.4181562419e+00 2.6566687808e+00 1.3823899448e+01 3.2180000000e+03 8.6000000000e+00 9.2798677164e-01
6.0232225709e+00 3.1389689317e+00 2.3893376648e+00 2.6922653007e+00 8.8414607416e+00 3.2190000000e+03 8.6000000000e+00 9.2798677164e-01
6.0254721804e+00 3.0252387197e+00 2.3691034648e+00 2.6968406751e+00 1.5573936853e+01 3.2200000000e+03 8.6000000000e+00 9.2798677164e-01
6.0267094099e+00 2.6127072918e+00 2.3899136373e+00 2.6887313938e+00 1.5045696464e+01 3.2210000000e+03 8.6000000000e+00 9.2798677164e-01
6.0274652282e+00 2.5973000325e+00 2.3637619660e+00 2.6752141306e+00 1.0398394380e+01 3.2220000000e+03 8.6000000000e+00 9.2798677164e-01
6.0293689097e+00 2.5825711286e+00 2.4203098563e+00 2.6605829726e+00 5.6276413762e+00 3.2230000000e+03 8.6000000000e+00 9.2798677164e-01
6.0299670248e+00 2.5124076999e+00 2.3576970518e+00 2.7058000105e+00 5.6148436950e+00 3.2240000000e+03 8.6000000000e+00 9.2798677164e-01
6.0312533419e+00 2.6879091669e+00 2.3903643903e+00 2.6718559357e+00 3.9604295904e+00 3.2250000000e+03 8.6000000000e+00 9.2798677164e-01
6.0314224673e+00 2.7572218116e+00 2.4018361557e+00 2.6755736168e+00 7.2584310967e+00 3.2260000000e+03 8.6000000000e+00 9.2798677164e-01
6.0319205170e+00 2.9719666964e+00 2.4245523714e+00 2.7057924643e+00 1.5232351862e+01 3.2270000000e+03 8.6000000000e+00 9.2798677164e-01
6.0414368364e+00 2.9396616254e+00 2.4730411458e+00 2.6789810451e+00 5.6153712734e+00 3.2280000000e+03 8.6000000000e+00 9.2798677164e-01
6.0421848339e+00 2.8519902624e+00 2.4868471630e+00 2.6719543394e+00 1.5971722920e+01 3.2290000000e+03 8.6000000000e+00 9.2798677164e-01
6.0427148278e+00 2.5999145235e+00 2.4344272912e+00 2.7321465868e+00 1.2769711458e+01 3.2300000000e+03 8.6000000000e+00 9.2798677164e-01
6.0452513542e+00 2.7058052833e+00 2.4832732134e+00 2.7257681571e+00 1.7512059926e+01 3.2310000000e+03 8.6000000000e+00 9.2798677164e-01
6.0456059825e+00 2.6956499073e+00 2.4458326845e+00 2.6721555961e+00 1.1323875524e+01 3.2320000000e+03 8.6000000000e+00 9.2798677164e-01
6.0488889051e+00 2.5392946352e+00 2.4231275570e+00 2.6721248822e+00 6.1823906745e+00 3.2330000000e+03 8.6000000000e+00 9.2798677164e-01
6.0500601649e+00 2.5636060799e+00 2.5531755902e+00 2.6965685099e+00 1.5359408921e+01 3.2340000000e+03 8.6000000000e+00 9.2798677164e-01
6.0500719359e+00 2.5590519847e+00 2.5322310864e+00 2.6818468087e+00 5.8358373556e+00 3.2350000000e+03 8.6000000000e+00 9.2798677164e-01
6.0503002225e+00 2.5413509575e+00 2.5778054370e+00 2.7333173529e+00 1.4832905440e+01 3.2360000000e+03 8.6000000000e+00 9.2798677164e-01
6.0506995321e+00 3.1210010195e+00 2.5699163281e+00 2.6933433331e+00 4.0427398236e+00 3.2370000000e+03 8.6000000000e+00 9.2798677164e-01
6.0507176270e+00 2.9502983786e+00 2.5267800244e+00 2.6857155982e+00 5.7053806375e+00 3.2380000000e+03 8.6000000000e+00 9.2798677164e-01
6.0548674575e+00 2.6325742582e+00 2.5717925441e+00 2.6831984191e+00 6.2825023157e+00 3.2390000000e+03 8.6000000000e+00 9.2798677164e-01
6.0597697662e+00 2.5292789511e+00 2.5675525472e+00 2.6670461300e+00 3.3511027741e+00 3.2400000000e+03 8.6000000000e+00 9.2798677164e-01
6.0609810268e+00 2.5707417122e+00 2.5478247525e+00 2.6830757772e+00 1.2966172696e+01 3.2410000000e+03 8.6000000000e+00 9.2798677164e-01
6.0640809797e+00 2.8362987208e+00 2.5101040947e+00 2.7047854906e+00 1.3975532162e+01 3.2420000000e+03 8.6000000000e+00 9.2798677164e-01
6.0663389799e+00 2.6512117304e+00 2.5038600268e+00 2.7251813685e+00 1.5464002660e+01 3.2430000000e+03 8.6000000000e+00 9.2798677164e-01
6.0692414528e+00 2.7460572322e+00 2.5283001117e+00 2.7082959240e+00 1.6973810497e+01 3.2440000000e+03 8.6000000000e+00 9.2798677164e-01
6.0711864779e+00 2.8267390746e+00 2.5996424425e+00 2.6613178442e+00 1.5531462327e+01 3.2450000000e+03 8.6000000000e+00 9.2798677164e-01
6.0758548355e+00 2.6406674106e+00 2.6276527913e+00 2.7232773824e+00 9.1910527930e+00 3.2460000000e+03 8.6000000000e+00 9.2798677164e-01
6.0761356747e+00 2.5169757196e+00 2.6100065964e+00 2.6867826513e+00 1.1206892402e+01 3.2470000000e+03 8.6000000000e+00 9.2798677164e-01
6.0767062260e+00 2.5034461133e+00 2.5959854823e+00 2.6859640546e+00 6.8248505814e+00 3.2480000000e+03 8.6000000000e+00 9.2798677164e-01
6.0771724391e+00 2.9291722815e+00 2.6542770932e+00 2.7184961818e+00 8.4122080592e+00 3.2490000000e+03 8.6000000000e+00 9.2798677164e-01
6.0776019251e+00 3.1024600924e+00 2.7214534921e+00 2.7294095984e+00 1.4347870568e+01 3.2500000000e+03 8.6000000000e+00 9.2798677164e-01
6.0776994268e+00 3.0636720110e+00 2.7256887103e+00 2.6657431629e+00 7.0854388838e+00 3.2510000000e+03 8.6000000000e+00 9.2798677164e-01
6.0782996855e+00 2.5136786456e+00 2.6917263522e+00 2.7338797777e+00 3.0612714157e+00 3.2520000000e+03 8.6000000000e+00 9.2798677164e-01
6.0804393675e+00 2.6037460469e+00 2.6724279101e+00 2.6940499824e+00 1.4173998234e+01 3.2530000000e+03 8.6000000000e+00 9.2798677164e-01
6.0818684452e+00 2.9895959365e+00 2.6952638989e+00 2.6824650239e+00 1.0538268225e+01 3.2540000000e+03 8.6000000000e+00 9.2798677164e-01
6.0833605697e+00 2.9500116657e+00 2.6946155549e+00 2.6893590096e+00 1.4962673660e+01 3.2550000000e+03 8.6000000000e+00 9.2798677164e-01
6.0858977442e+00 3.6953034374e+00 2.6956820961e+00 2.7065187883e+00 1.1954872926e+01 3.2560000000e+03 8.6000000000e+00 9.2798677164e-01
6.0874377336e+00 2.5092495842e+00 2.7185576669e+00 2.6905946790e+00 6.8718512258e+00 3.2570000000e+03 8.6000000000e+00 9.2798677164e-01
6.0875133308e+00 2.9581645271e+00 2.7056363509e+00 2.6588125812e+00 7.4824855784e+00 3.2580000000e+03 8.6000000000e+00 9.2798677164e-01
6.0907577039e+00 2.6777098936e+00 2.7899097952e+00 2.6683699348e+00 1.4492118482e+01 3.2590000000e+03 8.6000000000e+00 9.2798677164e-01
6.0937758543e+00 3.1814856419e+00 2.8081254365e+00 2.6570954642e+00 1.2723111877e+01 3.2600000000e+03 8.6000000000e+00 9.2798677164e-01
6.0992677378e+00 3.2340121679e+00 2.7872706487e+00 2.7217654159e+00 1.2238973003e+01 3.2610000000e+03 8.6000000000e+00 9.2798677164e-01
6.0999983315e+00 2.6200450433e+00 2.7380357805e+00 2.7021294627e+00 8.3812660006e+00 3.2620000000e+03 8.6000000000e+00 9.2798677164e-01
6.1003914784e+00 3.1042417217e+00 2.8438110768e+00 2.6968785800e+00 1.0489861725e+01 3.2630000000e+03 8.6000000000e+00 9.2798677164e-01
6.1007617948e+00 2.6005525190e+00 2.8151829416e+00 2.6705049580e+00 9.3174183548e+00 3.2640000000e+03 8.6000000000e+00 9.2798677164e-01
6.1008797453e+00 2.7177496091e+00 2.8598019784e+00 2.6632742660e+00 3.3467809488e+00 3.2650000000e+03 8.6000000000e+00 9.2798677164e-01
6.1022284128e+00 2.8128191424e+00 2.8559847684e+00 2.6903592462e+00 9.8961410920e+00 3.2660000000e+03 8.6000000000e+00 9.2798677164e-01
6.1027011619e+00 3.2873430967e+00 2.8399805630e+00 2.7015918206e+00 1.0374241171e+01 3.2670000000e+03 8.6000000000e+00 9.2798677164e-01
6.1045671133e+00 3.9773409873e+00 2.8338541858e+00 2.6582792426e+00 1.1125759242e+01 3.2680000000e+03 8.6000000000e+00 9.2798677164e-01
6.1055013652e+00 2.6534377366e+00 2.8797944901e+00 2.7192526535e+00 1.1174085247e+01 3.2690000000e+03 8.6000000000e+00 9.2798677164e-01
6.1066502486e+00 3.0984995298e+00 2.8434241660e+00 2.6920102180e+00 1.1753559090e+01 3.2700000000e+03 8.6000000000e+00 9.2798677164e-01
6.1067991121e+00 2.6272430463e+00 2.8334357613e+00 2.6742883804e+00 7.7018914402e+00 3.2710000000e+03 8.6000000000e+00 9.2798677164e-01
6.1074370864e+00 2.7099363831e+00 2.9452934421e+00 2.6729221811e+00 1.2501109561e+01 3.2720000000e+03 8.6000000000e+00 9.2798677164e-01
6.1095013445e+00 3.8870177154e+00 2.9603842905e+00 2.6691825568e+00 5.7492440956e+00 3.2730000000e+03 8.6000000000e+00 9.2798677164e-01
6.1096603178e+00 2.7704912365e+00 2.8906944034e+00 2.7148492671e+00 3.8532845229e+00 3.2740000000e+03 8.6000000000e+00 9.2798677164e-01
6.1152913070e+00 2.9163783619e+00 2.9174705698e+00 2.7214194898e+00 1.4419197605e+01 3.2750000000e+03 8.6000000000e+00 9.2798677164e-01
6.1157843541e+00 3.2103266429e+00 3.0426578207e+00 2.6608435192e+00 1.3182795126e+01 3.2760000000e+03 8.6000000000e+00 9.2798677164e-01
6.1207161691e+00 2.5604888910e+00 3.0262341240e+00 2.6642063179e+00 1.0144097593e+01 3.2770000000e+03 8.6000000000e+00 9.2798677164e-01
6.1259114645e+00 2.7689061583e+00 2.9794017611e+00 2.7220304469e+00 6.3343583207e+00 3.2780000000e+03 8.6000000000e+00 9.2798677164e-01
6.1294805432e+00 3.5850441757e+00 3.0003462712e+00 2.7129734967e+00 1.6919327057e+01 3.2790000000e+03 8.6000000000e+00 9.2798677164e-01
6.1367875304e+00 2.7789233902e+00 3.0000763525e+00 2.7080061570e+00 3.1479565113e+00 3.2800000000e+03 8.6000000000e+00 9.2798677164e-01
6.1372233701e+00 2.5889551240e+00 2.9694536745e+00 2.7246090249e+00 1.5221474159e+01 3.2810000000e+03 8.6000000000e+00 9.2798677164e-01
6.1380744802e+00 2.7622389662e+00 3.0253357756e+00 2.7083467493e+00 1.3147888050e+01 3.2820000000e+03 8.6000000000e+00 9.2798677164e-01
6.1394045722e+00 2.6180010181e+00 3.0453199792e+00 2.6609304470e+00 1.5073721187e+01 3.2830000000e+03 8.6000000000e+00 9.2798677164e-01
6.1417504671e+00 2.6767681787e+00 3.0400599802e+00 2.7091927098e+00 9.8998872631e+00 3.2840000000e+03 8.6000000000e+00 9.2798677164e-01
6.1422699757e+00 3.2959166914e+00 2.9844885827e+00 2.7003588769e+00 1.5668597285e+01 3.2850000000e+03 8.6000000000e+00 9.2798677164e-01
6.1473829297e+00 3.6655411226e+00 3.1170987583e+00 2.6988523517e+00 4.4229157774e+00 3.2860000000e+03 8.6000000000e+00 9.2798677164e-01
6.1475504237e+00 2.7103508561e+00 3.0543302565e+00 2.6692692494e+00 2.1759447752e+00 3.2870000000e+03 8.6000000000e+00 9.2798677164e-01
6.1481007650e+00 2.6398192524e+00 3.0627464531e+00 2.6633962115e+00 3.4579801535e+00 3.2880000000e+03 8.6000000000e+00 9.2798677164e-01
6.1507603680e+00 2.5837257903e+00 3.0665645441e+00 2.6881637718e+00 1.4638753499e+01 3.2890000000e+03 8.6000000000e+00 9.2798677164e-01
6.1507687416e+00 2.6602589898e+00 3.1073811857e+00 2.6749177813e+00 1.2468885739e+01 3.2900000000e+03 8.6000000000e+00 9.2798677164e-01
6.1544108623e+00 2.7108341229e+00 3.1029182520e+00 2.7174372916e+00 6.4640765702e+00 3.2910000000e+03 8.6000000000e+00 9.2798677164e-01
6.1556184210e+00 2.5922035471e+00 3.1212312926e+00 2.6985387133e+00 5.3014682859e+00 3.2920000000e+03 8.6000000000e+00 9.2798677164e-01
6.1569001948e+00 2.7280461188e+00 3.0989535523e+00 2.7144310572e+00 9.9243849013e+00 3.2930000000e+03 8.6000000000e+00 9.2798677164e-01
6.1579916039e+00 2.6342760630e+00 3.0919156154e+00 2.7032444925e+00 1.1103438726e+01 3.2940000000e+03 8.6000000000e+00 9.2798677164e-01
6.1584606706e+00 2.6415719018e+00 3.1174043358e+00 2.6668789837e+00 7.5277743951e+00 3.2950000000e+03 8.6000000000e+00 9.2798677164e-01
6.1586984691e+00 4.4388909364e+00 3.1447844813e+00 2.7289423496e+00 6.1100924478e+00 3.2960000000e+03 8.6000000000e+00 9.2798677164e-01
6.1601515662e+00 2.5904729877e+00 3.1583986031e+00 2.6780184342e+00 2.2533745674e+00 3.2970000000e+03 8.6000000000e+00 9.2798677164e-01
6.1635154665e+00 3.0049463455e+00 3.1402393588e+00 2.6858708724e+00 2.7144141585e+00 3.2980000000e+03 8.6000000000e+00 9.2798677164e-01
6.1640613027e+00 3.9683931675e+00 3.1860297166e+00 2.6857184379e+00 1.6605852621e+01 3.2990000000e+03 8.6000000000e+00 9.2798677164e-01
6.1650404837e+00 2.5936466668e+00 3.1659634254e+00 2.7118747070e+00 8.2094740103e+00 3.3000000000e+03 8.6000000000e+00 9.2798677164e-01
6.1683993333e+00 2.6194076205e+00 3.1826165262e+00 2.7296999445e+00 7.4652866956e+00 3.3010000000e+03 8.6000000000e+00 9.2798677164e-01
6.1716445970e+00 3.1744679671e+00 3.1929037712e+00 2.7013884770e+00 1.5415223306e+01 3.3020000000e+03 8.6000000000e+00 9.2798677164e-01
6.1717511676e+00 2.5391904779e+00 3.1344339160e+00 2.7040176418e+00 5.1862033635e+00 3.3030000000e+03 8.6000000000e+00 9.2798677164e-01
6.1729561923e+00 2.7043096698e+00 3.1949049755e+00 2.6632464160e+00 2.8444989774e+00 3.3040000000e+03 8.6000000000e+00 9.2798677164e-01
6.1748954450e+00 3.1277451775e+00 3.1417305909e+00 2.7279427205e+00 6.6972196635e+00 3.3050000000e+03 8.6000000000e+00 9.2798677164e-01
6.1771740794e+00 3.0559548345e+00 3.1945730723e+00 2.6976845771e+00 9.8960209728e+00 3.3060000000e+03 8.6000000000e+00 9.2798677164e-01
6.1774838748e+00 2.7833953118e+00 3.1534441136e+00 2.7069330215e+00 1.6851749363e+01 3.3070000000e+03 8.6000000000e+00 9.2798677164e-01
6.1785984057e+00 3.2058355420e+00 3.2615979346e+00 2.7021381500e+00 1.2652072694e+01 3.3080000000e+03 8.6000000000e+00 9.2798677164e-01
6.1786147479e+00 4.2503233062e+00 3.2178347123e+00 2.6833389447e+00 1.0791619678e+01 3.3090000000e+03 8.6000000000e+00 9.2798677164e-01
6.1787539676e+00 2.6333447860e+00 3.2753276134e+00 2.6853640346e+00 1.6275152724e+01 3.3100000000e+03 8.6000000000e+00 9.2798677164e-01
6.1804782940e+00 3.3061148307e+00 3.2064177350e+00 2.6648332295e+00 7.7678887653e+00 3.3110000000e+03 8.6000000000e+00 9.2798677164e-01
6.1870517973e+00 2.9152734710e+00 3.2513716135e+00 2.6875571716e+00 1.7156148846e+01 3.3120000000e+03 8.6000000000e+00 9.2798677164e-01
6.1935896616e+00 2.6545468121e+00 3.2420587835e+00 2.7252605842e+00 1.2698016229e+01 3.3130000000e+03 8.6000000000e+00 9.2798677164e-01
6.1936063969e+00 2.9251399231e+00 3.2976250522e+00 2.6934716652e+00 2.9001914957e+00 3.3140000000e+03 8.6000000000e+00 9.2798677164e-01
6.1942851505e+00 3.0075278405e+00 3.2875378285e+00 2.6638079600e+00 4.5454737167e+00 3.3150000000e+03 8.6000000000e+00 9.2798677164e-01
6.1957422504e+00 2.6757913139e+00 3.3440910459e+00 2.7291731891e+00 1.0204559360e+01 3.3160000000e+03 8.6000000000e+00 9.2798677164e-01
6.1965192191e+00 3.0050295916e+00 3.2996951353e+00 2.7175174303e+00 1.3900980112e+01 3.3170000000e+03 8.6000000000e+00 9.2798677164e-01
6.1967373354e+00 2.7924341819e+00 3.3588023871e+00 2.7153574509e+00 6.7237771985e+00 3.3180000000e+03 8.6000000000e+00 9.2798677164e-01
6.1971996862e+00 2.5614594586e+00 3.2994528608e+00 2.6569502068e+00 3.4586681391e+00 3.3190000000e+03 8.6000000000e+00 9.2798677164e-01
6.1983906179e+00 2.8647393559e+00 3.3153655041e+00 2.6939853270e+00 5.1913460909e+00 3.3200000000e+03 8.6000000000e+00 9.2798677164e-01
6.2010975225e+00 3.1315247965e+00 3.3423736721e+00 2.6979299256e+00 1.1037120098e+01 3.3210000000e+03 8.6000000000e+00 9.2798677164e-01
6.2048375553e+00 2.8069889995e+00 3.2854143013e+00 2.6563068209e+00 2.4755084192e+00 3.3220000000e+03 8.6000000000e+00 9.2798677164e-01
6.2082411277e+00 2.6957319451e+00 3.3523892788e+00 2.7045630913e+00 7.3491659990e+00 3.3230000000e+03 8.6000000000e+00 9.2798677164e-01
6.2108597865e+00 2.8669328332e+00 3.4065879994e+00 2.6754701848e+00 8.8227600922e+00 3.3240000000e+03 8.6000000000e+00 9.2798677164e-01
6.2167494968e+00 2.8446065883e+00 3.3909736299e+00 2.6808712260e+00 1.5921535230e+01 3.3250000000e+03 8.6000000000e+00 9.2798677164e-01
6.2176546004e+00 3.0423709145e+00 3.3679476228e+00 2.7018715569e+00 1.0134815186e+01 3.3260000000e+03 8.6000000000e+00 9.2798677164e-01
6.2189608477e+00 2.6191162398e+00 3.5036366830e+00 2.7286571675e+00 1.2143641746e+01 3.3270000000e+03 8.6000000000e+00 9.2798677164e-01
6.2212699964e+00 2.5319912270e+00 3.4416156650e+00 2.7230360098e+00 7.8119127009e+00 3.3280000000e+03 8.6000000000e+00 9.2798677164e-01
6.2318370835e+00 2.5826516927e+00 3.5092892574e+00 2.6743226671e+00 5.9704576074e+00 3.3290000000e+03 8.6000000000e+00 9.2798677164e-01
6.2334770746e+00 2.5656194326e+00 3.4416030530e+00 2.6983087864e+00 5.6510035525e+00 3.3300000000e+03 8.6000000000e+00 9.2798677164e-01
6.2363559603e+00 2.9171395665e+00 3.4412895843e+00 2.6717459919e+00 1.4273455685e+01 3.3310000000e+03 8.6000000000e+00 9.2798677164e-01
6.2383919413e+00 2.5618788700e+00 3.5144163918e+00 2.7279179591e+00 2.9573318480e+00 3.3320000000e+03 8.6000000000e+00 9.2798677164e-01
6.2431491323e+00 2.8565965226e+00 3.4865821874e+00 2.6781232101e+00 8.2360559871e+00 3.3330000000e+03 8.6000000000e+00 9.2798677164e-01
6.2435543701e+00 3.6428160816e+00 3.4737383591e+00 2.6888661580e+00 1.6291767128e+01 3.3340000000e+03 8.6000000000e+00 9.2798677164e-01
6.2446388785e+00 2.5530471611e+00 3.4520342865e+00 2.6652196411e+00 1.2112785596e+01 3.3350000000e+03 8.6000000000e+00 9.2798677164e-01
6.2470250958e+00 2.6683189987e+00 3.4847664584e+00 2.7013028254e+00 6.5240584655e+00 3.3360000000e+03 8.6000000000e+00 9.2798677164e-01
6.2512274199e+00 3.0074811533e+00 3.5050823606e+00 2.7156014767e+00 1.7265039889e+01 3.3370000000e+03 8.6000000000e+00 9.2798677164e-01
6.2518206832e+00 3.4291496832e+00 3.5408218958e+00 2.6877476957e+00 1.4998977373e+01 3.3380000000e+03 8.6000000000e+00 9.2798677164e-01
6.2519594331e+00 2.8335650555e+00 3.5663682621e+00 2.6637191332e+00 4.2380993403e+00 3.3390000000e+03 8.6000000000e+00 9.2798677164e-01
6.2529238044e+00 2.5789790400e+00 3.5821943672e+00 2.7093336557e+00 1.7279056202e+01 3.3400000000e+03 8.6000000000e+00 9.2798677164e-01
6.2562209366e+00 2.9307884234e+00 3.5306891858e+00 2.6718707952e+00 1.0992872555e+01 3.3410000000e+03 8.6000000000e+00 9.2798677164e-01
6.2565389885e+00 2.9598408832e+00 3.5690261249e+00 2.7298225821e+00 9.5670696754e+00 3.3420000000e+03 8.6000000000e+00 9.2798677164e-01
6.2590079479e+00 2.7664514601e+00 3.5703936187e+00 2.6717400766e+00 2.6951828650e+00 3.3430000000e+03 8.6000000000e+00 9.2798677164e-01
6.2650812515e+00 4.4512165163e+00 3.6142043586e+00 2.7223682929e+00 1.6452541991e+01 3.3440000000e+03 8.6000000000e+00 9.2798677164e-01
6.2657594720e+00 2.6886981650e+00 3.6063293980e+00 2.6984738350e+00 4.8083562899e+00 3.3450000000e+03 8.6000000000e+00 9.2798677164e-01
6.2720874723e+00 2.6668447343e+00 3.6554356908e+00 2.6804153116e+00 8.9150937742e+00 3.3460000000e+03 8.6000000000e+00 9.2798677164e-01
6.2752400463e+00 2.7459536156e+00 3.6085614515e+00 2.7249919105e+00 1.4100817571e+01 3.3470000000e+03 8.6000000000e+00 9.2798677164e-01
6.2765163173e+00 2.5914201584e+00 3.6018516291e+00 2.7266475399e+00 1.5926014972e+01 3.3480000000e+03 8.6000000000e+00 9.2798677164e-01
6.2783473798e+00 2.6100297735e+00 3.5971651728e+00 2.6713988243e+00 5.2078684926e+00 3.3490000000e+03 8.6000000000e+00 9.2798677164e-01
6.2803471822e+00 3.1326268751e+00 3.6550092628e+00 2.6644371388e+00 1.2508285484e+01 3.3500000000e+03 8.6000000000e+00 9.2798677164e-01
6.2852784653e+00 3.2211295289e+00 3.6133390066e+00 2.6672209672e+00 1.5417914633e+01 3.3510000000e+03 8.6000000000e+00 9.2798677164e-01
6.2888768019e+00 2.5670366193e+00 3.6369173117e+00 2.7137806155e+00 1.2566381455e+01 3.3520000000e+03 8.6000000000e+00 9.2798677164e-01
6.2898456626e+00 4.2621053407e+00 3.6571430890e+00 2.6966963630e+00 1.6021079105e+01 3.3530000000e+03 8.6000000000e+00 9.2798677164e-01
6.2900239475e+00 2.7866518910e+00 3.6591759834e+00 2.7116081646e+00 5.6203021197e+00 3.3540000000e+03 8.6000000000e+00 9.2798677164e-01
6.2920274456e+00 2.7167090829e+00 3.6910262470e+00 2.6735151662e+00 1.3198180783e+01 3.3550000000e+03 8.6000000000e+00 9.2798677164e-01
6.2931163726e+00 3.1762525970e+00 3.7489327793e+00 2.6768991990e+00 2.3784661047e+00 3.3560000000e+03 8.6000000000e+00 9.2798677164e-01
6.2932487287e+00 2.5204576713e+00 3.6723357733e+00 2.6747065338e+00 6.2542911670e+00 3.3570000000e+03 8.6000000000e+00 9.2798677164e-01
6.2934696886e+00 3.2460126656e+00 3.7113922204e+00 2.6821845217e+00 1.7511776446e+01 3.3580000000e+03 8.6000000000e+00 9.2798677164e-01
6.2941497297e+00 3.6989820092e+00 3.7354859494e+00 2.6881755220e+00 1.0450902333e+01 3.3590000000e+03 8.6000000000e+00 9.2798677164e-01
6.2943557693e+00 2.6422055634e+00 3.7539616515e+00 2.6701126938e+00 3.5169380272e+00 3.3600000000e+03 8.6000000000e+00 9.2798677164e-01
6.2997938245e+00 3.1961921111e+00 3.8096102625e+00 2.6760073348e+00 1.0592528106e+01 3.3610000000e+03 8.6000000000e+00 9.2798677164e-01
6.3004959551e+00 2.9709629521e+00 3.8056677770e+00 2.6683661830e+00 5.9169896507e+00 3.3620000000e+03 8.6000000000e+00 9.2798677164e-01
6.3005446380e+00 3.4128616617e+00 3.7604167032e+00 2.6574865273e+00 7.2974135218e+00 3.3630000000e+03 8.6000000000e+00 9.2798677164e-01
6.3046655931e+00 2.8545570000e+00 3.7819839090e+00 2.6724692294e+00 1.0836746873e+01 3.3640000000e+03 8.6000000000e+00 9.2798677164e-01
6.3064425758e+00 2.9870061137e+00 3.8241718243e+00 2.6850426715e+00 7.3843783877e+00 3.3650000000e+03 8.6000000000e+00 9.2798677164e-01
6.3067808892e+00 2.6581164305e+00 3.8100157555e+00 2.6700833140e+00 2.6475252278e+00 3.3660000000e+03 8.6000000000e+00 9.2798677164e-01
6.3068141779e+00 2.7573140246e+00 3.7896800434e+00 2.6586992217e+00 1.4495901061e+01 3.3670000000e+03 8.6000000000e+00 9.2798677164e-01
6.3073752340e+00 3.0280241440e+00 3.8046942525e+00 2.6926937371e+00 2.2579121466e+00 3.3680000000e+03 8.6000000000e+00 9.2798677164e-01
6.3082921169e+00 2.5218001711e+00 3.8006505749e+00 2.6668052855e+00 1.7934139788e+01 3.3690000000e+03 8.6000000000e+00 9.2798677164e-01
6.3091926720e+00 3.5675494908e+00 3.8025978870e+00 2.7003803532e+00 2.6640209916e+00 3.3700000000e+03 8.6000000000e+00 9.2798677164e-01
6.3107798861e+00 2.5638703319e+00 3.9022469725e+00 2.7085435570e+00 6.4579004258e+00 3.3710000000e+03 8.6000000000e+00 9.2798677164e-01
6.3116631266e+00 2.6874595331e+00 3.8569252450e+00 2.6916217991e+00 6.8199226957e+00 3.3720000000e+03 8.6000000000e+00 9.2798677164e-01
6.3128507240e+00 2.5903966865e+00 3.8656472677e+00 2.7075905574e+00 4.9571875317e+00 3.3730000000e+03 8.6000000000e+00 9.2798677164e-01
6.3158974657e+00 2.7653995394e+00 3.8513231402e+00 2.6719766435e+00 1.1045964975e+01 3.3740000000e+03 8.6000000000e+00 9.2798677164e-01
6.3166660151e+00 2.5939841552e+00 3.8902358538e+00 2.6869461881e+00 1.0428754181e+01 3.3750000000e+03 8.6000000000e+00 9.2798677164e-01
6.3190877206e+00 3.0031293938e+00 3.8670634073e+00 2.6889560259e+00 8.4764920535e+00 3.3760000000e+03 8.6000000000e+00 9.2798677164e-01
6.3225881349e+00 4.8162424052e+00 3.9025801422e+00 2.7111090857e+00 1.3309184108e+01 3.3770000000e+03 8.6000000000e+00 9.2798677164e-01
6.3242963451e+00 2.5934381907e+00 3.8659839409e+00 2.6893794642e+00 9.4304818902e+00 3.3780000000e+03 8.6000000000e+00 9.2798677164e-01
6.3247021139e+00 2.6178638213e+00 3.8835120239e+00 2.7205648230e+00 6.9132228316e+00 3.3790000000e+03 8.6000000000e+00 9.2798677164e-01
6.3282629959e+00 2.8538113661e+00 3.8362395420e+00 2.7093427113e+00 1.4237008034e+01 3.3800000000e+03 8.6000000000e+00 9.2798677164e-01
6.3354906173e+00 2.7694169274e+00 3.8313368620e+00 2.7137794447e+00 3.3753379946e+00 3.3810000000e+03 8.6000000000e+00 9.2798677164e-01
6.3371581316e+00 4.8694577673e+00 3.8880087387e+00 2.6675562870e+00 1.2702374094e+01 3.3820000000e+03 8.6000000000e+00 9.2798677164e-01
6.3415181391e+00 4.0051994114e+00 3.8838828669e+00 2.6807012867e+00 2.1395244042e+00 3.3830000000e+03 8.6000000000e+00 9.2798677164e-01
6.3426996205e+00 3.0625456686e+00 3.8560462800e+00 2.6571981710e+00 4.8354277517e+00 3.3840000000e+03 8.6000000000e+00 9.2798677164e-01
6.3429557729e+00 2.8220576265e+00 4.1218774335e+00 2.6905297767e+00 1.4225936684e+01 3.3850000000e+03 6.0000000000e-01 -2.9444389792e+00
6.3436549093e+00 2.6387499441e+00 4.2157110828e+00 2.7263977022e+00 9.4832440132e+00 3.3860000000e+03 6.0000000000e-01 -2.9444389792e+00
6.3440272434e+00 3.0677244166e+00 4.2685324033e+00 2.6942314063e+00 1.0296302387e+01 3.3870000000e+03 6.0000000000e-01 -2.9444389792e+00
6.3456861441e+00 2.6638810585e+00 4.3630337041e+00 2.6859727147e+00 2.4814536708e+00 3.3880000000e+03 6.0000000000e-01 -2.9444389792e+00
6.3469092210e+00 3.3779200676e+00 4.3406752561e+00 2.6745596199e+00 3.1377758072e+00 3.3890000000e+03 6.0000000000e-01 -2.9444389792e+00
6.3492125053e+00 2.5197220968e+00 4.3126507807e+00 2.6807343410e+00 3.6570684498e+00 3.3900000000e+03 6.0000000000e-01 -2.9444389792e+00
6.3502357279e+00 2.5903888598e+00 4.4090967402e+00 2.7166286766e+00 2.5624115614e+00 3.3910000000e+03 6.0000000000e-01 -2.9444389792e+00
6.3508182471e+00 2.7601701013e+00 1.3992603925e-01 2.7972080404e+00 1.1066594008e+01 3.3920000000e+03 6.0000000000e-01 -2.9444389792e+00
6.3517907266e+00 2.5028807004e+00 8.0698203431e-02 2.8017167643e+00 9.7798368303e+00 3.3930000000e+03 6.0000000000e-01 -2.9444389792e+00
6.3523288301e+00 3.3089839786e+00 2.3484867627e-01 2.7468735647e+00 1.5609468402e+01 3.3940000000e+03 6.0000000000e-01 -2.9444389792e+00
6.3549011089e+00 2.5767216891e+00 5.0947063896e-01 2.7938088853e+00 9.9046090492e+00 3.3950000000e+03 6.0000000000e-01 -2.9444389792e+00
6.3551615343e+00 2.6570151805e+00 6.0426073983e-01 2.7518730555e+00 6.6578610852e+00 3.3960000000e+03 6.0000000000e-01 -2.9444389792e+00
6.3575915032e+00 3.1350405544e+00 7.1024557061e-01 2.7867081411e+00 1.6506982906e+01 3.3970000000e+03 6.0000000000e-01 -2.9444389792e+00
6.3577870066e+00 2.5237349247e+00 7.5569718848e-01 2.7844075166e+00 1.2871856567e+01 3.3980000000e+03 6.0000000000e-01 -2.9444389792e+00
6.3583926061e+00 2.8197397359e+00 8.4422866345e-01 2.7721306392e+00 1.5237893581e+01 3.3990000000e+03 6.0000000000e-01 -2.9444389792e+00
6.3591590939e+00 2.6097563196e+00 1.0464892474e+00 2.8055339299e+00 1.7934348845e+01 3.4000000000e+03 6.0000000000e-01 -2.9444389792e+00
6.3635099625e+00 3.8472316144e+00 1.1741353422e+00 2.7610807213e+00 8.7952203855e+00 3.4010000000e+03 6.0000000000e-01 -2.9444389792e+00
6.3640292094e+00 2.6989685961e+00 1.3197527955e+00 2.7506800538e+00 1.7391502150e+01 3.4020000000e+03 6.0000000000e-01 -2.9444389792e+00
6.3679826363e+00 2.7840393984e+00 1.4281006945e+00 2.7839268260e+00 5.7744395871e+00 3.4030000000e+03 6.0000000000e-01 -2.9444389792e+00
6.3726920957e+00 2.7869561747e+00 1.6275839216e+00 2.8118776028e+00 2.2968066919e+00 3.4040000000e+03 6.0000000000e-01 -2.9444389792e+00
6.3734110344e+00 4.0608152221e+00 1.9822117781e+00 2.8103945298e+00 7.9598460716e+00 3.4050000000e+03 6.0000000000e-01 -2.9444389792e+00
6.3771224804e+00 2.6992860006e+00 1.9906026865e+00 2.7985372327e+00 1.3155082413e+01 3.4060000000e+03 6.0000000000e-01 -2.9444389792e+00
6.3789995321e+00 2.7694094355e+00 2.0758069018e+00 2.7735766338e+00 1.2430784667e+01 3.4070000000e+03 6.0000000000e-01 -2.9444389792e+00
6.3797328346e+00 3.3877267572e+00 2.0958302491e+00 2.7939306108e+00 1.4414951689e+01 3.4080000000e+03 6.0000000000e-01 -2.9444389792e+00
6.3817724499e+00 2.8448432619e+00 2.1490293892e+00 2.7878183403e+00 1.7216289742e+01 3.4090000000e+03 6.0000000000e-01 -2.9444389792e+00
6.3831654545e+00 2.6663813689e+00 2.6841731157e+00 2.7879618158e+00 7.5723310278e+00 3.4100000000e+03 6.0000000000e-01 -2.9444389792e+00
6.3867641268e+00 3.3013541220e+00 2.8590462125e+00 2.8019951562e+00 1.5453843240e+01 3.4110000000e+03 6.0000000000e-01 -2.9444389792e+00
6.3881059186e+00 3.0231391975e+00 2.8812612519e+00 2.7401393677e+00 6.9618148879e+00 3.4120000000e+03 6.0000000000e-01 -2.9444389792e+00
6.3903902503e+00 2.7742926395e+00 2.9327495655e+00 2.7410534923e+00 1.4502510752e+01 3.4130000000e+03 6.0000000000e-01 -2.9444389792e+00
6.3905162213e+00 3.5007374608e+00 3.0441861108e+00 2.7644649917e+00 1.2473068699e+01 3.4140000000e+03 6.0000000000e-01 -2.9444389792e+00
6.3914744807e+00 2.7145359733e+00 3.1485546125e+00 2.7901885808e+00 1.3796460264e+01 3.4150000000e+03 6.0000000000e-01 -2.9444389792e+00
6.3921703097e+00 2.5028296000e+00 3.2436851218e+00 2.7582740559e+00 1.2896610808e+01 3.4160000000e+03 6.0000000000e-01 -2.9444389792e+00
6.3990594099e+00 2.5031527032e+00 3.2679265870e+00 2.8055006895e+00 3.6196912747e+00 3.4170000000e+03 6.0000000000e-01 -2.9444389792e+00
6.4030972025e+00 2.7279923821e+00 3.2120467408e+00 2.7904757192e+00 1.2075542905e+01 3.4180000000e+03 6.0000000000e-01 -2.9444389792e+00
6.4045703775e+00 2.9653361018e+00 3.3338226303e+00 2.7877212075e+00 1.7565798793e+01 3.4190000000e+03 6.0000000000e-01 -2.9444389792e+00
6.4062682280e+00 3.2360848929e+00 3.4598741694e+00 2.8074597895e+00 1.4400187566e+01 3.4200000000e+03 6.0000000000e-01 -2.9444389792e+00
6.4101287849e+00 3.2899209670e+00 3.7322441310e+00 2.7681639637e+00 5.6270178716e+00 3.4210000000e+03 6.0000000000e-01 -2.9444389792e+00
6.4177189936e+00 2.5359411476e+00 3.8555105859e+00 2.7401307113e+00 1.7688552714e+01 3.4220000000e+03 6.0000000000e-01 -2.9444389792e+00
6.4209119888e+00 3.0109485047e+00 4.0291180777e+00 2.7864007416e+00 1.7672368921e+01 3.4230000000e+03 6.0000000000e-01 -2.9444389792e+00
6.4256356743e+00 2.8202559819e+00 4.1331444979e+00 2.7601071337e+00 7.4026894223e+00 3.4240000000e+03 6.0000000000e-01 -2.9444389792e+00
6.4268872305e+00 3.6854847804e+00 4.3165165888e+00 2.7932463252e+00 9.8996825329e+00 3.4250000000e+03 6.0000000000e-01 -2.9444389792e+00
6.4275321708e+00 2.7629031351e+00 4.5301413111e+00 2.7849963977e+00 1.6991725180e+01 3.4260000000e+03 6.0000000000e-01 -2.9444389792e+00
6.4306317691e+00 2.8225809743e+00 4.6574302265e+00 2.7503681161e+00 5.9902619332e+00 3.4270000000e+03 6.0000000000e-01 -2.9444389792e+00
6.4306432193e+00 3.2159661323e+00 4.9094460023e+00 2.7462329406e+00 9.2840704723e+00 3.4280000000e+03 6.0000000000e-01 -2.9444389792e+00
6.4318813481e+00 2.8746056488e+00 4.9634999835e+00 2.8083719141e+00 1.5813770353e+01 3.4290000000e+03 6.0000000000e-01 -2.9444389792e+00
6.4321975201e+00 3.2087459558e+00 7.1615773259e-02 2.8152067844e+00 7.6496355273e+00 3.4300000000e+03 6.0000000000e-01 -2.9444389792e+00
6.4348314530e+00 2.5685677708e+00 2.1256244021e-01 2.8873633726e+00 1.2270759166e+01 3.4310000000e+03 6.0000000000e-01 -2.9444389792e+00
6.4379207370e+00 2.5309203433e+00 3.0358294639e-01 2.8485562950e+00 6.1049269855e+00 3.4320000000e+03 6.0000000000e-01 -2.9444389792e+00
6.4400739455e+00 2.9779839494e+00 4.2207823152e-01 2.8175968427e+00 5.7341257321e+00 3.4330000000e+03 6.0000000000e-01 -2.9444389792e+00
6.4426732407e+00 2.7653176980e+00 4.5134362756e-01 2.8187183116e+00 1.0158056336e+01 3.4340000000e+03 6.0000000000e-01 -2.9444389792e+00
6.4440403763e+00 2.6584747810e+00 5.3351800275e-01 2.8857132651e+00 8.3082089980e+00 3.4350000000e+03 6.0000000000e-01 -2.9444389792e+00
6.4452745288e+00 4.5797421241e+00 6.7151373036e-01 2.8196874843e+00 7.8168990694e+00 3.4360000000e+03 6.0000000000e-01 -2.9444389792e+00
6.4496149046e+00 2.7044843539e+00 8.0072347345e-01 2.8576647437e+00 1.4492290696e+01 3.4370000000e+03 6.0000000000e-01 -2.9444389792e+00
6.4537142660e+00 3.0877146185e+00 8.7256087794e-01 2.8842496404e+00 1.6642034089e+01 3.4380000000e+03 6.0000000000e-01 -2.9444389792e+00
6.4538337871e+00 2.5029267990e+00 9.6675310284e-01 2.8535641622e+00 9.3697043804e+00 3.4390000000e+03 6.0000000000e-01 -2.9444389792e+00
6.4573242439e+00 2.5830595025e+00 1.1170750401e+00 2.8628234698e+00 3.2058736151e+00 3.4400000000e+03 6.0000000000e-01 -2.9444389792e+00
6.4588202951e+00 2.5672851692e+00 1.3193195091e+00 2.8724737722e+00 9.0700589743e+00 3.4410000000e+03 6.0000000000e-01 -2.9444389792e+00
6.4608578194e+00 2.5034194712e+00 1.3736002381e+00 2.8203387377e+00 1.6762438847e+01 3.4420000000e+03 6.0000000000e-01 -2.9444389792e+00
6.4616650785e+00 2.6999049652e+00 1.3832923294e+00 2.8266802850e+00 7.9853641963e+00 3.4430000000e+03 6.0000000000e-01 -2.9444389792e+00
6.4629499025e+00 2.5948712397e+00 1.4682576526e+00 2.8317547955e+00 1.3376568172e+01 3.4440000000e+03 6.0000000000e-01 -2.9444389792e+00
6.4655414130e+00 3.4138712105e+00 1.6707108450e+00 2.8386119533e+00 4.4214547205e+00 3.4450000000e+03 6.0000000000e-01 -2.9444389792e+00
6.4695009669e+00 4.1295018418e+00 1.8691112894e+00 2.8209078796e+00 8.3110503655e+00 3.4460000000e+03 6.0000000000e-01 -2.9444389792e+00
6.4707885978e+00 2.5787981808e+00 1.8758596140e+00 2.8702972440e+00 9.8389884757e+00 3.4470000000e+03 6.0000000000e-01 -2.9444389792e+00
6.4738041861e+00 2.6611408367e+00 2.1012935337e+00 2.8374476294e+00 7.5958246484e+00 3.4480000000e+03 6.0000000000e-01 -2.9444389792e+00
6.4740857294e+00 2.8226188533e+00 2.0501993634e+00 2.8812766441e+00 9.0519885945e+00 3.4490000000e+03 6.0000000000e-01 -2.9444389792e+00
6.4792115202e+00 2.5641909259e+00 2.1544665828e+00 2.8583702620e+00 1.2779043641e+01 3.4500000000e+03 6.0000000000e-01 -2.9444389792e+00
6.4809448340e+00 2.5323367451e+00 2.2255402330e+00 2.8677785425e+00 5.7083114647e+00 3.4510000000e+03 6.0000000000e-01 -2.9444389792e+00
6.4813502386e+00 2.7333760835e+00 2.4280413575e+00 2.8579474220e+00 7.7049727788e+00 3.4520000000e+03 6.0000000000e-01 -2.9444389792e+00
6.4814084669e+00 2.9544628292e+00 2.4945155016e+00 2.8216728293e+00 6.5571352578e+00 3.4530000000e+03 6.0000000000e-01 -2.9444389792e+00
6.4836255057e+00 3.2413160035e+00 2.5639289381e+00 2.8870509746e+00 1.4284837493e+01 3.4540000000e+03 6.0000000000e-01 -2.9444389792e+00
6.4842982873e+00 2.9321033327e+00 2.7468669844e+00 2.8470321242e+00 6.0658748795e+00 3.4550000000e+03 6.0000000000e-01 -2.9444389792e+00
6.4850927964e+00 3.2277313667e+00 2.7505562376e+00 2.8880134835e+00 5.3979695178e+00 3.4560000000e+03 6.0000000000e-01 -2.9444389792e+00
6.4875734324e+00 3.4138575027e+00 3.2488006081e+00 2.8768202905e+00 2.7819077353e+00 3.4570000000e+03 6.0000000000e-01 -2.9444389792e+00
6.4913528918e+00 2.7802497909e+00 3.2156982534e+00 2.8200483990e+00 5.5937298502e+00 3.4580000000e+03 6.0000000000e-01 -2.9444389792e+00
6.4926625836e+00 2.9178363764e+00 3.3237212727e+00 2.8818780694e+00 5.5171669627e+00 3.4590000000e+03 6.0000000000e-01 -2.9444389792e+00
6.4941001212e+00 2.8250743238e+00 3.3631636552e+00 2.8615689595e+00 1.4354356087e+01 3.4600000000e+03 6.0000000000e-01 -2.9444389792e+00
6.4941354315e+00 2.7967902035e+00 3.4306875838e+00 2.8150706882e+00 3.6344726459e+00 3.4610000000e+03 6.0000000000e-01 -2.9444389792e+00
6.5029147957e+00 3.0586468940e+00 3.5101195049e+00 2.8453860009e+00 6.1760476965e+00 3.4620000000e+03 6.0000000000e-01 -2.9444389792e+00
6.5042098701e+00 2.8673002368e+00 3.6200117827e+00 2.8456315118e+00 7.7978429857e+00 3.4630000000e+03 6.0000000000e-01 -2.9444389792e+00
6.5045611890e+00 3.0426482383e+00 3.6257278506e+00 2.8797216372e+00 7.8191376568e+00 3.4640000000e+03 6.0000000000e-01 -2.9444389792e+00
6.5065189739e+00 2.9321721630e+00 3.8662031185e+00 2.8381616817e+00 8.8304883797e+00 3.4650000000e+03 6.0000000000e-01 -2.9444389792e+00
6.5081282406e+00 3.4639611892e+00 4.0990148779e+00 2.8253123882e+00 1.2815949411e+01 3.4660000000e+03 6.0000000000e-01 -2.9444389792e+00
6.5086731645e+00 3.0860679509e+00 4.2802508016e+00 2.8610754450e+00 9.3103783505e+00 3.4670000000e+03 6.0000000000e-01 -2.9444389792e+00
6.5096779700e+00 3.2345120504e+00 4.3250603973e+00 2.8869871167e+00 9.8173433973e+00 3.4680000000e+03 6.0000000000e-01 -2.9444389792e+00
6.5098745911e+00 2.6648723525e+00 4.3867002750e+00 2.8299391985e+00 2.8302992957e+00 3.4690000000e+03 6.0000000000e-01 -2.9444389792e+00
6.5115551439e+00 2.6469222439e+00 4.5522352769e+00 2.8280628482e+00 1.2505184540e+01 3.4700000000e+03 6.0000000000e-01 -2.9444389792e+00
6.5148442590e+00 3.1472189192e+00 4.5710523757e+00 2.8163756631e+00 2.3177119773e+00 3.4710000000e+03 6.0000000000e-01 -2.9444389792e+00
6.5148712086e+00 3.7631487948e+00 4.6169219115e+00 2.8860009094e+00 1.2827974953e+01 3.4720000000e+03 6.0000000000e-01 -2.9444389792e+00
6.5169334508e+00 2.7423715690e+00 4.9329167502e+00 2.8133831084e+00 1.2539437109e+01 3.4730000000e+03 6.0000000000e-01 -2.9444389792e+00
6.5202372465e+00 4.9396662080e+00 1.9690481400e-01 2.9008336190e+00 1.4725855190e+01 3.4740000000e+03 6.0000000000e-01 -2.9444389792e+00
6.5211386810e+00 3.7023245301e+00 1.6640888354e-01 2.9125750263e+00 4.0566167217e+00 3.4750000000e+03 6.0000000000e-01 -2.9444389792e+00
6.5215430550e+00 2.6521967079e+00 3.9057782594e-01 2.9467811618e+00 1.7835745610e+01 3.4760000000e+03 6.0000000000e-01 -2.9444389792e+00
6.5218427275e+00 2.5334286456e+00 3.1710893928e-01 2.8959846288e+00 1.0641725838e+01 3.4770000000e+03 6.0000000000e-01 -2.9444389792e+00
6.5235335169e+00 2.8760996665e+00 5.4334807310e-01 2.9080588898e+00 3.3495099175e+00 3.4780000000e+03 6.0000000000e-01 -2.9444389792e+00
6.5307134774e+00 2.7876961192e+00 6.0650010304e-01 2.9374372456e+00 1.5827639121e+01 3.4790000000e+03 6.0000000000e-01 -2.9444389792e+00
6.5402413001e+00 3.0261885764e+00 7.4609757585e-01 2.9153411789e+00 3.7641135568e+00 3.4800000000e+03 6.0000000000e-01 -2.9444389792e+00
6.5466244030e+00 2.7179379297e+00 1.0051709161e+00 2.8990985750e+00 1.2334897067e+01 3.4810000000e+03 6.0000000000e-01 -2.9444389792e+00
6.5466480243e+00 2.5410150809e+00 1.3084758893e+00 2.9658908631e+00 4.0327531767e+00 3.4820000000e+03 6.0000000000e-01 -2.9444389792e+00
6.5468401481e+00 4.2708278592e+00 1.2767355789e+00 2.9565293618e+00 3.5722335684e+00 3.4830000000e+03 6.0000000000e-01 -2.9444389792e+00
6.5512988471e+00 2.9738620498e+00 1.2788210371e+00 2.9034439583e+00 1.0573634190e+01 3.4840000000e+03 6.0000000000e-01 -2.9444389792e+00
6.5514046846e+00 3.0030597824e+00 2.0275783932e+00 2.9382370705e+00 7.3112987289e+00 3.4850000000e+03 6.0000000000e-01 -2.9444389792e+00
6.5569525973e+00 2.7591475301e+00 2.2277297559e+00 2.9651020784e+00 1.6225901415e+01 3.4860000000e+03 6.0000000000e-01 -2.9444389792e+00
6.5581379925e+00 2.7075369789e+00 2.3276421524e+00 2.9318809210e+00 8.1428636499e+00 3.4870000000e+03 6.0000000000e-01 -2.9444389792e+00
6.5598377505e+00 3.7064407335e+00 2.3209517645e+00 2.9567970772e+00 6.2507163608e+00 3.4880000000e+03 6.0000000000e-01 -2.9444389792e+00
6.5684787003e+00 3.0516036619e+00 2.6272128000e+00 2.9271783016e+00 1.3476949026e+01 3.4890000000e+03 6.0000000000e-01 -2.9444389792e+00
6.5698308020e+00 2.5457189914e+00 2.6285908143e+00 2.9023343595e+00 4.7334284703e+00 3.4900000000e+03 6.0000000000e-01 -2.9444389792e+00
6.5699976593e+00 3.3029790613e+00 2.6634494309e+00 2.8932999313e+00 4.9172831247e+00 3.4910000000e+03 6.0000000000e-01 -2.9444389792e+00
6.5717372944e+00 3.2041216067e+00 2.7749737836e+00 2.9530023377e+00 1.7786921865e+01 3.4920000000e+03 6.0000000000e-01 -2.9444389792e+00
6.5738283136e+00 2.8777694683e+00 2.7496651551e+00 2.9158808878e+00 1.2943206759e+01 3.4930000000e+03 6.0000000000e-01 -2.9444389792e+00
6.5752067861e+00 2.5762375239e+00 2.8741211012e+00 2.9053037592e+00 7.7302815681e+00 3.4940000000e+03 6.0000000000e-01 -2.9444389792e+00
6.5793564625e+00 2.5041355558e+00 3.3020570512e+00 2.9483518105e+00 9.6314405664e+00 3.4950000000e+03 6.0000000000e-01 -2.9444389792e+00
6.5814337880e+00 3.0758714531e+00 3.4705755663e+00 2.9659915242e+00 1.5538118136e+01 3.4960000000e+03 6.0000000000e-01 -2.9444389792e+00
6.5876555203e+00 2.6662811363e+00 3.6581230017e+00 2.9600100604e+00 1.7726686711e+01 3.4970000000e+03 6.0000000000e-01 -2.9444389792e+00
6.5907399452e+00 3.5243297528e+00 3.9179909293e+00 2.9650390592e+00 6.6522541171e+00 3.4980000000e+03 6.0000000000e-01 -2.9444389792e+00
6.5945454719e+00 2.6305475834e+00 3.9290717894e+00 2.9150398256e+00 5.9704896996e+00 3.4990000000e+03 6.0000000000e-01 -2.9444389792e+00
6.5947296253e+00 3.2869965536e+00 4.0059620185e+00 2.8975929903e+00 4.0711174856e+00 3.5000000000e+03 6.0000000000e-01 -2.9444389792e+00
6.5977591427e+00 2.9055265292e+00 4.1060064410e+00 2.9420371939e+00 1.7150507479e+01 3.5010000000e+03 6.0000000000e-01 -2.9444389792e+00
6.6007379111e+00 2.8914458597e+00 4.1803242205e+00 2.9088622904e+00 1.0513536314e+01 3.5020000000e+03 6.0000000000e-01 -2.9444389792e+00
6.6065038401e+00 2.5748475636e+00 4.1496645884e+00 2.9421230357e+00 8.3701878223e+00 3.5030000000e+03 6.0000000000e-01 -2.9444389792e+00
6.6079605407e+00 2.5923891071e+00 4.2347890354e+00 2.9654467921e+00 6.5285548352e+00 3.5040000000e+03 6.0000000000e-01 -2.9444389792e+00
6.6102208414e+00 2.5171812303e+00 4.4484887422e+00 2.9539913943e+00 1.3569655800e+01 3.5050000000e+03 6.0000000000e-01 -2.9444389792e+00
6.6132967424e+00 3.9489356980e+00 4.4571706668e+00 2.9499470595e+00 8.5344948580e+00 3.5060000000e+03 6.0000000000e-01 -2.9444389792e+00
6.6154230456e+00 2.9818054978e+00 4.6727475255e+00 2.9530189865e+00 1.5214319479e+01 3.5070000000e+03 6.0000000000e-01 -2.9444389792e+00
6.6189774195e+00 2.6317486154e+00 5.4316489023e-02 2.9971804419e+00 3.7888326514e+00 3.5080000000e+03 6.0000000000e-01 -2.9444389792e+00
6.6192765906e+00 2.6719200898e+00 5.7699907169e-02 3.0010653956e+00 1.4277071020e+01 3.5090000000e+03 6.0000000000e-01 -2.9444389792e+00
6.6193347187e+00 2.5641402103e+00 1.4684365740e-03 2.9765162187e+00 1.5541154191e+01 3.5100000000e+03 6.0000000000e-01 -2.9444389792e+00
6.6203252219e+00 2.8881227101e+00 7.6026705395e-02 2.9727199931e+00 6.5372759666e+00 3.5110000000e+03 6.0000000000e-01 -2.9444389792e+00
6.6204163236e+00 2.8422269960e+00 1.3984109651e-01 3.0317945670e+00 8.3875124060e+00 3.5120000000e+03 6.0000000000e-01 -2.9444389792e+00
6.6207846766e+00 2.7339044582e+00 2.5575794837e-01 2.9906223192e+00 1.3623711476e+01 3.5130000000e+03 6.0000000000e-01 -2.9444389792e+00
6.6216428582e+00 3.0098168291e+00 2.7754882647e-01 2.9918092423e+00 1.2997606836e+01 3.5140000000e+03 6.0000000000e-01 -2.9444389792e+00
6.6217718203e+00 3.0291220066e+00 4.1179206573e-01 2.9893605628e+00 1.3942129543e+01 3.5150000000e+03 6.0000000000e-01 -2.9444389792e+00
6.6241333226e+00 2.6215907144e+00 1.1497676885e+00 3.0198765094e+00 1.3759271714e+01 3.5160000000e+03 4.6000000000e+00 -4.7542369672e-01
6.6251326076e+00 2.8778364592e+00 1.1623687492e+00 3.0233108057e+00 1.0701170974e+01 3.5170000000e+03 4.6000000000e+00 -4.7542369672e-01
6.6268663259e+00 2.9174038652e+00 1.1294881913e+00 3.0194196592e+00 7.9960844404e+00 3.5180000000e+03 4.6000000000e+00 -4.7542369672e-01
6.6270510674e+00 3.1285157443e+00 1.1088434615e+00 2.9956588580e+00 1.1449641018e+01 3.5190000000e+03 4.6000000000e+00 -4.7542369672e-01
6.6366304614e+00 2.6212519417e+00 1.1583962244e+00 3.0047131004e+00 8.4672963246e+00 3.5200000000e+03 4.6000000000e+00 -4.7542369672e-01
6.6379324649e+00 2.5905209089e+00 1.1711909503e+00 2.9838907229e+00 8.9586399013e+00 3.5210000000e+03 4.6000000000e+00 -4.7542369672e-01
6.6386681665e+00 2.5572191393e+00 1.1645062781e+00 3.0296925111e+00 1.5578863287e+01 3.5220000000e+03 4.6000000000e+00 -4.7542369672e-01
6.6392549288e+00 3.4231464881e+00 1.1795313322e+00 2.9740303785e+00 1.0726569497e+01 3.5230000000e+03 4.6000000000e+00 -4.7542369672e-01
6.6407970447e+00 2.8200895632e+00 1.2331291941e+00 2.9952578314e+00 1.7076748098e+01 3.5240000000e+03 4.6000000000e+00 -4.7542369672e-01
6.6413764198e+00 2.6419567392e+00 1.2188822477e+00 3.0361334818e+00 8.6167775454e+00 3.5250000000e+03 4.6000000000e+00 -4.7542369672e-01
6.6414384370e+00 2.7999775556e+00 1.2244663243e+00 3.0310195188e+00 1.4264259085e+01 3.5260000000e+03 4.6000000000e+00 -4.7542369672e-01
6.6446960528e+00 2.7410450045e+00 1.2427540799e+00 2.9979935306e+00 9.7270425202e+00 3.5270000000e+03 4.6000000000e+00 -4.7542369672e-01
6.6470929892e+00 2.6295569181e+00 1.3226225760e+00 3.0385664244e+00 3.9080039171e+00 3.5280000000e+03 4.6000000000e+00 -4.7542369672e-01
6.6514106053e+00 3.2502744031e+00 1.2682081852e+00 2.9852517863e+00 3.1333630659e+00 3.5290000000e+03 4.6000000000e+00 -4.7542369672e-01
6.6530082804e+00 2.5601076471e+00 1.2745646059e+00 2.9990731255e+00 5.7616255333e+00 3.5300000000e+03 4.6000000000e+00 -4.7542369672e-01
6.6615374312e+00 3.1690983932e+00 1.3956553798e+00 3.0101301102e+00 8.5769138051e+00 3.5310000000e+03 4.6000000000e+00 -4.7542369672e-01
6.6616935052e+00 3.4735197560e+00 1.3738254456e+00 2.9925510491e+00 5.3725829291e+00 3.5320000000e+03 4.6000000000e+00 -4.7542369672e-01
6.6651559000e+00 3.2123057949e+00 1.3304019788e+00 3.0011043265e+00 9.8214103885e+00 3.5330000000e+03 4.6000000000e+00 -4.7542369672e-01
6.6653903228e+00 4.5468969455e+00 1.3716017413e+00 3.0393340431e+00 5.6231630030e+00 3.5340000000e+03 4.6000000000e+00 -4.7542369672e-01
6.6656514328e+00 2.5005310129e+00 1.3818383068e+00 3.0114597386e+00 1.7723447486e+01 3.5350000000e+03 4.6000000000e+00 -4.7542369672e-01
6.6660430893e+00 2.8851655100e+00 1.4447143363e+00 3.0115153922e+00 1.3619252160e+01 3.5360000000e+03 4.6000000000e+00 -4.7542369672e-01
6.6693356689e+00 2.7105131067e+00 1.4120231445e+00 3.0202499195e+00 1.7527221724e+01 3.5370000000e+03 4.6000000000e+00 -4.7542369672e-01
6.6698960230e+00 2.6965899292e+00 1.4635256025e+00 3.0036710047e+00 1.0026285599e+01 3.5380000000e+03 4.6000000000e+00 -4.7542369672e-01
6.6706578770e+00 2.6799382684e+00 1.4837086934e+00 2.9779570012e+00 1.3856129546e+01 3.5390000000e+03 4.6000000000e+00 -4.7542369672e-01
6.6707321391e+00 2.6830221491e+00 1.4456417367e+00 3.0067170322e+00 6.5005106527e+00 3.5400000000e+03 4.6000000000e+00 -4.7542369672e-01
6.6713190377e+00 2.7260095237e+00 1.5340488266e+00 3.0431847061e+00 7.9411756534e+00 3.5410000000e+03 4.6000000000e+00 -4.7542369672e-01
6.6714461902e+00 2.7493527879e+00 1.5207021857e+00 3.0246665139e+00 6.5517994575e+00 3.5420000000e+03 4.6000000000e+00 -4.7542369672e-01
6.6775061581e+00 2.8444368565e+00 1.5382726232e+00 2.9738820807e+00 1.3955519219e+01 3.5430000000e+03 4.6000000000e+00 -4.7542369672e-01
6.6791868869e+00 2.7470025438e+00 1.5376007889e+00 2.9822636345e+00 1.1468983124e+01 3.5440000000e+03 4.6000000000e+00 -4.7542369672e-01
6.6817468956e+00 2.9965937198e+00 1.6353838943e+00 3.0115306025e+00 4.4016227296e+00 3.5450000000e+03 4.6000000000e+00 -4.7542369672e-01
6.6845148632e+00 2.5809234214e+00 1.6386526681e+00 3.0428643632e+00 4.3415389473e+00 3.5460000000e+03 4.6000000000e+00 -4.7542369672e-01
6.6846545189e+00 2.5154027163e+00 1.6213506933e+00 2.9886775926e+00 4.3458695088e+00 3.5470000000e+03 4.6000000000e+00 -4.7542369672e-01
6.6853116897e+00 2.6387821208e+00 1.7059447403e+00 2.9819044049e+00 6.9333917698e+00 3.5480000000e+03 4.6000000000e+00 -4.7542369672e-01
6.6883524702e+00 2.9733495186e+00 1.6502883043e+00 3.0112419059e+00 8.7546234436e+00 3.5490000000e+03 4.6000000000e+00 -4.7542369672e-01
6.6961494840e+00 2.5872792225e+00 1.6537123386e+00 2.9894454409e+00 9.6464909365e+00 3.5500000000e+03 4.6000000000e+00 -4.7542369672e-01
6.6963444045e+00 2.5151067182e+00 1.6759015100e+00 3.0142370053e+00 7.4004282847e+00 3.5510000000e+03 4.6000000000e+00 -4.7542369672e-01
6.6979055517e+00 2.8292431936e+00 1.7138257917e+00 3.0344042153e+00 1.6833212875e+01 3.5520000000e+03 4.6000000000e+00 -4.7542369672e-01
6.6998937648e+00 2.7352206445e+00 1.7681519607e+00 3.0335723121e+00 6.2885383252e+00 3.5530000000e+03 4.6000000000e+00 -4.7542369672e-01
6.7051750453e+00 2.5453892982e+00 1.7869676457e+00 2.9839721662e+00 4.6232173181e+00 3.5540000000e+03 4.6000000000e+00 -4.7542369672e-01
6.7103964403e+00 2.8839757812e+00 1.7386405142e+00 2.9964349478e+00 2.2885051674e+00 3.5550000000e+03 4.6000000000e+00 -4.7542369672e-01
6.7123420978e+00 3.3673547975e+00 1.7606302714e+00 2.9809348914e+00 1.5018848248e+01 3.5560000000e+03 4.6000000000e+00 -4.7542369672e-01
6.7124755285e+00 2.6236810606e+00 1.7814223051e+00 2.9837820023e+00 5.4032090121e+00 3.5570000000e+03 4.6000000000e+00 -4.7542369672e-01
6.7132786505e+00 2.9738318090e+00 1.7398953194e+00 3.0039007580e+00 1.5326676155e+01 3.5580000000e+03 4.6000000000e+00 -4.7542369672e-01
6.7163755066e+00 2.9331428553e+00 1.7530085952e+00 3.0158102157e+00 6.6705680790e+00 3.5590000000e+03 4.6000000000e+00 -4.7542369672e-01
6.7188315593e+00 2.8133716878e+00 1.8307195240e+00 3.0318130855e+00 5.7720813167e+00 3.5600000000e+03 4.6000000000e+00 -4.7542369672e-01
6.7256487024e+00 2.7094019135e+00 1.9006504809e+00 3.0003748478e+00 3.0333651052e+00 3.5610000000e+03 4.6000000000e+00 -4.7542369672e-01
6.7266412208e+00 2.6365073230e+00 1.9279504695e+00 3.0242546873e+00 2.3401214680e+00 3.5620000000e+03 4.6000000000e+00 -4.7542369672e-01
6.7313993048e+00 3.4186384392e+00 1.9367676287e+00 3.0241373229e+00 6.6099397164e+00 3.5630000000e+03 4.6000000000e+00 -4.7542369672e-01
6.7316540189e+00 2.6577669159e+00 1.8792367530e+00 3.0188598663e+00 8.7597780475e+00 3.5640000000e+03 4.6000000000e+00 -4.7542369672e-01
6.7370867315e+00 2.9842732767e+00 1.9252964329e+00 2.9809232672e+00 6.5045251531e+00 3.5650000000e+03 4.6000000000e+00 -4.7542369672e-01
6.7387667361e+00 2.9171873474e+00 1.8790404229e+00 2.9804399425e+00 1.4722664231e+01 3.5660000000e+03 4.6000000000e+00 -4.7542369672e-01
6.7401857043e+00 2.5037756504e+00 1.8991619329e+00 3.0038180207e+00 4.1810176229e+00 3.5670000000e+03 4.6000000000e+00 -4.7542369672e-01
6.7420902995e+00 2.7370263157e+00 1.9122483888e+00 3.0411334853e+00 5.2861416119e+00 3.5680000000e+03 4.6000000000e+00 -4.7542369672e-01
6.7469547695e+00 2.5265150612e+00 2.0251475319e+00 3.0311214136e+00 6.8974885516e+00 3.5690000000e+03 4.6000000000e+00 -4.7542369672e-01
6.7484149683e+00 2.6842971448e+00 2.0308354439e+00 2.9956242493e+00 1.3610348300e+01 3.5700000000e+03 4.6000000000e+00 -4.7542369672e-01
6.7492750894e+00 2.6017776679e+00 1.9589031815e+00 3.0359715772e+00 1.5187955492e+01 3.5710000000e+03 4.6000000000e+00 -4.7542369672e-01
6.7549161783e+00 3.9843756145e+00 2.0701637424e+00 3.0182859375e+00 1.6296865876e+01 3.5720000000e+03 4.6000000000e+00 -4.7542369672e-01
6.7549869512e+00 2.9783259559e+00 2.0343243791e+00 3.0287577791e+00 1.0785514115e+01 3.5730000000e+03 4.6000000000e+00 -4.7542369672e-01
6.7559116355e+00 2.6589510198e+00 2.0584961839e+00 3.0092999228e+00 7.7239547399e+00 3.5740000000e+03 4.6000000000e+00 -4.7542369672e-01
6.7579382599e+00 2.6445832216e+00 2.1612098868e+00 3.0377992650e+00 4.3285757614e+00 3.5750000000e+03 4.6000000000e+00 -4.7542369672e-01
6.7584036430e+00 2.6774533051e+00 2.1640840325e+00 3.0246055795e+00 1.3573617851e+01 3.5760000000e+03 4.6000000000e+00 -4.7542369672e-01
6.7589877057e+00 2.5628415408e+00 2.1584474162e+00 2.9977652597e+00 8.2358559556e+00 3.5770000000e+03 4.6000000000e+00 -4.7542369672e-01
6.7603923716e+00 4.1018841769e+00 2.2394956988e+00 3.0159496116e+00 9.2979706020e+00 3.5780000000e+03 4.6000000000e+00 -4.7542369672e-01
6.7610889891e+00 2.8015133084e+00 2.2613655230e+00 3.0372152008e+00 7.5306863650e+00 3.5790000000e+03 4.6000000000e+00 -4.7542369672e-01
6.7634947325e+00 2.6905393863e+00 2.1947316890e+00 3.0441781903e+00 1.4825396507e+01 3.5800000000e+03 4.6000000000e+00 -4.7542369672e-01
6.7675048919e+00 2.6910419557e+00 2.2126100775e+00 2.9952128036e+00 1.5122831343e+01 3.5810000000e+03 4.6000000000e+00 -4.7542369672e-01
6.7745096570e+00 2.7657023218e+00 2.3246844056e+00 2.9985021053e+00 8.0534012855e+00 3.5820000000e+03 4.6000000000e+00 -4.7542369672e-01
6.7781816380e+00 4.1444878287e+00 2.2756334467e+00 3.0347061668e+00 6.3768044984e+00 3.5830000000e+03 4.6000000000e+00 -4.7542369672e-01
6.7805349132e+00 2.6102520242e+00 2.2730413864e+00 3.0137501515e+00 1.3386897990e+01 3.5840000000e+03 4.6000000000e+00 -4.7542369672e-01
6.7827182212e+00 3.8399013344e+00 2.4144342523e+00 3.0075509051e+00 1.7435620987e+01 3.5850000000e+03 4.6000000000e+00 -4.7542369672e-01
6.7834766789e+00 2.9101218727e+00 2.3847984150e+00 2.9985467009e+00 5.3562652862e+00 3.5860000000e+03 4.6000000000e+00 -4.7542369672e-01
6.7841711659e+00 3.5476144680e+00 2.4159270083e+00 2.9698322612e+00 5.5462946729e+00 3.5870000000e+03 4.6000000000e+00 -4.7542369672e-01
6.7846920197e+00 2.7206375353e+00 2.3681200327e+00 3.0213093131e+00 7.3179819849e+00 3.5880000000e+03 4.6000000000e+00 -4.7542369672e-01
6.7852116973e+00 2.6675529310e+00 2.4010089172e+00 2.9760257909e+00 1.4157919624e+01 3.5890000000e+03 4.6000000000e+00 -4.7542369672e-01
6.7867220476e+00 3.4513587983e+00 2.3813314806e+00 2.9969571444e+00 1.7679691629e+01 3.5900000000e+03 4.6000000000e+00 -4.7542369672e-01
6.7881395562e+00 4.2150082584e+00 2.4304152669e+00 2.9715102758e+00 1.7120245328e+01 3.5910000000e+03 4.6000000000e+00 -4.7542369672e-01
6.7927527696e+00 3.2791974710e+00 2.4773404245e+00 3.0214919951e+00 6.3056089789e+00 3.5920000000e+03 4.6000000000e+00 -4.7542369672e-01
6.7938967661e+00 3.3108445185e+00 2.4939640256e+00 2.9916231102e+00 1.4219866539e+01 3.5930000000e+03 4.6000000000e+00 -4.7542369672e-01
6.7940005261e+00 3.1765325171e+00 2.4352760897e+00 3.0343170613e+00 1.2859490093e+01 3.5940000000e+03 4.6000000000e+00 -4.7542369672e-01
6.7957506967e+00 3.0437343653e+00 2.5641961780e+00 2.9801478801e+00 4.8030983845e+00 3.5950000000e+03 4.6000000000e+00 -4.7542369672e-01
6.7977631379e+00 3.3087906806e+00 2.5725252304e+00 2.9745757666e+00 4.3515941347e+00 3.5960000000e+03 4.6000000000e+00 -4.7542369672e-01
6.8006616684e+00 3.0165478031e+00 2.5402321999e+00 3.0344814255e+00 1.6937851061e+01 3.5970000000e+03 4.6000000000e+00 -4.7542369672e-01
6.8032121015e+00 3.3288004345e+00 2.5566029115e+00 3.0068608693e+00 1.2057247996e+01 3.5980000000e+03 4.6000000000e+00 -4.7542369672e-01
6.8064252478e+00 2.6112991689e+00 2.5298049324e+00 3.0310626690e+00 1.0971665986e+01 3.5990000000e+03 4.6000000000e+00 -4.7542369672e-01
6.8076754832e+00 2.6591995368e+00 2.5651924806e+00 2.9705973959e+00 1.7994157529e+01 3.6000000000e+03 4.6000000000e+00 -4.7542369672e-01
6.8085730612e+00 2.6808636752e+00 2.6554230121e+00 3.0320327576e+00 8.3436867478e+00 3.6010000000e+03 4.6000000000e+00 -4.7542369672e-01
6.8103714232e+00 3.1579136075e+00 2.5807396814e+00 3.0327328407e+00 1.3038054647e+01 3.6020000000e+03 4.6000000000e+00 -4.7542369672e-01
6.8157334975e+00 2.8193145786e+00 2.5795716397e+00 2.9713012682e+00 1.0827263277e+01 3.6030000000e+03 4.6000000000e+00 -4.7542369672e-01
6.8191888401e+00 2.9566938019e+00 2.6240938613e+00 3.0029291278e+00 2.3834391747e+00 3.6040000000e+03 4.6000000000e+00 -4.7542369672e-01
6.8195583723e+00 3.7134824065e+00 2.6266188666e+00 2.9942854353e+00 9.5837124397e+00 3.6050000000e+03 4.6000000000e+00 -4.7542369672e-01
6.8222074464e+00 3.6394849805e+00 2.5880019590e+00 2.9968877222e+00 4.4492977476e+00 3.6060000000e+03 4.6000000000e+00 -4.7542369672e-01
6.8254181203e+00 2.7857134637e+00 2.7294518894e+00 3.0396463296e+00 1.7604568491e+01 3.6070000000e+03 4.6000000000e+00 -4.7542369672e-01
6.8282303059e+00 2.6092142310e+00 2.6727882698e+00 3.0103469224e+00 2.1318667904e+00 3.6080000000e+03 4.6000000000e+00 -4.7542369672e-01
6.8288200051e+00 2.8706867428e+00 2.7139225200e+00 2.9704891068e+00 1.0137693745e+01 3.6090000000e+03 4.6000000000e+00 -4.7542369672e-01
6.8334000564e+00 3.4890880611e+00 2.7304500761e+00 2.9989036309e+00 1.3713796183e+01 3.6100000000e+03 4.6000000000e+00 -4.7542369672e-01
6.8341761197e+00 2.7381395683e+00 2.8033588742e+00 2.9960844724e+00 3.4239306921e+00 3.6110000000e+03 4.6000000000e+00 -4.7542369672e-01
6.8342796399e+00 3.0774044721e+00 2.7413167061e+00 3.0073189304e+00 1.3083615101e+01 3.6120000000e+03 4.6000000000e+00 -4.7542369672e-01
6.8347287242e+00 2.8158769757e+00 2.7662364758e+00 3.0278443662e+00 1.1596229862e+01 3.6130000000e+03 4.6000000000e+00 -4.7542369672e-01
6.8355887525e+00 2.8233418544e+00 2.7354944833e+00 2.9719643452e+00 3.9974022038e+00 3.6140000000e+03 4.6000000000e+00 -4.7542369672e-01
6.8414348226e+00 4.6179005211e+00 2.7369863374e+00 2.9796836550e+00 4.2802098920e+00 3.6150000000e+03 4.6000000000e+00 -4.7542369672e-01
6.8444747567e+00 3.0462694938e+00 2.7671115055e+00 3.0214947212e+00 2.7584380026e+00 3.6160000000e+03 4.6000000000e+00 -4.7542369672e-01
6.8514322512e+00 2.5522171095e+00 2.7838152157e+00 2.9758451876e+00 6.3870042618e+00 3.6170000000e+03 4.6000000000e+00 -4.7542369672e-01
6.8538500253e+00 2.7489856654e+00 2.8862907576e+00 3.0156844173e+00 1.3469246779e+01 3.6180000000e+03 4.6000000000e+00 -4.7542369672e-01
6.8547845416e+00 3.4239343241e+00 2.8661599953e+00 2.9841023745e+00 1.7219956693e+01 3.6190000000e+03 4.6000000000e+00 -4.7542369672e-01
6.8558357656e+00 2.5774288515e+00 2.8220683455e+00 2.9843634118e+00 1.4429783667e+01 3.6200000000e+03 4.6000000000e+00 -4.7542369672e-01
6.8558417095e+00 2.8674767856e+00 2.8432361352e+00 3.0216865285e+00 1.0120196140e+01 3.6210000000e+03 4.6000000000e+00 -4.7542369672e-01
6.8595222684e+00 4.3184193403e+00 2.9411311946e+00 3.0214587449e+00 6.9423823468e+00 3.6220000000e+03 4.6000000000e+00 -4.7542369672e-01
6.8596280651e+00 2.5191229664e+00 2.9042501312e+00 3.0161159115e+00 1.2435500130e+01 3.6230000000e+03 4.6000000000e+00 -4.7542369672e-01
6.8599091496e+00 3.1093452358e+00 2.9026533485e+00 3.0429097847e+00 1.4538353783e+01 3.6240000000e+03 4.6000000000e+00 -4.7542369672e-01
6.8626935678e+00 2.6359962976e+00 2.9791629837e+00 2.9852875117e+00 5.7258688718e+00 3.6250000000e+03 4.6000000000e+00 -4.7542369672e-01
6.8630294938e+00 2.6853457226e+00 3.0287986000e+00 2.9768797919e+00 1.2586335402e+01 3.6260000000e+03 4.6000000000e+00 -4.7542369672e-01
6.8640760234e+00 2.5186734429e+00 2.9846262741e+00 3.0152542661e+00 1.1710471185e+01 3.6270000000e+03 4.6000000000e+00 -4.7542369672e-01
6.8711787044e+00 2.5624382865e+00 3.0295272649e+00 3.0176984068e+00 1.4009586570e+01 3.6280000000e+03 4.6000000000e+00 -4.7542369672e-01
6.8739236520e+00 3.7353339937e+00 3.0216975815e+00 3.0051606967e+00 1.7973524694e+01 3.6290000000e+03 4.6000000000e+00 -4.7542369672e-01
6.8742530622e+00 3.0881405976e+00 3.0704003735e+00 3.0362112924e+00 1.1612451464e+01 3.6300000000e+03 4.6000000000e+00 -4.7542369672e-01
6.8763461731e+00 2.5765971624e+00 3.0508110921e+00 3.0012796759e+00 1.4554714944e+01 3.6310000000e+03 4.6000000000e+00 -4.7542369672e-01
6.8784478280e+00 2.6947300364e+00 3.0779470712e+00 2.9893207809e+00 7.7751614762e+00 3.6320000000e+03 4.6000000000e+00 -4.7542369672e-01
6.8791682156e+00 3.0095377364e+00 3.0763142007e+00 3.0100862729e+00 1.5239399484e+01 3.6330000000e+03 4.6000000000e+00 -4.7542369672e-01
6.8803400808e+00 2.9249875777e+00 3.1366322840e+00 3.0070207622e+00 4.1488459736e+00 3.6340000000e+03 4.6000000000e+00 -4.7542369672e-01
6.8816770274e+00 2.5826072818e+00 3.1834614854e+00 3.0298981881e+00 1.6192724391e+01 3.6350000000e+03 4.6000000000e+00 -4.7542369672e-01
6.8829474549e+00 3.0884392981e+00 3.1460608663e+00 2.9783434325e+00 1.6583308509e+01 3.6360000000e+03 4.6000000000e+00 -4.7542369672e-01
6.8844680413e+00 2.5418868263e+00 3.1818533933e+00 2.9706021888e+00 1.6330558957e+01 3.6370000000e+03 4.6000000000e+00 -4.7542369672e-01
6.8899154958e+00 2.6047991558e+00 3.1941716567e+00 2.9831126588e+00 1.4702755204e+01 3.6380000000e+03 4.6000000000e+00 -4.7542369672e-01
6.8948460616e+00 3.2017221981e+00 3.1614676667e+00 3.0009930220e+00 3.7635230885e+00 3.6390000000e+03 4.6000000000e+00 -4.7542369672e-01
6.8975304633e+00 2.7368100928e+00 3.1551644700e+00 3.0130536735e+00 8.7495594359e+00 3.6400000000e+03 4.6000000000e+00 -4.7542369672e-01
6.8986779955e+00 2.9828901812e+00 3.1529083063e+00 3.0356457028e+00 2.6634010609e+00 3.6410000000e+03 4.6000000000e+00 -4.7542369672e-01
6.9050260702e+00 4.6128880677e+00 3.1894098852e+00 2.9859396405e+00 1.7851102926e+01 3.6420000000e+03 4.6000000000e+00 -4.7542369672e-01
6.9079573593e+00 2.9174334697e+00 3.2438389938e+00 3.0289733242e+00 1.5224747752e+01 3.6430000000e+03 4.6000000000e+00 -4.7542369672e-01
6.9088000942e+00 3.2578008575e+00 3.2663009615e+00 2.9821229372e+00 1.4546375328e+01 3.6440000000e+03 4.6000000000e+00 -4.7542369672e-01
6.9089038745e+00 3.1868294399e+00 3.2269850527e+00 2.9965170927e+00 1.5577220747e+01 3.6450000000e+03 4.6000000000e+00 -4.7542369672e-01
6.9119232720e+00 3.0039035320e+00 3.2882974930e+00 2.9909656504e+00 1.7742339532e+01 3.6460000000e+03 4.6000000000e+00 -4.7542369672e-01
6.9135408135e+00 2.5078464952e+00 3.3258229294e+00 3.0083182436e+00 2.1194605026e+00 3.6470000000e+03 4.6000000000e+00 -4.7542369672e-01
6.9162306216e+00 4.0365311550e+00 3.3610988873e+00 2.9704707531e+00 2.5349405304e+00 3.6480000000e+03 4.6000000000e+00 -4.7542369672e-01
6.9177774763e+00 2.6121186716e+00 3.3798772878e+00 2.9840598370e+00 6.3120588974e+00 3.6490000000e+03 4.6000000000e+00 -4.7542369672e-01
6.9245382470e+00 2.8480540821e+00 3.5025748366e+00 2.9866514596e+00 8.7256126930e+00 3.6500000000e+03 4.6000000000e+00 -4.7542369672e-01
6.9257753169e+00 2.7166442384e+00 3.4742398947e+00 3.0232433891e+00 5.9114192213e+00 3.6510000000e+03 4.6000000000e+00 -4.7542369672e-01
6.9264967466e+00 2.7232442618e+00 3.4911589423e+00 2.9754945038e+00 1.1280329043e+01 3.6520000000e+03 4.6000000000e+00 -4.7542369672e-01
6.9296798159e+00 2.7432051519e+00 3.4565928602e+00 3.0465050410e+00 1.2768484538e+01 3.6530000000e+03 4.6000000000e+00 -4.7542369672e-01
6.9317613240e+00 2.7582437039e+00 3.5441276401e+00 2.9745257437e+00 1.3690915798e+01 3.6540000000e+03 4.6000000000e+00 -4.7542369672e-01
6.9325327345e+00 2.8455826789e+00 3.5269796850e+00 3.0292703424e+00 3.6893562002e+00 3.6550000000e+03 4.6000000000e+00 -4.7542369672e-01
6.9349417936e+00 3.0485928886e+00 3.5344430534e+00 3.0220363517e+00 1.3017271399e+01 3.6560000000e+03 4.6000000000e+00 -4.7542369672e-01
6.9359254069e+00 2.5607638797e+00 3.5380978244e+00 3.0037029960e+00 2.7334691856e+00 3.6570000000e+03 4.6000000000e+00 -4.7542369672e-01
6.9365979823e+00 3.2231119512e+00 3.5333966773e+00 2.9754129972e+00 6.8915259769e+00 3.6580000000e+03 4.6000000000e+00 -4.7542369672e-01
6.9384069304e+00 2.6353677824e+00 3.6315773444e+00 3.0419601498e+00 1.4493705765e+01 3.6590000000e+03 4.6000000000e+00 -4.7542369672e-01
6.9389719908e+00 3.4752268675e+00 3.6350550807e+00 3.0278682298e+00 1.4224767655e+01 3.6600000000e+03 4.6000000000e+00 -4.7542369672e-01
6.9405615650e+00 2.8707436758e+00 3.6712117542e+00 3.0140944201e+00 1.0102693652e+01 3.6610000000e+03 4.6000000000e+00 -4.7542369672e-01
6.9440090255e+00 3.0032144564e+00 3.6228650420e+00 3.0034710790e+00 2.6645185364e+00 3.6620000000e+03 4.6000000000e+00 -4.7542369672e-01
6.9446040554e+00 2.6465883187e+00 3.6088332868e+00 3.0066054032e+00 1.1801404095e+01 3.6630000000e+03 4.6000000000e+00 -4.7542369672e-01
6.9465592357e+00 3.8298433253e+00 3.6341508033e+00 2.9931374432e+00 6.7125969530e+00 3.6640000000e+03 4.6000000000e+00 -4.7542369672e-01
6.9470741565e+00 2.8302782083e+00 3.6825405222e+00 2.9779948486e+00 2.9330733684e+00 3.6650000000e+03 4.6000000000e+00 -4.7542369672e-01
6.9473493145e+00 2.5471821060e+00 3.6871595245e+00 3.0351845668e+00 1.5079520486e+01 3.6660000000e+03 4.6000000000e+00 -4.7542369672e-01
6.9488331032e+00 2.5561373294e+00 3.7468401804e+00 3.0261675723e+00 1.0651286893e+01 3.6670000000e+03 4.6000000000e+00 -4.7542369672e-01
6.9490477224e+00 2.5896934049e+00 3.7078795271e+00 3.0031977138e+00 4.2396705587e+00 3.6680000000e+03 4.6000000000e+00 -4.7542369672e-01
6.9491026763e+00 3.3938503839e+00 3.7089137793e+00 3.0258811171e+00 1.4392308503e+01 3.6690000000e+03 4.6000000000e+00 -4.7542369672e-01
6.9523722705e+00 2.7598342071e+00 3.6720106624e+00 3.0182727223e+00 1.3156472932e+01 3.6700000000e+03 4.6000000000e+00 -4.7542369672e-01
6.9530038342e+00 2.9691894399e+00 3.7981565023e+00 3.0200865667e+00 1.0800283874e+01 3.6710000000e+03 4.6000000000e+00 -4.7542369672e-01
6.9556761262e+00 3.2061481998e+00 3.8257498518e+00 3.0236506522e+00 8.1728136649e+00 3.6720000000e+03 4.6000000000e+00 -4.7542369672e-01
6.9611056458e+00 2.5980908587e+00 3.8204632054e+00 2.9728956232e+00 3.2511758733e+00 3.6730000000e+03 4.6000000000e+00 -4.7542369672e-01
6.9651611880e+00 2.5194339320e+00 3.8029059289e+00 3.0381823048e+00 1.7768571522e+01 3.6740000000e+03 4.6000000000e+00 -4.7542369672e-01
6.9665890419e+00 2.6718278282e+00 3.8209555090e+00 2.9852922786e+00 1.3129344011e+01 3.6750000000e+03 4.6000000000e+00 -4.7542369672e-01
6.9695886161e+00 3.3569814788e+00 3.8752418820e+00 3.0016316779e+00 5.3121673453e+00 3.6760000000e+03 4.6000000000e+00 -4.7542369672e-01
6.9697059252e+00 3.1698910568e+00 3.8437829501e+00 3.0116484641e+00 1.2962170295e+01 3.6770000000e+03 4.6000000000e+00 -4.7542369672e-01
6.9707493003e+00 2.7169630844e+00 3.9993456910e+00 2.9972125954e+00 1.6337963284e+01 3.6780000000e+03 6.0000000000e-01 -2.9444389792e+00
6.9711437988e+00 2.5097761569e+00 4.0827101037e+00 3.0429148541e+00 1.6242489187e+01 3.6790000000e+03 6.0000000000e-01 -2.9444389792e+00
6.9727011340e+00 2.9737966519e+00 4.0834027384e+00 3.0109201251e+00 1.4612469786e+01 3.6800000000e+03 6.0000000000e-01 -2.9444389792e+00
6.9748559420e+00 3.0977262816e+00 4.3588816945e+00 3.0450265540e+00 1.4751895970e+01 3.6810000000e+03 6.0000000000e-01 -2.9444389792e+00
6.9780103672e+00 3.9742824301e+00 4.5026501374e+00 3.0224738405e+00 1.5865008525e+01 3.6820000000e+03 6.0000000000e-01 -2.9444389792e+00
6.9797717602e+00 3.0908779482e+00 7.4731019183e-02 3.0875494256e+00 3.3673368684e+00 3.6830000000e+03 6.0000000000e-01 -2.9444389792e+00
6.9812953991e+00 2.6511295763e+00 3.6333208878e-02 3.1159539859e+00 8.6472572972e+00 3.6840000000e+03 6.0000000000e-01 -2.9444389792e+00
6.9827486321e+00 2.9247673085e+00 9.7789405768e-02 3.1209082378e+00 2.3273718416e+00 3.6850000000e+03 6.0000000000e-01 -2.9444389792e+00
6.9867687009e+00 2.9810898382e+00 1.3231347330e-01 3.0514243003e+00 8.3658711480e+00 3.6860000000e+03 6.0000000000e-01 -2.9444389792e+00
6.9880496645e+00 2.5272014413e+00 1.7564880434e-01 3.0568032767e+00 7.8888782307e+00 3.6870000000e+03 6.0000000000e-01 -2.9444389792e+00
6.9887505912e+00 2.9134300729e+00 2.4967051263e-01 3.0896694346e+00 4.9145986740e+00 3.6880000000e+03 6.0000000000e-01 -2.9444389792e+00
6.9924259807e+00 2.5336978900e+00 3.5428139782e-01 3.0798787663e+00 7.1389710150e+00 3.6890000000e+03 6.0000000000e-01 -2.9444389792e+00
6.9925223100e+00 3.1012567471e+00 4.3887166185e-01 3.0567401281e+00 1.7089579875e+01 3.6900000000e+03 6.0000000000e-01 -2.9444389792e+00
6.9938800533e+00 2.6379762625e+00 4.7582543969e-01 3.0470633598e+00 1.1692894541e+01 3.6910000000e+03 6.0000000000e-01 -2.9444389792e+00
6.9969360217e+00 2.7940019785e+00 5.9915964263e-01 3.0629580599e+00 9.4292885621e+00 3.6920000000e+03 6.0000000000e-01 -2.9444389792e+00
6.9976518724e+00 2.7513562065e+00 7.8332978345e-01 3.0539095436e+00 1.0660539689e+01 3.6930000000e+03 6.0000000000e-01 -2.9444389792e+00
6.9984309408e+00 2.5504608257e+00 1.1059529831e+00 3.0934325295e+00 1.4732715374e+01 3.6940000000e+03 4.6000000000e+00 -4.7542369672e-01
6.9987816857e+00 4.5672555973e+00 1.1558201405e+00 3.0749917888e+00 1.3359224516e+01 3.6950000000e+03 4.6000000000e+00 -4.7542369672e-01
7.0002038304e+00 3.1170632174e+00 1.1304063594e+00 3.1056261328e+00 8.2670177760e+00 3.6960000000e+03 4.6000000000e+00 -4.7542369672e-01
7.0024085415e+00 3.0189338597e+00 1.0951033111e+00 3.0645185201e+00 1.1490337634e+01 3.6970000000e+03 4.6000000000e+00 -4.7542369672e-01
7.0024546739e+00 3.3803940515e+00 1.1857963549e+00 3.1074328347e+00 1.2913088313e+01 3.6980000000e+03 4.6000000000e+00 -4.7542369672e-01
7.0026204877e+00 2.9065627192e+00 1.2078428543e+00 3.0502530519e+00 1.4128976054e+01 3.6990000000e+03 4.6000000000e+00 -4.7542369672e-01
7.0042111605e+00 3.4216091883e+00 1.2038228112e+00 3.0548789143e+00 1.1635046454e+01 3.7000000000e+03 4.6000000000e+00 -4.7542369672e-01
7.0100701775e+00 2.6596244819e+00 1.2170974204e+00 3.0720416070e+00 9.5633484658e+00 3.7010000000e+03 4.6000000000e+00 -4.7542369672e-01
7.0133331028e+00 2.6586546062e+00 1.2556778788e+00 3.0754094023e+00 9.9946489353e+00 3.7020000000e+03 4.6000000000e+00 -4.7542369672e-01
7.0162366235e+00 2.8634726377e+00 1.2829331546e+00 3.0484830180e+00 6.9358013512e+00 3.7030000000e+03 4.6000000000e+00 -4.7542369672e-01
7.0193725558e+00 2.9367390755e+00 1.3160039477e+00 3.0710669397e+00 1.1790421082e+01 3.7040000000e+03 4.6000000000e+00 -4.7542369672e-01
7.0228840968e+00 2.6682450996e+00 1.2863745618e+00 3.0521458045e+00 2.6889132003e+00 3.7050000000e+03 4.6000000000e+00 -4.7542369672e-01
7.0229312098e+00 2.7808197693e+00 1.2673461037e+00 3.1216743701e+00 6.0343093732e+00 3.7060000000e+03 4.6000000000e+00 -4.7542369672e-01
7.0250583886e+00 3.0721441914e+00 1.3670716588e+00 3.1178951605e+00 2.3015584465e+00 3.7070000000e+03 4.6000000000e+00 -4.7542369672e-01
7.0260660823e+00 2.6985317222e+00 1.3644148586e+00 3.0560261534e+00 4.5968476215e+00 3.7080000000e+03 4.6000000000e+00 -4.7542369672e-01
7.0270531772e+00 2.8514130808e+00 1.4571821569e+00 3.1024508817e+00 8.3358933121e+00 3.7090000000e+03 4.6000000000e+00 -4.7542369672e-01
7.0279922079e+00 2.6574372218e+00 1.4141939474e+00 3.0833480265e+00 9.4412057431e+00 3.7100000000e+03 4.6000000000e+00 -4.7542369672e-01
7.0288653156e+00 3.1880356311e+00 1.4262174184e+00 3.1202589273e+00 1.0458329834e+01 3.7110000000e+03 4.6000000000e+00 -4.7542369672e-01
7.0320601420e+00 4.7433853992e+00 1.4295703174e+00 3.0999160061e+00 7.0444042906e+00 3.7120000000e+03 4.6000000000e+00 -4.7542369672e-01
7.0322101659e+00 2.6791152599e+00 1.4730214377e+00 3.0881923487e+00 5.4682063438e+00 3.7130000000e+03 4.6000000000e+00 -4.7542369672e-01
7.0323041574e+00 2.6675979307e+00 1.5212763373e+00 3.0900421963e+00 1.0532642264e+01 3.7140000000e+03 4.6000000000e+00 -4.7542369672e-01
7.0411792649e+00 2.6353955418e+00 1.5123447042e+00 3.1246241406e+00 4.3557526640e+00 3.7150000000e+03 4.6000000000e+00 -4.7542369672e-01
7.0419257684e+00 3.3720496194e+00 1.6123088506e+00 3.1078358275e+00 1.5265137268e+01 3.7160000000e+03 4.6000000000e+00 -4.7542369672e-01
7.0443220570e+00 3.1978539934e+00 1.6397803836e+00 3.1212152165e+00 1.0079132988e+01 3.7170000000e+03 4.6000000000e+00 -4.7542369672e-01
7.0506017851e+00 2.6209998356e+00 1.6401132040e+00 3.0811892637e+00 1.1483318633e+01 3.7180000000e+03 4.6000000000e+00 -4.7542369672e-01
7.0534144066e+00 2.6968995771e+00 1.5961037315e+00 3.1086525544e+00 1.0316010770e+01 3.7190000000e+03 4.6000000000e+00 -4.7542369672e-01
7.0542581881e+00 2.5052291103e+00 1.6760866781e+00 3.0511213500e+00 1.3778874362e+01 3.7200000000e+03 4.6000000000e+00 -4.7542369672e-01
7.0574378315e+00 2.5012191806e+00 1.6737631641e+00 3.1108499164e+00 1.7599692947e+01 3.7210000000e+03 4.6000000000e+00 -4.7542369672e-01
7.0590952968e+00 5.1352922592e+00 1.6426691333e+00 3.0771574165e+00 4.6060044805e+00 3.7220000000e+03 4.6000000000e+00 -4.7542369672e-01
7.0606713713e+00 2.8222203018e+00 1.7513239804e+00 3.1091154098e+00 8.4399048268e+00 3.7230000000e+03 4.6000000000e+00 -4.7542369672e-01
7.0609822219e+00 3.3080427258e+00 1.7202929084e+00 3.0971030437e+00 1.5785548545e+01 3.7240000000e+03 4.6000000000e+00 -4.7542369672e-01
7.0620521492e+00 3.8076069745e+00 1.7529207032e+00 3.0565563909e+00 5.6438716197e+00 3.7250000000e+03 4.6000000000e+00 -4.7542369672e-01
7.0621773637e+00 2.6558753962e+00 1.7326780643e+00 3.0858822212e+00 2.0413512804e+00 3.7260000000e+03 4.6000000000e+00 -4.7542369672e-01
7.0627434931e+00 2.6785100506e+00 1.7548561559e+00 3.1078943389e+00 8.5260457130e+00 3.7270000000e+03 4.6000000000e+00 -4.7542369672e-01
7.0633595391e+00 3.8619067323e+00 1.7355736784e+00 3.1014763946e+00 5.0272089168e+00 3.7280000000e+03 4.6000000000e+00 -4.7542369672e-01
7.0636010706e+00 2.9743747141e+00 1.8706798847e+00 3.0468990886e+00 2.1906401859e+00 3.7290000000e+03 4.6000000000e+00 -4.7542369672e-01
7.0676228498e+00 2.7939516768e+00 1.8295104647e+00 3.1105011513e+00 2.9073979501e+00 3.7300000000e+03 4.6000000000e+00 -4.7542369672e-01
7.0710419754e+00 2.8288626127e+00 1.8208928539e+00 3.1098272901e+00 1.5762939761e+01 3.7310000000e+03 4.6000000000e+00 -4.7542369672e-01
7.0713712801e+00 3.0198654523e+00 1.8421857783e+00 3.0784027878e+00 7.6577001384e+00 3.7320000000e+03 4.6000000000e+00 -4.7542369672e-01
7.0734002237e+00 2.8127338782e+00 1.8629366774e+00 3.0907659074e+00 2.4689571659e+00 3.7330000000e+03 4.6000000000e+00 -4.7542369672e-01
7.0763865791e+00 2.6839547496e+00 1.9376816127e+00 3.1082741327e+00 7.6927259498e+00 3.7340000000e+03 4.6000000000e+00 -4.7542369672e-01
7.0816953649e+00 2.7301596815e+00 1.9384860003e+00 3.1181454638e+00 1.4976663596e+01 3.7350000000e+03 4.6000000000e+00 -4.7542369672e-01
7.0821486916e+00 2.6771511414e+00 1.8816041814e+00 3.0745622295e+00 1.1998099723e+01 3.7360000000e+03 4.6000000000e+00 -4.7542369672e-01
7.0859773610e+00 2.6892638497e+00 1.9209961787e+00 3.1111500361e+00 3.4245766518e+00 3.7370000000e+03 4.6000000000e+00 -4.7542369672e-01
7.0863872929e+00 3.1057187270e+00 1.8783046075e+00 3.0470093520e+00 3.7911191233e+00 3.7380000000e+03 4.6000000000e+00 -4.7542369672e-01
7.0881214965e+00 3.0778822396e+00 1.8932587630e+00 3.0579744536e+00 1.2479629775e+01 3.7390000000e+03 4.6000000000e+00 -4.7542369672e-01
7.0895072368e+00 2.9417804952e+00 1.9412491664e+00 3.0484804374e+00 3.0610192679e+00 3.7400000000e+03 4.6000000000e+00 -4.7542369672e-01
7.0918370017e+00 2.8685310631e+00 1.8801592881e+00 3.0660835537e+00 2.2664946416e+00 3.7410000000e+03 4.6000000000e+00 -4.7542369672e-01
7.0923378287e+00 2.6596204308e+00 1.9273130527e+00 3.0512320369e+00 3.9026905507e+00 3.7420000000e+03 4.6000000000e+00 -4.7542369672e-01
7.0951177762e+00 2.6758600573e+00 1.9844607378e+00 3.1224386846e+00 1.3680594935e+01 3.7430000000e+03 4.6000000000e+00 -4.7542369672e-01
7.0969819983e+00 2.5637430707e+00 1.9906579916e+00 3.0678917532e+00 7.0705500387e+00 3.7440000000e+03 4.6000000000e+00 -4.7542369672e-01
7.0981389155e+00 2.5083798272e+00 2.0589358053e+00 3.0974645387e+00 1.4494188848e+01 3.7450000000e+03 4.6000000000e+00 -4.7542369672e-01
7.0991619217e+00 2.8326130226e+00 2.0708901925e+00 3.0612373306e+00 1.0921776611e+01 3.7460000000e+03 4.6000000000e+00 -4.7542369672e-01
7.1013082058e+00 2.7602101535e+00 2.1015414149e+00 3.1000534662e+00 1.5451374013e+01 3.7470000000e+03 4.6000000000e+00 -4.7542369672e-01
7.1026162267e+00 3.4802727489e+00 2.0400531369e+00 3.0572431735e+00 1.6972591174e+01 3.7480000000e+03 4.6000000000e+00 -4.7542369672e-01
7.1037595516e+00 2.8088768363e+00 2.0403101058e+00 3.1095244502e+00 4.7125137986e+00 3.7490000000e+03 4.6000000000e+00 -4.7542369672e-01
7.1040562613e+00 3.1737749504e+00 2.1836284266e+00 3.0740829956e+00 8.8086689011e+00 3.7500000000e+03 4.6000000000e+00 -4.7542369672e-01
7.1050325690e+00 3.0737800753e+00 2.1799810569e+00 3.0631121456e+00 1.0029954575e+01 3.7510000000e+03 4.6000000000e+00 -4.7542369672e-01
7.1086384762e+00 3.3758426097e+00 2.1246204959e+00 3.1182821391e+00 1.5888931153e+01 3.7520000000e+03 4.6000000000e+00 -4.7542369672e-01
7.1097069138e+00 2.7857360711e+00 2.1817358274e+00 3.0986224355e+00 7.7127346599e+00 3.7530000000e+03 4.6000000000e+00 -4.7542369672e-01
7.1097876387e+00 2.5071428198e+00 2.1122408123e+00 3.1175851624e+00 9.2425646366e+00 3.7540000000e+03 4.6000000000e+00 -4.7542369672e-01
7.1118475599e+00 3.1163548260e+00 2.1237674000e+00 3.1096778906e+00 9.3911247937e+00 3.7550000000e+03 4.6000000000e+00 -4.7542369672e-01
7.1128146012e+00 2.5028241563e+00 2.2633891641e+00 3.1246901653e+00 3.2202443431e+00 3.7560000000e+03 4.6000000000e+00 -4.7542369672e-01
7.1152040016e+00 3.4179916648e+00 2.2426309732e+00 3.0689368486e+00 9.2103098750e+00 3.7570000000e+03 4.6000000000e+00 -4.7542369672e-01
7.1155059162e+00 2.9515255064e+00 2.2445078656e+00 3.0839085151e+00 2.6931823719e+00 3.7580000000e+03 4.6000000000e+00 -4.7542369672e-01
7.1173366968e+00 2.5762123553e+00 2.3074782313e+00 3.1199701253e+00 2.8030674048e+00 3.7590000000e+03 4.6000000000e+00 -4.7542369672e-01
7.1178098216e+00 2.7261415732e+00 2.3197119724e+00 3.0857776278e+00 1.1126368312e+01 3.7600000000e+03 4.6000000000e+00 -4.7542369672e-01
7.1180264338e+00 3.4770448734e+00 2.2942636047e+00 3.0856409395e+00 3.6853847844e+00 3.7610000000e+03 4.6000000000e+00 -4.7542369672e-01
7.1189928734e+00 2.7568712860e+00 2.3346155453e+00 3.1228594050e+00 1.3753800192e+01 3.7620000000e+03 4.6000000000e+00 -4.7542369672e-01
7.1192059952e+00 2.5061383068e+00 2.3276915915e+00 3.0858678468e+00 1.1386650436e+01 3.7630000000e+03 4.6000000000e+00 -4.7542369672e-01
7.1206727676e+00 2.9378619867e+00 2.2930595773e+00 3.0742653999e+00 1.0483471488e+01 3.7640000000e+03 4.6000000000e+00 -4.7542369672e-01
7.1241382264e+00 2.5596107670e+00 2.3324506943e+00 3.0733942895e+00 1.2465663755e+01 3.7650000000e+03 4.6000000000e+00 -4.7542369672e-01
7.1268278134e+00 3.7603527841e+00 2.3425984647e+00 3.0572517048e+00 1.5852624034e+01 3.7660000000e+03 4.6000000000e+00 -4.7542369672e-01
7.1278323842e+00 2.6192345901e+00 2.2977489669e+00 3.0642027787e+00 5.8907885316e+00 3.7670000000e+03 4.6000000000e+00 -4.7542369672e-01
7.1281200858e+00 2.6119217192e+00 2.2776993891e+00 3.1121580985e+00 1.5508006607e+01 3.7680000000e+03 4.6000000000e+00 -4.7542369672e-01
7.1301047595e+00 3.3009262762e+00 2.3550055925e+00 3.0572450724e+00 5.1023715361e+00 3.7690000000e+03 4.6000000000e+00 -4.7542369672e-01
7.1330071653e+00 2.6680067990e+00 2.3878359767e+00 3.1084323339e+00 1.1242979151e+01 3.7700000000e+03 4.6000000000e+00 -4.7542369672e-01
7.1361843120e+00 2.8548666404e+00 2.3705372462e+00 3.1066511874e+00 3.5207528440e+00 3.7710000000e+03 4.6000000000e+00 -4.7542369672e-01
7.1369982194e+00 3.1368300832e+00 2.3680284613e+00 3.0741091411e+00 7.8661139211e+00 3.7720000000e+03 4.6000000000e+00 -4.7542369672e-01
7.1392498884e+00 2.7924615395e+00 2.4159450649e+00 3.0652719027e+00 2.0246538983e+00 3.7730000000e+03 4.6000000000e+00 -4.7542369672e-01
7.1413497574e+00 3.0609228383e+00 2.3939252632e+00 3.0762122842e+00 1.6962166089e+01 3.7740000000e+03 4.6000000000e+00 -4.7542369672e-01
7.1429165516e+00 2.6829962403e+00 2.3640124177e+00 3.0831625533e+00 1.2247237167e+01 3.7750000000e+03 4.6000000000e+00 -4.7542369672e-01
7.1441268703e+00 3.1757417426e+00 2.4066957784e+00 3.1046631079e+00 1.7767926368e+01 3.7760000000e+03 4.6000000000e+00 -4.7542369672e-01
7.1491986828e+00 2.9474598046e+00 2.4494886644e+00 3.0959585245e+00 2.7505553286e+00 3.7770000000e+03 4.6000000000e+00 -4.7542369672e-01
7.1501594278e+00 2.5387295291e+00 2.4659643646e+00 3.1053593854e+00 1.4838702469e+01 3.7780000000e+03 4.6000000000e+00 -4.7542369672e-01
7.1504133519e+00 2.5050837688e+00 2.4615446896e+00 3.0852964745e+00 1.3681221243e+01 3.7790000000e+03 4.6000000000e+00 -4.7542369672e-01
7.1504569918e+00 2.5168087418e+00 2.4812479268e+00 3.0834786816e+00 1.3547747466e+01 3.7800000000e+03 4.6000000000e+00 -4.7542369672e-01
7.1529298010e+00 2.6637219423e+00 2.4644171347e+00 3.0732292443e+00 3.7013008056e+00 3.7810000000e+03 4.6000000000e+00 -4.7542369672e-01
7.1599413532e+00 3.3131032174e+00 2.4224215647e+00 3.1245536172e+00 1.4023480831e+01 3.7820000000e+03 4.6000000000e+00 -4.7542369672e-01
7.1603992711e+00 3.2396704360e+00 2.4396682757e+00 3.0949356813e+00 1.4611542608e+01 3.7830000000e+03 4.6000000000e+00 -4.7542369672e-01
7.1609818334e+00 2.6746338489e+00 2.5713977399e+00 3.0833717704e+00 3.4210511917e+00 3.7840000000e+03 4.6000000000e+00 -4.7542369672e-01
7.1616882164e+00 2.5254286915e+00 2.5180123146e+00 3.0546079816e+00 4.9067170509e+00 3.7850000000e+03 4.6000000000e+00 -4.7542369672e-01
7.1656211557e+00 2.5095824105e+00 2.5792500771e+00 3.0885513151e+00 1.6736987350e+01 3.7860000000e+03 4.6000000000e+00 -4.7542369672e-01
7.1666598993e+00 2.5490461591e+00 2.6501122167e+00 3.1008862386e+00 1.0848195159e+01 3.7870000000e+03 4.6000000000e+00 -4.7542369672e-01
7.1747043658e+00 2.7336937431e+00 2.6509564850e+00 3.1149452322e+00 1.2796304244e+01 3.7880000000e+03 4.6000000000e+00 -4.7542369672e-01
7.1771996843e+00 3.0873251035e+00 2.5785783012e+00 3.0612983167e+00 1.3442623378e+01 3.7890000000e+03 4.6000000000e+00 -4.7542369672e-01
7.1773539117e+00 2.5709226898e+00 2.6181983704e+00 3.0588617426e+00 1.6478282134e+01 3.7900000000e+03 4.6000000000e+00 -4.7542369672e-01
7.1786702602e+00 2.5418337073e+00 2.5981511698e+00 3.1219585390e+00 1.5368471006e+01 3.7910000000e+03 4.6000000000e+00 -4.7542369672e-01
7.1792723462e+00 2.7178806844e+00 2.6176529396e+00 3.0586261100e+00 1.2436879624e+01 3.7920000000e+03 4.6000000000e+00 -4.7542369672e-01
7.1793158664e+00 2.5741359445e+00 2.6479023445e+00 3.0563806864e+00 1.7820519804e+01 3.7930000000e+03 4.6000000000e+00 -4.7542369672e-01
7.1826752408e+00 2.5312797478e+00 2.7170640825e+00 3.1161898550e+00 1.1017975613e+01 3.7940000000e+03 4.6000000000e+00 -4.7542369672e-01
7.1830846304e+00 2.5538342931e+00 2.6977996505e+00 3.1212870947e+00 5.7613734730e+00 3.7950000000e+03 4.6000000000e+00 -4.7542369672e-01
7.1837117868e+00 3.8181942926e+00 2.7126595565e+00 3.1232831580e+00 1.1601896558e+01 3.7960000000e+03 4.6000000000e+00 -4.7542369672e-01
7.1839091448e+00 2.5421237085e+00 2.7288643963e+00 3.0760759909e+00 1.3025049045e+01 3.7970000000e+03 4.6000000000e+00 -4.7542369672e-01
7.1913167802e+00 2.5516519112e+00 2.6847991610e+00 3.0564005169e+00 7.1013965510e+00 3.7980000000e+03 4.6000000000e+00 -4.7542369672e-01
7.1913879623e+00 2.5421281905e+00 2.7972179760e+00 3.0984875174e+00 1.3895021905e+01 3.7990000000e+03 4.6000000000e+00 -4.7542369672e-01
7.1916046261e+00 3.0018231049e+00 2.7536513855e+00 3.0649026746e+00 1.6159444414e+01 3.8000000000e+03 4.6000000000e+00 -4.7542369672e-01
7.1917479246e+00 2.8560941043e+00 2.7620348636e+00 3.0895009360e+00 1.0678178261e+01 3.8010000000e+03 4.6000000000e+00 -4.7542369672e-01
7.1938362898e+00 2.7130039461e+00 2.7693780808e+00 3.1156225316e+00 1.2241901206e+01 3.8020000000e+03 4.6000000000e+00 -4.7542369672e-01
7.1939145024e+00 2.5136455109e+00 2.7787240445e+00 3.1140918303e+00 1.2905154479e+01 3.8030000000e+03 4.6000000000e+00 -4.7542369672e-01
7.1956574280e+00 2.6700707854e+00 2.7665112092e+00 3.0583965740e+00 1.5084673942e+01 3.8040000000e+03 4.6000000000e+00 -4.7542369672e-01
7.1960037378e+00 3.1538634693e+00 2.7545311278e+00 3.0720376974e+00 4.1003029032e+00 3.8050000000e+03 4.6000000000e+00 -4.7542369672e-01
7.1972912208e+00 4.3426451430e+00 2.8522372750e+00 3.0945562697e+00 2.2792006736e+00 3.8060000000e+03 4.6000000000e+00 -4.7542369672e-01
7.1983247797e+00 2.5667982033e+00 2.8711835991e+00 3.0836495592e+00 1.7288969632e+01 3.8070000000e+03 4.6000000000e+00 -4.7542369672e-01
7.1983780708e+00 4.8937837579e+00 2.9373048393e+00 3.0495387155e+00 1.5366827107e+01 3.8080000000e+03 4.6000000000e+00 -4.7542369672e-01
7.1990706444e+00 2.8183587407e+00 2.9530788892e+00 3.1189793371e+00 1.3310551601e+01 3.8090000000e+03 4.6000000000e+00 -4.7542369672e-01
7.2019712894e+00 3.1814028741e+00 2.9302623438e+00 3.0899112247e+00 1.5567590792e+01 3.8100000000e+03 4.6000000000e+00 -4.7542369672e-01
7.2023558161e+00 2.7979760560e+00 2.9033921951e+00 3.0486379817e+00 1.6328619947e+01 3.8110000000e+03 4.6000000000e+00 -4.7542369672e-01
7.2029821282e+00 2.5640194643e+00 2.9033315707e+00 3.0601047901e+00 3.4410952953e+00 3.8120000000e+03 4.6000000000e+00 -4.7542369672e-01
7.2057207510e+00 3.0709569501e+00 2.9050467221e+00 3.0939231506e+00 1.0076604983e+01 3.8130000000e+03 4.6000000000e+00 -4.7542369672e-01
7.2075731603e+00 2.6869932534e+00 2.9938605403e+00 3.1183665383e+00 9.0926258791e+00 3.8140000000e+03 4.6000000000e+00 -4.7542369672e-01
7.2080234769e+00 2.7460175160e+00 3.0413723044e+00 3.0983634300e+00 1.3064060912e+01 3.8150000000e+03 4.6000000000e+00 -4.7542369672e-01
7.2080706906e+00 3.0268350379e+00 3.0408065097e+00 3.0490274226e+00 4.5405700327e+00 3.8160000000e+03 4.6000000000e+00 -4.7542369672e-01
7.2084270105e+00 2.5141357292e+00 2.9881395328e+00 3.1202003670e+00 1.1412859497e+01 3.8170000000e+03 4.6000000000e+00 -4.7542369672e-01
7.2096581450e+00 3.7420071022e+00 2.9866353997e+00 3.0688911894e+00 1.3546885390e+01 3.8180000000e+03 4.6000000000e+00 -4.7542369672e-01
7.2142235757e+00 2.6072379612e+00 3.0355975293e+00 3.0687982607e+00 1.5747394714e+01 3.8190000000e+03 4.6000000000e+00 -4.7542369672e-01
7.2163158324e+00 2.8887095422e+00 3.1008069123e+00 3.0513510830e+00 1.7593296563e+01 3.8200000000e+03 4.6000000000e+00 -4.7542369672e-01
7.2176745193e+00 2.6288856518e+00 3.0691363489e+00 3.0515343806e+00 5.7215328830e+00 3.8210000000e+03 4.6000000000e+00 -4.7542369672e-01
7.2184148971e+00 2.5034988810e+00 3.0685643304e+00 3.0826981172e+00 6.9201449584e+00 3.8220000000e+03 4.6000000000e+00 -4.7542369672e-01
7.2236091913e+00 3.1174879013e+00 3.0879718345e+00 3.0975601426e+00 5.7829585845e+00 3.8230000000e+03 4.6000000000e+00 -4.7542369672e-01
7.2313702392e+00 2.9054621355e+00 3.1383903897e+00 3.1102033800e+00 1.4210587292e+01 3.8240000000e+03 4.6000000000e+00 -4.7542369672e-01
7.2335766047e+00 4.2197305615e+00 3.1783741918e+00 3.0663895147e+00 1.5399787498e+01 3.8250000000e+03 4.6000000000e+00 -4.7542369672e-01
7.2356635444e+00 3.4230082887e+00 3.1648658188e+00 3.0524790111e+00 5.2017789534e+00 3.8260000000e+03 4.6000000000e+00 -4.7542369672e-01
7.2357368039e+00 2.6619122324e+00 3.2167991927e+00 3.1174303656e+00 7.5230808937e+00 3.8270000000e+03 4.6000000000e+00 -4.7542369672e-01
7.2365246948e+00 2.5364884197e+00 3.2274573466e+00 3.0719028109e+00 6.9197237974e+00 3.8280000000e+03 4.6000000000e+00 -4.7542369672e-01
7.2379804056e+00 3.2514840368e+00 3.2597837880e+00 3.0539828753e+00 6.9668998619e+00 3.8290000000e+03 4.6000000000e+00 -4.7542369672e-01
7.2406123467e+00 2.6086979958e+00 3.3399947728e+00 3.1126543243e+00 9.8869207728e+00 3.8300000000e+03 4.6000000000e+00 -4.7542369672e-01
7.2458137791e+00 2.8019149007e+00 3.3058996864e+00 3.1136323599e+00 1.7229431995e+01 3.8310000000e+03 4.6000000000e+00 -4.7542369672e-01
7.2460693786e+00 2.6067396723e+00 3.2862592313e+00 3.1087424353e+00 9.0730209937e+00 3.8320000000e+03 4.6000000000e+00 -4.7542369672e-01
7.2462985751e+00 2.5005024694e+00 3.3478592846e+00 3.1179547146e+00 9.3270166429e+00 3.8330000000e+03 4.6000000000e+00 -4.7542369672e-01
7.2481332047e+00 2.8262789758e+00 3.3491455062e+00 3.1006677987e+00 1.0499681365e+01 3.8340000000e+03 4.6000000000e+00 -4.7542369672e-01
7.2483551298e+00 2.7130636158e+00 3.3967985852e+00 3.1089372543e+00 6.8656802386e+00 3.8350000000e+03 4.6000000000e+00 -4.7542369672e-01
7.2528389773e+00 2.5971286778e+00 3.3995620043e+00 3.0803737425e+00 9.9405039986e+00 3.8360000000e+03 4.6000000000e+00 -4.7542369672e-01
7.2557054102e+00 3.0958528999e+00 3.3728190296e+00 3.1024319006e+00 2.2448241849e+00 3.8370000000e+03 4.6000000000e+00 -4.7542369672e-01
7.2564242555e+00 3.7435241787e+00 3.3930434255e+00 3.0510791021e+00 1.0951084478e+01 3.8380000000e+03 4.6000000000e+00 -4.7542369672e-01
7.2567081019e+00 3.7777641957e+00 3.3877594852e+00 3.1223534089e+00 1.3874798391e+01 3.8390000000e+03 4.6000000000e+00 -4.7542369672e-01
7.2572941511e+00 2.6452851221e+00 3.4060226192e+00 3.0721419989e+00 2.4304114510e+00 3.8400000000e+03 4.6000000000e+00 -4.7542369672e-01
7.2578198004e+00 3.9220129908e+00 3.4877772405e+00 3.1233149233e+00 1.4093316276e+01 3.8410000000e+03 4.6000000000e+00 -4.7542369672e-01
7.2644637372e+00 2.7485524565e+00 3.4668653931e+00 3.0551343080e+00 1.0231819802e+01 3.8420000000e+03 4.6000000000e+00 -4.7542369672e-01
7.2658242987e+00 2.7549057753e+00 3.4982145073e+00 3.0933846585e+00 1.5468231147e+01 3.8430000000e+03 4.6000000000e+00 -4.7542369672e-01
7.2661844754e+00 2.6091769359e+00 3.4958473625e+00 3.0777821717e+00 1.2822476882e+01 3.8440000000e+03 4.6000000000e+00 -4.7542369672e-01
7.2719687828e+00 2.5102864022e+00 3.4822360615e+00 3.0916731032e+00 1.5208753200e+01 3.8450000000e+03 4.6000000000e+00 -4.7542369672e-01
7.2731135801e+00 2.5098017991e+00 3.5340455875e+00 3.1060377517e+00 1.5803129351e+01 3.8460000000e+03 4.6000000000e+00 -4.7542369672e-01
7.2733566198e+00 3.4886790447e+00 3.5838145405e+00 3.1114577343e+00 3.7140905080e+00 3.8470000000e+03 4.6000000000e+00 -4.7542369672e-01
7.2738278377e+00 4.0951123808e+00 3.5884416096e+00 3.0944791246e+00 1.1817331845e+01 3.8480000000e+03 4.6000000000e+00 -4.7542369672e-01
7.2742723228e+00 2.6640491447e+00 3.5338348611e+00 3.0957049219e+00 7.8389696160e+00 3.8490000000e+03 4.6000000000e+00 -4.7542369672e-01
7.2856475448e+00 2.7187504656e+00 3.6173360878e+00 3.0956370966e+00 1.7376783288e+01 3.8500000000e+03 4.6000000000e+00 -4.7542369672e-01
7.2884534097e+00 2.8442600283e+00 3.6309425784e+00 3.0853623566e+00 1.4323537977e+01 3.8510000000e+03 4.6000000000e+00 -4.7542369672e-01
7.2888196010e+00 3.0452339004e+00 3.6304401775e+00 3.1145026859e+00 3.6730973719e+00 3.8520000000e+03 4.6000000000e+00 -4.7542369672e-01
7.2913922413e+00 3.8127657313e+00 3.6589789723e+00 3.0606529860e+00 1.3258196109e+01 3.8530000000e+03 4.6000000000e+00 -4.7542369672e-01
7.2929256334e+00 2.5120800727e+00 3.6112463887e+00 3.0473546800e+00 7.1031812742e+00 3.8540000000e+03 4.6000000000e+00 -4.7542369672e-01
7.2930357875e+00 2.9810523366e+00 3.6767496486e+00 3.0765531389e+00 1.3522579080e+01 3.8550000000e+03 4.6000000000e+00 -4.7542369672e-01
7.2934452654e+00 2.8688568596e+00 3.7047639108e+00 3.0862544296e+00 7.2176295239e+00 3.8560000000e+03 4.6000000000e+00 -4.7542369672e-01
7.2957388303e+00 2.9815246711e+00 3.6799962095e+00 3.0718947594e+00 8.4115783691e+00 3.8570000000e+03 4.6000000000e+00 -4.7542369672e-01
7.3004917846e+00 3.2636926389e+00 3.7417707129e+00 3.1227950629e+00 2.7143109999e+00 3.8580000000e+03 4.6000000000e+00 -4.7542369672e-01
7.3026734657e+00 2.7566154941e+00 3.7471802732e+00 3.0872479483e+00 7.7515885826e+00 3.8590000000e+03 4.6000000000e+00 -4.7542369672e-01
7.3027566056e+00 2.5672017097e+00 3.6826232754e+00 3.0837619102e+00 1.7594068079e+01 3.8600000000e+03 4.6000000000e+00 -4.7542369672e-01
7.3029263420e+00 3.2920634632e+00 3.7072752137e+00 3.0857933275e+00 2.6093397626e+00 3.8610000000e+03 4.6000000000e+00 -4.7542369672e-01
7.3035593175e+00 2.5255472408e+00 3.8270670170e+00 3.1102930513e+00 3.0141213613e+00 3.8620000000e+03 4.6000000000e+00 -4.7542369672e-01
7.3074322250e+00 2.7560840624e+00 3.7856967066e+00 3.0931434559e+00 2.5934906296e+00 3.8630000000e+03 4.6000000000e+00 -4.7542369672e-01
7.3131063331e+00 3.4960963365e+00 3.7837351588e+00 3.1089323875e+00 6.1556874865e+00 3.8640000000e+03 4.6000000000e+00 -4.7542369672e-01
7.3149870139e+00 3.6257288638e+00 3.7670872296e+00 3.1190359203e+00 1.2338162422e+01 3.8650000000e+03 4.6000000000e+00 -4.7542369672e-01
7.3175860262e+00 2.8982084533e+00 3.7679660258e+00 3.0592897600e+00 1.5045550239e+01 3.8660000000e+03 4.6000000000e+00 -4.7542369672e-01
7.3179445628e+00 2.6104840529e+00 3.7569852159e+00 3.1208868791e+00 1.3327056397e+01 3.8670000000e+03 4.6000000000e+00 -4.7542369672e-01
7.3231647633e+00 3.6600738514e+00 3.7691463629e+00 3.1169334185e+00 1.6882627370e+01 3.8680000000e+03 4.6000000000e+00 -4.7542369672e-01
7.3273605008e+00 2.5325160941e+00 3.9051105156e+00 3.0831756437e+00 9.5212650219e+00 3.8690000000e+03 4.6000000000e+00 -4.7542369672e-01
7.3280682500e+00 3.7436550913e+00 3.8897747711e+00 3.1209556757e+00 1.2014839055e+01 3.8700000000e+03 4.6000000000e+00 -4.7542369672e-01
7.3330781390e+00 2.8705392577e+00 3.8584586517e+00 3.1200581677e+00 1.7054052735e+01 3.8710000000e+03 4.6000000000e+00 -4.7542369672e-01
7.3341935938e+00 2.5214353195e+00 3.8347290594e+00 3.0923986959e+00 1.1922727561e+01 3.8720000000e+03 4.6000000000e+00 -4.7542369672e-01
7.3345283403e+00 3.1602524869e+00 3.9074173574e+00 3.0562620585e+00 4.2049770064e+00 3.8730000000e+03 6.0000000000e-01 -2.9444389792e+00
7.3397977328e+00 2.6509324306e+00 4.1706972718e+00 3.0914747265e+00 7.6251789043e+00 3.8740000000e+03 6.0000000000e-01 -2.9444389792e+00
7.3400435659e+00 2.5215095500e+00 4.1893947582e+00 3.0872046825e+00 2.8129368261e+00 3.8750000000e+03 6.0000000000e-01 -2.9444389792e+00
7.3401040272e+00 3.5695876271e+00 4.3399775403e+00 3.0908497587e+00 1.2971009153e+01 3.8760000000e+03 6.0000000000e-01 -2.9444389792e+00
7.3416889172e+00 2.9462612427e+00 4.7264065273e+00 3.0803543116e+00 1.3457844988e+01 3.8770000000e+03 6.0000000000e-01 -2.9444389792e+00
7.3487744789e+00 2.5119805455e+00 4.6890508310e+00 3.0603486324e+00 1.7424115298e+01 3.8780000000e+03 6.0000000000e-01 -2.9444389792e+00
7.3492469527e+00 2.7644190285e+00 9.4678007138e-02 3.1808261758e+00 8.2385582635e+00 3.8790000000e+03 6.0000000000e-01 -2.9444389792e+00
7.3545291518e+00 2.8263195594e+00 3.5864485446e-01 3.1326837908e+00 3.4000892973e+00 3.8800000000e+03 6.0000000000e-01 -2.9444389792e+00
7.3546480384e+00 2.7123837759e+00 4.8913526086e-01 3.1462189280e+00 7.5258022997e+00 3.8810000000e+03 6.0000000000e-01 -2.9444389792e+00
7.3546665016e+00 2.5199615041e+00 5.2513547753e-01 3.1717271666e+00 1.0486582794e+01 3.8820000000e+03 6.0000000000e-01 -2.9444389792e+00
7.3556366583e+00 4.1621267375e+00 5.2095318208e-01 3.1448890565e+00 1.2429384206e+01 3.8830000000e+03 6.0000000000e-01 -2.9444389792e+00
7.3558763020e+00 2.6735546402e+00 7.3525591259e-01 3.1409878402e+00 1.3201247620e+01 3.8840000000e+03 6.0000000000e-01 -2.9444389792e+00
7.3595604632e+00 2.6340865675e+00 1.1506213312e+00 3.1797818581e+00 6.4445853076e+00 3.8850000000e+03 4.6000000000e+00 -4.7542369672e-01
7.3605803711e+00 2.8079064584e+00 1.1212042827e+00 3.1589270314e+00 2.5185628872e+00 3.8860000000e+03 4.6000000000e+00 -4.7542369672e-01
7.3693031407e+00 3.0859259287e+00 1.1266833344e+00 3.1861156915e+00 1.2282088370e+01 3.8870000000e+03 4.6000000000e+00 -4.7542369672e-01
7.3698583370e+00 2.6057931693e+00 1.1075551567e+00 3.1523137579e+00 1.6725918567e+01 3.8880000000e+03 4.6000000000e+00 -4.7542369672e-01
7.3716429595e+00 2.8691164679e+00 1.1511457860e+00 3.1579639688e+00 7.3500444474e+00 3.8890000000e+03 4.6000000000e+00 -4.7542369672e-01
7.3737035256e+00 4.1940996675e+00 1.1603835577e+00 3.1592205673e+00 3.3208700123e+00 3.8900000000e+03 4.6000000000e+00 -4.7542369672e-01
7.3842330445e+00 2.5666729441e+00 1.1054719761e+00 3.1429689162e+00 2.5122638701e+00 3.8910000000e+03 4.6000000000e+00 -4.7542369672e-01
7.3851197120e+00 4.1079858004e+00 1.1459860626e+00 3.1282075277e+00 5.9477662101e+00 3.8920000000e+03 4.6000000000e+00 -4.7542369672e-01
7.3875210988e+00 2.5947556752e+00 1.1200350992e+00 3.2027104298e+00 5.9171343291e+00 3.8930000000e+03 4.6000000000e+00 -4.7542369672e-01
7.3878625341e+00 2.6753048526e+00 1.1063870881e+00 3.1461359291e+00 1.4805593265e+01 3.8940000000e+03 4.6000000000e+00 -4.7542369672e-01
7.3883004134e+00 2.5116311507e+00 1.2205992862e+00 3.1372332437e+00 6.3215588816e+00 3.8950000000e+03 4.6000000000e+00 -4.7542369672e-01
7.3981036603e+00 2.7654420198e+00 1.2030317037e+00 3.1762495725e+00 8.0841209507e+00 3.8960000000e+03 4.6000000000e+00 -4.7542369672e-01
7.3999539444e+00 2.8618593450e+00 1.2146649591e+00 3.1888755753e+00 1.7296346019e+01 3.8970000000e+03 4.6000000000e+00 -4.7542369672e-01
7.4007511077e+00 2.5611024021e+00 1.2169398584e+00 3.1897109698e+00 3.9581938424e+00 3.8980000000e+03 4.6000000000e+00 -4.7542369672e-01
7.4023037410e+00 3.0049008199e+00 1.1971875275e+00 3.1501541646e+00 1.6997138149e+01 3.8990000000e+03 4.6000000000e+00 -4.7542369672e-01
7.4033107763e+00 2.8489689907e+00 1.2439470407e+00 3.2018258253e+00 6.4580377090e+00 3.9000000000e+03 4.6000000000e+00 -4.7542369672e-01
7.4037549851e+00 2.6139143982e+00 1.1735847076e+00 3.1899351949e+00 1.4409087202e+01 3.9010000000e+03 4.6000000000e+00 -4.7542369672e-01
7.4062292752e+00 2.6577205412e+00 1.1916637105e+00 3.1593760254e+00 3.4992966935e+00 3.9020000000e+03 4.6000000000e+00 -4.7542369672e-01
7.4076983727e+00 2.6790730649e+00 1.1759721806e+00 3.1882585631e+00 1.0160500451e+01 3.9030000000e+03 4.6000000000e+00 -4.7542369672e-01
7.4086199683e+00 2.7825141571e+00 1.1992881682e+00 3.2005933829e+00 7.1707274826e+00 3.9040000000e+03 4.6000000000e+00 -4.7542369672e-01
7.4104846667e+00 3.1054758581e+00 1.2161320630e+00 3.1761216834e+00 1.3785995658e+01 3.9050000000e+03 4.6000000000e+00 -4.7542369672e-01
7.4116507870e+00 2.5277932295e+00 1.3224786589e+00 3.1587372894e+00 1.4861522074e+01 3.9060000000e+03 4.6000000000e+00 -4.7542369672e-01
7.4137222630e+00 2.5892660144e+00 1.2859404038e+00 3.1354987145e+00 4.7105462528e+00 3.9070000000e+03 4.6000000000e+00 -4.7542369672e-01
7.4139470125e+00 2.7980773338e+00 1.2671702052e+00 3.1918409091e+00 6.8305778148e+00 3.9080000000e+03 4.6000000000e+00 -4.7542369672e-01
7.4147009843e+00 3.0448276365e+00 1.3131748348e+00 3.1608449468e+00 1.2990586653e+01 3.9090000000e+03 4.6000000000e+00 -4.7542369672e-01
7.4149321118e+00 2.5691128599e+00 1.3733950629e+00 3.1915801759e+00 1.4897161299e+01 3.9100000000e+03 4.6000000000e+00 -4.7542369672e-01
7.4220342299e+00 2.8197367779e+00 1.3694096971e+00 3.1343587100e+00 6.3206290582e+00 3.9110000000e+03 4.6000000000e+00 -4.7542369672e-01
7.4249657570e+00 2.8077000598e+00 1.3494536308e+00 3.1631658455e+00 1.1354534278e+01 3.9120000000e+03 4.6000000000e+00 -4.7542369672e-01
7.4249953920e+00 3.5470967257e+00 1.4679988647e+00 3.1580214292e+00 1.3589859278e+01 3.9130000000e+03 4.6000000000e+00 -4.7542369672e-01
7.4280923324e+00 2.5543190258e+00 1.4391008420e+00 3.1923748000e+00 5.6163898229e+00 3.9140000000e+03 4.6000000000e+00 -4.7542369672e-01
7.4298026031e+00 2.5146678063e+00 1.4506438105e+00 3.1977639980e+00 1.5772126824e+01 3.9150000000e+03 4.6000000000e+00 -4.7542369672e-01
7.4305248564e+00 2.6848335298e+00 1.4232895298e+00 3.1944120167e+00 1.7923388701e+01 3.9160000000e+03 4.6000000000e+00 -4.7542369672e-01
7.4335706692e+00 2.5268933502e+00 1.4685766856e+00 3.1695393748e+00 3.5086567741e+00 3.9170000000e+03 4.6000000000e+00 -4.7542369672e-01
7.4340150760e+00 2.7364505448e+00 1.4799260794e+00 3.1565282451e+00 1.1534811816e+01 3.9180000000e+03 4.6000000000e+00 -4.7542369672e-01
7.4379939306e+00 3.1456378866e+00 1.4734178763e+00 3.1624774683e+00 1.5801810396e+01 3.9190000000e+03 4.6000000000e+00 -4.7542369672e-01
7.4384858264e+00 2.6958168757e+00 1.4617483901e+00 3.1785805381e+00 6.7565195000e+00 3.9200000000e+03 4.6000000000e+00 -4.7542369672e-01
7.4388604977e+00 3.1335449328e+00 1.4672296614e+00 3.1493516931e+00 6.0161331985e+00 3.9210000000e+03 4.6000000000e+00 -4.7542369672e-01
7.4406485924e+00 2.6136793061e+00 1.5361788592e+00 3.1811461732e+00 4.2469417766e+00 3.9220000000e+03 4.6000000000e+00 -4.7542369672e-01
7.4408764341e+00 2.8791960160e+00 1.5022130761e+00 3.1805812764e+00 1.6807138171e+01 3.9230000000e+03 4.6000000000e+00 -4.7542369672e-01
7.4415126142e+00 2.6025303252e+00 1.4929575499e+00 3.1509119564e+00 5.7174481066e+00 3.9240000000e+03 4.6000000000e+00 -4.7542369672e-01
7.4431371644e+00 2.5041737175e+00 1.5442446365e+00 3.1565675068e+00 1.1124708764e+01 3.9250000000e+03 4.6000000000e+00 -4.7542369672e-01
7.4432129792e+00 2.6177516470e+00 1.4921483990e+00 3.1658065196e+00 1.6071600077e+01 3.9260000000e+03 4.6000000000e+00 -4.7542369672e-01
7.4432810394e+00 2.7401568775e+00 1.6038253802e+00 3.1504645654e+00 1.5610634170e+01 3.9270000000e+03 4.6000000000e+00 -4.7542369672e-01
7.4495829571e+00 2.5754457553e+00 1.5933700302e+00 3.1616690582e+00 1.2638253313e+01 3.9280000000e+03 4.6000000000e+00 -4.7542369672e-01
7.4514030387e+00 2.5040833968e+00 1.6674188916e+00 3.1367685378e+00 9.1489971093e+00 3.9290000000e+03 4.6000000000e+00 -4.7542369672e-01
7.4571768850e+00 2.7097307500e+00 1.6525588869e+00 3.1834157138e+00 9.1539785463e+00 3.9300000000e+03 4.6000000000e+00 -4.7542369672e-01
7.4588860793e+00 2.9744244967e+00 1.6599647128e+00 3.1374604112e+00 3.0746606958e+00 3.9310000000e+03 4.6000000000e+00 -4.7542369672e-01
7.4601060706e+00 2.9173936678e+00 1.6703197616e+00 3.1713582177e+00 2.6197761042e+00 3.9320000000e+03 4.6000000000e+00 -4.7542369672e-01
7.4607276903e+00 2.6529318935e+00 1.7137452124e+00 3.1275430109e+00 6.5576843189e+00 3.9330000000e+03 4.6000000000e+00 -4.7542369672e-01
7.4643615059e+00 3.3363105022e+00 1.6887794845e+00 3.1559465693e+00 1.4925048125e+01 3.9340000000e+03 4.6000000000e+00 -4.7542369672e-01
7.4700731484e+00 2.8931482103e+00 1.7135293161e+00 3.1756194129e+00 7.8008215873e+00 3.9350000000e+03 4.6000000000e+00 -4.7542369672e-01
7.4771870995e+00 3.1775948005e+00 1.7096474089e+00 3.1931679580e+00 1.3383367005e+01 3.9360000000e+03 4.6000000000e+00 -4.7542369672e-01
7.4786598651e+00 2.5384185080e+00 1.7589793954e+00 3.1409405620e+00 1.7546595059e+01 3.9370000000e+03 4.6000000000e+00 -4.7542369672e-01
7.4803637902e+00 2.7076542810e+00 1.7645012310e+00 3.1854082240e+00 6.5472710473e+00 3.9380000000e+03 4.6000000000e+00 -4.7542369672e-01
7.4887505710e+00 2.6545044837e+00 1.7210522752e+00 3.1440636845e+00 9.7368879622e+00 3.9390000000e+03 4.6000000000e+00 -4.7542369672e-01
7.4889835537e+00 3.1076785774e+00 1.7502328599e+00 3.1920605098e+00 1.4827572404e+01 3.9400000000e+03 4.6000000000e+00 -4.7542369672e-01
7.4924852376e+00 3.4651600420e+00 1.7190297487e+00 3.1635637499e+00 7.8875564842e+00 3.9410000000e+03 4.6000000000e+00 -4.7542369672e-01
7.4931810304e+00 2.8695562208e+00 1.7329178798e+00 3.1758221431e+00 7.3567924384e+00 3.9420000000e+03 4.6000000000e+00 -4.7542369672e-01
7.4935974857e+00 2.8014727553e+00 1.7574889888e+00 3.1682991653e+00 1.6276585112e+01 3.9430000000e+03 4.6000000000e+00 -4.7542369672e-01
7.4939048019e+00 2.8646090650e+00 1.7306882291e+00 3.1678601922e+00 6.2401786062e+00 3.9440000000e+03 4.6000000000e+00 -4.7542369672e-01
7.4944747050e+00 2.5651261803e+00 1.8070977676e+00 3.1857271366e+00 5.2785352547e+00 3.9450000000e+03 4.6000000000e+00 -4.7542369672e-01
7.4964264492e+00 2.8961155798e+00 1.8016063191e+00 3.2000730085e+00 8.6426756314e+00 3.9460000000e+03 4.6000000000e+00 -4.7542369672e-01
7.4978192554e+00 2.6908695412e+00 1.8508249830e+00 3.1928544957e+00 1.1041407798e+01 3.9470000000e+03 4.6000000000e+00 -4.7542369672e-01
7.4979961147e+00 2.6943589449e+00 1.9276742663e+00 3.1514824403e+00 1.4974748150e+01 3.9480000000e+03 4.6000000000e+00 -4.7542369672e-01
7.4989467867e+00 2.5414389435e+00 1.9124872007e+00 3.1543056936e+00 1.5391738480e+01 3.9490000000e+03 4.6000000000e+00 -4.7542369672e-01
7.5003732137e+00 2.8522946327e+00 1.9313870354e+00 3.1944164745e+00 1.0882919819e+01 3.9500000000e+03 4.6000000000e+00 -4.7542369672e-01
7.5013163544e+00 2.5968081002e+00 1.8791729511e+00 3.1849349459e+00 1.4282964840e+01 3.9510000000e+03 4.6000000000e+00 -4.7542369672e-01
7.5021092192e+00 3.4697422651e+00 1.9910583797e+00 3.1355165897e+00 1.1700520732e+01 3.9520000000e+03 4.6000000000e+00 -4.7542369672e-01
7.5063078194e+00 2.6676822431e+00 1.9893152727e+00 3.1650880600e+00 2.2466786090e+00 3.9530000000e+03 4.6000000000e+00 -4.7542369672e-01
7.5086250091e+00 2.6544045879e+00 2.0022386860e+00 3.1975855400e+00 5.7843981363e+00 3.9540000000e+03 4.6000000000e+00 -4.7542369672e-01
7.5144771869e+00 2.6015703909e+00 2.0291653534e+00 3.1544690937e+00 1.5262005545e+01 3.9550000000e+03 4.6000000000e+00 -4.7542369672e-01
7.5168038925e+00 2.5145128607e+00 1.9976798198e+00 3.1636966719e+00 1.5143356102e+01 3.9560000000e+03 4.6000000000e+00 -4.7542369672e-01
7.5171048416e+00 3.0776129352e+00 2.0450553215e+00 3.1940392759e+00 6.3868810993e+00 3.9570000000e+03 4.6000000000e+00 -4.7542369672e-01
7.5188742775e+00 2.7963665644e+00 2.0622642839e+00 3.1615923119e+00 6.8718604144e+00 3.9580000000e+03 4.6000000000e+00 -4.7542369672e-01
7.5192075731e+00 3.7501394890e+00 2.0661415818e+00 3.1925693447e+00 7.8641686544e+00 3.9590000000e+03 4.6000000000e+00 -4.7542369672e-01
7.5201409312e+00 2.8143051747e+00 2.0514848702e+00 3.1928946445e+00 3.0787469278e+00 3.9600000000e+03 4.6000000000e+00 -4.7542369672e-01
7.5258448780e+00 3.3103878578e+00 2.1120258180e+00 3.1348216573e+00 2.3636420322e+00 3.9610000000e+03 4.6000000000e+00 -4.7542369672e-01
7.5280474359e+00 2.9664692019e+00 2.1120180332e+00 3.1707555193e+00 5.9650354860e+00 3.9620000000e+03 4.6000000000e+00 -4.7542369672e-01
7.5332154715e+00 3.8890259025e+00 2.1869286764e+00 3.1455408742e+00 1.7715011833e+01 3.9630000000e+03 4.6000000000e+00 -4.7542369672e-01
7.5337878089e+00 2.9092372047e+00 2.1651367250e+00 3.1642568539e+00 1.3653421099e+01 3.9640000000e+03 4.6000000000e+00 -4.7542369672e-01
7.5354837919e+00 2.9665893663e+00 2.1255616417e+00 3.1782616210e+00 1.6215555269e+01 3.9650000000e+03 4.6000000000e+00 -4.7542369672e-01
7.5357300875e+00 2.7860751938e+00 2.1766005625e+00 3.1874330517e+00 4.6989246539e+00 3.9660000000e+03 4.6000000000e+00 -4.7542369672e-01
7.5385049573e+00 2.5699791782e+00 2.2547384498e+00 3.1382673695e+00 1.5536799993e+01 3.9670000000e+03 4.6000000000e+00 -4.7542369672e-01
7.5433726254e+00 3.3373359891e+00 2.2552347862e+00 3.1371958608e+00 1.1367880052e+01 3.9680000000e+03 4.6000000000e+00 -4.7542369672e-01
7.5436629033e+00 2.8642013644e+00 2.2100414930e+00 3.1716893665e+00 1.4661877472e+01 3.9690000000e+03 4.6000000000e+00 -4.7542369672e-01
7.5445084450e+00 2.8375528304e+00 2.2308259508e+00 3.1483785003e+00 1.5040453937e+01 3.9700000000e+03 4.6000000000e+00 -4.7542369672e-01
7.5511233220e+00 2.5880649711e+00 2.2186268751e+00 3.1910834192e+00 9.6403905036e+00 3.9710000000e+03 4.6000000000e+00 -4.7542369672e-01
7.5530062300e+00 2.9318047060e+00 2.2402098337e+00 3.2026643954e+00 5.9415129496e+00 3.9720000000e+03 4.6000000000e+00 -4.7542369672e-01
7.5530736492e+00 2.8440110628e+00 2.3401848169e+00 3.1659231935e+00 1.1121088531e+01 3.9730000000e+03 4.6000000000e+00 -4.7542369672e-01
7.5602449208e+00 3.0369496372e+00 2.3212939015e+00 3.1846993825e+00 1.4132812494e+01 3.9740000000e+03 4.6000000000e+00 -4.7542369672e-01
7.5604126098e+00 2.6377710997e+00 2.3294299907e+00 3.1317906950e+00 2.1648349573e+00 3.9750000000e+03 4.6000000000e+00 -4.7542369672e-01
7.5624712832e+00 2.6110942694e+00 2.3735257855e+00 3.1773433391e+00 1.2234655610e+01 3.9760000000e+03 4.6000000000e+00 -4.7542369672e-01
7.5630900812e+00 3.4911388319e+00 2.3444416050e+00 3.1887559209e+00 5.4597232612e+00 3.9770000000e+03 4.6000000000e+00 -4.7542369672e-01
7.5647770767e+00 2.5792782802e+00 2.3958646906e+00 3.1286504242e+00 3.4255758042e+00 3.9780000000e+03 4.6000000000e+00 -4.7542369672e-01
7.5663741871e+00 2.7942789776e+00 2.3516769915e+00 3.1377612034e+00 1.2985855883e+01 3.9790000000e+03 4.6000000000e+00 -4.7542369672e-01
7.5682398918e+00 3.0775549091e+00 2.3666189054e+00 3.1907224488e+00 5.7071029478e+00 3.9800000000e+03 4.6000000000e+00 -4.7542369672e-01
7.5728499380e+00 2.5456640239e+00 2.4625431180e+00 3.1286720353e+00 6.0319527151e+00 3.9810000000e+03 4.6000000000e+00 -4.7542369672e-01
7.5730594837e+00 2.9917718555e+00 2.4698524173e+00 3.1964727547e+00 1.5273087521e+01 3.9820000000e+03 4.6000000000e+00 -4.7542369672e-01
7.5742456044e+00 2.8204200960e+00 2.4528886663e+00 3.1561904564e+00 9.0715357750e+00 3.9830000000e+03 4.6000000000e+00 -4.7542369672e-01
7.5820637255e+00 2.8457710148e+00 2.4292539542e+00 3.1586733922e+00 1.1109040074e+01 3.9840000000e+03 4.6000000000e+00 -4.7542369672e-01
7.5840432452e+00 2.6857605510e+00 2.5364264262e+00 3.1301443169e+00 1.4766073333e+01 3.9850000000e+03 4.6000000000e+00 -4.7542369672e-01
7.5856531473e+00 2.8884734586e+00 2.5615909051e+00 3.1580023190e+00 1.5254951034e+01 3.9860000000e+03 4.6000000000e+00 -4.7542369672e-01
7.5880514358e+00 2.5622312477e+00 2.5679518764e+00 3.1948883700e+00 1.0705914376e+01 3.9870000000e+03 4.6000000000e+00 -4.7542369672e-01
7.5894645342e+00 3.8556812840e+00 2.5199200621e+00 3.1830429739e+00 1.5521734234e+01 3.9880000000e+03 4.6000000000e+00 -4.7542369672e-01
7.5895926123e+00 3.5543995928e+00 2.5563888384e+00 3.1292275668e+00 1.5115861777e+01 3.9890000000e+03 4.6000000000e+00 -4.7542369672e-01
7.5927341009e+00 2.9787674823e+00 2.5478889999e+00 3.1882971664e+00 3.2401623458e+00 3.9900000000e+03 4.6000000000e+00 -4.7542369672e-01
7.5956642074e+00 3.9537351911e+00 2.6359341557e+00 3.1386889816e+00 2.0156419797e+00 3.9910000000e+03 4.6000000000e+00 -4.7542369672e-01
7.5998598005e+00 2.6205442704e+00 2.6277428263e+00 3.1463873209e+00 3.7630162313e+00 3.9920000000e+03 4.6000000000e+00 -4.7542369672e-01
7.6003417107e+00 2.7673650819e+00 2.5948852422e+00 3.1534221827e+00 1.2109731502e+01 3.9930000000e+03 4.6000000000e+00 -4.7542369672e-01
7.6030814713e+00 2.5185452207e+00 2.6195274249e+00 3.1293337040e+00 8.9721092146e+00 3.9940000000e+03 4.6000000000e+00 -4.7542369672e-01
7.6053826427e+00 2.5208862648e+00 2.6084868202e+00 3.1258681557e+00 2.2219415336e+00 3.9950000000e+03 4.6000000000e+00 -4.7542369672e-01
7.6065393198e+00 2.7468343587e+00 2.6450099607e+00 3.1649407289e+00 8.2832846914e+00 3.9960000000e+03 4.6000000000e+00 -4.7542369672e-01
7.6094535128e+00 2.6694612875e+00 2.6364725786e+00 3.1774279648e+00 2.0617292772e+00 3.9970000000e+03 4.6000000000e+00 -4.7542369672e-01
7.6099853478e+00 3.6940180552e+00 2.5861462088e+00 3.2011694969e+00 7.6583129292e+00 3.9980000000e+03 4.6000000000e+00 -4.7542369672e-01
7.6120963635e+00 2.5638276795e+00 2.5887941265e+00 3.1877691406e+00 5.7505441569e+00 3.9990000000e+03 4.6000000000e+00 -4.7542369672e-01
7.6125130998e+00 2.5824491675e+00 2.6465695370e+00 3.1871563539e+00 1.0250286670e+01 4.0000000000e+03 4.6000000000e+00 -4.7542369672e-01
7.6149938748e+00 3.3361778775e+00 2.6647096704e+00 3.1974497248e+00 1.4651347102e+01 4.0010000000e+03 4.6000000000e+00 -4.7542369672e-01
7.6189823102e+00 4.1159367606e+00 2.7269224070e+00 3.1611740893e+00 1.5298164439e+01 4.0020000000e+03 4.6000000000e+00 -4.7542369672e-01
7.6223830129e+00 2.5517567813e+00 2.7106784637e+00 3.1985957354e+00 7.1374793867e+00 4.0030000000e+03 4.6000000000e+00 -4.7542369672e-01
7.6226541601e+00 3.3932179394e+00 2.6917558452e+00 3.1655770045e+00 1.0801130213e+01 4.0040000000e+03 4.6000000000e+00 -4.7542369672e-01
7.6230675450e+00 3.3155911883e+00 2.7414938495e+00 3.1869697806e+00 1.7298547753e+01 4.0050000000e+03 4.6000000000e+00 -4.7542369672e-01
7.6264517071e+00 2.5941919543e+00 2.8004934298e+00 3.1467893797e+00 1.7787657151e+01 4.0060000000e+03 4.6000000000e+00 -4.7542369672e-01
7.6270351231e+00 2.8159793914e+00 2.8704791587e+00 3.1413749269e+00 1.5366122427e+01 4.0070000000e+03 4.6000000000e+00 -4.7542369672e-01
7.6306304458e+00 2.9431379005e+00 2.8685254763e+00 3.1705624880e+00 1.3759207677e+01 4.0080000000e+03 4.6000000000e+00 -4.7542369672e-01
7.6310047281e+00 3.0842234349e+00 2.8277013944e+00 3.1385133527e+00 6.3534245799e+00 4.0090000000e+03 4.6000000000e+00 -4.7542369672e-01
7.6315326418e+00 2.6259992445e+00 2.9386437313e+00 3.1296451733e+00 1.1846345886e+01 4.0100000000e+03 4.6000000000e+00 -4.7542369672e-01
7.6315863108e+00 3.0245331806e+00 2.9213334324e+00 3.1259032283e+00 1.2112733538e+01 4.0110000000e+03 4.6000000000e+00 -4.7542369672e-01
7.6325697666e+00 2.6494124518e+00 2.9610623604e+00 3.1573148705e+00 2.6827001184e+00 4.0120000000e+03 4.6000000000e+00 -4.7542369672e-01
7.6350590107e+00 2.7205361349e+00 2.9071996335e+00 3.1900781675e+00 1.5935399191e+01 4.0130000000e+03 4.6000000000e+00 -4.7542369672e-01
7.6352567249e+00 2.9035796649e+00 2.9826698501e+00 3.1388562275e+00 9.8805828956e+00 4.0140000000e+03 4.6000000000e+00 -4.7542369672e-01
7.6354571595e+00 3.3652781039e+00 3.0313080394e+00 3.1822523925e+00 1.4940557129e+01 4.0150000000e+03 4.6000000000e+00 -4.7542369672e-01
7.6362627356e+00 3.4802002747e+00 2.9718102021e+00 3.1749558903e+00 1.7802621865e+01 4.0160000000e+03 4.6000000000e+00 -4.7542369672e-01
7.6369067708e+00 2.9833503267e+00 3.0284158508e+00 3.1974346315e+00 1.4638332326e+01 4.0170000000e+03 4.6000000000e+00 -4.7542369672e-01
7.6400416861e+00 2.6519309338e+00 3.0094906067e+00 3.1322758482e+00 1.2117834648e+01 4.0180000000e+03 4.6000000000e+00 -4.7542369672e-01
7.6404509777e+00 3.3305757695e+00 3.0169298135e+00 3.1822224985e+00 1.1816116810e+01 4.0190000000e+03 4.6000000000e+00 -4.7542369672e-01
7.6409789496e+00 2.5557098050e+00 3.0343968608e+00 3.1309001437e+00 8.7629701050e+00 4.0200000000e+03 4.6000000000e+00 -4.7542369672e-01
7.6429654602e+00 2.6363379122e+00 3.0201218392e+00 3.1726636815e+00 1.5631927344e+01 4.0210000000e+03 4.6000000000e+00 -4.7542369672e-01
7.6451127940e+00 2.8115951355e+00 2.9924340525e+00 3.1917752660e+00 1.0696123759e+01 4.0220000000e+03 4.6000000000e+00 -4.7542369672e-01
7.6463527634e+00 3.2047965046e+00 3.0040455729e+00 3.1465795341e+00 1.5644226422e+01 4.0230000000e+03 4.6000000000e+00 -4.7542369672e-01
7.6496515314e+00 2.6348423458e+00 3.0436186547e+00 3.1498641058e+00 8.7472523072e+00 4.0240000000e+03 4.6000000000e+00 -4.7542369672e-01
7.6496579319e+00 3.1054593627e+00 3.0497793259e+00 3.1841048480e+00 1.6719548830e+01 4.0250000000e+03 4.6000000000e+00 -4.7542369672e-01
7.6533144497e+00 3.1940446658e+00 3.0511584942e+00 3.2028286809e+00 1.2097076737e+01 4.0260000000e+03 4.6000000000e+00 -4.7542369672e-01
7.6546862694e+00 2.8698972479e+00 3.1142058360e+00 3.1304662621e+00 2.7553197811e+00 4.0270000000e+03 4.6000000000e+00 -4.7542369672e-01
7.6564484852e+00 2.6198109587e+00 3.1692917014e+00 3.1906691767e+00 1.6091017773e+01 4.0280000000e+03 4.6000000000e+00 -4.7542369672e-01
7.6603520891e+00 2.5267091622e+00 3.1443339661e+00 3.1824378747e+00 3.6219210522e+00 4.0290000000e+03 4.6000000000e+00 -4.7542369672e-01
7.6612268466e+00 2.6600529030e+00 3.2521369054e+00 3.1359564224e+00 1.6669543869e+01 4.0300000000e+03 4.6000000000e+00 -4.7542369672e-01
7.6635710851e+00 2.5436049476e+00 3.2535603423e+00 3.1813100294e+00 1.0283731088e+01 4.0310000000e+03 4.6000000000e+00 -4.7542369672e-01
7.6644080209e+00 2.5689697123e+00 3.2588924290e+00 3.1707264994e+00 1.2141360592e+01 4.0320000000e+03 4.6000000000e+00 -4.7542369672e-01
7.6647361671e+00 3.4764421912e+00 3.2706486495e+00 3.1796976765e+00 1.7085866928e+01 4.0330000000e+03 4.6000000000e+00 -4.7542369672e-01
7.6661187472e+00 2.7713937137e+00 3.2572490519e+00 3.1281357101e+00 2.7625166201e+00 4.0340000000e+03 4.6000000000e+00 -4.7542369672e-01
7.6679932661e+00 3.5763219099e+00 3.3111640295e+00 3.1405321140e+00 6.5388665516e+00 4.0350000000e+03 4.6000000000e+00 -4.7542369672e-01
7.6697188401e+00 2.6743844077e+00 3.2841313033e+00 3.1712235930e+00 2.6766088499e+00 4.0360000000e+03 4.6000000000e+00 -4.7542369672e-01
7.6743726366e+00 2.6408264641e+00 3.3148234403e+00 3.1490831720e+00 8.7911761917e+00 4.0370000000e+03 4.6000000000e+00 -4.7542369672e-01
7.6745764033e+00 3.4990506386e+00 3.3463202917e+00 3.1585329017e+00 5.8505829376e+00 4.0380000000e+03 4.6000000000e+00 -4.7542369672e-01
7.6754662671e+00 2.5557935585e+00 3.4042410251e+00 3.1288325137e+00 1.7082821161e+01 4.0390000000e+03 4.6000000000e+00 -4.7542369672e-01
7.6780066827e+00 3.0093865007e+00 3.4156537615e+00 3.1515759078e+00 8.9190949439e+00 4.0400000000e+03 4.6000000000e+00 -4.7542369672e-01
7.6820623924e+00 2.8788917394e+00 3.4195239063e+00 3.1933285759e+00 1.7005604898e+01 4.0410000000e+03 4.6000000000e+00 -4.7542369672e-01
7.6839154534e+00 2.8685072370e+00 3.4032175565e+00 3.1414355239e+00 1.7896205357e+01 4.0420000000e+03 4.6000000000e+00 -4.7542369672e-01
7.6862245550e+00 2.9628485823e+00 3.3985915411e+00 3.1793600943e+00 6.9825936197e+00 4.0430000000e+03 4.6000000000e+00 -4.7542369672e-01
7.6868759595e+00 2.5849390214e+00 3.4572348928e+00 3.1626243361e+00 4.7497277020e+00 4.0440000000e+03 4.6000000000e+00 -4.7542369672e-01
7.6878458334e+00 3.3239085385e+00 3.4607147763e+00 3.1845955352e+00 8.9748300664e+00 4.0450000000e+03 4.6000000000e+00 -4.7542369672e-01
7.6901325710e+00 2.8489426853e+00 3.4895758495e+00 3.1860642506e+00 1.6963953246e+01 4.0460000000e+03 4.6000000000e+00 -4.7542369672e-01
7.6906765961e+00 3.7431101199e+00 3.4609948466e+00 3.1815991982e+00 1.5908597697e+01 4.0470000000e+03 4.6000000000e+00 -4.7542369672e-01
7.6930523680e+00 2.7275559835e+00 3.5097167188e+00 3.1257139345e+00 1.5076823163e+01 4.0480000000e+03 4.6000000000e+00 -4.7542369672e-01
7.6935723478e+00 2.8153616944e+00 3.5731471871e+00 3.1349529873e+00 6.3554458446e+00 4.0490000000e+03 4.6000000000e+00 -4.7542369672e-01
7.6947469960e+00 2.5444343987e+00 3.5414219095e+00 3.1618389760e+00 9.8452003823e+00 4.0500000000e+03 4.6000000000e+00 -4.7542369672e-01
7.6970074277e+00 2.7697038916e+00 3.5361061591e+00 3.1654863990e+00 5.9904511883e+00 4.0510000000e+03 4.6000000000e+00 -4.7542369672e-01
7.6971120365e+00 2.5522135087e+00 3.5275865388e+00 3.1966319808e+00 6.1191996618e+00 4.0520000000e+03 4.6000000000e+00 -4.7542369672e-01
7.6973851783e+00 2.5088191969e+00 3.5796815665e+00 3.1843677188e+00 1.1080657298e+01 4.0530000000e+03 4.6000000000e+00 -4.7542369672e-01
7.6984367096e+00 2.5483633931e+00 3.5315594237e+00 3.1625093962e+00 8.0726620049e+00 4.0540000000e+03 4.6000000000e+00 -4.7542369672e-01
7.6997047433e+00 3.3536112618e+00 3.5410723845e+00 3.1402417464e+00 1.7349865047e+01 4.0550000000e+03 4.6000000000e+00 -4.7542369672e-01
7.6997312464e+00 3.2809027283e+00 3.6469465961e+00 3.1253503209e+00 5.9330405550e+00 4.0560000000e+03 4.6000000000e+00 -4.7542369672e-01
7.7010500918e+00 2.6307346598e+00 3.6216416032e+00 3.1308120170e+00 2.7280005074e+00 4.0570000000e+03 4.6000000000e+00 -4.7542369672e-01
7.7049064554e+00 2.8951481414e+00 3.6578101211e+00 3.1717780962e+00 1.1603230289e+01 4.0580000000e+03 4.6000000000e+00 -4.7542369672e-01
7.7075034873e+00 2.8991988149e+00 3.6797653339e+00 3.1528456376e+00 1.7955322708e+01 4.0590000000e+03 4.6000000000e+00 -4.7542369672e-01
7.7093823767e+00 2.5676349388e+00 3.7479682996e+00 3.1910046442e+00 1.3781925886e+01 4.0600000000e+03 4.6000000000e+00 -4.7542369672e-01
7.7152368387e+00 2.6942952515e+00 3.7327999500e+00 3.1465545288e+00 1.5289801376e+01 4.0610000000e+03 4.6000000000e+00 -4.7542369672e-01
7.7177728322e+00 2.9832725277e+00 3.6762634765e+00 3.1769260592e+00 7.6860079567e+00 4.0620000000e+03 4.6000000000e+00 -4.7542369672e-01
7.7210709447e+00 2.6009880735e+00 3.7038293901e+00 3.1984159958e+00 5.6550330349e+00 4.0630000000e+03 4.6000000000e+00 -4.7542369672e-01
7.7212130025e+00 2.8022461087e+00 3.7977227122e+00 3.1982543213e+00 1.1631253139e+01 4.0640000000e+03 4.6000000000e+00 -4.7542369672e-01
7.7217569040e+00 2.5304174397e+00 3.7880155846e+00 3.1331201397e+00 1.4808451984e+01 4.0650000000e+03 4.6000000000e+00 -4.7542369672e-01
7.7228995750e+00 2.7058536808e+00 3.7572849322e+00 3.1700428297e+00 1.0413462162e+01 4.0660000000e+03 4.6000000000e+00 -4.7542369672e-01
7.7266746946e+00 2.7120787566e+00 3.7541276347e+00 3.1636808518e+00 6.9647229288e+00 4.0670000000e+03 4.6000000000e+00 -4.7542369672e-01
7.7353248613e+00 2.5394334691e+00 3.7538228266e+00 3.1372486762e+00 3.7490377467e+00 4.0680000000e+03 4.6000000000e+00 -4.7542369672e-01
7.7370785482e+00 2.8402479850e+00 3.7930158425e+00 3.1787288991e+00 1.6116667733e+01 4.0690000000e+03 4.6000000000e+00 -4.7542369672e-01
7.7370993201e+00 2.9713184254e+00 3.8043226832e+00 3.1535569441e+00 8.2015316044e+00 4.0700000000e+03 4.6000000000e+00 -4.7542369672e-01
7.7379541506e+00 2.5908752901e+00 3.8799060750e+00 3.1957429984e+00 4.9333418305e+00 4.0710000000e+03 4.6000000000e+00 -4.7542369672e-01
7.7392233508e+00 2.5844175297e+00 3.8284468212e+00 3.1648935376e+00 7.8891828168e+00 4.0720000000e+03 4.6000000000e+00 -4.7542369672e-01
7.7447319722e+00 2.8186268516e+00 3.8533376150e+00 3.1923401242e+00 1.2431508138e+01 4.0730000000e+03 4.6000000000e+00 -4.7542369672e-01
7.7466776444e+00 2.8370881082e+00 3.8903061743e+00 3.1854964545e+00 9.9305039511e+00 4.0740000000e+03 4.6000000000e+00 -4.7542369672e-01
7.7471437656e+00 2.5700473755e+00 3.8549534662e+00 3.1604963273e+00 5.6450050253e+00 4.0750000000e+03 4.6000000000e+00 -4.7542369672e-01
7.7498341839e+00 3.2246453350e+00 3.8692626230e+00 3.1838842588e+00 1.5885326154e+01 4.0760000000e+03 4.6000000000e+00 -4.7542369672e-01
7.7514879462e+00 3.1620604233e+00 3.8913439659e+00 3.1765067095e+00 1.3875488586e+01 4.0770000000e+03 4.6000000000e+00 -4.7542369672e-01
7.7533951901e+00 3.1598869773e+00 3.8420054763e+00 3.1336148085e+00 3.5915480690e+00 4.0780000000e+03 4.6000000000e+00 -4.7542369672e-01
7.7540495378e+00 4.2614403308e+00 3.8678371253e+00 3.1532733461e+00 5.9944795025e+00 4.0790000000e+03 4.6000000000e+00 -4.7542369672e-01
7.7606689671e+00 2.5936249119e+00 4.4638772985e+00 3.1928480661e+00 3.9012641048e+00 4.0800000000e+03 6.0000000000e-01 -2.9444389792e+00
7.7621231156e+00 3.0505648522e+00 4.4662662490e+00 3.1279483298e+00 1.2472267890e+01 4.0810000000e+03 6.0000000000e-01 -2.9444389792e+00
7.7637109475e+00 2.9066184141e+00 4.8176881712e+00 3.1600738392e+00 6.5760610686e+00 4.0820000000e+03 6.0000000000e-01 -2.9444389792e+00
7.7673220625e+00 3.0550737667e+00 4.7874256157e+00 3.1816378152e+00 1.7182693959e+01 4.0830000000e+03 6.0000000000e-01 -2.9444389792e+00
7.7675428294e+00 2.7571017883e+00 1.4873785433e-01 3.2681381436e+00 1.5931819975e+01 4.0840000000e+03 6.0000000000e-01 -2.9444389792e+00
7.7676843798e+00 2.5501398237e+00 1.8225534852e-01 3.2350092379e+00 9.7412202373e+00 4.0850000000e+03 6.0000000000e-01 -2.9444389792e+00
7.7681455894e+00 2.7085188483e+00 3.4889480072e-01 3.2049522804e+00 6.4960271654e+00 4.0860000000e+03 6.0000000000e-01 -2.9444389792e+00
7.7686647642e+00 2.6209949081e+00 6.5898068423e-01 3.2669339649e+00 1.6092143781e+01 4.0870000000e+03 6.0000000000e-01 -2.9444389792e+00
7.7699771153e+00 2.5934756673e+00 7.2553323035e-01 3.2071974553e+00 1.0542330219e+01 4.0880000000e+03 6.0000000000e-01 -2.9444389792e+00
7.7711052387e+00 3.0714088449e+00 7.2991992030e-01 3.2681651242e+00 3.6164016350e+00 4.0890000000e+03 6.0000000000e-01 -2.9444389792e+00
7.7754249424e+00 4.0772776480e+00 7.8646420449e-01 3.2068038623e+00 6.3255626547e+00 4.0900000000e+03 6.0000000000e-01 -2.9444389792e+00
7.7791783037e+00 3.1330881716e+00 1.0948835328e+00 3.2280056221e+00 1.0799349279e+01 4.0910000000e+03 4.6000000000e+00 -4.7542369672e-01
7.7798839410e+00 2.9506687289e+00 1.2234706347e+00 3.2128167032e+00 5.1840710105e+00 4.0920000000e+03 4.6000000000e+00 -4.7542369672e-01
7.7801031875e+00 3.0862217478e+00 1.2076695402e+00 3.2449715203e+00 7.7149789824e+00 4.0930000000e+03 4.6000000000e+00 -4.7542369672e-01
7.7804017828e+00 2.7428460977e+00 1.1794296453e+00 3.2064911812e+00 4.7689096273e+00 4.0940000000e+03 4.6000000000e+00 -4.7542369672e-01
7.7810399483e+00 2.9279724827e+00 1.2269575130e+00 3.2152489771e+00 7.4617671604e+00 4.0950000000e+03 4.6000000000e+00 -4.7542369672e-01
7.7813594577e+00 3.1315984642e+00 1.2258731683e+00 3.2550822380e+00 1.4031310546e+01 4.0960000000e+03 4.6000000000e+00 -4.7542369672e-01
7.7835849644e+00 2.7904422877e+00 1.2327277718e+00 3.2409740643e+00 1.6283925284e+01 4.0970000000e+03 4.6000000000e+00 -4.7542369672e-01
7.7862600576e+00 2.6163167755e+00 1.2606942421e+00 3.2453303803e+00 1.5589571062e+01 4.0980000000e+03 4.6000000000e+00 -4.7542369672e-01
7.7888037547e+00 3.2300868148e+00 1.2723646643e+00 3.2384243272e+00 1.4608509021e+01 4.0990000000e+03 4.6000000000e+00 -4.7542369672e-01
7.7901273065e+00 3.0003886423e+00 1.3079083688e+00 3.2515769425e+00 1.3024298137e+01 4.1000000000e+03 4.6000000000e+00 -4.7542369672e-01
7.7908358040e+00 2.5069527800e+00 1.2863130835e+00 3.2685433951e+00 1.5375048131e+01 4.1010000000e+03 4.6000000000e+00 -4.7542369672e-01
7.7914327878e+00 2.7163882927e+00 1.2626066595e+00 3.2053012891e+00 1.1653061754e+01 4.1020000000e+03 4.6000000000e+00 -4.7542369672e-01
7.7940044852e+00 2.8267414750e+00 1.3077031840e+00 3.2359460145e+00 9.1563479130e+00 4.1030000000e+03 4.6000000000e+00 -4.7542369672e-01
7.7981669489e+00 2.9239493705e+00 1.3833745245e+00 3.2166076666e+00 1.4771800191e+01 4.1040000000e+03 4.6000000000e+00 -4.7542369672e-01
7.8019394133e+00 2.6756008400e+00 1.3686480661e+00 3.2188816755e+00 1.4517305370e+01 4.1050000000e+03 4.6000000000e+00 -4.7542369672e-01
7.8024647997e+00 2.5731273918e+00 1.3834808768e+00 3.2407905635e+00 1.3546658908e+01 4.1060000000e+03 4.6000000000e+00 -4.7542369672e-01
7.8025029182e+00 2.8544191400e+00 1.4193450799e+00 3.2366938190e+00 1.4609555070e+01 4.1070000000e+03 4.6000000000e+00 -4.7542369672e-01
7.8057236382e+00 3.3401362774e+00 1.4837271232e+00 3.2401028993e+00 1.7364887777e+01 4.1080000000e+03 4.6000000000e+00 -4.7542369672e-01
7.8077008444e+00 2.6472383858e+00 1.4652005864e+00 3.2321803017e+00 7.2732794597e+00 4.1090000000e+03 4.6000000000e+00 -4.7542369672e-01
7.8095981494e+00 2.5814509148e+00 1.4599098537e+00 3.2408277693e+00 7.9693626040e+00 4.1100000000e+03 4.6000000000e+00 -4.7542369672e-01
7.8118659872e+00 2.8077647822e+00 1.4116565094e+00 3.2649481414e+00 1.3323272271e+01 4.1110000000e+03 4.6000000000e+00 -4.7542369672e-01
7.8131550784e+00 3.0775245045e+00 1.5165802179e+00 3.2647193162e+00 1.0869048421e+01 4.1120000000e+03 4.6000000000e+00 -4.7542369672e-01
7.8187474670e+00 2.6308829941e+00 1.5469258660e+00 3.2039219148e+00 8.8752063068e+00 4.1130000000e+03 4.6000000000e+00 -4.7542369672e-01
7.8258372212e+00 2.9348843720e+00 1.5554825802e+00 3.2091458334e+00 1.1069398615e+01 4.1140000000e+03 4.6000000000e+00 -4.7542369672e-01
7.8267617979e+00 2.7639734270e+00 1.5403200105e+00 3.2557656641e+00 1.5091125164e+01 4.1150000000e+03 4.6000000000e+00 -4.7542369672e-01
7.8276769463e+00 2.5764966361e+00 1.5438572695e+00 3.2408372332e+00 1.7441807710e+01 4.1160000000e+03 4.6000000000e+00 -4.7542369672e-01
7.8303297522e+00 3.0768942413e+00 1.6149980621e+00 3.2318282671e+00 3.2898797382e+00 4.1170000000e+03 4.6000000000e+00 -4.7542369672e-01
7.8303864342e+00 2.7417811908e+00 1.5855595523e+00 3.2156485160e+00 7.4586827571e+00 4.1180000000e+03 4.6000000000e+00 -4.7542369672e-01
7.8304386879e+00 2.9561055060e+00 1.6309761641e+00 3.2500568684e+00 6.9299978910e+00 4.1190000000e+03 4.6000000000e+00 -4.7542369672e-01
7.8306002116e+00 2.7078585445e+00 1.5813975888e+00 3.2311644709e+00 4.5706494401e+00 4.1200000000e+03 4.6000000000e+00 -4.7542369672e-01
7.8371101503e+00 3.3928073509e+00 1.5872710668e+00 3.2541056281e+00 1.6131349011e+01 4.1210000000e+03 4.6000000000e+00 -4.7542369672e-01
7.8399797093e+00 2.9647493873e+00 1.5921999600e+00 3.2446212828e+00 8.3095430199e+00 4.1220000000e+03 4.6000000000e+00 -4.7542369672e-01
7.8440592385e+00 3.5031309669e+00 1.6858252201e+00 3.2651258432e+00 5.7587718082e+00 4.1230000000e+03 4.6000000000e+00 -4.7542369672e-01
7.8467294587e+00 3.3222427985e+00 1.6836978917e+00 3.2577044958e+00 1.7368624510e+01 4.1240000000e+03 4.6000000000e+00 -4.7542369672e-01
7.8469880986e+00 2.6864319774e+00 1.6490380561e+00 3.2134472352e+00 3.0238557993e+00 4.1250000000e+03 4.6000000000e+00 -4.7542369672e-01
7.8487382449e+00 2.6726753466e+00 1.7502368823e+00 3.2608296737e+00 1.4094670153e+01 4.1260000000e+03 4.6000000000e+00 -4.7542369672e-01
7.8488529108e+00 4.2624794704e+00 1.7445201507e+00 3.2741665504e+00 3.3224799407e+00 4.1270000000e+03 4.6000000000e+00 -4.7542369672e-01
7.8492600434e+00 3.1505595685e+00 1.7421081916e+00 3.2312956597e+00 9.5500397388e+00 4.1280000000e+03 4.6000000000e+00 -4.7542369672e-01
7.8527031913e+00 2.6727158089e+00 1.7342276789e+00 3.2759940038e+00 1.0391033546e+01 4.1290000000e+03 4.6000000000e+00 -4.7542369672e-01
7.8538331936e+00 2.8698168525e+00 1.7447308561e+00 3.2612865272e+00 3.1088738383e+00 4.1300000000e+03 4.6000000000e+00 -4.7542369672e-01
7.8542330105e+00 3.2201898726e+00 1.8133462414e+00 3.2764496180e+00 4.2989123377e+00 4.1310000000e+03 4.6000000000e+00 -4.7542369672e-01
7.8557705262e+00 4.6869821765e+00 1.8379423874e+00 3.2789124917e+00 1.2107495737e+01 4.1320000000e+03 4.6000000000e+00 -4.7542369672e-01
7.8580507706e+00 2.6880359091e+00 1.8151698606e+00 3.2555484696e+00 1.7860713573e+01 4.1330000000e+03 4.6000000000e+00 -4.7542369672e-01
7.8587264651e+00 2.8339928341e+00 1.8619329705e+00 3.2433681188e+00 1.6895645267e+01 4.1340000000e+03 4.6000000000e+00 -4.7542369672e-01
7.8624102952e+00 3.0653875500e+00 1.8880846171e+00 3.2783934218e+00 1.1648294634e+01 4.1350000000e+03 4.6000000000e+00 -4.7542369672e-01
7.8667241788e+00 2.8562649152e+00 1.8944487043e+00 3.2219724670e+00 2.3028446045e+00 4.1360000000e+03 4.6000000000e+00 -4.7542369672e-01
7.8684193634e+00 2.6827921000e+00 1.9441134847e+00 3.2285934638e+00 9.8704107077e+00 4.1370000000e+03 4.6000000000e+00 -4.7542369672e-01
7.8725739292e+00 3.0023047517e+00 1.8821282179e+00 3.2557347953e+00 9.5113828072e+00 4.1380000000e+03 4.6000000000e+00 -4.7542369672e-01
7.8777424601e+00 3.3686854531e+00 1.8837367750e+00 3.2689688161e+00 5.1330294952e+00 4.1390000000e+03 4.6000000000e+00 -4.7542369672e-01
7.8790967583e+00 2.6142107483e+00 1.8836156466e+00 3.2275141068e+00 1.6135403969e+01 4.1400000000e+03 4.6000000000e+00 -4.7542369672e-01
7.8835354218e+00 2.5914319294e+00 1.9140674784e+00 3.2189612690e+00 1.5798816421e+01 4.1410000000e+03 4.6000000000e+00 -4.7542369672e-01
7.8865075422e+00 2.5788325701e+00 1.8953758580e+00 3.2302302894e+00 1.2394199226e+01 4.1420000000e+03 4.6000000000e+00 -4.7542369672e-01
7.8893680435e+00 3.5278268459e+00 1.9245333112e+00 3.2223423482e+00 1.7200754330e+01 4.1430000000e+03 4.6000000000e+00 -4.7542369672e-01
7.8903162072e+00 2.5826449839e+00 1.9887266007e+00 3.2395864459e+00 1.3968362670e+01 4.1440000000e+03 4.6000000000e+00 -4.7542369672e-01
7.8949124384e+00 3.0101284845e+00 1.9915764829e+00 3.2077752418e+00 8.4424336698e+00 4.1450000000e+03 4.6000000000e+00 -4.7542369672e-01
7.8957022557e+00 3.4471768172e+00 2.0067698276e+00 3.2681867325e+00 1.7235505111e+01 4.1460000000e+03 4.6000000000e+00 -4.7542369672e-01
7.8985790548e+00 3.2714447259e+00 1.9851572537e+00 3.2250748353e+00 5.0672077907e+00 4.1470000000e+03 4.6000000000e+00 -4.7542369672e-01
7.9009476861e+00 3.3556669320e+00 1.9578682849e+00 3.2628516492e+00 1.1943506124e+01 4.1480000000e+03 4.6000000000e+00 -4.7542369672e-01
7.9017841669e+00 2.6132655006e+00 2.0275784177e+00 3.2233626926e+00 1.3327662228e+01 4.1490000000e+03 4.6000000000e+00 -4.7542369672e-01
7.9039942835e+00 2.8479779727e+00 1.9607124745e+00 3.2181812036e+00 1.0332404171e+01 4.1500000000e+03 4.6000000000e+00 -4.7542369672e-01
7.9049144083e+00 2.8498750131e+00 2.0318215644e+00 3.2714207743e+00 1.3568543705e+01 4.1510000000e+03 4.6000000000e+00 -4.7542369672e-01
7.9071858752e+00 4.0340817961e+00 2.0820325970e+00 3.2209922401e+00 3.2505195739e+00 4.1520000000e+03 4.6000000000e+00 -4.7542369672e-01
7.9076639774e+00 2.8615028712e+00 2.0741439224e+00 3.2593937503e+00 1.7752865144e+01 4.1530000000e+03 4.6000000000e+00 -4.7542369672e-01
7.9094705549e+00 2.9083102820e+00 2.0706924733e+00 3.2153003370e+00 1.3478402252e+01 4.1540000000e+03 4.6000000000e+00 -4.7542369672e-01
7.9098275839e+00 2.8755383319e+00 2.1802358041e+00 3.2236313500e+00 2.2293387528e+00 4.1550000000e+03 4.6000000000e+00 -4.7542369672e-01
7.9099892830e+00 2.8495074322e+00 2.1846172336e+00 3.2545704763e+00 1.7692052206e+01 4.1560000000e+03 4.6000000000e+00 -4.7542369672e-01
7.9136644440e+00 3.0006566952e+00 2.1137697918e+00 3.2622684684e+00 1.5776995597e+01 4.1570000000e+03 4.6000000000e+00 -4.7542369672e-01
7.9153559309e+00 2.5908968182e+00 2.1238151372e+00 3.2713406234e+00 1.7507868971e+01 4.1580000000e+03 4.6000000000e+00 -4.7542369672e-01
7.9161032354e+00 2.8918707401e+00 2.1401596609e+00 3.2721516378e+00 4.2336679850e+00 4.1590000000e+03 4.6000000000e+00 -4.7542369672e-01
7.9163102612e+00 3.0557469586e+00 2.1495329637e+00 3.2576073311e+00 8.4983096165e+00 4.1600000000e+03 4.6000000000e+00 -4.7542369672e-01
7.9178277675e+00 3.5357046790e+00 2.2352388121e+00 3.2477837128e+00 1.5724887569e+01 4.1610000000e+03 4.6000000000e+00 -4.7542369672e-01
7.9196145472e+00 2.7876582015e+00 2.2645151400e+00 3.2698915221e+00 5.8823364060e+00 4.1620000000e+03 4.6000000000e+00 -4.7542369672e-01
7.9206029222e+00 2.7596448204e+00 2.2458266884e+00 3.2188003556e+00 8.9891678920e+00 4.1630000000e+03 4.6000000000e+00 -4.7542369672e-01
7.9209434087e+00 2.6600387881e+00 2.4093828679e+00 3.2615376037e+00 1.2548133698e+01 4.1640000000e+03 4.6000000000e+00 -4.7542369672e-01
7.9229034500e+00 2.6925924484e+00 2.4209511564e+00 3.2307184204e+00 3.3886912686e+00 4.1650000000e+03 4.6000000000e+00 -4.7542369672e-01
7.9246105384e+00 3.3870368805e+00 2.4165358264e+00 3.2271910092e+00 1.5342935404e+01 4.1660000000e+03 4.6000000000e+00 -4.7542369672e-01
7.9337518714e+00 3.0694177174e+00 2.4465492769e+00 3.2120850065e+00 5.6640041346e+00 4.1670000000e+03 4.6000000000e+00 -4.7542369672e-01
7.9365463782e+00 3.1766035738e+00 2.4884472371e+00 3.2107520780e+00 1.2155075477e+01 4.1680000000e+03 4.6000000000e+00 -4.7542369672e-01
7.9370140353e+00 2.9815449431e+00 2.4963226707e+00 3.2416734004e+00 9.5088400154e+00 4.1690000000e+03 4.6000000000e+00 -4.7542369672e-01
7.9387926948e+00 2.7940902328e+00 2.4338271735e+00 3.2545619961e+00 1.2328669263e+01 4.1700000000e+03 4.6000000000e+00 -4.7542369672e-01
7.9391787682e+00 2.7621176654e+00 2.4851584018e+00 3.2101864855e+00 1.5973744930e+01 4.1710000000e+03 4.6000000000e+00 -4.7542369672e-01
7.9396138047e+00 3.0754356703e+00 2.4828591271e+00 3.2506966793e+00 4.8567274784e+00 4.1720000000e+03 4.6000000000e+00 -4.7542369672e-01
7.9396901204e+00 3.1391144548e+00 2.5657502944e+00 3.2440780562e+00 1.5522248177e+01 4.1730000000e+03 4.6000000000e+00 -4.7542369672e-01
7.9428358367e+00 2.5322802405e+00 2.5253383315e+00 3.2419655002e+00 4.5933640593e+00 4.1740000000e+03 4.6000000000e+00 -4.7542369672e-01
7.9537953274e+00 2.9047100778e+00 2.5243073086e+00 3.2581232968e+00 1.3689708274e+01 4.1750000000e+03 4.6000000000e+00 -4.7542369672e-01
7.9574789384e+00 3.4436015606e+00 2.5412469334e+00 3.2800491803e+00 1.1830012664e+01 4.1760000000e+03 4.6000000000e+00 -4.7542369672e-01
7.9591022757e+00 3.8328521732e+00 2.5194350930e+00 3.2729933619e+00 1.7582207657e+01 4.1770000000e+03 4.6000000000e+00 -4.7542369672e-01
7.9604493725e+00 3.1448030410e+00 2.5632577776e+00 3.2638702346e+00 1.4876393825e+01 4.1780000000e+03 4.6000000000e+00 -4.7542369672e-01
7.9609990120e+00 3.0775066837e+00 2.5990451545e+00 3.2175400455e+00 3.1455908231e+00 4.1790000000e+03 4.6000000000e+00 -4.7542369672e-01
7.9653773200e+00 2.7327540724e+00 2.6374669952e+00 3.2251952322e+00 6.0854731694e+00 4.1800000000e+03 4.6000000000e+00 -4.7542369672e-01
7.9657760850e+00 3.2232811275e+00 2.6337436653e+00 3.2592564079e+00 2.4556468443e+00 4.1810000000e+03 4.6000000000e+00 -4.7542369672e-01
7.9662333340e+00 2.5639494238e+00 2.6232460964e+00 3.2114036738e+00 1.0060163370e+01 4.1820000000e+03 4.6000000000e+00 -4.7542369672e-01
7.9732490462e+00 2.5643099632e+00 2.6554828335e+00 3.2731860833e+00 2.8422722028e+00 4.1830000000e+03 4.6000000000e+00 -4.7542369672e-01
7.9734899682e+00 2.8008359965e+00 2.7098749227e+00 3.2458405094e+00 1.2861711957e+01 4.1840000000e+03 4.6000000000e+00 -4.7542369672e-01
7.9756258413e+00 2.7056753163e+00 2.6952762490e+00 3.2032247304e+00 7.1640145587e+00 4.1850000000e+03 4.6000000000e+00 -4.7542369672e-01
7.9761937244e+00 3.0275081773e+00 2.7216283946e+00 3.2096096206e+00 1.4245088461e+01 4.1860000000e+03 4.6000000000e+00 -4.7542369672e-01
7.9767448484e+00 2.6812066115e+00 2.6623404236e+00 3.2099453510e+00 1.3518009461e+01 4.1870000000e+03 4.6000000000e+00 -4.7542369672e-01
7.9777116550e+00 2.6795220311e+00 2.6581307169e+00 3.2629977022e+00 1.7935925347e+01 4.1880000000e+03 4.6000000000e+00 -4.7542369672e-01
7.9780501284e+00 2.6297876794e+00 2.8008903353e+00 3.2359060668e+00 1.1526288428e+01 4.1890000000e+03 4.6000000000e+00 -4.7542369672e-01
7.9793149118e+00 3.3755542291e+00 2.7549481791e+00 3.2422420573e+00 1.6568140384e+01 4.1900000000e+03 4.6000000000e+00 -4.7542369672e-01
7.9813078851e+00 3.7557782262e+00 2.7760539968e+00 3.2205839795e+00 1.7431055063e+01 4.1910000000e+03 4.6000000000e+00 -4.7542369672e-01
7.9826817103e+00 2.6907309428e+00 2.7722272605e+00 3.2362300292e+00 1.0825539366e+01 4.1920000000e+03 4.6000000000e+00 -4.7542369672e-01
7.9867059819e+00 2.7920777866e+00 2.8297660337e+00 3.2167378563e+00 1.2959161744e+01 4.1930000000e+03 4.6000000000e+00 -4.7542369672e-01
7.9875882158e+00 2.6095835110e+00 2.8405809367e+00 3.2080230842e+00 1.4227975639e+01 4.1940000000e+03 4.6000000000e+00 -4.7542369672e-01
7.9899835719e+00 2.7959998533e+00 2.9103341199e+00 3.2067340224e+00 1.1701268727e+01 4.1950000000e+03 4.6000000000e+00 -4.7542369672e-01
7.9901532520e+00 2.5297150393e+00 2.9662594042e+00 3.2163244469e+00 6.0066018290e+00 4.1960000000e+03 4.6000000000e+00 -4.7542369672e-01
7.9934185631e+00 2.6925902723e+00 2.9004887434e+00 3.2631212573e+00 1.1712704546e+01 4.1970000000e+03 4.6000000000e+00 -4.7542369672e-01
7.9936451578e+00 2.6625952714e+00 3.0016217887e+00 3.2569134684e+00 1.6179195514e+01 4.1980000000e+03 4.6000000000e+00 -4.7542369672e-01
7.9943546297e+00 2.5568807438e+00 3.0419331346e+00 3.2805238749e+00 1.6203709046e+01 4.1990000000e+03 4.6000000000e+00 -4.7542369672e-01
7.9965235520e+00 3.7042939463e+00 3.0271732905e+00 3.2383558744e+00 1.3142010977e+01 4.2000000000e+03 4.6000000000e+00 -4.7542369672e-01
7.9990387013e+00 2.7513206454e+00 3.0101624254e+00 3.2429315346e+00 5.0318762801e+00 4.2010000000e+03 4.6000000000e+00 -4.7542369672e-01
8.0021804207e+00 2.9130843332e+00 3.0566277707e+00 3.2730347879e+00 6.7391107123e+00 4.2020000000e+03 4.6000000000e+00 -4.7542369672e-01
8.0056291683e+00 3.6842143478e+00 3.1179512450e+00 3.2424745778e+00 1.5723792775e+01 4.2030000000e+03 4.6000000000e+00 -4.7542369672e-01
8.0065441803e+00 2.7851292851e+00 3.0566751215e+00 3.2677936068e+00 5.6458478716e+00 4.2040000000e+03 4.6000000000e+00 -4.7542369672e-01
8.0066920483e+00 4.0953840809e+00 3.1992265935e+00 3.2515488657e+00 8.9441796066e+00 4.2050000000e+03 4.6000000000e+00 -4.7542369672e-01
8.0084031038e+00 3.0483715681e+00 3.1642040776e+00 3.2627059819e+00 1.4813569877e+01 4.2060000000e+03 4.6000000000e+00 -4.7542369672e-01
8.0089762278e+00 2.5402628330e+00 3.2030047698e+00 3.2249179690e+00 5.1913281996e+00 4.2070000000e+03 4.6000000000e+00 -4.7542369672e-01
8.0102984909e+00 2.6330992353e+00 3.1732592007e+00 3.2290792566e+00 1.1642370950e+01 4.2080000000e+03 4.6000000000e+00 -4.7542369672e-01
8.0136516478e+00 2.6605614933e+00 3.1354511192e+00 3.2770487142e+00 1.1864187357e+01 4.2090000000e+03 4.6000000000e+00 -4.7542369672e-01
8.0157434779e+00 3.6235964202e+00 3.1838217722e+00 3.2635416652e+00 5.0315243633e+00 4.2100000000e+03 4.6000000000e+00 -4.7542369672e-01
8.0167249101e+00 3.3881775171e+00 3.1607985760e+00 3.2197571073e+00 1.3696481604e+01 4.2110000000e+03 4.6000000000e+00 -4.7542369672e-01
8.0168517865e+00 2.5006480962e+00 3.2296020978e+00 3.2623137047e+00 4.6012944643e+00 4.2120000000e+03 4.6000000000e+00 -4.7542369672e-01
8.0170697218e+00 2.5462734487e+00 3.2642695516e+00 3.2800369121e+00 7.2486563180e+00 4.2130000000e+03 4.6000000000e+00 -4.7542369672e-01
8.0181361221e+00 2.8286977460e+00 3.2443078702e+00 3.2058451268e+00 6.8323257481e+00 4.2140000000e+03 4.6000000000e+00 -4.7542369672e-01
8.0183091335e+00 2.9274062665e+00 3.2424062166e+00 3.2356788718e+00 1.5666804220e+01 4.2150000000e+03 4.6000000000e+00 -4.7542369672e-01
8.0186200422e+00 2.5599908273e+00 3.2334237874e+00 3.2342109112e+00 4.1029546170e+00 4.2160000000e+03 4.6000000000e+00 -4.7542369672e-01
8.0193478328e+00 3.0701374108e+00 3.2752175078e+00 3.2468712398e+00 5.1810944525e+00 4.2170000000e+03 4.6000000000e+00 -4.7542369672e-01
8.0230100405e+00 2.6824841490e+00 3.2674273362e+00 3.2371141358e+00 1.0114855351e+01 4.2180000000e+03 4.6000000000e+00 -4.7542369672e-01
8.0238382294e+00 2.7062962189e+00 3.2052080486e+00 3.2185330143e+00 5.9659890434e+00 4.2190000000e+03 4.6000000000e+00 -4.7542369672e-01
8.0264307081e+00 2.8905594813e+00 3.2313638020e+00 3.2801972567e+00 1.4001494863e+01 4.2200000000e+03 4.6000000000e+00 -4.7542369672e-01
8.0355092723e+00 3.4663178422e+00 3.3203741350e+00 3.2182619024e+00 1.4040605181e+01 4.2210000000e+03 4.6000000000e+00 -4.7542369672e-01
8.0383612175e+00 2.6989726496e+00 3.3405447030e+00 3.2422829748e+00 1.3260922480e+01 4.2220000000e+03 4.6000000000e+00 -4.7542369672e-01
8.0443418462e+00 2.5347960054e+00 3.2970995428e+00 3.2220735135e+00 7.0090625186e+00 4.2230000000e+03 4.6000000000e+00 -4.7542369672e-01
8.0451788179e+00 3.0224330159e+00 3.3676152367e+00 3.2776669220e+00 3.2921498939e+00 4.2240000000e+03 4.6000000000e+00 -4.7542369672e-01
8.0456202886e+00 2.6148904218e+00 3.3944349796e+00 3.2772747852e+00 1.5721340094e+01 4.2250000000e+03 4.6000000000e+00 -4.7542369672e-01
8.0471464315e+00 3.9606342679e+00 3.4569125045e+00 3.2596455364e+00 9.0951020131e+00 4.2260000000e+03 4.6000000000e+00 -4.7542369672e-01
8.0472088083e+00 3.1093779963e+00 3.4758573115e+00 3.2440250637e+00 1.4114738216e+01 4.2270000000e+03 4.6000000000e+00 -4.7542369672e-01
8.0567148940e+00 3.1644248342e+00 3.4925984142e+00 3.2738902666e+00 1.6198816079e+01 4.2280000000e+03 4.6000000000e+00 -4.7542369672e-01
8.0568864774e+00 2.5023718330e+00 3.5619703125e+00 3.2583481847e+00 7.8988870957e+00 4.2290000000e+03 4.6000000000e+00 -4.7542369672e-01
8.0595633416e+00 2.5413073669e+00 3.5740535084e+00 3.2420362434e+00 1.4861007517e+01 4.2300000000e+03 4.6000000000e+00 -4.7542369672e-01
8.0613192949e+00 3.1585821947e+00 3.5485837535e+00 3.2760706839e+00 1.6792102400e+01 4.2310000000e+03 4.6000000000e+00 -4.7542369672e-01
8.0627225408e+00 3.2122674616e+00 3.5922290467e+00 3.2533448347e+00 3.4185538407e+00 4.2320000000e+03 4.6000000000e+00 -4.7542369672e-01
8.0649365531e+00 3.4581254397e+00 3.6353643442e+00 3.2230142340e+00 1.6538317539e+01 4.2330000000e+03 4.6000000000e+00 -4.7542369672e-01
8.0654380806e+00 2.5801344371e+00 3.6597962419e+00 3.2762072706e+00 2.9855164027e+00 4.2340000000e+03 4.6000000000e+00 -4.7542369672e-01
8.0665182134e+00 2.5228980935e+00 3.7154188589e+00 3.2062629408e+00 5.5023102399e+00 4.2350000000e+03 4.6000000000e+00 -4.7542369672e-01
8.0674394000e+00 3.1072746276e+00 3.6851379874e+00 3.2490878400e+00 3.6962415659e+00 4.2360000000e+03 4.6000000000e+00 -4.7542369672e-01
8.0676858122e+00 2.5570090676e+00 3.7064615195e+00 3.2725131511e+00 2.8725697682e+00 4.2370000000e+03 4.6000000000e+00 -4.7542369672e-01
8.0683687345e+00 2.8354495398e+00 3.7046613312e+00 3.2626569528e+00 1.6613406876e+01 4.2380000000e+03 4.6000000000e+00 -4.7542369672e-01
8.0685799125e+00 2.7888748542e+00 3.6796356569e+00 3.2489070596e+00 1.5894564246e+01 4.2390000000e+03 4.6000000000e+00 -4.7542369672e-01
8.0718615265e+00 2.6069666108e+00 3.7371518642e+00 3.2321293926e+00 1.5287723193e+01 4.2400000000e+03 4.6000000000e+00 -4.7542369672e-01
8.0734566550e+00 2.5017456311e+00 3.7673908086e+00 3.2619352908e+00 6.5607213514e+00 4.2410000000e+03 4.6000000000e+00 -4.7542369672e-01
8.0744495295e+00 2.6860662754e+00 3.7716005789e+00 3.2625240839e+00 4.2768117348e+00 4.2420000000e+03 4.6000000000e+00 -4.7542369672e-01
8.0745747933e+00 2.7445260121e+00 3.7738798479e+00 3.2462637991e+00 8.2588146016e+00 4.2430000000e+03 4.6000000000e+00 -4.7542369672e-01
8.0772693780e+00 2.9853539430e+00 3.8158952305e+00 3.2773400509e+00 1.0267848298e+01 4.2440000000e+03 4.6000000000e+00 -4.7542369672e-01
8.0785351373e+00 2.5616157107e+00 3.7510564754e+00 3.2077693211e+00 1.2251866731e+01 4.2450000000e+03 4.6000000000e+00 -4.7542369672e-01
8.0798793927e+00 2.6374603071e+00 3.8261295262e+00 3.2472082923e+00 1.0046027071e+01 4.2460000000e+03 4.6000000000e+00 -4.7542369672e-01
8.0802690858e+00 2.6265557863e+00 3.8004146079e+00 3.2626308043e+00 7.2350037328e+00 4.2470000000e+03 4.6000000000e+00 -4.7542369672e-01
8.0808302500e+00 2.9017762780e+00 3.8003150608e+00 3.2079850769e+00 8.5142116953e+00 4.2480000000e+03 4.6000000000e+00 -4.7542369672e-01
8.0855254521e+00 3.6009722809e+00 3.8824761852e+00 3.2123372867e+00 7.9700262995e+00 4.2490000000e+03 4.6000000000e+00 -4.7542369672e-01
8.0867642081e+00 2.9863309890e+00 3.8804095328e+00 3.2401215489e+00 7.1351097846e+00 4.2500000000e+03 4.6000000000e+00 -4.7542369672e-01
8.0873808878e+00 2.6604454472e+00 3.9003399962e+00 3.2186498215e+00 1.3192178684e+01 4.2510000000e+03 4.6000000000e+00 -4.7542369672e-01
8.0875301855e+00 2.7473359412e+00 3.8348210870e+00 3.2769153431e+00 9.6614055650e+00 4.2520000000e+03 4.6000000000e+00 -4.7542369672e-01
8.0913443367e+00 3.0507539902e+00 3.8363541847e+00 3.2588134939e+00 6.5071573768e+00 4.2530000000e+03 4.6000000000e+00 -4.7542369672e-01
8.0914796670e+00 3.4336057827e+00 4.0608074001e+00 3.2412752247e+00 7.2753353600e+00 4.2540000000e+03 6.0000000000e-01 -2.9444389792e+00
8.0914970463e+00 2.5169079090e+00 4.1255527945e+00 3.2742754366e+00 1.7963010194e+01 4.2550000000e+03 6.0000000000e-01 -2.9444389792e+00
8.0934237685e+00 3.1286361497e+00 4.0858445862e+00 3.2582804923e+00 8.7578643057e+00 4.2560000000e+03 6.0000000000e-01 -2.9444389792e+00
8.0934296658e+00 3.1248050867e+00 4.3221359430e+00 3.2061187973e+00 1.3244891967e+01 4.2570000000e+03 6.0000000000e-01 -2.9444389792e+00
8.0936238060e+00 2.5355348225e+00 4.4363255144e+00 3.2031674732e+00 3.7901980999e+00 4.2580000000e+03 6.0000000000e-01 -2.9444389792e+00
8.0959943406e+00 4.1962256030e+00 4.7010976201e+00 3.2552869700e+00 5.3211193648e+00 4.2590000000e+03 6.0000000000e-01 -2.9444389792e+00
8.0980316830e+00 3.3032850757e+00 4.7942123866e+00 3.2271542793e+00 1.2398929539e+01 4.2600000000e+03 6.0000000000e-01 -2.9444389792e+00
8.0990513226e+00 2.5766428606e+00 4.8594386076e+00 3.2329466854e+00 1.0466823994e+01 4.2610000000e+03 6.0000000000e-01 -2.9444389792e+00
8.0991788387e+00 2.6445020136e+00 4.8493431324e+00 3.2293430324e+00 5.8982249230e+00 4.2620000000e+03 6.0000000000e-01 -2.9444389792e+00
8.1026919016e+00 3.1012719369e+00 7.4656415929e-02 3.3499767413e+00 1.6229982667e+01 4.2630000000e+03 6.0000000000e-01 -2.9444389792e+00
8.1030731050e+00 2.6294890254e+00 1.9256295445e-01 3.2813259140e+00 1.6647826035e+01 4.2640000000e+03 6.0000000000e-01 -2.9444389792e+00
8.1065942560e+00 2.5351316769e+00 1.7232709189e-01 3.3002784929e+00 3.9659913648e+00 4.2650000000e+03 6.0000000000e-01 -2.9444389792e+00
8.1083591893e+00 2.5352221260e+00 6.7029730747e-01 3.2908713920e+00 9.8416490436e+00 4.2660000000e+03 6.0000000000e-01 -2.9444389792e+00
8.1118533546e+00 2.9071268108e+00 6.5704659554e-01 3.3434644834e+00 1.3681335581e+01 4.2670000000e+03 6.0000000000e-01 -2.9444389792e+00
8.1123052011e+00 2.7261350437e+00 7.2634921442e-01 3.2971069614e+00 1.6003794822e+01 4.2680000000e+03 6.0000000000e-01 -2.9444389792e+00
8.1127739178e+00 2.8018216884e+00 1.0101732259e+00 3.3492719738e+00 1.4804207694e+01 4.2690000000e+03 6.0000000000e-01 -2.9444389792e+00
8.1218548901e+00 2.9759210899e+00 1.1371519620e+00 3.3240561541e+00 2.1508066385e+00 4.2700000000e+03 4.6000000000e+00 -4.7542369672e-01
8.1230989131e+00 3.3254639131e+00 1.1405243462e+00 3.2972033203e+00 6.9378273110e+00 4.2710000000e+03 4.6000000000e+00 -4.7542369672e-01
8.1233114786e+00 2.7100174072e+00 1.2128039014e+00 3.3071610340e+00 1.3761661637e+01 4.2720000000e+03 4.6000000000e+00 -4.7542369672e-01
8.1233392844e+00 3.4748390657e+00 1.1827994610e+00 3.3256534645e+00 8.8799869113e+00 4.2730000000e+03 4.6000000000e+00 -4.7542369672e-01
8.1233897743e+00 2.5261531540e+00 1.2969641154e+00 3.3498199451e+00 1.5547314539e+01 4.2740000000e+03 4.6000000000e+00 -4.7542369672e-01
8.1240521383e+00 3.1587017671e+00 1.3088140351e+00 3.2914491616e+00 1.3265702992e+01 4.2750000000e+03 4.6000000000e+00 -4.7542369672e-01
8.1266196611e+00 2.9641436437e+00 1.3821871395e+00 3.3152467069e+00 4.3353774244e+00 4.2760000000e+03 4.6000000000e+00 -4.7542369672e-01
8.1291654679e+00 2.8221443467e+00 1.3453842492e+00 3.3247416965e+00 9.0291405270e+00 4.2770000000e+03 4.6000000000e+00 -4.7542369672e-01
8.1301370618e+00 2.6390713902e+00 1.3814803302e+00 3.2956317983e+00 1.7366324336e+01 4.2780000000e+03 4.6000000000e+00 -4.7542369672e-01
8.1310295907e+00 3.2892514565e+00 1.3786999596e+00 3.3137351833e+00 1.3905921729e+01 4.2790000000e+03 4.6000000000e+00 -4.7542369672e-01
8.1321841796e+00 2.5225744366e+00 1.3589264368e+00 3.3479734775e+00 1.3324891512e+01 4.2800000000e+03 4.6000000000e+00 -4.7542369672e-01
8.1333549285e+00 3.1852667682e+00 1.3285616378e+00 3.2879576721e+00 5.6329661813e+00 4.2810000000e+03 4.6000000000e+00 -4.7542369672e-01
8.1336946066e+00 2.5098022265e+00 1.3826829074e+00 3.3292535237e+00 1.4502174151e+01 4.2820000000e+03 4.6000000000e+00 -4.7542369672e-01
8.1402670181e+00 2.5322728056e+00 1.4521423518e+00 3.3574583853e+00 4.7930984829e+00 4.2830000000e+03 4.6000000000e+00 -4.7542369672e-01
8.1406765083e+00 2.7514118960e+00 1.4195968475e+00 3.3309898652e+00 4.3423602846e+00 4.2840000000e+03 4.6000000000e+00 -4.7542369672e-01
8.1415863285e+00 2.6233318046e+00 1.4961077986e+00 3.3305235751e+00 1.2303268936e+01 4.2850000000e+03 4.6000000000e+00 -4.7542369672e-01
8.1421049416e+00 3.4775388822e+00 1.6208325450e+00 3.3504977358e+00 1.7175237233e+01 4.2860000000e+03 4.6000000000e+00 -4.7542369672e-01
8.1460305010e+00 2.6116297575e+00 1.5829640502e+00 3.3101020451e+00 6.4545436705e+00 4.2870000000e+03 4.6000000000e+00 -4.7542369672e-01
8.1493111146e+00 2.7466146705e+00 1.5807516863e+00 3.3320979029e+00 1.1936775562e+01 4.2880000000e+03 4.6000000000e+00 -4.7542369672e-01
8.1496682151e+00 2.5812882730e+00 1.6003287885e+00 3.3316669597e+00 3.2481211417e+00 4.2890000000e+03 4.6000000000e+00 -4.7542369672e-01
8.1507363616e+00 2.9488661112e+00 1.5812186045e+00 3.3120724231e+00 1.5867897421e+01 4.2900000000e+03 4.6000000000e+00 -4.7542369672e-01
8.1532235238e+00 3.2500894565e+00 1.5983666069e+00 3.2880666036e+00 1.2424746936e+01 4.2910000000e+03 4.6000000000e+00 -4.7542369672e-01
8.1534247605e+00 2.6635502753e+00 1.7172965414e+00 3.2918809577e+00 1.5849525256e+01 4.2920000000e+03 4.6000000000e+00 -4.7542369672e-01
8.1552611815e+00 2.6074082001e+00 1.7098477775e+00 3.3546540480e+00 1.0089925900e+01 4.2930000000e+03 4.6000000000e+00 -4.7542369672e-01
8.1566251410e+00 3.3641324960e+00 1.7540729647e+00 3.3061790652e+00 3.7279539843e+00 4.2940000000e+03 4.6000000000e+00 -4.7542369672e-01
8.1575981321e+00 2.8324859745e+00 1.8001433399e+00 3.3451331549e+00 6.8929488711e+00 4.2950000000e+03 4.6000000000e+00 -4.7542369672e-01
8.1576505451e+00 2.6041364561e+00 1.8140927398e+00 3.2907191163e+00 1.2777488579e+01 4.2960000000e+03 4.6000000000e+00 -4.7542369672e-01
8.1577997078e+00 3.5707948791e+00 1.8657202508e+00 3.3145209651e+00 1.2736201450e+01 4.2970000000e+03 4.6000000000e+00 -4.7542369672e-01
8.1591121067e+00 2.5248142722e+00 1.9068092115e+00 3.3213941161e+00 1.4179620127e+01 4.2980000000e+03 4.6000000000e+00 -4.7542369672e-01
8.1599490682e+00 3.5806115013e+00 1.8982250406e+00 3.3305710417e+00 5.7237412197e+00 4.2990000000e+03 4.6000000000e+00 -4.7542369672e-01
8.1601576641e+00 3.4166598039e+00 1.8781299649e+00 3.2836796629e+00 1.5491377066e+01 4.3000000000e+03 4.6000000000e+00 -4.7542369672e-01
8.1606546956e+00 3.1238078383e+00 1.9818512588e+00 3.2854691898e+00 7.4787710965e+00 4.3010000000e+03 4.6000000000e+00 -4.7542369672e-01
8.1654070873e+00 3.0755121848e+00 1.9778937574e+00 3.3075004425e+00 9.9498035229e+00 4.3020000000e+03 4.6000000000e+00 -4.7542369672e-01
8.1698733085e+00 2.7858115899e+00 2.0100264770e+00 3.3126304030e+00 5.0044067351e+00 4.3030000000e+03 4.6000000000e+00 -4.7542369672e-01
8.1701708848e+00 2.5792549850e+00 2.0262864439e+00 3.3318974439e+00 1.4303109953e+01 4.3040000000e+03 4.6000000000e+00 -4.7542369672e-01
8.1710155885e+00 2.5352410425e+00 1.9950830393e+00 3.3211836949e+00 6.7127026092e+00 4.3050000000e+03 4.6000000000e+00 -4.7542369672e-01
8.1739060634e+00 2.6593395827e+00 1.9788805116e+00 3.3073752142e+00 1.4185290554e+01 4.3060000000e+03 4.6000000000e+00 -4.7542369672e-01
8.1745174974e+00 2.6631769887e+00 1.9769876121e+00 3.2881380117e+00 6.3867515078e+00 4.3070000000e+03 4.6000000000e+00 -4.7542369672e-01
8.1750156793e+00 2.5259634186e+00 2.0788984469e+00 3.2923882215e+00 3.2972966520e+00 4.3080000000e+03 4.6000000000e+00 -4.7542369672e-01
8.1779409627e+00 2.7384717314e+00 2.0910665169e+00 3.3217341608e+00 7.6547888814e+00 4.3090000000e+03 4.6000000000e+00 -4.7542369672e-01
8.1797109299e+00 2.5968342490e+00 2.0322278293e+00 3.3527085527e+00 1.2156962252e+01 4.3100000000e+03 4.6000000000e+00 -4.7542369672e-01
8.1799437202e+00 3.2793867772e+00 2.0685042045e+00 3.2892501039e+00 1.4980199267e+01 4.3110000000e+03 4.6000000000e+00 -4.7542369672e-01
8.1812660167e+00 2.9039986509e+00 2.0433322184e+00 3.3316653590e+00 8.0914285452e+00 4.3120000000e+03 4.6000000000e+00 -4.7542369672e-01
8.1825240148e+00 3.5914172253e+00 2.0640898426e+00 3.2885633025e+00 4.0037457821e+00 4.3130000000e+03 4.6000000000e+00 -4.7542369672e-01
8.1851140942e+00 2.6810589922e+00 2.1326422033e+00 3.3061075152e+00 8.7319133970e+00 4.3140000000e+03 4.6000000000e+00 -4.7542369672e-01
8.1878518458e+00 2.5305195960e+00 2.1098997440e+00 3.3592888490e+00 1.1839285442e+01 4.3150000000e+03 4.6000000000e+00 -4.7542369672e-01
8.1884975922e+00 2.6039484645e+00 2.1411307464e+00 3.2886242328e+00 9.0370912674e+00 4.3160000000e+03 4.6000000000e+00 -4.7542369672e-01
8.1886328552e+00 2.5409055325e+00 2.1808230414e+00 3.2915867653e+00 4.9074936159e+00 4.3170000000e+03 4.6000000000e+00 -4.7542369672e-01
8.1927273827e+00 3.0291260006e+00 2.1404293361e+00 3.3257542053e+00 1.2754766603e+01 4.3180000000e+03 4.6000000000e+00 -4.7542369672e-01
8.1948835145e+00 2.7286823279e+00 2.1932136972e+00 3.3157392166e+00 3.0872985535e+00 4.3190000000e+03 4.6000000000e+00 -4.7542369672e-01
8.1962337610e+00 2.9600429404e+00 2.2153203350e+00 3.3128458823e+00 1.2678836873e+01 4.3200000000e+03 4.6000000000e+00 -4.7542369672e-01
8.1979372167e+00 2.5712548155e+00 2.2391007429e+00 3.3459000033e+00 2.6650607876e+00 4.3210000000e+03 4.6000000000e+00 -4.7542369672e-01
8.2012683259e+00 4.2925703478e+00 2.3168916837e+00 3.3390227657e+00 1.0886403831e+01 4.3220000000e+03 4.6000000000e+00 -4.7542369672e-01
8.2020905487e+00 2.6476118239e+00 2.3098102346e+00 3.3193094375e+00 1.5870679576e+01 4.3230000000e+03 4.6000000000e+00 -4.7542369672e-01
8.2035017269e+00 2.8534486783e+00 2.3042931619e+00 3.3512542049e+00 1.6466135097e+01 4.3240000000e+03 4.6000000000e+00 -4.7542369672e-01
8.2086115632e+00 2.7145868967e+00 2.3314393143e+00 3.3372480555e+00 1.7700162662e+01 4.3250000000e+03 4.6000000000e+00 -4.7542369672e-01
8.2182139655e+00 2.7852906106e+00 2.3340341696e+00 3.3300069178e+00 9.2015411638e+00 4.3260000000e+03 4.6000000000e+00 -4.7542369672e-01
8.2210738069e+00 2.5280798205e+00 2.3458956119e+00 3.2987084048e+00 1.4104019233e+01 4.3270000000e+03 4.6000000000e+00 -4.7542369672e-01
8.2211315762e+00 2.5919538841e+00 2.4079938835e+00 3.3018339468e+00 1.2693294128e+01 4.3280000000e+03 4.6000000000e+00 -4.7542369672e-01
8.2254324536e+00 2.5840952815e+00 2.3775241944e+00 3.2879114456e+00 3.5528122167e+00 4.3290000000e+03 4.6000000000e+00 -4.7542369672e-01
8.2266716200e+00 2.8737223352e+00 2.4674843255e+00 3.3384697626e+00 9.9229780699e+00 4.3300000000e+03 4.6000000000e+00 -4.7542369672e-01
8.2278880969e+00 2.6926735942e+00 2.4942041864e+00 3.3507580163e+00 8.9641564139e+00 4.3310000000e+03 4.6000000000e+00 -4.7542369672e-01
8.2303059995e+00 3.3779006806e+00 2.4243139177e+00 3.3229494911e+00 9.9316260257e+00 4.3320000000e+03 4.6000000000e+00 -4.7542369672e-01
8.2320641204e+00 3.2773352884e+00 2.4743061440e+00 3.3130220064e+00 3.1129552457e+00 4.3330000000e+03 4.6000000000e+00 -4.7542369672e-01
8.2364738878e+00 3.7523422465e+00 2.5560271013e+00 3.2825407541e+00 1.4041104635e+01 4.3340000000e+03 4.6000000000e+00 -4.7542369672e-01
8.2367256569e+00 3.5750854604e+00 2.5065822540e+00 3.3537628447e+00 4.8230429003e+00 4.3350000000e+03 4.6000000000e+00 -4.7542369672e-01
8.2470872922e+00 3.0767426288e+00 2.5305644527e+00 3.3331404429e+00 1.2866764814e+01 4.3360000000e+03 4.6000000000e+00 -4.7542369672e-01
8.2536425392e+00 2.8516480515e+00 2.5128945059e+00 3.2844783130e+00 8.8539884970e+00 4.3370000000e+03 4.6000000000e+00 -4.7542369672e-01
8.2626300674e+00 3.6860067005e+00 2.5953093058e+00 3.3042686923e+00 8.2399417218e+00 4.3380000000e+03 4.6000000000e+00 -4.7542369672e-01
8.2636811609e+00 3.5321289927e+00 2.6139160031e+00 3.3045880751e+00 1.6954020106e+01 4.3390000000e+03 4.6000000000e+00 -4.7542369672e-01
8.2694968145e+00 2.7329818678e+00 2.5998202997e+00 3.3352702525e+00 1.4590214270e+01 4.3400000000e+03 4.6000000000e+00 -4.7542369672e-01
8.2766136846e+00 3.3520446824e+00 2.7172920543e+00 3.3066890683e+00 7.0589882266e+00 4.3410000000e+03 4.6000000000e+00 -4.7542369672e-01
8.2775249230e+00 2.5408015427e+00 2.6653581422e+00 3.3406734249e+00 6.0689015963e+00 4.3420000000e+03 4.6000000000e+00 -4.7542369672e-01
8.2796631705e+00 2.5820936162e+00 2.8006818357e+00 3.3329333007e+00 3.1068914442e+00 4.3430000000e+03 4.6000000000e+00 -4.7542369672e-01
8.2806394044e+00 2.5001528437e+00 2.7387557391e+00 3.3311751464e+00 2.3618190106e+00 4.3440000000e+03 4.6000000000e+00 -4.7542369672e-01
8.2831148334e+00 2.6719217404e+00 2.7374592585e+00 3.3106639806e+00 1.4140064610e+01 4.3450000000e+03 4.6000000000e+00 -4.7542369672e-01
8.2917445615e+00 2.6089321864e+00 2.7419007251e+00 3.3433086130e+00 6.1944414720e+00 4.3460000000e+03 4.6000000000e+00 -4.7542369672e-01
8.2927715815e+00 2.7076600959e+00 2.7862397739e+00 3.2910765909e+00 1.1342296057e+01 4.3470000000e+03 4.6000000000e+00 -4.7542369672e-01
8.2938879936e+00 3.8277152195e+00 2.7459180635e+00 3.3403283671e+00 1.2462889052e+01 4.3480000000e+03 4.6000000000e+00 -4.7542369672e-01
8.2943503768e+00 3.2046308654e+00 2.8620313665e+00 3.3001202860e+00 1.4871608156e+01 4.3490000000e+03 4.6000000000e+00 -4.7542369672e-01
8.2973501163e+00 2.5628903396e+00 2.8159871241e+00 3.3465303404e+00 7.8657346874e+00 4.3500000000e+03 4.6000000000e+00 -4.7542369672e-01
8.2980462105e+00 2.5950766848e+00 2.8402470984e+00 3.2829655614e+00 4.3110092136e+00 4.3510000000e+03 4.6000000000e+00 -4.7542369672e-01
8.2989920266e+00 2.7231030544e+00 2.8341036773e+00 3.3341897383e+00 1.3092964650e+01 4.3520000000e+03 4.6000000000e+00 -4.7542369672e-01
8.3004850317e+00 3.1088611526e+00 2.8237196718e+00 3.2913117518e+00 1.3447248157e+01 4.3530000000e+03 4.6000000000e+00 -4.7542369672e-01
8.3007211668e+00 2.9242710849e+00 2.9486409127e+00 3.3511067249e+00 7.6460858145e+00 4.3540000000e+03 4.6000000000e+00 -4.7542369672e-01
8.3018716669e+00 2.6036056925e+00 2.9682686184e+00 3.3064690200e+00 7.7131112916e+00 4.3550000000e+03 4.6000000000e+00 -4.7542369672e-01
8.3022633932e+00 2.8540065233e+00 3.0366834402e+00 3.3430685980e+00 1.6007935821e+01 4.3560000000e+03 4.6000000000e+00 -4.7542369672e-01
8.3027631430e+00 2.7775151415e+00 2.9770695771e+00 3.3361951241e+00 4.1052447927e+00 4.3570000000e+03 4.6000000000e+00 -4.7542369672e-01
8.3048716740e+00 2.8051594004e+00 2.9734144252e+00 3.3113715267e+00 1.3638512483e+01 4.3580000000e+03 4.6000000000e+00 -4.7542369672e-01
8.3064875018e+00 2.7986338329e+00 3.1226364587e+00 3.3329894976e+00 9.6387429650e+00 4.3590000000e+03 4.6000000000e+00 -4.7542369672e-01
8.3087555099e+00 2.6294699028e+00 3.0680625410e+00 3.3230313509e+00 1.1193863260e+01 4.3600000000e+03 4.6000000000e+00 -4.7542369672e-01
8.3093529610e+00 3.3617207304e+00 3.0627891552e+00 3.2849475086e+00 6.3950035470e+00 4.3610000000e+03 4.6000000000e+00 -4.7542369672e-01
8.3106018217e+00 2.7776982838e+00 3.0769644452e+00 3.3264358267e+00 1.1606625876e+01 4.3620000000e+03 4.6000000000e+00 -4.7542369672e-01
8.3134571065e+00 2.5044574735e+00 3.0517946692e+00 3.3337851028e+00 1.1040747219e+01 4.3630000000e+03 4.6000000000e+00 -4.7542369672e-01
8.3167503782e+00 2.7087654633e+00 3.1279518749e+00 3.3530466683e+00 1.2061894916e+01 4.3640000000e+03 4.6000000000e+00 -4.7542369672e-01
8.3177402776e+00 2.6940287120e+00 3.1897206257e+00 3.3194868114e+00 1.4556872358e+01 4.3650000000e+03 4.6000000000e+00 -4.7542369672e-01
8.3207503943e+00 2.8302007346e+00 3.1871608048e+00 3.3269298837e+00 1.3031398227e+01 4.3660000000e+03 4.6000000000e+00 -4.7542369672e-01
8.3208482734e+00 2.9342029206e+00 3.2017706370e+00 3.3313082947e+00 1.3556447310e+01 4.3670000000e+03 4.6000000000e+00 -4.7542369672e-01
8.3234851903e+00 3.2094495096e+00 3.1885731408e+00 3.3178140966e+00 3.5890081605e+00 4.3680000000e+03 4.6000000000e+00 -4.7542369672e-01
8.3248390395e+00 2.6786898995e+00 3.1664619747e+00 3.3290688676e+00 1.3029699280e+01 4.3690000000e+03 4.6000000000e+00 -4.7542369672e-01
8.3264422012e+00 2.8829833378e+00 3.1985797180e+00 3.2964085578e+00 1.1725206328e+01 4.3700000000e+03 4.6000000000e+00 -4.7542369672e-01
8.3289314191e+00 2.8252071669e+00 3.2504206877e+00 3.2894359216e+00 4.7869556791e+00 4.3710000000e+03 4.6000000000e+00 -4.7542369672e-01
8.3298413734e+00 2.7400794387e+00 3.2659925919e+00 3.3141360561e+00 1.2560945612e+01 4.3720000000e+03 4.6000000000e+00 -4.7542369672e-01
8.3301103217e+00 2.9674140724e+00 3.2692904805e+00 3.3446909199e+00 8.4652682435e+00 4.3730000000e+03 4.6000000000e+00 -4.7542369672e-01
8.3321183183e+00 3.2724843416e+00 3.2180026195e+00 3.3527903961e+00 1.2313182756e+01 4.3740000000e+03 4.6000000000e+00 -4.7542369672e-01
8.3334314404e+00 2.7565634541e+00 3.2672112948e+00 3.2973299427e+00 1.1767918583e+01 4.3750000000e+03 4.6000000000e+00 -4.7542369672e-01
8.3346495994e+00 2.9433889502e+00 3.2600140662e+00 3.2934051455e+00 7.6734741229e+00 4.3760000000e+03 4.6000000000e+00 -4.7542369672e-01
8.3351146068e+00 2.8143387425e+00 3.2651968573e+00 3.2875398965e+00 9.6756901246e+00 4.3770000000e+03 4.6000000000e+00 -4.7542369672e-01
8.3355013215e+00 3.1106689252e+00 3.3419406973e+00 3.3184877626e+00 1.2608427915e+01 4.3780000000e+03 4.6000000000e+00 -4.7542369672e-01
8.3386423642e+00 3.1657810479e+00 3.3269901292e+00 3.3541058280e+00 1.1948316129e+01 4.3790000000e+03 4.6000000000e+00 -4.7542369672e-01
8.3386851596e+00 3.2239098337e+00 3.3342856548e+00 3.3198844621e+00 5.3857397920e+00 4.3800000000e+03 4.6000000000e+00 -4.7542369672e-01
8.3387260749e+00 3.3966376416e+00 3.3556350141e+00 3.3374414509e+00 7.8970613546e+00 4.3810000000e+03 4.6000000000e+00 -4.7542369672e-01
8.3409117845e+00 3.0785932781e+00 3.3322626648e+00 3.3215184494e+00 1.7614696426e+01 4.3820000000e+03 4.6000000000e+00 -4.7542369672e-01
8.3428333748e+00 2.9611630263e+00 3.4224714387e+00 3.3412577574e+00 8.4375836693e+00 4.3830000000e+03 4.6000000000e+00 -4.7542369672e-01
8.3443714231e+00 2.6912504413e+00 3.4116739866e+00 3.3045529437e+00 4.8585998545e+00 4.3840000000e+03 4.6000000000e+00 -4.7542369672e-01
8.3467419025e+00 2.5255254307e+00 3.4433166458e+00 3.2896585849e+00 9.3053506835e+00 4.3850000000e+03 4.6000000000e+00 -4.7542369672e-01
8.3499911844e+00 3.1164472160e+00 3.4544299549e+00 3.3149135624e+00 4.5877892548e+00 4.3860000000e+03 4.6000000000e+00 -4.7542369672e-01
8.3503248797e+00 4.0463756170e+00 3.4762217325e+00 3.2889834878e+00 1.1586702601e+01 4.3870000000e+03 4.6000000000e+00 -4.7542369672e-01
8.3510826094e+00 2.7145772531e+00 3.4847437532e+00 3.3014631579e+00 1.6978139820e+01 4.3880000000e+03 4.6000000000e+00 -4.7542369672e-01
8.3604901388e+00 2.5143468142e+00 3.5579747735e+00 3.2822300042e+00 1.1499942246e+01 4.3890000000e+03 4.6000000000e+00 -4.7542369672e-01
8.3624178501e+00 3.5465504748e+00 3.5315669109e+00 3.3064932787e+00 1.1443477509e+01 4.3900000000e+03 4.6000000000e+00 -4.7542369672e-01
8.3628100640e+00 3.1744234466e+00 3.5826665068e+00 3.3127485886e+00 1.0406862744e+01 4.3910000000e+03 4.6000000000e+00 -4.7542369672e-01
8.3632936961e+00 2.6435235335e+00 3.5779114554e+00 3.3137202127e+00 1.6831770027e+01 4.3920000000e+03 4.6000000000e+00 -4.7542369672e-01
8.3633933936e+00 2.7480976669e+00 3.5190412430e+00 3.3152580381e+00 1.6639233384e+01 4.3930000000e+03 4.6000000000e+00 -4.7542369672e-01
8.3654924778e+00 2.6103404262e+00 3.5491059325e+00 3.3038117587e+00 1.5568717587e+01 4.3940000000e+03 4.6000000000e+00 -4.7542369672e-01
8.3667527463e+00 3.1797094583e+00 3.5378822762e+00 3.3095772852e+00 3.1270263693e+00 4.3950000000e+03 4.6000000000e+00 -4.7542369672e-01
8.3691787175e+00 2.6531938832e+00 3.6491250093e+00 3.3038711557e+00 9.7191204257e+00 4.3960000000e+03 4.6000000000e+00 -4.7542369672e-01
8.3706574028e+00 3.3449832136e+00 3.6385266673e+00 3.3500023404e+00 5.1850660428e+00 4.3970000000e+03 4.6000000000e+00 -4.7542369672e-01
8.3707333246e+00 4.0871460497e+00 3.6378825542e+00 3.3491135641e+00 6.8392079024e+00 4.3980000000e+03 4.6000000000e+00 -4.7542369672e-01
8.3714233541e+00 2.8138006824e+00 3.6667603018e+00 3.3561444842e+00 1.2615476481e+01 4.3990000000e+03 4.6000000000e+00 -4.7542369672e-01
8.3730381414e+00 2.9254366007e+00 3.6204427341e+00 3.3244707199e+00 1.5190156401e+01 4.4000000000e+03 4.6000000000e+00 -4.7542369672e-01
8.3732947309e+00 2.5452266814e+00 3.6580211251e+00 3.3472642627e+00 1.3312121759e+01 4.4010000000e+03 4.6000000000e+00 -4.7542369672e-01
8.3735863345e+00 2.7452882840e+00 3.7461296219e+00 3.3348999215e+00 2.8543225304e+00 4.4020000000e+03 4.6000000000e+00 -4.7542369672e-01
8.3739661705e+00 2.5322366398e+00 3.6825809550e+00 3.3039456064e+00 4.7007793349e+00 4.4030000000e+03 4.6000000000e+00 -4.7542369672e-01
8.3794413579e+00 2.6119120478e+00 3.7371781530e+00 3.3576679381e+00 7.8716176689e+00 4.4040000000e+03 4.6000000000e+00 -4.7542369672e-01
8.3803350630e+00 2.6788872093e+00 3.7487169589e+00 3.2948359449e+00 5.7477868909e+00 4.4050000000e+03 4.6000000000e+00 -4.7542369672e-01
8.3826798637e+00 2.7183473785e+00 3.7537933911e+00 3.3514846662e+00 7.7606696976e+00 4.4060000000e+03 4.6000000000e+00 -4.7542369672e-01
8.3841164518e+00 2.8168168582e+00 3.8211414769e+00 3.3114335008e+00 4.6411286786e+00 4.4070000000e+03 4.6000000000e+00 -4.7542369672e-01
8.3851240773e+00 2.5680846910e+00 3.8306673291e+00 3.3530632035e+00 1.5676154150e+01 4.4080000000e+03 4.6000000000e+00 -4.7542369672e-01
8.3865555910e+00 3.2762857187e+00 3.8847084381e+00 3.3315341095e+00 2.1638612369e+00 4.4090000000e+03 4.6000000000e+00 -4.7542369672e-01
8.3890011130e+00 2.7996581157e+00 3.9453917931e+00 3.3403483480e+00 1.4757489726e+01 4.4100000000e+03 6.0000000000e-01 -2.9444389792e+00
8.3898168320e+00 2.5047922463e+00 4.0190511887e+00 3.3285957379e+00 9.6200899116e+00 4.4110000000e+03 6.0000000000e-01 -2.9444389792e+00
8.3904784244e+00 2.5819279723e+00 4.1199204416e+00 3.3357933055e+00 1.4561090265e+01 4.4120000000e+03 6.0000000000e-01 -2.9444389792e+00
8.3907576086e+00 2.5151718686e+00 4.2754891143e+00 3.3147498217e+00 5.1712702373e+00 4.4130000000e+03 6.0000000000e-01 -2.9444389792e+00
8.3909680846e+00 2.5069217237e+00 4.2887797291e+00 3.3350473281e+00 6.3994109278e+00 4.4140000000e+03 6.0000000000e-01 -2.9444389792e+00
8.3921309603e+00 2.8149614406e+00 4.2662567941e+00 3.3470637739e+00 1.7271731315e+01 4.4150000000e+03 6.0000000000e-01 -2.9444389792e+00
8.3939862534e+00 2.7081370431e+00 4.5823467178e+00 3.2871999493e+00 3.9500228869e+00 4.4160000000e+03 6.0000000000e-01 -2.9444389792e+00
8.3994360527e+00 2.7928405761e+00 4.7461101228e+00 3.2880197375e+00 7.6545444215e+00 4.4170000000e+03 6.0000000000e-01 -2.9444389792e+00
8.4014373761e+00 2.5285627646e+00 4.8374765651e+00 3.3460121444e+00 1.1259570138e+01 4.4180000000e+03 6.0000000000e-01 -2.9444389792e+00
8.4024161698e+00 3.0056757444e+00 4.9901554179e+00 3.3038010373e+00 2.4524800773e+00 4.4190000000e+03 6.0000000000e-01 -2.9444389792e+00
8.4046310693e+00 2.9818788566e+00 1.6973260525e-01 3.3657711458e+00 7.3189146255e+00 4.4200000000e+03 6.0000000000e-01 -2.9444389792e+00
8.4049208125e+00 2.6452843527e+00 1.9734396485e-01 3.4274504671e+00 1.3988832229e+01 4.4210000000e+03 6.0000000000e-01 -2.9444389792e+00
8.4050900700e+00 4.0265732292e+00 2.5375116576e-01 3.4219953268e+00 3.0574369909e+00 4.4220000000e+03 6.0000000000e-01 -2.9444389792e+00
8.4060156296e+00 2.6125114053e+00 3.2740378013e-01 3.4284780936e+00 1.1903646357e+01 4.4230000000e+03 6.0000000000e-01 -2.9444389792e+00
8.4064367544e+00 2.8724029489e+00 3.8432710912e-01 3.3690976901e+00 7.4654404713e+00 4.4240000000e+03 6.0000000000e-01 -2.9444389792e+00
8.4093674475e+00 3.3623510474e+00 3.1732226384e-01 3.3963651267e+00 7.8449671755e+00 4.4250000000e+03 6.0000000000e-01 -2.9444389792e+00
8.4107915407e+00 2.8981070492e+00 3.2731628280e-01 3.4213592234e+00 1.4955245460e+01 4.4260000000e+03 6.0000000000e-01 -2.9444389792e+00
8.4198458434e+00 2.5450464674e+00 4.1380494639e-01 3.4054147265e+00 7.2066841405e+00 4.4270000000e+03 6.0000000000e-01 -2.9444389792e+00
8.4203973416e+00 2.9340224834e+00 6.8925199921e-01 3.4107459058e+00 1.5766560074e+01 4.4280000000e+03 6.0000000000e-01 -2.9444389792e+00
8.4215917995e+00 3.1331982211e+00 7.4398070606e-01 3.3711770972e+00 1.2950059498e+01 4.4290000000e+03 6.0000000000e-01 -2.9444389792e+00
8.4243159670e+00 2.7170395007e+00 9.6781914064e-01 3.3908701806e+00 3.7720857534e+00 4.4300000000e+03 6.0000000000e-01 -2.9444389792e+00
8.4251691276e+00 2.8577050503e+00 1.0156848586e+00 3.4037763563e+00 1.3893761308e+01 4.4310000000e+03 6.0000000000e-01 -2.9444389792e+00
8.4271860024e+00 2.5286542818e+00 1.0535146234e+00 3.4089904162e+00 1.4004806878e+01 4.4320000000e+03 6.0000000000e-01 -2.9444389792e+00
8.4275850960e+00 2.5856523807e+00 1.1437016937e+00 3.4301683403e+00 1.2162974503e+01 4.4330000000e+03 6.0000000000e-01 -2.9444389792e+00
8.4302385322e+00 2.6108369796e+00 1.2161970256e+00 3.4027314845e+00 1.4399642731e+01 4.4340000000e+03 6.0000000000e-01 -2.9444389792e+00
8.4330043257e+00 3.2712558699e+00 1.2616828376e+00 3.4079205884e+00 3.0324524140e+00 4.4350000000e+03 6.0000000000e-01 -2.9444389792e+00
8.4346674060e+00 3.8239321888e+00 1.3445930791e+00 3.4096406312e+00 9.2396879982e+00 4.4360000000e+03 6.0000000000e-01 -2.9444389792e+00
8.4361504231e+00 2.5289285522e+00 1.5115450439e+00 3.3762925750e+00 5.9850519537e+00 4.4370000000e+03 6.0000000000e-01 -2.9444389792e+00
8.4370128040e+00 2.5726552398e+00 1.4967597992e+00 3.3609610769e+00 1.6133633152e+01 4.4380000000e+03 6.0000000000e-01 -2.9444389792e+00
8.4449879845e+00 2.8819181408e+00 1.5931275084e+00 3.3948689914e+00 1.2005747358e+01 4.4390000000e+03 6.0000000000e-01 -2.9444389792e+00
8.4459001787e+00 2.8493232067e+00 1.6789695964e+00 3.4007651449e+00 3.0131690868e+00 4.4400000000e+03 6.0000000000e-01 -2.9444389792e+00
8.4461677426e+00 3.1896481316e+00 1.7529333831e+00 3.4077236935e+00 4.1615843535e+00 4.4410000000e+03 6.0000000000e-01 -2.9444389792e+00
8.4463455225e+00 3.7780024287e+00 1.7753117297e+00 3.4138162715e+00 3.3207628816e+00 4.4420000000e+03 6.0000000000e-01 -2.9444389792e+00
8.4483852132e+00 2.5353652167e+00 2.4570739640e+00 3.3618797187e+00 1.7458441642e+01 4.4430000000e+03 6.0000000000e-01 -2.9444389792e+00
8.4483947420e+00 4.1248786649e+00 2.5544701612e+00 3.3648627363e+00 4.1260012455e+00 4.4440000000e+03 6.0000000000e-01 -2.9444389792e+00
8.4492704958e+00 2.7376891479e+00 2.7266187084e+00 3.4232430446e+00 1.6586244323e+01 4.4450000000e+03 6.0000000000e-01 -2.9444389792e+00
8.4593912456e+00 2.9837945316e+00 2.6775242424e+00 3.3609760552e+00 6.0430612133e+00 4.4460000000e+03 6.0000000000e-01 -2.9444389792e+00
8.4594717303e+00 3.3527480881e+00 2.7781674071e+00 3.3737132780e+00 2.4365007465e+00 4.4470000000e+03 6.0000000000e-01 -2.9444389792e+00
8.4598361495e+00 2.9255736091e+00 2.9423006682e+00 3.4207794547e+00 1.0043194803e+01 4.4480000000e+03 6.0000000000e-01 -2.9444389792e+00
8.4627157763e+00 3.4690265879e+00 2.9790593689e+00 3.3879818990e+00 7.2214731180e+00 4.4490000000e+03 6.0000000000e-01 -2.9444389792e+00
8.4655274222e+00 2.7237902298e+00 3.0788331637e+00 3.3913774950e+00 1.4917152725e+01 4.4500000000e+03 6.0000000000e-01 -2.9444389792e+00
8.4665582661e+00 2.6926115887e+00 3.2765449050e+00 3.4172528376e+00 3.9128912853e+00 4.4510000000e+03 6.0000000000e-01 -2.9444389792e+00
8.4681000446e+00 2.9074491489e+00 3.4060827413e+00 3.4042565145e+00 1.4929259626e+01 4.4520000000e+03 6.0000000000e-01 -2.9444389792e+00
8.4702162091e+00 2.8365603367e+00 3.4966041038e+00 3.4356925094e+00 1.3700575682e+01 4.4530000000e+03 6.0000000000e-01 -2.9444389792e+00
8.4722126267e+00 2.6072286950e+00 3.6280542356e+00 3.3761440822e+00 1.3031809217e+01 4.4540000000e+03 6.0000000000e-01 -2.9444389792e+00
8.4725067667e+00 3.2230096591e+00 3.6957816243e+00 3.3923623349e+00 9.3068809547e+00 4.4550000000e+03 6.0000000000e-01 -2.9444389792e+00
8.4756275495e+00 2.5651006050e+00 4.2375831291e+00 3.4207223929e+00 1.3993777362e+01 4.4560000000e+03 6.0000000000e-01 -2.9444389792e+00
8.4764051562e+00 2.7839998648e+00 4.5483526312e+00 3.3602536724e+00 1.0055693432e+01 4.4570000000e+03 6.0000000000e-01 -2.9444389792e+00
8.4768332082e+00 2.6473853363e+00 7.1895979396e-02 3.4680818264e+00 1.3625766742e+01 4.4580000000e+03 6.0000000000e-01 -2.9444389792e+00
8.4768730385e+00 3.1710898563e+00 1.5597500844e-01 3.4582790609e+00 3.1251284502e+00 4.4590000000e+03 6.0000000000e-01 -2.9444389792e+00
8.4790415445e+00 3.1468497146e+00 3.5857790611e-01 3.4426070827e+00 1.1799338484e+01 4.4600000000e+03 6.0000000000e-01 -2.9444389792e+00
8.4852522529e+00 3.4867359994e+00 4.3341935796e-01 3.4663824822e+00 9.9290586607e+00 4.4610000000e+03 6.0000000000e-01 -2.9444389792e+00
8.4928796601e+00 2.5196899979e+00 5.5453677211e-01 3.4437927448e+00 1.7467197759e+01 4.4620000000e+03 6.0000000000e-01 -2.9444389792e+00
8.4952334646e+00 3.7612838304e+00 6.4923425454e-01 3.4618659059e+00 1.4088735890e+01 4.4630000000e+03 6.0000000000e-01 -2.9444389792e+00
8.4965680858e+00 2.5107013296e+00 1.7813322010e+00 3.4863151765e+00 1.3387401021e+01 4.4640000000e+03 6.0000000000e-01 -2.9444389792e+00
8.4972219462e+00 2.5965490288e+00 1.7852101334e+00 3.4850859679e+00 1.6257974760e+01 4.4650000000e+03 6.0000000000e-01 -2.9444389792e+00
8.4975311680e+00 2.7338914274e+00 2.1696083449e+00 3.4842672239e+00 1.1631613201e+01 4.4660000000e+03 6.0000000000e-01 -2.9444389792e+00
8.4983183058e+00 2.6568643055e+00 2.4756559166e+00 3.4867769691e+00 1.1710193693e+01 4.4670000000e+03 6.0000000000e-01 -2.9444389792e+00
8.4985653368e+00 2.7713526413e+00 2.4966828377e+00 3.4826182349e+00 3.3090852473e+00 4.4680000000e+03 6.0000000000e-01 -2.9444389792e+00
8.4994309232e+00 3.6123354117e+00 2.5558655631e+00 3.4756090312e+00 1.3214484385e+01 4.4690000000e+03 6.0000000000e-01 -2.9444389792e+00
8.5013408265e+00 2.5797113354e+00 2.5806973551e+00 3.4467042381e+00 1.1423509853e+01 4.4700000000e+03 6.0000000000e-01 -2.9444389792e+00
8.5053190678e+00 2.7878376892e+00 2.7182650369e+00 3.4794117149e+00 1.3451835720e+01 4.4710000000e+03 6.0000000000e-01 -2.9444389792e+00
8.5064153519e+00 3.0624477340e+00 2.6928291034e+00 3.4525873448e+00 3.3173807749e+00 4.4720000000e+03 6.0000000000e-01 -2.9444389792e+00
8.5081304401e+00 2.8275212010e+00 3.1102834269e+00 3.4651656777e+00 3.3682696062e+00 4.4730000000e+03 6.0000000000e-01 -2.9444389792e+00
8.5096208404e+00 2.6059089159e+00 3.4520837562e+00 3.4959158123e+00 1.6280471159e+01 4.4740000000e+03 6.0000000000e-01 -2.9444389792e+00
8.5104558797e+00 2.5655179139e+00 3.4667113255e+00 3.4969313300e+00 5.8514330127e+00 4.4750000000e+03 6.0000000000e-01 -2.9444389792e+00
8.5113161716e+00 3.7697088869e+00 3.7685543908e+00 3.4600614834e+00 7.6085349372e+00 4.4760000000e+03 6.0000000000e-01 -2.9444389792e+00
8.5118038598e+00 3.2555319754e+00 4.2870065256e+00 3.5046368980e+00 1.7481993277e+01 4.4770000000e+03 6.0000000000e-01 -2.9444389792e+00
8.5124027965e+00 2.5140826269e+00 4.4115275337e+00 3.4720687684e+00 5.4438731198e+00 4.4780000000e+03 6.0000000000e-01 -2.9444389792e+00
8.5152264996e+00 2.5603086184e+00 4.5032651589e+00 3.4501372584e+00 5.1983429139e+00 4.4790000000e+03 6.0000000000e-01 -2.9444389792e+00
8.5165104971e+00 2.8270708471e+00 4.5493348445e+00 3.4424728880e+00 7.8892290165e+00 4.4800000000e+03 6.0000000000e-01 -2.9444389792e+00
8.5176034919e+00 3.0311724063e+00 4.5623056901e+00 3.4935506033e+00 4.3234215847e+00 4.4810000000e+03 6.0000000000e-01 -2.9444389792e+00
8.5218724474e+00 3.1748659623e+00 4.6433574383e+00 3.4384270513e+00 1.2787694998e+01 4.4820000000e+03 6.0000000000e-01 -2.9444389792e+00
8.5232679401e+00 2.5892778171e+00 4.7080996552e+00 3.4479797765e+00 3.1148536677e+00 4.4830000000e+03 6.0000000000e-01 -2.9444389792e+00
8.5270212620e+00 2.6265022598e+00 4.8114154108e+00 3.4861459089e+00 8.9250409206e+00 4.4840000000e+03 6.0000000000e-01 -2.9444389792e+00
8.5273405297e+00 2.8656766665e+00 4.2035429894e-02 3.5749547401e+00 1.5896570703e+01 4.4850000000e+03 6.0000000000e-01 -2.9444389792e+00
8.5285291539e+00 2.5137128219e+00 1.7757714689e-02 3.5461309944e+00 7.2784931435e+00 4.4860000000e+03 6.0000000000e-01 -2.9444389792e+00
8.5285324059e+00 2.9212186695e+00 1.7211967851e-01 3.5689582230e+00 7.7628150071e+00 4.4870000000e+03 6.0000000000e-01 -2.9444389792e+00
8.5310583370e+00 2.6281910158e+00 2.8920869428e-01 3.5566057645e+00 1.1945168137e+01 4.4880000000e+03 6.0000000000e-01 -2.9444389792e+00
8.5336478275e+00 2.6160705580e+00 2.6583919811e-01 3.5876771355e+00 2.3656753397e+00 4.4890000000e+03 6.0000000000e-01 -2.9444389792e+00
8.5340034115e+00 2.5294666541e+00 3.1761805422e-01 3.5832656318e+00 1.4712766010e+01 4.4900000000e+03 6.0000000000e-01 -2.9444389792e+00
8.5344644425e+00 2.7709531017e+00 5.6342146227e-01 3.5686903472e+00 6.1886224631e+00 4.4910000000e+03 6.0000000000e-01 -2.9444389792e+00
8.5351851920e+00 3.8957320346e+00 6.2698309596e-01 3.5742937525e+00 2.4674391851e+00 4.4920000000e+03 6.0000000000e-01 -2.9444389792e+00
8.5351946532e+00 2.8605926608e+00 7.8209081829e-01 3.5621799410e+00 9.1046735306e+00 4.4930000000e+03 6.0000000000e-01 -2.9444389792e+00
8.5367972281e+00 2.7354708785e+00 7.8843495162e-01 3.5565517738e+00 5.8286472475e+00 4.4940000000e+03 6.0000000000e-01 -2.9444389792e+00
8.5368860633e+00 2.7794186263e+00 1.0677377177e+00 3.5810160195e+00 5.9932788119e+00 4.4950000000e+03 6.0000000000e-01 -2.9444389792e+00
8.5383328491e+00 3.8102223238e+00 1.1594898440e+00 3.5519404301e+00 4.4771085333e+00 4.4960000000e+03 6.0000000000e-01 -2.9444389792e+00
8.5399608221e+00 2.5584433589e+00 1.1791671437e+00 3.5795751485e+00 1.2130112554e+01 4.4970000000e+03 6.0000000000e-01 -2.9444389792e+00
8.5400102231e+00 2.8866108676e+00 1.1936851827e+00 3.5514255157e+00 1.7240760399e+01 4.4980000000e+03 6.0000000000e-01 -2.9444389792e+00
8.5454493257e+00 2.6297345375e+00 1.3231361130e+00 3.5280591911e+00 4.0145161609e+00 4.4990000000e+03 6.0000000000e-01 -2.9444389792e+00
8.5486196716e+00 3.0906299108e+00 1.3713959891e+00 3.5406745028e+00 7.2102054017e+00 4.5000000000e+03 6.0000000000e-01 -2.9444389792e+00
8.5522542136e+00 2.8843548112e+00 1.4806658821e+00 3.5162632998e+00 1.5227124960e+01 4.5010000000e+03 6.0000000000e-01 -2.9444389792e+00
8.5554946869e+00 2.6820963768e+00 1.4992995910e+00 3.5180238491e+00 1.0441405402e+01 4.5020000000e+03 6.0000000000e-01 -2.9444389792e+00
8.5565248815e+00 3.0081934042e+00 1.8423594264e+00 3.5296774747e+00 1.0147233002e+01 4.5030000000e+03 6.0000000000e-01 -2.9444389792e+00
8.5592948700e+00 2.9835362478e+00 1.9705824842e+00 3.5826024722e+00 8.4258363652e+00 4.5040000000e+03 6.0000000000e-01 -2.9444389792e+00
8.5617502560e+00 2.7325288465e+00 2.0597589655e+00 3.5911683724e+00 4.0096928642e+00 4.5050000000e+03 6.0000000000e-01 -2.9444389792e+00
8.5618032566e+00 2.5315789585e+00 2.4002008399e+00 3.5210197530e+00 9.6520363121e+00 4.5060000000e+03 6.0000000000e-01 -2.9444389792e+00
8.5625868606e+00 2.5069757637e+00 2.4512650703e+00 3.5634108594e+00 4.8145729018e+00 4.5070000000e+03 6.0000000000e-01 -2.9444389792e+00
8.5640730398e+00 2.6942243001e+00 2.4611457548e+00 3.5401850045e+00 2.6061670648e+00 4.5080000000e+03 6.0000000000e-01 -2.9444389792e+00
8.5643871127e+00 2.7683515317e+00 2.5936550945e+00 3.5231262893e+00 3.5904008460e+00 4.5090000000e+03 6.0000000000e-01 -2.9444389792e+00
8.5651550765e+00 2.7804539020e+00 2.6985264080e+00 3.5784486053e+00 1.0271868896e+01 4.5100000000e+03 6.0000000000e-01 -2.9444389792e+00
8.5679563684e+00 2.6523130564e+00 2.9516365037e+00 3.5882403403e+00 8.6916609964e+00 4.5110000000e+03 6.0000000000e-01 -2.9444389792e+00
8.5688231158e+00 3.3480283488e+00 3.3135107080e+00 3.5713210901e+00 1.7638993097e+01 4.5120000000e+03 6.0000000000e-01 -2.9444389792e+00
8.5696993314e+00 2.9669021115e+00 3.3304737415e+00 3.5672222857e+00 1.5189395751e+01 4.5130000000e+03 6.0000000000e-01 -2.9444389792e+00
8.5711893482e+00 2.9560533728e+00 3.3027063176e+00 3.5396363928e+00 9.6810450637e+00 4.5140000000e+03 6.0000000000e-01 -2.9444389792e+00
8.5725220980e+00 2.7609151884e+00 3.7280836105e+00 3.5547442407e+00 1.7943325952e+01 4.5150000000e+03 6.0000000000e-01 -2.9444389792e+00
8.5726304780e+00 2.8113220705e+00 3.7431689579e+00 3.5294173419e+00 1.4098756005e+01 4.5160000000e+03 6.0000000000e-01 -2.9444389792e+00
8.5747106230e+00 2.8593886468e+00 3.8677854572e+00 3.5235142620e+00 1.3002753831e+01 4.5170000000e+03 6.0000000000e-01 -2.9444389792e+00
8.5763459438e+00 2.5051508263e+00 4.0487230327e+00 3.5392848212e+00 1.5450548654e+01 4.5180000000e+03 6.0000000000e-01 -2.9444389792e+00
8.5769342635e+00 3.2073479917e+00 4.2404302499e+00 3.5176960583e+00 1.2820574647e+01 4.5190000000e+03 6.0000000000e-01 -2.9444389792e+00
8.5807544710e+00 2.5922960688e+00 4.3791763595e+00 3.5651345928e+00 1.2524654019e+01 4.5200000000e+03 6.0000000000e-01 -2.9444389792e+00
8.5849260913e+00 2.5150747674e+00 4.4676922691e+00 3.5625560324e+00 6.0442755894e+00 4.5210000000e+03 6.0000000000e-01 -2.9444389792e+00
8.5861198318e+00 3.1959649350e+00 4.5332613331e+00 3.5648081118e+00 2.4445650510e+00 4.5220000000e+03 6.0000000000e-01 -2.9444389792e+00
8.5872076484e+00 3.2716914193e+00 4.7335965388e+00 3.5269710597e+00 6.7766955162e+00 4.5230000000e+03 6.0000000000e-01 -2.9444389792e+00
8.5877741935e+00 3.5922334732e+00 4.7457050570e+00 3.5511794775e+00 1.3875648378e+01 4.5240000000e+03 6.0000000000e-01 -2.9444389792e+00
8.5879597458e+00 2.8073579729e+00 4.7718369950e+00 3.5233250334e+00 6.1293996535e+00 4.5250000000e+03 6.0000000000e-01 -2.9444389792e+00
8.5901052315e+00 2.7371095919e+00 4.8529045780e+00 3.5873492440e+00 6.7020903131e+00 4.5260000000e+03 6.0000000000e-01 -2.9444389792e+00
8.5903992381e+00 2.5514720329e+00 3.0227820754e-01 3.6505975458e+00 1.1938495660e+01 4.5270000000e+03 6.0000000000e-01 -2.9444389792e+00
8.5913828362e+00 2.7352504193e+00 2.3688187170e-01 3.6107359230e+00 1.2789431913e+01 4.5280000000e+03 6.0000000000e-01 -2.9444389792e+00
8.5931770845e+00 3.8962885248e+00 3.1520455066e-01 3.6600010261e+00 6.2008268465e+00 4.5290000000e+03 6.0000000000e-01 -2.9444389792e+00
8.5933572538e+00 2.5126203073e+00 4.1943617719e-01 3.6047885335e+00 1.2022921780e+01 4.5300000000e+03 6.0000000000e-01 -2.9444389792e+00
8.5961559572e+00 2.6926392129e+00 5.8141082050e-01 3.6075792212e+00 2.4351509952e+00 4.5310000000e+03 6.0000000000e-01 -2.9444389792e+00
8.5979148824e+00 3.0663308933e+00 7.5879093322e-01 3.6067501646e+00 4.0833483170e+00 4.5320000000e+03 6.0000000000e-01 -2.9444389792e+00
8.6006691618e+00 3.1727570175e+00 7.4666445815e-01 3.6061829655e+00 6.8237696729e+00 4.5330000000e+03 6.0000000000e-01 -2.9444389792e+00
8.6007114642e+00 2.9928121978e+00 7.6501382086e-01 3.6292148957e+00 1.2450298691e+01 4.5340000000e+03 6.0000000000e-01 -2.9444389792e+00
8.6047438952e+00 2.6965744974e+00 1.0515410282e+00 3.6327887776e+00 7.4337468758e+00 4.5350000000e+03 6.0000000000e-01 -2.9444389792e+00
8.6107201168e+00 3.3122867580e+00 1.0948917961e+00 3.6150460069e+00 6.2827686334e+00 4.5360000000e+03 6.0000000000e-01 -2.9444389792e+00
8.6163433379e+00 3.2220838427e+00 1.1177853546e+00 3.6493432758e+00 1.7652944292e+01 4.5370000000e+03 6.0000000000e-01 -2.9444389792e+00
8.6183614491e+00 2.9452395192e+00 1.3094096226e+00 3.6204374071e+00 6.8173126133e+00 4.5380000000e+03 6.0000000000e-01 -2.9444389792e+00
8.6186976050e+00 3.8153931154e+00 1.4040872136e+00 3.5980429792e+00 1.2450926050e+01 4.5390000000e+03 6.0000000000e-01 -2.9444389792e+00
8.6187528811e+00 3.3012569360e+00 1.4414637595e+00 3.5974298958e+00 1.3907591920e+01 4.5400000000e+03 6.0000000000e-01 -2.9444389792e+00
8.6205935317e+00 3.4075308540e+00 1.4835477370e+00 3.5996364410e+00 6.1772468899e+00 4.5410000000e+03 6.0000000000e-01 -2.9444389792e+00
8.6230256301e+00 3.6361864859e+00 1.4156095273e+00 3.6023045214e+00 1.2977324356e+01 4.5420000000e+03 6.0000000000e-01 -2.9444389792e+00
8.6284156075e+00 2.5335752772e+00 1.7576802934e+00 3.6415268932e+00 1.0482699747e+01 4.5430000000e+03 6.0000000000e-01 -2.9444389792e+00
8.6294516714e+00 2.8229263122e+00 1.9549530636e+00 3.6691289006e+00 1.7924207978e+01 4.5440000000e+03 6.0000000000e-01 -2.9444389792e+00
8.6305847091e+00 2.8455073417e+00 1.9934878260e+00 3.6695523990e+00 1.4263226464e+01 4.5450000000e+03 6.0000000000e-01 -2.9444389792e+00
8.6315009504e+00 2.6305031564e+00 2.0500339931e+00 3.6370231144e+00 2.7768159055e+00 4.5460000000e+03 6.0000000000e-01 -2.9444389792e+00
8.6323148177e+00 2.8181187716e+00 2.1708507338e+00 3.6108108279e+00 1.3492479504e+01 4.5470000000e+03 6.0000000000e-01 -2.9444389792e+00
8.6338044998e+00 3.2389488937e+00 2.2698303365e+00 3.6523899328e+00 7.9111621223e+00 4.5480000000e+03 6.0000000000e-01 -2.9444389792e+00
8.6351050009e+00 3.1412915789e+00 2.3642601475e+00 3.6184237415e+00 6.9023468536e+00 4.5490000000e+03 6.0000000000e-01 -2.9444389792e+00
8.6355429993e+00 2.7411975658e+00 2.4919515776e+00 3.6235811976e+00 3.7243699732e+00 4.5500000000e+03 6.0000000000e-01 -2.9444389792e+00
8.6383037093e+00 2.6245559383e+00 2.5887258075e+00 3.6356508952e+00 1.0657880118e+01 4.5510000000e+03 6.0000000000e-01 -2.9444389792e+00
8.6407340945e+00 2.5826113160e+00 2.8012434477e+00 3.6286348421e+00 1.6416759435e+01 4.5520000000e+03 6.0000000000e-01 -2.9444389792e+00
8.6416799966e+00 2.6808025760e+00 3.1949358672e+00 3.6454752163e+00 5.0812702043e+00 4.5530000000e+03 6.0000000000e-01 -2.9444389792e+00
8.6430810193e+00 2.7216503449e+00 3.1409278247e+00 3.6549443704e+00 2.1694861321e+00 4.5540000000e+03 6.0000000000e-01 -2.9444389792e+00
8.6435085844e+00 4.4166212675e+00 3.1960826819e+00 3.6157971528e+00 1.2188547240e+01 4.5550000000e+03 6.0000000000e-01 -2.9444389792e+00
8.6447282323e+00 2.6187448146e+00 3.3401159237e+00 3.5980808638e+00 5.3730679520e+00 4.5560000000e+03 6.0000000000e-01 -2.9444389792e+00
8.6504660200e+00 2.8588737473e+00 3.6414858374e+00 3.6393269174e+00 7.9668723683e+00 4.5570000000e+03 6.0000000000e-01 -2.9444389792e+00
8.6534841313e+00 2.8826311427e+00 3.9024491940e+00 3.6651154279e+00 1.5428872749e+01 4.5580000000e+03 6.0000000000e-01 -2.9444389792e+00
8.6541946796e+00 3.2427416808e+00 3.9290285033e+00 3.6342679787e+00 7.4341964229e+00 4.5590000000e+03 6.0000000000e-01 -2.9444389792e+00
8.6546269663e+00 2.5530303741e+00 4.0618890933e+00 3.6483439902e+00 9.0368454049e+00 4.5600000000e+03 6.0000000000e-01 -2.9444389792e+00
8.6584794332e+00 3.2375332452e+00 4.3560790444e+00 3.6677472491e+00 1.7813067261e+01 4.5610000000e+03 6.0000000000e-01 -2.9444389792e+00
8.6601172886e+00 3.0622254965e+00 4.5722565817e+00 3.6054808397e+00 1.6198644111e+01 4.5620000000e+03 6.0000000000e-01 -2.9444389792e+00
8.6616014323e+00 2.9664928120e+00 4.6391612347e+00 3.6150353280e+00 3.0448108141e+00 4.5630000000e+03 6.0000000000e-01 -2.9444389792e+00
8.6622393368e+00 3.3906199498e+00 4.7436744539e+00 3.6634202067e+00 1.0829949503e+01 4.5640000000e+03 6.0000000000e-01 -2.9444389792e+00
8.6625174383e+00 3.7956099158e+00 4.7517946164e+00 3.6120989118e+00 6.5194646092e+00 4.5650000000e+03 6.0000000000e-01 -2.9444389792e+00
8.6629553928e+00 2.7134861843e+00 4.8038586731e+00 3.6493072708e+00 6.8631538992e+00 4.5660000000e+03 6.0000000000e-01 -2.9444389792e+00
8.6643856543e+00 2.9822930829e+00 4.8587493166e+00 3.6213268111e+00 1.5383402247e+01 4.5670000000e+03 6.0000000000e-01 -2.9444389792e+00
8.6658883072e+00 2.9426987708e+00 4.9793483753e+00 3.6087475353e+00 1.0505233190e+01 4.5680000000e+03 6.0000000000e-01 -2.9444389792e+00
8.6668542826e+00 3.6918835723e+00 2.2550210818e-02 3.7044435868e+00 1.7527695890e+01 4.5690000000e+03 6.0000000000e-01 -2.9444389792e+00
8.6671197397e+00 3.1544079266e+00 8.4401271240e-02 3.7131992979e+00 1.3911491914e+01 4.5700000000e+03 6.0000000000e-01 -2.9444389792e+00
8.6689882168e+00 2.7787691853e+00 3.4099873741e-01 3.7174734412e+00 1.4518052081e+01 4.5710000000e+03 6.0000000000e-01 -2.9444389792e+00
8.6696869891e+00 2.8359152030e+00 3.9420502348e-01 3.7203047823e+00 6.4185774099e+00 4.5720000000e+03 6.0000000000e-01 -2.9444389792e+00
8.6716277662e+00 3.5885907503e+00 7.9740553168e-01 3.7250663617e+00 1.1924053256e+01 4.5730000000e+03 6.0000000000e-01 -2.9444389792e+00
8.6740409696e+00 2.8711642697e+00 8.3327839454e-01 3.6899605106e+00 5.0775137726e+00 4.5740000000e+03 6.0000000000e-01 -2.9444389792e+00
8.6776112665e+00 2.9761179471e+00 8.8941937189e-01 3.7015099990e+00 8.4707194517e+00 4.5750000000e+03 6.0000000000e-01 -2.9444389792e+00
8.6800891520e+00 2.8594081126e+00 9.3202397982e-01 3.6957560217e+00 1.1415007360e+01 4.5760000000e+03 6.0000000000e-01 -2.9444389792e+00
8.6813720431e+00 2.7281248713e+00 1.3800370468e+00 3.7445030528e+00 9.1318616755e+00 4.5770000000e+03 6.0000000000e-01 -2.9444389792e+00
8.6846161785e+00 2.6270797036e+00 1.5271005998e+00 3.6925187160e+00 1.1315141735e+01 4.5780000000e+03 6.0000000000e-01 -2.9444389792e+00
8.6868774011e+00 3.0297124398e+00 1.6118121256e+00 3.7352656181e+00 1.2343409461e+01 4.5790000000e+03 6.0000000000e-01 -2.9444389792e+00
8.6876703191e+00 2.7255696045e+00 1.6811697632e+00 3.7141467570e+00 1.5856914323e+01 4.5800000000e+03 6.0000000000e-01 -2.9444389792e+00
8.6943563143e+00 3.0664663281e+00 1.7524400816e+00 3.6923997801e+00 4.3535822309e+00 4.5810000000e+03 6.0000000000e-01 -2.9444389792e+00
8.6991002634e+00 2.6022794081e+00 1.8917105583e+00 3.7439252358e+00 8.1429535099e+00 4.5820000000e+03 6.0000000000e-01 -2.9444389792e+00
8.7020994402e+00 3.6570543224e+00 2.0339008297e+00 3.6835278536e+00 1.7103470301e+01 4.5830000000e+03 6.0000000000e-01 -2.9444389792e+00
8.7026421359e+00 2.6274635480e+00 2.2129562447e+00 3.6949636426e+00 1.5333275497e+01 4.5840000000e+03 6.0000000000e-01 -2.9444389792e+00
8.7026909741e+00 3.2070060328e+00 2.2108382048e+00 3.7081122951e+00 8.3067350273e+00 4.5850000000e+03 6.0000000000e-01 -2.9444389792e+00
8.7029835574e+00 2.8116885419e+00 2.4496675508e+00 3.6821684808e+00 8.2600473181e+00 4.5860000000e+03 6.0000000000e-01 -2.9444389792e+00
8.7044800462e+00 4.1419463845e+00 2.4758700714e+00 3.7223633187e+00 7.0766632149e+00 4.5870000000e+03 6.0000000000e-01 -2.9444389792e+00
8.7048914696e+00 2.5229696287e+00 2.5470799714e+00 3.7176962453e+00 1.7945080841e+01 4.5880000000e+03 6.0000000000e-01 -2.9444389792e+00
8.7070811603e+00 3.1154337839e+00 2.6178792712e+00 3.7394363834e+00 1.3629952991e+01 4.5890000000e+03 6.0000000000e-01 -2.9444389792e+00
8.7083975061e+00 2.7414831626e+00 2.7120541372e+00 3.6925997995e+00 1.7449033458e+01 4.5900000000e+03 6.0000000000e-01 -2.9444389792e+00
8.7099104733e+00 3.0265624545e+00 2.8250107290e+00 3.6889327010e+00 4.6552418482e+00 4.5910000000e+03 6.0000000000e-01 -2.9444389792e+00
8.7125032678e+00 2.5721432306e+00 2.9851058358e+00 3.7410810276e+00 1.4028024517e+01 4.5920000000e+03 6.0000000000e-01 -2.9444389792e+00
8.7137875425e+00 2.7264133744e+00 3.1298853105e+00 3.7425035717e+00 1.4794918719e+01 4.5930000000e+03 6.0000000000e-01 -2.9444389792e+00
8.7152512817e+00 2.7091242790e+00 3.2045180956e+00 3.7180385959e+00 6.6681969119e+00 4.5940000000e+03 6.0000000000e-01 -2.9444389792e+00
8.7192503156e+00 2.6181741419e+00 3.3598280962e+00 3.7165601020e+00 7.4631075700e+00 4.5950000000e+03 6.0000000000e-01 -2.9444389792e+00
8.7196382537e+00 2.5510213792e+00 3.4902451216e+00 3.7186573923e+00 4.4183535029e+00 4.5960000000e+03 6.0000000000e-01 -2.9444389792e+00
8.7259146745e+00 2.5489422404e+00 3.6884419177e+00 3.7247974779e+00 1.2668721359e+01 4.5970000000e+03 6.0000000000e-01 -2.9444389792e+00
8.7267927447e+00 3.5147770717e+00 4.0561664935e+00 3.7186872515e+00 1.5548275554e+01 4.5980000000e+03 6.0000000000e-01 -2.9444389792e+00
8.7285529909e+00 2.8101875374e+00 4.0533914980e+00 3.7414710119e+00 1.3054946114e+01 4.5990000000e+03 6.0000000000e-01 -2.9444389792e+00
8.7305035196e+00 2.7187101171e+00 4.0649154420e+00 3.7341338447e+00 2.3659683302e+00 4.6000000000e+03 6.0000000000e-01 -2.9444389792e+00
8.7305085531e+00 2.5141193706e+00 4.1963805033e+00 3.7118417846e+00 4.6046954837e+00 4.6010000000e+03 6.0000000000e-01 -2.9444389792e+00
8.7322795481e+00 4.7714402790e+00 4.2771844999e+00 3.6834221176e+00 1.0838166367e+01 4.6020000000e+03 6.0000000000e-01 -2.9444389792e+00
8.7348940552e+00 2.8158991073e+00 4.5032210655e+00 3.7255303866e+00 1.2028971181e+01 4.6030000000e+03 6.0000000000e-01 -2.9444389792e+00
8.7359415778e+00 2.5400615997e+00 4.6695039668e+00 3.7258128575e+00 8.2230211655e+00 4.6040000000e+03 6.0000000000e-01 -2.9444389792e+00
8.7381909106e+00 2.9510688752e+00 4.6694940101e+00 3.7133551472e+00 9.5272884376e+00 4.6050000000e+03 6.0000000000e-01 -2.9444389792e+00
8.7440651644e+00 2.9643157799e+00 4.6263726270e+00 3.7078918428e+00 1.2311041656e+01 4.6060000000e+03 6.0000000000e-01 -2.9444389792e+00
8.7451854404e+00 2.5229461374e+00 4.7792079873e+00 3.7213204395e+00 1.1593271288e+01 4.6070000000e+03 6.0000000000e-01 -2.9444389792e+00
8.7461015822e+00 2.8687847751e+00 5.5864386059e-01 3.7712802746e+00 1.1345779548e+01 4.6080000000e+03 6.0000000000e-01 -2.9444389792e+00
8.7468225495e+00 2.6037519335e+00 7.3293716041e-01 3.8073172433e+00 2.8752192837e+00 4.6090000000e+03 6.0000000000e-01 -2.9444389792e+00
8.7513637095e+00 2.6336289418e+00 7.8131580592e-01 3.7681312468e+00 1.6782665930e+01 4.6100000000e+03 6.0000000000e-01 -2.9444389792e+00
8.7521668234e+00 2.7991893469e+00 8.7602465951e-01 3.8030598635e+00 1.2992860220e+01 4.6110000000e+03 6.0000000000e-01 -2.9444389792e+00
8.7539983931e+00 3.0671276298e+00 9.4668835496e-01 3.7769118608e+00 1.7796044289e+01 4.6120000000e+03 6.0000000000e-01 -2.9444389792e+00
8.7569215378e+00 2.5125772783e+00 9.6611293453e-01 3.8234306262e+00 1.0066589595e+01 4.6130000000e+03 6.0000000000e-01 -2.9444389792e+00
8.7574241953e+00 2.8085410630e+00 9.7933351613e-01 3.7959103292e+00 1.6851717581e+01 4.6140000000e+03 6.0000000000e-01 -2.9444389792e+00
8.7582413686e+00 2.6302127835e+00 9.6906572598e-01 3.8020295924e+00 6.0453631758e+00 4.6150000000e+03 6.0000000000e-01 -2.9444389792e+00
8.7625499025e+00 2.9942643611e+00 1.0510902312e+00 3.7777822420e+00 1.1926930464e+01 4.6160000000e+03 6.0000000000e-01 -2.9444389792e+00
8.7646289229e+00 2.7691924510e+00 1.3062609364e+00 3.7947171607e+00 1.3139573025e+01 4.6170000000e+03 6.0000000000e-01 -2.9444389792e+00
8.7666990525e+00 2.9240863185e+00 1.4885228870e+00 3.7817575290e+00 1.3063466659e+01 4.6180000000e+03 6.0000000000e-01 -2.9444389792e+00
8.7670757614e+00 2.6846763838e+00 1.5462232956e+00 3.7522405911e+00 1.0963118027e+01 4.6190000000e+03 6.0000000000e-01 -2.9444389792e+00
8.7693604858e+00 4.4407353799e+00 1.7653198233e+00 3.7532399242e+00 1.2160743391e+01 4.6200000000e+03 6.0000000000e-01 -2.9444389792e+00
8.7699181532e+00 2.8863375316e+00 1.8738889144e+00 3.7794292588e+00 9.5133535815e+00 4.6210000000e+03 6.0000000000e-01 -2.9444389792e+00
8.7708989846e+00 2.9214908974e+00 2.1057516954e+00 3.7907870740e+00 1.6056395506e+01 4.6220000000e+03 6.0000000000e-01 -2.9444389792e+00
8.7731497937e+00 2.9128630108e+00 2.2503665699e+00 3.7722437074e+00 7.2858117844e+00 4.6230000000e+03 6.0000000000e-01 -2.9444389792e+00
8.7744975742e+00 4.3997360996e+00 2.2833089840e+00 3.8196981583e+00 1.1766442411e+01 4.6240000000e+03 6.0000000000e-01 -2.9444389792e+00
8.7778067848e+00 2.8416645754e+00 2.4576327820e+00 3.8012229869e+00 5.0880984481e+00 4.6250000000e+03 6.0000000000e-01 -2.9444389792e+00
8.7829002317e+00 3.7251311700e+00 2.6095807062e+00 3.8072940604e+00 5.6388722536e+00 4.6260000000e+03 6.0000000000e-01 -2.9444389792e+00
8.7870604863e+00 2.9943486835e+00 2.8106436033e+00 3.7944836141e+00 2.3468634604e+00 4.6270000000e+03 6.0000000000e-01 -2.9444389792e+00
8.7905101798e+00 2.5475533995e+00 2.7907622209e+00 3.8166476444e+00 5.9567984879e+00 4.6280000000e+03 6.0000000000e-01 -2.9444389792e+00
8.7923424035e+00 2.5619191977e+00 3.0495285641e+00 3.7589537520e+00 1.7718768491e+01 4.6290000000e+03 6.0000000000e-01 -2.9444389792e+00
8.7975527852e+00 2.5057831451e+00 3.2445871583e+00 3.7711158874e+00 2.5557309291e+00 4.6300000000e+03 6.0000000000e-01 -2.9444389792e+00
8.8002676571e+00 3.4272056992e+00 3.2294651680e+00 3.8080241217e+00 1.1339583554e+01 4.6310000000e+03 6.0000000000e-01 -2.9444389792e+00
8.8025972091e+00 2.5966604089e+00 3.3596465712e+00 3.7671681362e+00 1.7045363519e+01 4.6320000000e+03 6.0000000000e-01 -2.9444389792e+00
8.8040549739e+00 2.6011596049e+00 3.6640721151e+00 3.7847340933e+00 9.9469647058e+00 4.6330000000e+03 6.0000000000e-01 -2.9444389792e+00
8.8046831245e+00 2.6586462216e+00 3.6005533798e+00 3.8128184177e+00 5.0707781071e+00 4.6340000000e+03 6.0000000000e-01 -2.9444389792e+00
8.8061553770e+00 2.6266097128e+00 3.6794067725e+00 3.7774928992e+00 1.1102374333e+01 4.6350000000e+03 6.0000000000e-01 -2.9444389792e+00
8.8089424029e+00 3.8999819311e+00 3.7090700338e+00 3.7694125157e+00 1.3610732148e+01 4.6360000000e+03 6.0000000000e-01 -2.9444389792e+00
8.8098114074e+00 3.1198777050e+00 3.8055430894e+00 3.7726959106e+00 3.3638752298e+00 4.6370000000e+03 6.0000000000e-01 -2.9444389792e+00
8.8122171686e+00 3.1403476373e+00 3.9816163686e+00 3.8063168698e+00 5.2671761681e+00 4.6380000000e+03 6.0000000000e-01 -2.9444389792e+00
8.8135678292e+00 3.0943718901e+00 4.1343396782e+00 3.8148464399e+00 1.7463256514e+01 4.6390000000e+03 6.0000000000e-01 -2.9444389792e+00
8.8143404463e+00 2.6426145993e+00 4.2762797318e+00 3.8211356494e+00 1.5290567219e+01 4.6400000000e+03 6.0000000000e-01 -2.9444389792e+00
8.8187080800e+00 3.1878222675e+00 4.5114292216e+00 3.7917165882e+00 2.5702057963e+00 4.6410000000e+03 6.0000000000e-01 -2.9444389792e+00
8.8207255026e+00 2.9728376569e+00 4.6553364914e+00 3.7706846826e+00 1.4414809589e+01 4.6420000000e+03 6.0000000000e-01 -2.9444389792e+00
8.8251101449e+00 2.5820698648e+00 4.7593166670e+00 3.8065884152e+00 1.2958142906e+01 4.6430000000e+03 6.0000000000e-01 -2.9444389792e+00
8.8308745140e+00 2.6819797235e+00 4.6909017615e+00 3.7554743549e+00 1.0148070548e+01 4.6440000000e+03 6.0000000000e-01 -2.9444389792e+00
8.8337607065e+00 3.0038380353e+00 4.8515598865e+00 3.7664788378e+00 9.5829543027e+00 4.6450000000e+03 6.0000000000e-01 -2.9444389792e+00
8.8340543129e+00 2.9680850770e+00 4.0226155150e-02 3.9059904605e+00 5.7628671116e+00 4.6460000000e+03 6.0000000000e-01 -2.9444389792e+00
8.8344472108e+00 2.8018912742e+00 1.4628623534e-01 3.8497904761e+00 1.2921914177e+01 4.6470000000e+03 6.0000000000e-01 -2.9444389792e+00
8.8352187060e+00 4.7434180292e+00 4.1507483535e-01 3.8582995171e+00 1.0877008794e+01 4.6480000000e+03 6.0000000000e-01 -2.9444389792e+00
8.8385903332e+00 2.9713789075e+00 5.2754856037e-01 3.8812990051e+00 1.4715577288e+01 4.6490000000e+03 6.0000000000e-01 -2.9444389792e+00
8.8401628225e+00 3.4697292642e+00 5.5222855931e-01 3.8303942530e+00 2.8677389403e+00 4.6500000000e+03 6.0000000000e-01 -2.9444389792e+00
8.8448990243e+00 2.5817787518e+00 7.7574306245e-01 3.8917184447e+00 5.7492619213e+00 4.6510000000e+03 6.0000000000e-01 -2.9444389792e+00
8.8486115642e+00 2.5495200889e+00 7.2516273003e-01 3.8406700906e+00 3.0198064853e+00 4.6520000000e+03 6.0000000000e-01 -2.9444389792e+00
8.8486783346e+00 2.6826232345e+00 7.9332683373e-01 3.8719332303e+00 1.5435688842e+01 4.6530000000e+03 6.0000000000e-01 -2.9444389792e+00
8.8490552115e+00 4.4986059127e+00 8.2751849126e-01 3.8697351444e+00 1.2683200589e+01 4.6540000000e+03 6.0000000000e-01 -2.9444389792e+00
8.8498851871e+00 3.5839245349e+00 9.8382044735e-01 3.8997415686e+00 1.5955444459e+01 4.6550000000e+03 6.0000000000e-01 -2.9444389792e+00
8.8511725808e+00 2.5195972290e+00 1.2275022245e+00 3.8450985103e+00 8.6878815155e+00 4.6560000000e+03 6.0000000000e-01 -2.9444389792e+00
8.8517922225e+00 2.8175148219e+00 1.3521170466e+00 3.8584301604e+00 9.9444947976e+00 4.6570000000e+03 6.0000000000e-01 -2.9444389792e+00
8.8523897710e+00 2.8773630943e+00 1.4101240959e+00 3.8988808113e+00 1.2527799128e+01 4.6580000000e+03 6.0000000000e-01 -2.9444389792e+00
8.8532883328e+00 2.7471621256e+00 1.7453599194e+00 3.9049536261e+00 1.3797350580e+01 4.6590000000e+03 6.0000000000e-01 -2.9444389792e+00
8.8539404475e+00 2.6137684415e+00 2.0092703951e+00 3.8476519595e+00 1.4384182636e+01 4.6600000000e+03 6.0000000000e-01 -2.9444389792e+00
8.8586509881e+00 2.5009354758e+00 2.0985656387e+00 3.8825198087e+00 5.0172902195e+00 4.6610000000e+03 6.0000000000e-01 -2.9444389792e+00
8.8638321917e+00 2.6755150175e+00 2.2118438284e+00 3.8314922360e+00 1.0665506888e+01 4.6620000000e+03 6.0000000000e-01 -2.9444389792e+00
8.8641494246e+00 3.0597666239e+00 2.2887556740e+00 3.8641233636e+00 1.0185713934e+01 4.6630000000e+03 6.0000000000e-01 -2.9444389792e+00
8.8644280060e+00 2.9730665936e+00 2.4191734337e+00 3.8507790636e+00 1.1647975230e+01 4.6640000000e+03 6.0000000000e-01 -2.9444389792e+00
8.8730256860e+00 2.9743137969e+00 2.3785759094e+00 3.8646866506e+00 2.8678100118e+00 4.6650000000e+03 6.0000000000e-01 -2.9444389792e+00
8.8766243245e+00 2.9265586767e+00 2.3880815711e+00 3.8625227511e+00 1.2342356871e+01 4.6660000000e+03 6.0000000000e-01 -2.9444389792e+00
8.8770391132e+00 2.6048787741e+00 2.5938412525e+00 3.8433409745e+00 1.2313341913e+01 4.6670000000e+03 6.0000000000e-01 -2.9444389792e+00
8.8789092477e+00 2.9084770902e+00 2.6896342174e+00 3.9032636830e+00 2.7430592670e+00 4.6680000000e+03 6.0000000000e-01 -2.9444389792e+00
8.8797472229e+00 2.7219192607e+00 2.9447771891e+00 3.8792623071e+00 1.0136057940e+01 4.6690000000e+03 6.0000000000e-01 -2.9444389792e+00
8.8806649295e+00 2.8272840090e+00 2.9706294235e+00 3.8979723914e+00 9.2501570262e+00 4.6700000000e+03 6.0000000000e-01 -2.9444389792e+00
8.8809004391e+00 3.4562932789e+00 3.0016934124e+00 3.8769684745e+00 6.0794513454e+00 4.6710000000e+03 6.0000000000e-01 -2.9444389792e+00
8.8824102102e+00 3.6418475650e+00 3.1077195359e+00 3.9042886674e+00 2.9693192574e+00 4.6720000000e+03 6.0000000000e-01 -2.9444389792e+00
8.8833015562e+00 2.6322301196e+00 3.1186278902e+00 3.8999821469e+00 1.3568705594e+01 4.6730000000e+03 6.0000000000e-01 -2.9444389792e+00
8.8847461852e+00 2.7057430322e+00 3.1415983689e+00 3.8851197954e+00 2.3528992299e+00 4.6740000000e+03 6.0000000000e-01 -2.9444389792e+00
8.8885818379e+00 3.2284882185e+00 3.2199279430e+00 3.8880143975e+00 9.4967342943e+00 4.6750000000e+03 6.0000000000e-01 -2.9444389792e+00
8.8906282062e+00 2.5674165315e+00 3.2488388106e+00 3.8800609208e+00 1.6085921292e+01 4.6760000000e+03 6.0000000000e-01 -2.9444389792e+00
8.8907124996e+00 2.7598737920e+00 3.4651001469e+00 3.8569334033e+00 1.3729305956e+01 4.6770000000e+03 6.0000000000e-01 -2.9444389792e+00
8.8924549483e+00 2.6833045495e+00 3.6531471475e+00 3.8569912204e+00 1.3492400802e+01 4.6780000000e+03 6.0000000000e-01 -2.9444389792e+00
8.8989552896e+00 2.6972296343e+00 3.9419880028e+00 3.8502951506e+00 6.9513787941e+00 4.6790000000e+03 6.0000000000e-01 -2.9444389792e+00
8.9030254455e+00 2.6555611983e+00 4.0831819286e+00 3.8402547003e+00 3.3370472987e+00 4.6800000000e+03 6.0000000000e-01 -2.9444389792e+00
8.9081984142e+00 2.6368956645e+00 4.1658687201e+00 3.8406565566e+00 1.0017306491e+01 4.6810000000e+03 6.0000000000e-01 -2.9444389792e+00
8.9088898857e+00 2.7885732884e+00 4.5395135257e+00 3.8778966083e+00 2.1967368130e+00 4.6820000000e+03 6.0000000000e-01 -2.9444389792e+00
8.9134286052e+00 2.6459384078e+00 4.6027132250e+00 3.8472014385e+00 1.0438339897e+01 4.6830000000e+03 6.0000000000e-01 -2.9444389792e+00
8.9147594568e+00 2.8584749385e+00 4.8259037284e+00 3.8517164354e+00 1.1860173254e+01 4.6840000000e+03 6.0000000000e-01 -2.9444389792e+00
8.9160021538e+00 2.5547850652e+00 1.0390806295e-01 3.9421701596e+00 2.4707674979e+00 4.6850000000e+03 6.0000000000e-01 -2.9444389792e+00
8.9161999196e+00 2.7179917020e+00 4.6060007469e-01 3.9076458044e+00 1.6624221750e+01 4.6860000000e+03 6.0000000000e-01 -2.9444389792e+00
8.9175240046e+00 2.8287403432e+00 5.3114873004e-01 3.9800504353e+00 1.0162640472e+01 4.6870000000e+03 6.0000000000e-01 -2.9444389792e+00
8.9181034185e+00 2.5003730664e+00 6.1095575950e-01 3.9640991046e+00 3.5570460401e+00 4.6880000000e+03 6.0000000000e-01 -2.9444389792e+00
8.9213717447e+00 2.6470073389e+00 6.7917277549e-01 3.9721838761e+00 1.4769916542e+01 4.6890000000e+03 6.0000000000e-01 -2.9444389792e+00
8.9225487369e+00 4.1834711960e+00 1.1947700478e+00 3.9572854799e+00 1.5565457434e+01 4.6900000000e+03 6.0000000000e-01 -2.9444389792e+00
8.9230244059e+00 3.1706130483e+00 1.2012074370e+00 3.9128144762e+00 1.6820187922e+01 4.6910000000e+03 6.0000000000e-01 -2.9444389792e+00
8.9234421572e+00 2.8150937271e+00 1.3136125890e+00 3.9646079419e+00 1.5350641577e+01 4.6920000000e+03 6.0000000000e-01 -2.9444389792e+00
8.9277317164e+00 3.8484303077e+00 1.4984963357e+00 3.9526109901e+00 8.0057236422e+00 4.6930000000e+03 6.0000000000e-01 -2.9444389792e+00
8.9312489672e+00 2.9811715435e+00 1.6946807584e+00 3.9533195812e+00 2.7052981165e+00 4.6940000000e+03 6.0000000000e-01 -2.9444389792e+00
8.9312530760e+00 3.9739794653e+00 1.6712659683e+00 3.9285761380e+00 4.5753295950e+00 4.6950000000e+03 6.0000000000e-01 -2.9444389792e+00
8.9346406608e+00 3.3168928798e+00 1.7425790141e+00 3.9817044905e+00 1.7036732283e+01 4.6960000000e+03 6.0000000000e-01 -2.9444389792e+00
8.9389518416e+00 3.2621704223e+00 1.8126755806e+00 3.9389961109e+00 1.7431084504e+01 4.6970000000e+03 6.0000000000e-01 -2.9444389792e+00
8.9434823409e+00 2.7178022440e+00 1.9703710090e+00 3.9081011548e+00 1.0594619349e+01 4.6980000000e+03 6.0000000000e-01 -2.9444389792e+00
8.9443667592e+00 2.8602377685e+00 2.0546368030e+00 3.9342239983e+00 1.6279122567e+01 4.6990000000e+03 6.0000000000e-01 -2.9444389792e+00
8.9450130655e+00 2.5108298628e+00 2.0441485544e+00 3.9598075235e+00 1.5075150135e+01 4.7000000000e+03 6.0000000000e-01 -2.9444389792e+00
8.9458651849e+00 2.6158012414e+00 2.1581978464e+00 3.9163340539e+00 9.4340522327e+00 4.7010000000e+03 6.0000000000e-01 -2.9444389792e+00
8.9459898201e+00 2.8061011515e+00 2.3695144593e+00 3.9516566047e+00 4.2482675001e+00 4.7020000000e+03 6.0000000000e-01 -2.9444389792e+00
8.9464280561e+00 2.5750186591e+00 2.4979125687e+00 3.9304961432e+00 1.1264161483e+01 4.7030000000e+03 6.0000000000e-01 -2.9444389792e+00
8.9472668819e+00 3.1474929465e+00 2.9615949730e+00 3.9638570955e+00 1.6098831502e+01 4.7040000000e+03 6.0000000000e-01 -2.9444389792e+00
8.9480359062e+00 2.6486338973e+00 2.9606800379e+00 3.9639274024e+00 1.0929891422e+01 4.7050000000e+03 6.0000000000e-01 -2.9444389792e+00
8.9526743818e+00 2.5633623028e+00 3.0046848026e+00 3.9447369447e+00 1.3306993638e+01 4.7060000000e+03 6.0000000000e-01 -2.9444389792e+00
8.9554383334e+00 2.9763795032e+00 3.2089757814e+00 3.9677325885e+00 3.4438951348e+00 4.7070000000e+03 6.0000000000e-01 -2.9444389792e+00
8.9555660821e+00 3.9387757466e+00 3.3784189882e+00 3.9308630959e+00 1.5355089915e+01 4.7080000000e+03 6.0000000000e-01 -2.9444389792e+00
8.9591713403e+00 2.6773803146e+00 3.3636620938e+00 3.9271832782e+00 8.6534711104e+00 4.7090000000e+03 6.0000000000e-01 -2.9444389792e+00
8.9782312580e+00 2.7610407623e+00 3.4333814372e+00 3.9247100644e+00 1.1843737818e+01 4.7100000000e+03 6.0000000000e-01 -2.9444389792e+00
8.9798248377e+00 2.6028283290e+00 3.4990747956e+00 3.9241919252e+00 7.9211225390e+00 4.7110000000e+03 6.0000000000e-01 -2.9444389792e+00
8.9805172865e+00 2.6181544644e+00 3.5171231677e+00 3.9182364174e+00 1.2000230317e+01 4.7120000000e+03 6.0000000000e-01 -2.9444389792e+00
8.9808077261e+00 3.1188938216e+00 3.6035297229e+00 3.9190529293e+00 1.6135362416e+01 4.7130000000e+03 6.0000000000e-01 -2.9444389792e+00
8.9846829032e+00 2.5192631000e+00 3.6463344760e+00 3.9202916327e+00 1.0629370317e+01 4.7140000000e+03 6.0000000000e-01 -2.9444389792e+00
8.9854610644e+00 3.0397190112e+00 3.6293415762e+00 3.9176563001e+00 4.0239478620e+00 4.7150000000e+03 6.0000000000e-01 -2.9444389792e+00
8.9856885256e+00 2.9066738958e+00 3.9449381106e+00 3.9209909352e+00 1.3728529835e+01 4.7160000000e+03 6.0000000000e-01 -2.9444389792e+00
8.9865396586e+00 2.8358335324e+00 3.9611460193e+00 3.9304470790e+00 1.5572948663e+01 4.7170000000e+03 6.0000000000e-01 -2.9444389792e+00
8.9943779876e+00 2.6443727495e+00 3.9891851159e+00 3.9678061468e+00 9.8855492928e+00 4.7180000000e+03 6.0000000000e-01 -2.9444389792e+00
8.9971109031e+00 3.0578348664e+00 4.3492194173e+00 3.9600509530e+00 6.0266073102e+00 4.7190000000e+03 6.0000000000e-01 -2.9444389792e+00
8.9984313204e+00 2.9722124817e+00 4.4716372822e+00 3.9547497026e+00 9.0040820309e+00 4.7200000000e+03 6.0000000000e-01 -2.9444389792e+00
8.9998218081e+00 2.8297397691e+00 4.5694479004e+00 3.9687724893e+00 1.6742756340e+01 4.7210000000e+03 6.0000000000e-01 -2.9444389792e+00
9.0007262663e+00 2.5796307417e+00 4.9732802890e+00 3.9747227837e+00 1.6770913401e+01 4.7220000000e+03 6.0000000000e-01 -2.9444389792e+00
9.0014382628e+00 2.8764891241e+00 2.9907518471e-01 4.0533237251e+00 1.3645886366e+01 4.7230000000e+03 6.0000000000e-01 -2.9444389792e+00
9.0077443236e+00 3.1331526366e+00 3.1643970882e-01 3.9903405957e+00 2.1568506087e+00 4.7240000000e+03 6.0000000000e-01 -2.9444389792e+00
9.0103218760e+00 2.6420805316e+00 4.3738295063e-01 3.9857833825e+00 1.0248265424e+01 4.7250000000e+03 6.0000000000e-01 -2.9444389792e+00
9.0122654613e+00 3.3865596170e+00 7.4970331626e-01 3.9941717241e+00 1.5167300131e+01 4.7260000000e+03 6.0000000000e-01 -2.9444389792e+00
9.0155227660e+00 2.8841983503e+00 7.6755280481e-01 4.0369798015e+00 1.2061371320e+01 4.7270000000e+03 6.0000000000e-01 -2.9444389792e+00
9.0176558358e+00 2.5750253336e+00 9.6445594387e-01 4.0323787244e+00 3.6935032109e+00 4.7280000000e+03 6.0000000000e-01 -2.9444389792e+00
9.0196153756e+00 3.1724148543e+00 9.7965937804e-01 4.0324664524e+00 9.7852137160e+00 4.7290000000e+03 6.0000000000e-01 -2.9444389792e+00
9.0221973971e+00 2.8269993493e+00 1.0470582362e+00 3.9971365128e+00 5.9942033742e+00 4.7300000000e+03 6.0000000000e-01 -2.9444389792e+00
9.0264313416e+00 2.6791530581e+00 1.1233984942e+00 4.0559353263e+00 1.5266725498e+01 4.7310000000e+03 6.0000000000e-01 -2.9444389792e+00
9.0275893143e+00 3.5727589770e+00 1.1683255576e+00 4.0353680656e+00 1.7106218344e+01 4.7320000000e+03 6.0000000000e-01 -2.9444389792e+00
9.0279335331e+00 3.2121972365e+00 1.1660243026e+00 4.0218484238e+00 5.9980160049e+00 4.7330000000e+03 6.0000000000e-01 -2.9444389792e+00
9.0285852522e+00 2.6846378081e+00 1.5879758885e+00 3.9912611918e+00 7.5235293414e+00 4.7340000000e+03 6.0000000000e-01 -2.9444389792e+00
9.0293118963e+00 2.6757428623e+00 1.6040722327e+00 4.0184957050e+00 7.1864849031e+00 4.7350000000e+03 6.0000000000e-01 -2.9444389792e+00
9.0310746757e+00 3.3578565664e+00 1.6049537168e+00 4.0353702242e+00 1.7617807458e+01 4.7360000000e+03 6.0000000000e-01 -2.9444389792e+00
9.0316058941e+00 2.7251902128e+00 1.7038292335e+00 4.0215342368e+00 9.2332122825e+00 4.7370000000e+03 6.0000000000e-01 -2.9444389792e+00
9.0407949861e+00 3.4704136682e+00 1.6921375512e+00 4.0519758300e+00 7.1634337268e+00 4.7380000000e+03 6.0000000000e-01 -2.9444389792e+00
9.0414705467e+00 2.7764752996e+00 1.9434278342e+00 4.0212868485e+00 3.2255637184e+00 4.7390000000e+03 6.0000000000e-01 -2.9444389792e+00
9.0424589552e+00 3.3013794893e+00 2.2067757166e+00 4.0068547462e+00 1.6345883292e+01 4.7400000000e+03 6.0000000000e-01 -2.9444389792e+00
9.0455676144e+00 2.5726131278e+00 2.2690862202e+00 4.0073843219e+00 2.5092660111e+00 4.7410000000e+03 6.0000000000e-01 -2.9444389792e+00
9.0455810282e+00 3.1161899308e+00 2.3304068904e+00 4.0558883162e+00 1.1506211760e+01 4.7420000000e+03 6.0000000000e-01 -2.9444389792e+00
9.0463441675e+00 2.6121101753e+00 2.6277713523e+00 4.0450847455e+00 5.7848051556e+00 4.7430000000e+03 6.0000000000e-01 -2.9444389792e+00
9.0511056006e+00 3.1000900231e+00 3.1087318304e+00 4.0326546587e+00 1.0247348747e+01 4.7440000000e+03 6.0000000000e-01 -2.9444389792e+00
9.0580528440e+00 2.5283259906e+00 3.0863130517e+00 4.0346398943e+00 1.7547296288e+01 4.7450000000e+03 6.0000000000e-01 -2.9444389792e+00
9.0587909184e+00 2.8181642747e+00 3.0862737878e+00 4.0265202364e+00 1.1533742229e+01 4.7460000000e+03 6.0000000000e-01 -2.9444389792e+00
9.0596416580e+00 2.8335359703e+00 3.1991515794e+00 4.0510984515e+00 1.0373561967e+01 4.7470000000e+03 6.0000000000e-01 -2.9444389792e+00
9.0643849752e+00 2.6863179515e+00 3.1833729639e+00 4.0250258630e+00 1.3526086049e+01 4.7480000000e+03 6.0000000000e-01 -2.9444389792e+00
9.0677805461e+00 4.4696498892e+00 3.5242425352e+00 4.0042763867e+00 4.3858507812e+00 4.7490000000e+03 6.0000000000e-01 -2.9444389792e+00
9.0693848898e+00 2.7867991545e+00 3.8212748970e+00 3.9890952444e+00 5.5594576007e+00 4.7500000000e+03 6.0000000000e-01 -2.9444389792e+00
9.0785311134e+00 3.1271234639e+00 3.9053785747e+00 4.0609117055e+00 1.6454479699e+01 4.7510000000e+03 6.0000000000e-01 -2.9444389792e+00
9.0789957437e+00 3.0424071321e+00 3.8965119236e+00 4.0093996654e+00 1.4503271814e+01 4.7520000000e+03 6.0000000000e-01 -2.9444389792e+00
9.0791873551e+00 2.7059071026e+00 4.0588659734e+00 3.9973441438e+00 3.9873237565e+00 4.7530000000e+03 6.0000000000e-01 -2.9444389792e+00
9.0798700803e+00 2.5867034820e+00 4.4263449234e+00 4.0560132228e+00 5.7296238314e+00 4.7540000000e+03 6.0000000000e-01 -2.9444389792e+00
9.0815889134e+00 2.7329487061e+00 4.4747728234e+00 4.0144411095e+00 2.4655908373e+00 4.7550000000e+03 6.0000000000e-01 -2.9444389792e+00
9.0831832163e+00 3.4416094969e+00 4.5511527691e+00 4.0555857376e+00 3.0220806510e+00 4.7560000000e+03 6.0000000000e-01 -2.9444389792e+00
9.0879650628e+00 2.8024523310e+00 4.6793339065e+00 4.0015559975e+00 1.7035273671e+01 4.7570000000e+03 6.0000000000e-01 -2.9444389792e+00
9.0951285542e+00 2.5789779684e+00 4.6551217834e+00 4.0560333526e+00 4.8054399013e+00 4.7580000000e+03 6.0000000000e-01 -2.9444389792e+00
9.0951888442e+00 3.5066244945e+00 4.6207723984e+00 4.0345799635e+00 1.2688112480e+01 4.7590000000e+03 6.0000000000e-01 -2.9444389792e+00
9.0972034955e+00 5.7020534828e+00 4.7170487351e+00 4.0019594172e+00 1.2884101902e+01 4.7600000000e+03 6.0000000000e-01 -2.9444389792e+00
9.0991436964e+00 3.0083236245e+00 4.9797159060e+00 4.0280205666e+00 1.1352444080e+01 4.7610000000e+03 6.0000000000e-01 -2.9444389792e+00
9.1035166255e+00 2.9478392661e+00 4.9375834087e+00 4.0194348827e+00 1.4741127953e+01 4.7620000000e+03 6.0000000000e-01 -2.9444389792e+00
9.1099789413e+00 3.0730231529e+00 3.3665738567e-02 4.1024316000e+00 2.8047344315e+00 4.7630000000e+03 6.0000000000e-01 -2.9444389792e+00
9.1119575442e+00 2.8549402542e+00 7.3650449806e-02 4.0996011404e+00 8.9848692066e+00 4.7640000000e+03 6.0000000000e-01 -2.9444389792e+00
9.1129970954e+00 3.2194974294e+00 1.1896588208e-01 4.1160880228e+00 8.5432665438e+00 4.7650000000e+03 6.0000000000e-01 -2.9444389792e+00
9.1135710687e+00 2.7272258981e+00 3.0873083412e-01 4.1124960578e+00 1.4682209286e+01 4.7660000000e+03 6.0000000000e-01 -2.9444389792e+00
9.1174808938e+00 3.5861781649e+00 4.2358019504e-01 4.0828618499e+00 6.2572491354e+00 4.7670000000e+03 6.0000000000e-01 -2.9444389792e+00
9.1210958913e+00 2.9526789128e+00 6.6738553669e-01 4.1398504899e+00 1.4290937463e+01 4.7680000000e+03 6.0000000000e-01 -2.9444389792e+00
9.1261919392e+00 3.9475234872e+00 8.4202765375e-01 4.0974398825e+00 8.5577767938e+00 4.7690000000e+03 6.0000000000e-01 -2.9444389792e+00
9.1280302077e+00 2.9415043789e+00 8.7752489894e-01 4.1316510132e+00 1.1552959145e+01 4.7700000000e+03 6.0000000000e-01 -2.9444389792e+00
9.1290532322e+00 4.1507602973e+00 9.5320100973e-01 4.0667873136e+00 1.1096344460e+01 4.7710000000e+03 6.0000000000e-01 -2.9444389792e+00
9.1295987325e+00 3.1356128177e+00 1.1499134520e+00 4.0649606705e+00 1.0314533601e+01 4.7720000000e+03 6.0000000000e-01 -2.9444389792e+00
9.1304370557e+00 2.6414382387e+00 1.1423750889e+00 4.1379744139e+00 1.4288231050e+01 4.7730000000e+03 6.0000000000e-01 -2.9444389792e+00
9.1308352379e+00 3.3566196108e+00 1.5107618912e+00 4.1134932492e+00 1.4795871211e+01 4.7740000000e+03 6.0000000000e-01 -2.9444389792e+00
9.1326954515e+00 3.8776283681e+00 1.5334195000e+00 4.0946812835e+00 1.1892672975e+01 4.7750000000e+03 6.0000000000e-01 -2.9444389792e+00
9.1357495405e+00 2.5090353491e+00 1.5953842669e+00 4.1156507317e+00 2.9035513917e+00 4.7760000000e+03 6.0000000000e-01 -2.9444389792e+00
9.1395481834e+00 2.6474416596e+00 1.9719312533e+00 4.0712012115e+00 7.2580528671e+00 4.7770000000e+03 6.0000000000e-01 -2.9444389792e+00
9.1400134131e+00 2.6941201325e+00 2.0177408178e+00 4.1104722719e+00 3.8759860697e+00 4.7780000000e+03 6.0000000000e-01 -2.9444389792e+00
9.1401348443e+00 3.0174408235e+00 1.9804424141e+00 4.1160548570e+00 1.1050174949e+01 4.7790000000e+03 6.0000000000e-01 -2.9444389792e+00
9.1404831631e+00 2.6114724025e+00 2.3053830335e+00 4.0756280951e+00 8.4395958285e+00 4.7800000000e+03 6.0000000000e-01 -2.9444389792e+00
9.1441616922e+00 2.7962048055e+00 2.4210445747e+00 4.1383675494e+00 6.7055201694e+00 4.7810000000e+03 6.0000000000e-01 -2.9444389792e+00
9.1447839486e+00 2.6130199404e+00 2.4662764121e+00 4.1233360187e+00 2.9028649798e+00 4.7820000000e+03 6.0000000000e-01 -2.9444389792e+00
9.1449592060e+00 2.6533343515e+00 2.4253893911e+00 4.1206160233e+00 7.4603239661e+00 4.7830000000e+03 6.0000000000e-01 -2.9444389792e+00
9.1464928031e+00 2.6685157033e+00 2.5620535581e+00 4.0822532325e+00 1.2411242453e+01 4.7840000000e+03 6.0000000000e-01 -2.9444389792e+00
9.1468779482e+00 2.7048552617e+00 2.5724414016e+00 4.1079404289e+00 1.5936744995e+01 4.7850000000e+03 6.0000000000e-01 -2.9444389792e+00
9.1468940024e+00 2.6155728008e+00 2.6976040030e+00 4.1215758741e+00 1.4053988786e+01 4.7860000000e+03 6.0000000000e-01 -2.9444389792e+00
9.1474293784e+00 2.6362270181e+00 3.0053721532e+00 4.1268607351e+00 7.3502816724e+00 4.7870000000e+03 6.0000000000e-01 -2.9444389792e+00
9.1482801877e+00 2.6144827402e+00 3.1060021379e+00 4.1070409541e+00 7.9924001038e+00 4.7880000000e+03 6.0000000000e-01 -2.9444389792e+00
9.1618863797e+00 2.5335431658e+00 3.2144349153e+00 4.1172574122e+00 5.1352785170e+00 4.7890000000e+03 6.0000000000e-01 -2.9444389792e+00
9.1639805693e+00 2.5882487879e+00 3.4682471305e+00 4.0948269153e+00 8.3190981587e+00 4.7900000000e+03 6.0000000000e-01 -2.9444389792e+00
9.1655965053e+00 2.5106264245e+00 3.5741421440e+00 4.1373743355e+00 6.7245762640e+00 4.7910000000e+03 6.0000000000e-01 -2.9444389792e+00
9.1663611721e+00 3.9530846916e+00 3.6647288600e+00 4.1146967402e+00 5.4407286852e+00 4.7920000000e+03 6.0000000000e-01 -2.9444389792e+00
9.1708717666e+00 3.3876363053e+00 3.7178300539e+00 4.0778046098e+00 6.2838048296e+00 4.7930000000e+03 6.0000000000e-01 -2.9444389792e+00
9.1718775494e+00 2.6106386502e+00 3.8414412617e+00 4.0874396866e+00 8.7734818869e+00 4.7940000000e+03 6.0000000000e-01 -2.9444389792e+00
9.1756103564e+00 2.5206467193e+00 4.0539905190e+00 4.0917633740e+00 9.7455889308e+00 4.7950000000e+03 6.0000000000e-01 -2.9444389792e+00
9.1779020418e+00 2.6818260353e+00 4.1901595250e+00 4.1340067175e+00 1.3941506404e+01 4.7960000000e+03 6.0000000000e-01 -2.9444389792e+00
9.1796633381e+00 3.0565966946e+00 4.1870343770e+00 4.0783675081e+00 8.3385939964e+00 4.7970000000e+03 6.0000000000e-01 -2.9444389792e+00
9.1806043635e+00 2.7169486843e+00 4.3084482584e+00 4.0814716579e+00 1.3036619734e+01 4.7980000000e+03 6.0000000000e-01 -2.9444389792e+00
9.1839375953e+00 3.8148811687e+00 4.5084283748e+00 4.1362462256e+00 1.1128157204e+01 4.7990000000e+03 6.0000000000e-01 -2.9444389792e+00
9.1875581042e+00 2.6478067340e+00 4.6639030659e+00 4.1193091834e+00 4.8796542114e+00 4.8000000000e+03 6.0000000000e-01 -2.9444389792e+00
9.1885256962e+00 3.3006263385e+00 4.7345465455e+00 4.1096625684e+00 4.6349797894e+00 4.8010000000e+03 6.0000000000e-01 -2.9444389792e+00
9.1897396930e+00 3.4477351974e+00 7.1098564268e-02 4.1744651011e+00 1.7568893133e+01 4.8020000000e+03 6.0000000000e-01 -2.9444389792e+00
9.1909496723e+00 2.7594640669e+00 1.4076842091e-01 4.1909744369e+00 6.4596673885e+00 4.8030000000e+03 6.0000000000e-01 -2.9444389792e+00
9.1911286931e+00 2.5058790028e+00 1.6186879291e-01 4.1811273012e+00 1.5864241568e+01 4.8040000000e+03 6.0000000000e-01 -2.9444389792e+00
9.1933604282e+00 2.5706799280e+00 3.7801217413e-01 4.2142041334e+00 6.0126218613e+00 4.8050000000e+03 6.0000000000e-01 -2.9444389792e+00
9.1960618118e+00 2.6148427271e+00 4.2319612807e-01 4.1655197061e+00 4.0341707622e+00 4.8060000000e+03 6.0000000000e-01 -2.9444389792e+00
9.1961733259e+00 2.5499870827e+00 4.5746467013e-01 4.2067601494e+00 1.5292055665e+01 4.8070000000e+03 6.0000000000e-01 -2.9444389792e+00
9.1975991110e+00 3.1156844130e+00 5.1266717208e-01 4.2068802230e+00 5.3622382354e+00 4.8080000000e+03 6.0000000000e-01 -2.9444389792e+00
9.1982890704e+00 2.7005221033e+00 5.1653255155e-01 4.1413185857e+00 1.1353931718e+01 4.8090000000e+03 6.0000000000e-01 -2.9444389792e+00
9.1984553616e+00 3.2029607765e+00 4.7943893409e-01 4.1855325685e+00 1.6948179806e+01 4.8100000000e+03 6.0000000000e-01 -2.9444389792e+00
9.1998656259e+00 3.1244522804e+00 7.9945845277e-01 4.1463797909e+00 1.2393739861e+01 4.8110000000e+03 6.0000000000e-01 -2.9444389792e+00
9.2016785376e+00 3.5350961623e+00 8.6347283604e-01 4.1923918785e+00 1.7463190264e+01 4.8120000000e+03 6.0000000000e-01 -2.9444389792e+00
9.2029399629e+00 2.6102712972e+00 1.0728410613e+00 4.1895769169e+00 1.7170974629e+01 4.8130000000e+03 6.0000000000e-01 -2.9444389792e+00
9.2053102686e+00 2.5113112418e+00 1.0415942358e+00 4.1443590839e+00 5.2152795734e+00 4.8140000000e+03 6.0000000000e-01 -2.9444389792e+00
9.2073390158e+00 2.5187791581e+00 1.2297639192e+00 4.1743387325e+00 6.5843203410e+00 4.8150000000e+03 6.0000000000e-01 -2.9444389792e+00
9.2108005592e+00 2.5059829270e+00 1.2423969156e+00 4.1580686391e+00 6.6607542948e+00 4.8160000000e+03 6.0000000000e-01 -2.9444389792e+00
9.2125864835e+00 2.8877631408e+00 1.2947011704e+00 4.2136835650e+00 1.7956104195e+01 4.8170000000e+03 6.0000000000e-01 -2.9444389792e+00
9.2155439841e+00 3.1455945762e+00 1.3695254523e+00 4.1596979199e+00 9.8809966219e+00 4.8180000000e+03 6.0000000000e-01 -2.9444389792e+00
9.2158565353e+00 3.3891492670e+00 1.4881764874e+00 4.1756341707e+00 9.5490185221e+00 4.8190000000e+03 6.0000000000e-01 -2.9444389792e+00
9.2172207728e+00 2.5128339154e+00 1.5966350749e+00 4.1565071149e+00 1.2366976295e+01 4.8200000000e+03 6.0000000000e-01 -2.9444389792e+00
9.2176164622e+00 3.0758033281e+00 1.5705304886e+00 4.1505259306e+00 8.1980589281e+00 4.8210000000e+03 6.0000000000e-01 -2.9444389792e+00
9.2192937804e+00 2.7267813960e+00 1.6170509808e+00 4.1459488883e+00 1.6797078672e+01 4.8220000000e+03 6.0000000000e-01 -2.9444389792e+00
9.2236710396e+00 2.5405913716e+00 1.7002839111e+00 4.1824807847e+00 1.4382557894e+01 4.8230000000e+03 6.0000000000e-01 -2.9444389792e+00
9.2243295927e+00 2.5509673255e+00 1.7737731678e+00 4.1911578649e+00 1.5532992223e+01 4.8240000000e+03 6.0000000000e-01 -2.9444389792e+00
9.2260797347e+00 2.5699972393e+00 1.8807667478e+00 4.1487341437e+00 8.7230402739e+00 4.8250000000e+03 6.0000000000e-01 -2.9444389792e+00
9.2266066425e+00 4.2222628378e+00 1.9955813322e+00 4.1490907995e+00 1.6112364587e+01 4.8260000000e+03 6.0000000000e-01 -2.9444389792e+00
9.2272750100e+00 2.6387243020e+00 2.0247885575e+00 4.1605201510e+00 7.6833133958e+00 4.8270000000e+03 6.0000000000e-01 -2.9444389792e+00
9.2318074160e+00 2.6001231252e+00 2.1425828104e+00 4.2112367636e+00 1.4748852901e+01 4.8280000000e+03 6.0000000000e-01 -2.9444389792e+00
9.2379318816e+00 2.6686758002e+00 2.3521739729e+00 4.2095622295e+00 1.6347606594e+01 4.8290000000e+03 6.0000000000e-01 -2.9444389792e+00
9.2445216136e+00 2.5814953259e+00 2.4657194150e+00 4.1665553197e+00 1.3835243760e+01 4.8300000000e+03 6.0000000000e-01 -2.9444389792e+00
9.2457949956e+00 3.0518380812e+00 2.4791895800e+00 4.1844813638e+00 1.4561555122e+01 4.8310000000e+03 6.0000000000e-01 -2.9444389792e+00
9.2465343229e+00 2.8548765854e+00 2.5598626069e+00 4.2020916120e+00 3.5526364723e+00 4.8320000000e+03 6.0000000000e-01 -2.9444389792e+00
9.2498497209e+00 3.0940642442e+00 2.5629368945e+00 4.2133323765e+00 2.9412771961e+00 4.8330000000e+03 6.0000000000e-01 -2.9444389792e+00
9.2505176637e+00 2.5282130807e+00 2.6972493755e+00 4.1740568995e+00 5.5360164533e+00 4.8340000000e+03 6.0000000000e-01 -2.9444389792e+00
9.2512095597e+00 3.8741742864e+00 2.8027423815e+00 4.1858225300e+00 1.3688223602e+01 4.8350000000e+03 6.0000000000e-01 -2.9444389792e+00
9.2524316377e+00 3.5682107009e+00 2.8328756587e+00 4.1763676723e+00 1.0598837510e+01 4.8360000000e+03 6.0000000000e-01 -2.9444389792e+00
9.2573550409e+00 3.2900316153e+00 2.8448953877e+00 4.1687389836e+00 1.6859964414e+01 4.8370000000e+03 6.0000000000e-01 -2.9444389792e+00
9.2598380324e+00 2.8202264960e+00 3.0136275701e+00 4.1477123608e+00 6.5958044009e+00 4.8380000000e+03 6.0000000000e-01 -2.9444389792e+00
9.2600213020e+00 3.1033351134e+00 2.9963525015e+00 4.1763740994e+00 2.3398926636e+00 4.8390000000e+03 6.0000000000e-01 -2.9444389792e+00
9.2605679522e+00 2.8135849150e+00 3.5059974965e+00 4.1409160451e+00 1.1050274119e+01 4.8400000000e+03 6.0000000000e-01 -2.9444389792e+00
9.2619405990e+00 2.5559300312e+00 3.6331662760e+00 4.2178407574e+00 1.5244491672e+01 4.8410000000e+03 6.0000000000e-01 -2.9444389792e+00
9.2651998714e+00 2.6848598880e+00 3.5971463204e+00 4.1893301559e+00 1.4481360469e+01 4.8420000000e+03 6.0000000000e-01 -2.9444389792e+00
9.2660933925e+00 3.2166772815e+00 3.7281037298e+00 4.1569621143e+00 1.2777755684e+01 4.8430000000e+03 6.0000000000e-01 -2.9444389792e+00
9.2736143587e+00 3.4654669781e+00 3.8713843135e+00 4.2133388400e+00 8.1326013512e+00 4.8440000000e+03 6.0000000000e-01 -2.9444389792e+00
9.2744133689e+00 3.1984232904e+00 3.8892624863e+00 4.2154314265e+00 8.5202380996e+00 4.8450000000e+03 6.0000000000e-01 -2.9444389792e+00
9.2769529214e+00 3.0061397607e+00 3.8661846485e+00 4.2178866529e+00 1.4314306132e+01 4.8460000000e+03 6.0000000000e-01 -2.9444389792e+00
9.2796596958e+00 3.0966395631e+00 3.9853880877e+00 4.1524342884e+00 3.6173841429e+00 4.8470000000e+03 6.0000000000e-01 -2.9444389792e+00
9.2814454116e+00 2.5785757685e+00 4.0365134469e+00 4.1441125121e+00 8.2387386036e+00 4.8480000000e+03 6.0000000000e-01 -2.9444389792e+00
9.2844517615e+00 2.9019634386e+00 4.0686349064e+00 4.1548025002e+00 1.6816217790e+01 4.8490000000e+03 6.0000000000e-01 -2.9444389792e+00
9.2886813368e+00 4.3410714254e+00 4.2183814410e+00 4.1924203311e+00 1.6837788545e+01 4.8500000000e+03 6.0000000000e-01 -2.9444389792e+00
9.2943848754e+00 2.5375613459e+00 4.8230436511e+00 4.2034678792e+00 1.1153744289e+01 4.8510000000e+03 6.0000000000e-01 -2.9444389792e+00
9.2952683785e+00 2.8868898680e+00 4.7905046465e+00 4.2105255558e+00 1.1804375493e+01 4.8520000000e+03 6.0000000000e-01 -2.9444389792e+00
9.2954391548e+00 3.1243756930e+00 4.8776381528e+00 4.1636240954e+00 1.5511539897e+01 4.8530000000e+03 6.0000000000e-01 -2.9444389792e+00
9.2976604514e+00 2.6126740772e+00 4.8696789277e+00 4.2095843195e+00 1.5550645011e+01 4.8540000000e+03 6.0000000000e-01 -2.9444389792e+00
9.2981047623e+00 2.5329593353e+00 4.9443898990e+00 4.1463779152e+00 1.1142408026e+01 4.8550000000e+03 6.0000000000e-01 -2.9444389792e+00
9.2989809447e+00 3.0617213578e+00 4.9543151483e+00 4.1723335822e+00 8.8629699667e+00 4.8560000000e+03 6.0000000000e-01 -2.9444389792e+00
9.3016761881e+00 2.9565841970e+00 4.9882703260e+00 4.2111013126e+00 7.5116363555e+00 4.8570000000e+03 6.0000000000e-01 -2.9444389792e+00
9.3065093819e+00 2.5623746284e+00 2.9908988865e-01 4.2860598181e+00 6.4821752105e+00 4.8580000000e+03 6.0000000000e-01 -2.9444389792e+00
9.3118069596e+00 2.5790963188e+00 3.4484230150e-01 4.2956610229e+00 2.7595934439e+00 4.8590000000e+03 6.0000000000e-01 -2.9444389792e+00
9.3124673097e+00 2.5776033740e+00 3.5049666648e-01 4.2435808096e+00 5.6724635133e+00 4.8600000000e+03 6.0000000000e-01 -2.9444389792e+00
9.3144008945e+00 2.5722250644e+00 4.2721250238e-01 4.2474892124e+00 2.1067178178e+00 4.8610000000e+03 6.0000000000e-01 -2.9444389792e+00
9.3154072576e+00 5.3909808250e+00 5.9338546526e-01 4.2374303394e+00 1.7198192698e+01 4.8620000000e+03 6.0000000000e-01 -2.9444389792e+00
9.3163973881e+00 2.7594417247e+00 5.6092745184e-01 4.2591049127e+00 7.8646072022e+00 4.8630000000e+03 6.0000000000e-01 -2.9444389792e+00
9.3167799587e+00 2.9078133945e+00 7.2188925097e-01 4.2899497526e+00 4.0679045960e+00 4.8640000000e+03 6.0000000000e-01 -2.9444389792e+00
9.3177104896e+00 3.1650300249e+00 7.5891192414e-01 4.2593540632e+00 4.3543768982e+00 4.8650000000e+03 6.0000000000e-01 -2.9444389792e+00
9.3195434673e+00 3.2204100369e+00 8.8812563713e-01 4.2756268629e+00 8.7631258473e+00 4.8660000000e+03 6.0000000000e-01 -2.9444389792e+00
9.3200910353e+00 2.5060550878e+00 1.0738570212e+00 4.2528104581e+00 1.2731540434e+01 4.8670000000e+03 6.0000000000e-01 -2.9444389792e+00
9.3238924915e+00 5.1958788417e+00 1.2960911695e+00 4.2519969473e+00 2.4621444666e+00 4.8680000000e+03 6.0000000000e-01 -2.9444389792e+00
9.3244343658e+00 2.7772855186e+00 1.3441764831e+00 4.2883017751e+00 2.6063435872e+00 4.8690000000e+03 6.0000000000e-01 -2.9444389792e+00
9.3261244531e+00 2.6980855714e+00 1.5636691512e+00 4.2856048893e+00 1.6286604522e+01 4.8700000000e+03 6.0000000000e-01 -2.9444389792e+00
9.3271833459e+00 2.9493038628e+00 1.6870490119e+00 4.2204526360e+00 1.3456441418e+01 4.8710000000e+03 6.0000000000e-01 -2.9444389792e+00
9.3273623434e+00 2.8955423588e+00 1.7107348556e+00 4.2491443866e+00 1.4615603527e+01 4.8720000000e+03 6.0000000000e-01 -2.9444389792e+00
9.3307926417e+00 3.4887427815e+00 2.0602924915e+00 4.2797736729e+00 9.6748767656e+00 4.8730000000e+03 6.0000000000e-01 -2.9444389792e+00
9.3310026709e+00 2.8047908197e+00 2.5738747146e+00 4.2848670657e+00 1.4913127436e+01 4.8740000000e+03 6.0000000000e-01 -2.9444389792e+00
9.3322849599e+00 3.0525325361e+00 2.5150894431e+00 4.2715330158e+00 1.4102556298e+01 4.8750000000e+03 6.0000000000e-01 -2.9444389792e+00
9.3352678677e+00 2.6684240393e+00 2.7093699584e+00 4.2249072903e+00 1.6033739245e+01 4.8760000000e+03 6.0000000000e-01 -2.9444389792e+00
9.3380405028e+00 2.5459035011e+00 2.8476266329e+00 4.2205599358e+00 6.7090128169e+00 4.8770000000e+03 6.0000000000e-01 -2.9444389792e+00
9.3399416046e+00 2.8890596552e+00 2.9930732020e+00 4.2624596380e+00 1.6056201697e+01 4.8780000000e+03 6.0000000000e-01 -2.9444389792e+00
9.3416849737e+00 2.9015637489e+00 3.0972306165e+00 4.2574256257e+00 1.7904020142e+01 4.8790000000e+03 6.0000000000e-01 -2.9444389792e+00
9.3448934600e+00 2.5036776284e+00 3.3579129840e+00 4.2322683850e+00 7.1964259374e+00 4.8800000000e+03 6.0000000000e-01 -2.9444389792e+00
9.3455296035e+00 2.5425893117e+00 3.6740608794e+00 4.2453515997e+00 1.7628576787e+01 4.8810000000e+03 6.0000000000e-01 -2.9444389792e+00
9.3500193078e+00 2.5534952112e+00 3.7668875104e+00 4.2620893052e+00 1.1305824904e+01 4.8820000000e+03 6.0000000000e-01 -2.9444389792e+00
9.3519056554e+00 3.2180541182e+00 3.7723348395e+00 4.2754621952e+00 1.0594362068e+01 4.8830000000e+03 6.0000000000e-01 -2.9444389792e+00
9.3522097558e+00 2.8088558484e+00 3.8739082556e+00 4.2879214929e+00 2.2073179801e+00 4.8840000000e+03 6.0000000000e-01 -2.9444389792e+00
9.3539010617e+00 3.2244609888e+00 3.8590859660e+00 4.2721925038e+00 7.6832688213e+00 4.8850000000e+03 6.0000000000e-01 -2.9444389792e+00
9.3565324442e+00 3.3109783446e+00 3.9731591127e+00 4.2420847487e+00 1.0397656969e+01 4.8860000000e+03 6.0000000000e-01 -2.9444389792e+00
9.3575627613e+00 2.6449819471e+00 3.9700961864e+00 4.2291603360e+00 6.7977671281e+00 4.8870000000e+03 6.0000000000e-01 -2.9444389792e+00
9.3607572926e+00 2.8087746403e+00 4.1749468094e+00 4.2939130849e+00 4.5107410024e+00 4.8880000000e+03 6.0000000000e-01 -2.9444389792e+00
9.3616345042e+00 2.5403050645e+00 4.2895115169e+00 4.2775752368e+00 1.7200831599e+01 4.8890000000e+03 6.0000000000e-01 -2.9444389792e+00
9.3627890335e+00 2.5602295069e+00 4.3318113489e+00 4.2857755213e+00 1.4166083778e+01 4.8900000000e+03 6.0000000000e-01 -2.9444389792e+00
9.3647854662e+00 3.6863553556e+00 4.4086065798e+00 4.2470661242e+00 1.3556010465e+01 4.8910000000e+03 6.0000000000e-01 -2.9444389792e+00
9.3651236040e+00 4.6774043626e+00 4.7000360241e+00 4.2564848226e+00 3.7344814064e+00 4.8920000000e+03 6.0000000000e-01 -2.9444389792e+00
9.3662038639e+00 2.6108347664e+00 5.9382416099e-01 4.3590518141e+00 1.2786319369e+01 4.8930000000e+03 6.0000000000e-01 -2.9444389792e+00
9.3664338818e+00 3.5149052218e+00 7.7065887452e-01 4.3607921662e+00 1.2608607576e+01 4.8940000000e+03 6.0000000000e-01 -2.9444389792e+00
9.3679053155e+00 2.8071806839e+00 8.7478231256e-01 4.3404439760e+00 1.3310331254e+01 4.8950000000e+03 6.0000000000e-01 -2.9444389792e+00
9.3687245194e+00 2.7576783919e+00 1.0287391386e+00 4.3037303101e+00 1.1877560813e+01 4.8960000000e+03 6.0000000000e-01 -2.9444389792e+00
9.3697202222e+00 2.7863350274e+00 1.2255412272e+00 4.3241136296e+00 7.9717438023e+00 4.8970000000e+03 6.0000000000e-01 -2.9444389792e+00
9.3699352824e+00 2.5146891088e+00 1.7121912036e+00 4.3256201736e+00 1.1912992716e+01 4.8980000000e+03 6.0000000000e-01 -2.9444389792e+00
9.3717985948e+00 3.4532117558e+00 1.8152757453e+00 4.3707410510e+00 1.3720798377e+01 4.8990000000e+03 6.0000000000e-01 -2.9444389792e+00
9.3726443077e+00 3.0015808475e+00 1.9415537091e+00 4.3644583092e+00 1.6883733100e+01 4.9000000000e+03 6.0000000000e-01 -2.9444389792e+00
9.3744783301e+00 2.9754582892e+00 2.3040522313e+00 4.3120535519e+00 5.4065415110e+00 4.9010000000e+03 6.0000000000e-01 -2.9444389792e+00
9.3773222361e+00 2.5964935654e+00 2.4378149817e+00 4.3014069352e+00 8.3595907245e+00 4.9020000000e+03 6.0000000000e-01 -2.9444389792e+00
9.3806538815e+00 2.6596273045e+00 2.5339040369e+00 4.3626370054e+00 1.7959727205e+01 4.9030000000e+03 6.0000000000e-01 -2.9444389792e+00
9.3817118231e+00 2.8738792383e+00 2.5612498789e+00 4.3534190969e+00 2.0375432682e+00 4.9040000000e+03 6.0000000000e-01 -2.9444389792e+00
9.3823590540e+00 3.2341907616e+00 2.6976659604e+00 4.3167895497e+00 3.3570912969e+00 4.9050000000e+03 6.0000000000e-01 -2.9444389792e+00
9.3846448526e+00 2.5258176856e+00 3.0242337923e+00 4.3302362478e+00 1.7280241852e+01 4.9060000000e+03 6.0000000000e-01 -2.9444389792e+00
9.3859307187e+00 2.6848441539e+00 3.4527579436e+00 4.3541514726e+00 5.2921412305e+00 4.9070000000e+03 6.0000000000e-01 -2.9444389792e+00
9.3900219386e+00 3.2697691706e+00 3.5351703576e+00 4.3515892635e+00 5.8825433229e+00 4.9080000000e+03 6.0000000000e-01 -2.9444389792e+00
9.3909453707e+00 2.8319118759e+00 3.6574564369e+00 4.3536307040e+00 6.1937442581e+00 4.9090000000e+03 6.0000000000e-01 -2.9444389792e+00
9.3922081868e+00 2.8834462299e+00 3.6805178540e+00 4.3685037791e+00 3.8660299249e+00 4.9100000000e+03 6.0000000000e-01 -2.9444389792e+00
9.3972490658e+00 3.2462430043e+00 4.0410394639e+00 4.3108808233e+00 4.8745695830e+00 4.9110000000e+03 6.0000000000e-01 -2.9444389792e+00
9.3985392648e+00 2.8684111622e+00 4.3702101094e+00 4.3442510715e+00 1.6153037414e+01 4.9120000000e+03 6.0000000000e-01 -2.9444389792e+00
9.3995987775e+00 2.5808132000e+00 4.3878764851e+00 4.3250879266e+00 1.7854822765e+01 4.9130000000e+03 6.0000000000e-01 -2.9444389792e+00
9.3998056158e+00 2.5169971801e+00 4.4434041524e+00 4.3358309151e+00 1.7725463238e+01 4.9140000000e+03 6.0000000000e-01 -2.9444389792e+00
9.4029515227e+00 3.2898311289e+00 4.7772614717e+00 4.3189619192e+00 1.0504654832e+01 4.9150000000e+03 6.0000000000e-01 -2.9444389792e+00
9.4052239078e+00 2.6316809873e+00 4.8152907570e+00 4.3219921576e+00 2.0654595951e+00 4.9160000000e+03 6.0000000000e-01 -2.9444389792e+00
9.4083579059e+00 3.2889200991e+00 2.2319384093e-01 4.3828733860e+00 1.6548238872e+01 4.9170000000e+03 6.0000000000e-01 -2.9444389792e+00
9.4086064438e+00 3.1336217683e+00 2.0200264418e-01 4.3920708717e+00 3.3864060489e+00 4.9180000000e+03 6.0000000000e-01 -2.9444389792e+00
9.4098976518e+00 2.8672343706e+00 3.8820072914e-01 4.4130720420e+00 1.5931685182e+01 4.9190000000e+03 6.0000000000e-01 -2.9444389792e+00
9.4115732500e+00 3.3671118898e+00 4.9955609583e-01 4.4074782089e+00 2.7815960609e+00 4.9200000000e+03 6.0000000000e-01 -2.9444389792e+00
9.4120081326e+00 2.8675566339e+00 5.1928701801e-01 4.4445058394e+00 4.3248025732e+00 4.9210000000e+03 6.0000000000e-01 -2.9444389792e+00
9.4154006041e+00 2.7219706848e+00 4.7865116962e-01 4.3899051670e+00 1.0348361318e+01 4.9220000000e+03 6.0000000000e-01 -2.9444389792e+00
9.4161713169e+00 2.6176522430e+00 5.5525934027e-01 4.4519868852e+00 5.9346513587e+00 4.9230000000e+03 6.0000000000e-01 -2.9444389792e+00
9.4165586613e+00 2.7637294584e+00 6.3841538646e-01 4.3814652683e+00 1.7063171348e+01 4.9240000000e+03 6.0000000000e-01 -2.9444389792e+00
9.4170930940e+00 3.1194725749e+00 8.0096339293e-01 4.4276159046e+00 1.6352761676e+01 4.9250000000e+03 6.0000000000e-01 -2.9444389792e+00
9.4231289363e+00 2.5054130681e+00 8.1970995699e-01 4.3923592720e+00 5.2286828306e+00 4.9260000000e+03 6.0000000000e-01 -2.9444389792e+00
9.4237085834e+00 3.0696972721e+00 8.7695299172e-01 4.3790833797e+00 6.5383703942e+00 4.9270000000e+03 6.0000000000e-01 -2.9444389792e+00
9.4264208774e+00 2.7679888096e+00 1.1894839163e+00 4.3943668348e+00 9.2254658147e+00 4.9280000000e+03 6.0000000000e-01 -2.9444389792e+00
9.4276995374e+00 2.5605488080e+00 1.4018305586e+00 4.4441416233e+00 7.0187695165e+00 4.9290000000e+03 6.0000000000e-01 -2.9444389792e+00
9.4306236392e+00 2.8090007580e+00 1.3581692899e+00 4.4058468747e+00 3.1040914523e+00 4.9300000000e+03 6.0000000000e-01 -2.9444389792e+00
9.4358402202e+00 3.8503243894e+00 1.5276995780e+00 4.3823372156e+00 1.7740597958e+01 4.9310000000e+03 6.0000000000e-01 -2.9444389792e+00
9.4361570389e+00 2.5547564631e+00 1.7225960144e+00 4.4476155169e+00 5.7602661206e+00 4.9320000000e+03 6.0000000000e-01 -2.9444389792e+00
9.4361922363e+00 2.6614351529e+00 1.9690762221e+00 4.4117762061e+00 1.4043735358e+01 4.9330000000e+03 6.0000000000e-01 -2.9444389792e+00
9.4392290784e+00 2.6835232038e+00 2.0770531821e+00 4.4053965741e+00 3.8545426035e+00 4.9340000000e+03 6.0000000000e-01 -2.9444389792e+00
9.4393533215e+00 2.5856092442e+00 2.1442541572e+00 4.4434884830e+00 8.7111007957e+00 4.9350000000e+03 6.0000000000e-01 -2.9444389792e+00
9.4401757621e+00 2.7068960060e+00 2.2088277315e+00 4.4007088016e+00 1.4221662515e+01 4.9360000000e+03 6.0000000000e-01 -2.9444389792e+00
9.4403800815e+00 3.5072161826e+00 2.3741225334e+00 4.3898439497e+00 1.1711594335e+01 4.9370000000e+03 6.0000000000e-01 -2.9444389792e+00
9.4423958023e+00 2.8614808754e+00 2.5011838962e+00 4.4071588278e+00 6.1005951668e+00 4.9380000000e+03 6.0000000000e-01 -2.9444389792e+00
9.4483900170e+00 2.7583524203e+00 2.5395617476e+00 4.4226218954e+00 8.2857988101e+00 4.9390000000e+03 6.0000000000e-01 -2.9444389792e+00
9.4487574422e+00 2.5108199916e+00 3.1881741530e+00 4.3906215016e+00 1.2558305219e+01 4.9400000000e+03 6.0000000000e-01 -2.9444389792e+00
9.4492646611e+00 2.7966852226e+00 4.0430911626e+00 4.4357047404e+00 7.8991389230e+00 4.9410000000e+03 6.0000000000e-01 -2.9444389792e+00
9.4497068730e+00 2.8130154800e+00 4.0551754753e+00 4.4001511872e+00 1.7732035057e+01 4.9420000000e+03 6.0000000000e-01 -2.9444389792e+00
9.4513831423e+00 2.7146859859e+00 4.6911986170e+00 4.4090554031e+00 1.0254932164e+01 4.9430000000e+03 6.0000000000e-01 -2.9444389792e+00
9.4532523566e+00 2.7588273486e+00 4.7113868874e+00 4.4170813435e+00 1.5218999266e+01 4.9440000000e+03 6.0000000000e-01 -2.9444389792e+00
9.4537989700e+00 2.9591663796e+00 3.8583245641e-02 4.4637343316e+00 1.5409712713e+01 4.9450000000e+03 6.0000000000e-01 -2.9444389792e+00
9.4558707654e+00 3.7237039734e+00 2.6924826395e-01 4.4636238310e+00 4.8003518059e+00 4.9460000000e+03 6.0000000000e-01 -2.9444389792e+00
9.4562584785e+00 2.7129908324e+00 2.4702894100e-01 4.5032275787e+00 1.2681048246e+01 4.9470000000e+03 6.0000000000e-01 -2.9444389792e+00
9.4596704255e+00 2.5286396016e+00 6.3228030321e-01 4.4573052527e+00 4.7126115193e+00 4.9480000000e+03 6.0000000000e-01 -2.9444389792e+00
9.4601666996e+00 2.7742903374e+00 7.6461558001e-01 4.5196250886e+00 2.8927111198e+00 4.9490000000e+03 6.0000000000e-01 -2.9444389792e+00
9.4635838021e+00 3.0126356344e+00 9.5750264763e-01 4.4950557675e+00 6.8412814369e+00 4.9500000000e+03 6.0000000000e-01 -2.9444389792e+00
9.4667873906e+00 3.2629358442e+00 1.1407679469e+00 4.5197910822e+00 3.7145655761e+00 4.9510000000e+03 6.0000000000e-01 -2.9444389792e+00
9.4688369345e+00 2.6300167567e+00 1.3737242588e+00 4.4631456823e+00 1.3169081696e+01 4.9520000000e+03 6.0000000000e-01 -2.9444389792e+00
9.4758263153e+00 2.5261404809e+00 1.3698226204e+00 4.4685964638e+00 4.6869316996e+00 4.9530000000e+03 6.0000000000e-01 -2.9444389792e+00
9.4760379935e+00 2.5253887700e+00 1.5079719065e+00 4.4938484344e+00 1.0988450345e+01 4.9540000000e+03 6.0000000000e-01 -2.9444389792e+00
9.4795881179e+00 2.5852480218e+00 1.5650107776e+00 4.5135397152e+00 8.2712533883e+00 4.9550000000e+03 6.0000000000e-01 -2.9444389792e+00
9.4819537876e+00 2.6387411027e+00 1.6330568557e+00 4.4650631500e+00 5.7992990320e+00 4.9560000000e+03 6.0000000000e-01 -2.9444389792e+00
9.4840627011e+00 2.6493410200e+00 2.0935350923e+00 4.4600885668e+00 1.6612979427e+01 4.9570000000e+03 6.0000000000e-01 -2.9444389792e+00
9.4849090206e+00 2.5542229236e+00 2.1693849379e+00 4.5263374407e+00 1.4655957851e+01 4.9580000000e+03 6.0000000000e-01 -2.9444389792e+00
9.4907455251e+00 2.7370971413e+00 2.2117053925e+00 4.5120691317e+00 4.8894803604e+00 4.9590000000e+03 6.0000000000e-01 -2.9444389792e+00
9.4932869966e+00 2.5689228221e+00 2.2215856866e+00 4.4793009712e+00 1.1709562078e+01 4.9600000000e+03 6.0000000000e-01 -2.9444389792e+00
9.4954219721e+00 2.6751626862e+00 2.3696019490e+00 4.5311463563e+00 5.0362269975e+00 4.9610000000e+03 6.0000000000e-01 -2.9444389792e+00
9.5006673609e+00 3.1829495023e+00 2.6434889573e+00 4.4776626945e+00 3.5259761638e+00 4.9620000000e+03 6.0000000000e-01 -2.9444389792e+00
9.5047058341e+00 2.7013605384e+00 2.7899494590e+00 4.5037498501e+00 1.4096153000e+01 4.9630000000e+03 6.0000000000e-01 -2.9444389792e+00
9.5063353479e+00 2.8953577382e+00 2.8693507667e+00 4.4822344521e+00 3.9618848651e+00 4.9640000000e+03 6.0000000000e-01 -2.9444389792e+00
9.5110957981e+00 2.5582091735e+00 2.9173012160e+00 4.5251418874e+00 1.3544038063e+01 4.9650000000e+03 6.0000000000e-01 -2.9444389792e+00
9.5113890452e+00 3.6298208505e+00 2.9694564119e+00 4.4927990732e+00 1.0051767329e+01 4.9660000000e+03 6.0000000000e-01 -2.9444389792e+00
9.5120209780e+00 2.7076402615e+00 3.0571880718e+00 4.5052132504e+00 1.0703675048e+01 4.9670000000e+03 6.0000000000e-01 -2.9444389792e+00
9.5130140689e+00 2.7032240903e+00 3.2802167442e+00 4.4812313764e+00 8.1008246305e+00 4.9680000000e+03 6.0000000000e-01 -2.9444389792e+00
9.5170484636e+00 3.3116383068e+00 3.5790648531e+00 4.5143262986e+00 4.5841089094e+00 4.9690000000e+03 6.0000000000e-01 -2.9444389792e+00
9.5221469154e+00 2.7521714680e+00 3.8672478851e+00 4.4702660099e+00 8.6245717416e+00 4.9700000000e+03 6.0000000000e-01 -2.9444389792e+00
9.5237021458e+00 3.2610982270e+00 3.8757578713e+00 4.5214407924e+00 1.2603382495e+01 4.9710000000e+03 6.0000000000e-01 -2.9444389792e+00
9.5247648876e+00 2.5796866104e+00 3.9985855344e+00 4.5092959549e+00 8.2905651997e+00 4.9720000000e+03 6.0000000000e-01 -2.9444389792e+00
9.5248891729e+00 3.2646041975e+00 4.2035418901e+00 4.4587447641e+00 5.1923307355e+00 4.9730000000e+03 6.0000000000e-01 -2.9444389792e+00
9.5264525143e+00 2.5660509711e+00 4.1791359176e+00 4.5102820997e+00 1.1496582229e+01 4.9740000000e+03 6.0000000000e-01 -2.9444389792e+00
9.5272456507e+00 3.0483688203e+00 4.2089311920e+00 4.5184077594e+00 1.1808449593e+01 4.9750000000e+03 6.0000000000e-01 -2.9444389792e+00
9.5282610823e+00 2.5153954274e+00 4.1566264970e+00 4.5106008462e+00 7.3881308206e+00 4.9760000000e+03 6.0000000000e-01 -2.9444389792e+00
9.5301185247e+00 2.8727595456e+00 4.4037547600e+00 4.4893417394e+00 1.6584369507e+01 4.9770000000e+03 6.0000000000e-01 -2.9444389792e+00
9.5306801573e+00 2.5849417969e+00 4.4966586971e+00 4.5162426047e+00 1.5061342138e+01 4.9780000000e+03 6.0000000000e-01 -2.9444389792e+00
9.5319591703e+00 2.6965065025e+00 4.7386100549e+00 4.4957745180e+00 2.0160894831e+00 4.9790000000e+03 6.0000000000e-01 -2.9444389792e+00
9.5323332638e+00 2.8100588000e+00 4.8559560259e+00 4.4754956981e+00 6.5900525847e+00 4.9800000000e+03 6.0000000000e-01 -2.9444389792e+00
9.5374657584e+00 3.0439632585e+00 4.8996170474e+00 4.4604642941e+00 1.3762501162e+01 4.9810000000e+03 6.0000000000e-01 -2.9444389792e+00
9.5405269608e+00 2.9479548244e+00 1.4602768839e-01 4.5667378341e+00 1.7283888887e+01 4.9820000000e+03 6.0000000000e-01 -2.9444389792e+00
9.5411496131e+00 2.8688193154e+00 1.1147548261e-01 4.5367119988e+00 6.4257741519e+00 4.9830000000e+03 6.0000000000e-01 -2.9444389792e+00
9.5418336730e+00 2.6412502200e+00 1.6144576001e-01 4.5960854492e+00 4.6697072541e+00 4.9840000000e+03 6.0000000000e-01 -2.9444389792e+00
9.5433066495e+00 2.6532297662e+00 2.3628443795e-01 4.5424494281e+00 5.5896872770e+00 4.9850000000e+03 6.0000000000e-01 -2.9444389792e+00
9.5440886062e+00 3.1324945323e+00 2.6897106655e-01 4.5393963867e+00 1.4957804002e+01 4.9860000000e+03 6.0000000000e-01 -2.9444389792e+00
9.5512487241e+00 3.0047734391e+00 3.8212721761e-01 4.5323276567e+00 1.1930477686e+01 4.9870000000e+03 6.0000000000e-01 -2.9444389792e+00
9.5565747360e+00 3.4998585723e+00 3.9893089441e-01 4.5964261504e+00 1.2725304245e+01 4.9880000000e+03 6.0000000000e-01 -2.9444389792e+00
9.5605318054e+00 2.8363304758e+00 5.2738469755e-01 4.5672473967e+00 6.7832888731e+00 4.9890000000e+03 6.0000000000e-01 -2.9444389792e+00
9.5705777610e+00 2.5199783509e+00 6.1211201819e-01 4.5381716259e+00 1.5531900243e+01 4.9900000000e+03 6.0000000000e-01 -2.9444389792e+00
9.5734178168e+00 2.6648892680e+00 6.0755353680e-01 4.6091453989e+00 1.6183585029e+01 4.9910000000e+03 6.0000000000e-01 -2.9444389792e+00
9.5793504757e+00 3.3152155708e+00 8.4774239604e-01 4.5540536250e+00 1.5816078008e+01 4.9920000000e+03 6.0000000000e-01 -2.9444389792e+00
9.5828207216e+00 2.7236703468e+00 8.1850205304e-01 4.5793783333e+00 1.2526665055e+01 4.9930000000e+03 6.0000000000e-01 -2.9444389792e+00
9.5838320308e+00 2.5449577649e+00 8.5244057273e-01 4.5666511170e+00 3.9237879020e+00 4.9940000000e+03 6.0000000000e-01 -2.9444389792e+00
9.5863927935e+00 2.9067268943e+00 8.8201242126e-01 4.5954003928e+00 1.1881974613e+01 4.9950000000e+03 6.0000000000e-01 -2.9444389792e+00
9.5873360082e+00 3.1585166999e+00 1.0248336777e+00 4.5518852167e+00 1.1841455862e+01 4.9960000000e+03 6.0000000000e-01 -2.9444389792e+00
9.5900872170e+00 2.9709985217e+00 1.2323009949e+00 4.5758056177e+00 1.4820536397e+01 4.9970000000e+03 6.0000000000e-01 -2.9444389792e+00
9.5930100603e+00 2.7703079562e+00 1.2595429199e+00 4.5802251863e+00 1.2260868611e+01 4.9980000000e+03 6.0000000000e-01 -2.9444389792e+00
9.5943454557e+00 2.5002027176e+00 1.2942733146e+00 4.5771732696e+00 7.9322812843e+00 4.9990000000e+03 6.0000000000e-01 -2.9444389792e+00
9.5955584464e+00 2.7435936421e+00 1.4106089599e+00 4.5801184473e+00 6.9554562841e+00 5.0000000000e+03 6.0000000000e-01 -2.9444389792e+00
9.5973231018e+00 2.9026511817e+00 1.6271869871e+00 4.5394750137e+00 1.1187087061e+01 5.0010000000e+03 6.0000000000e-01 -2.9444389792e+00
9.5981478137e+00 2.5210285794e+00 2.0906562106e+00 4.5610723251e+00 4.5104599409e+00 5.0020000000e+03 6.0000000000e-01 -2.9444389792e+00
9.6023908289e+00 2.6039803172e+00 2.3320691143e+00 4.5620120701e+00 1.2780878900e+01 5.0030000000e+03 6.0000000000e-01 -2.9444389792e+00
9.6059753147e+00 2.7087126210e+00 2.3373973134e+00 4.5498044912e+00 6.5938752885e+00 5.0040000000e+03 6.0000000000e-01 -2.9444389792e+00
9.6131310549e+00 2.5193301742e+00 2.4798599508e+00 4.5627485150e+00 4.5238455334e+00 5.0050000000e+03 6.0000000000e-01 -2.9444389792e+00
9.6147289305e+00 2.6571211271e+00 2.5052267058e+00 4.6018911889e+00 5.4837985161e+00 5.0060000000e+03 6.0000000000e-01 -2.9444389792e+00
9.6153372172e+00 3.1154472201e+00 2.6096800669e+00 4.5753394578e+00 1.2213664217e+01 5.0070000000e+03 6.0000000000e-01 -2.9444389792e+00
9.6179111684e+00 2.5040359824e+00 2.6700922538e+00 4.5380690040e+00 1.7219065742e+01 5.0080000000e+03 6.0000000000e-01 -2.9444389792e+00
9.6202166568e+00 2.6859981019e+00 2.9387756586e+00 4.5322163289e+00 1.2395321110e+01 5.0090000000e+03 6.0000000000e-01 -2.9444389792e+00
9.6203905748e+00 2.6054270327e+00 3.0608823403e+00 4.6057848392e+00 7.0260005894e+00 5.0100000000e+03 6.0000000000e-01 -2.9444389792e+00
9.6206099052e+00 2.5441446538e+00 3.3057685545e+00 4.5885330078e+00 7.9019762021e+00 5.0110000000e+03 6.0000000000e-01 -2.9444389792e+00
9.6238840163e+00 2.8868002114e+00 3.2909446285e+00 4.5670469774e+00 5.1518110370e+00 5.0120000000e+03 6.0000000000e-01 -2.9444389792e+00
9.6288859372e+00 3.6546526444e+00 3.3983984555e+00 4.5368418168e+00 2.5005819006e+00 5.0130000000e+03 6.0000000000e-01 -2.9444389792e+00
9.6290352536e+00 2.6762084372e+00 3.3618288649e+00 4.5893429250e+00 5.8833562129e+00 5.0140000000e+03 6.0000000000e-01 -2.9444389792e+00
9.6298513084e+00 3.7494816110e+00 3.6785864177e+00 4.6042952358e+00 1.0254205577e+01 5.0150000000e+03 6.0000000000e-01 -2.9444389792e+00
9.6334923182e+00 3.2424549751e+00 3.8910870843e+00 4.5743019918e+00 6.1412269798e+00 5.0160000000e+03 6.0000000000e-01 -2.9444389792e+00
9.6398438674e+00 2.9558756194e+00 3.8485735770e+00 4.5506385249e+00 6.2056704737e+00 5.0170000000e+03 6.0000000000e-01 -2.9444389792e+00
9.6407739607e+00 3.3577991759e+00 3.8310880773e+00 4.5324214754e+00 1.5201431973e+01 5.0180000000e+03 6.0000000000e-01 -2.9444389792e+00
9.6443496620e+00 3.7250870033e+00 4.3054873857e+00 4.5811660142e+00 1.2223426596e+01 5.0190000000e+03 6.0000000000e-01 -2.9444389792e+00
9.6449738896e+00 2.9059838803e+00 4.3533477084e+00 4.5412741227e+00 3.3914474515e+00 5.0200000000e+03 6.0000000000e-01 -2.9444389792e+00
9.6499919094e+00 2.7703432664e+00 4.4758620908e+00 4.5847021382e+00 1.2849224986e+01 5.0210000000e+03 6.0000000000e-01 -2.9444389792e+00
9.6534243101e+00 3.0412166350e+00 4.5583900804e+00 4.5757665648e+00 8.4808727638e+00 5.0220000000e+03 6.0000000000e-01 -2.9444389792e+00
9.6547418309e+00 2.8214492597e+00 4.7558831036e+00 4.5322434420e+00 6.4234435820e+00 5.0230000000e+03 6.0000000000e-01 -2.9444389792e+00
9.6559134422e+00 3.1876440939e+00 4.7796118865e+00 4.5747266902e+00 1.0786908296e+01 5.0240000000e+03 6.0000000000e-01 -2.9444389792e+00
9.6560818988e+00 2.6298493658e+00 4.8617362108e+00 4.5615813786e+00 2.4933900847e+00 5.0250000000e+03 6.0000000000e-01 -2.9444389792e+00
9.6572273253e+00 3.2319949070e+00 4.9832990947e+00 4.5777228101e+00 7.5814986946e+00 5.0260000000e+03 6.0000000000e-01 -2.9444389792e+00
9.6574669865e+00 2.6893207435e+00 6.1415774779e-02 4.6371261234e+00 7.0603224547e+00 5.0270000000e+03 6.0000000000e-01 -2.9444389792e+00
9.6592192561e+00 2.9402846631e+00 1.2881422248e-02 4.6645178582e+00 1.4388941562e+01 5.0280000000e+03 6.0000000000e-01 -2.9444389792e+00
9.6606514445e+00 3.8628626217e+00 2.8974286223e-01 4.6565721697e+00 1.4066703894e+01 5.0290000000e+03 6.0000000000e-01 -2.9444389792e+00
9.6612012279e+00 3.3322820614e+00 2.5378645985e-01 4.6845533448e+00 8.1981563077e+00 5.0300000000e+03 6.0000000000e-01 -2.9444389792e+00
9.6618156268e+00 2.6394790898e+00 5.5296840291e-01 4.6785634042e+00 5.1180728523e+00 5.0310000000e+03 6.0000000000e-01 -2.9444389792e+00
9.6639157644e+00 2.5193343560e+00 6.4088885859e-01 4.6693758143e+00 1.4179489292e+01 5.0320000000e+03 6.0000000000e-01 -2.9444389792e+00
9.6645092654e+00 3.3535558326e+00 6.6468102174e-01 4.6142697501e+00 9.4938866359e+00 5.0330000000e+03 6.0000000000e-01 -2.9444389792e+00
9.6701706808e+00 2.5540941498e+00 8.1237734808e-01 4.6543294518e+00 7.8284274218e+00 5.0340000000e+03 6.0000000000e-01 -2.9444389792e+00
9.6723067064e+00 2.9854536067e+00 8.5311971529e-01 4.6803000864e+00 1.1159344078e+01 5.0350000000e+03 6.0000000000e-01 -2.9444389792e+00
9.6746282367e+00 2.6488797557e+00 1.0858483264e+00 4.6283391172e+00 1.0112889054e+01 5.0360000000e+03 6.0000000000e-01 -2.9444389792e+00
9.6752402211e+00 2.5539800717e+00 1.1713586163e+00 4.6323005361e+00 1.1743181754e+01 5.0370000000e+03 6.0000000000e-01 -2.9444389792e+00
9.6758216689e+00 2.6565587411e+00 1.2562632930e+00 4.6409685777e+00 1.6209948941e+01 5.0380000000e+03 6.0000000000e-01 -2.9444389792e+00
9.6769924456e+00 2.6029579028e+00 1.2765378481e+00 4.6513092859e+00 1.5147845444e+01 5.0390000000e+03 6.0000000000e-01 -2.9444389792e+00
9.6797004966e+00 3.0246044235e+00 1.3374434438e+00 4.6433378619e+00 1.7467210619e+01 5.0400000000e+03 6.0000000000e-01 -2.9444389792e+00
9.6807464904e+00 2.5512536685e+00 1.4302183349e+00 4.6328640814e+00 4.5651029146e+00 5.0410000000e+03 6.0000000000e-01 -2.9444389792e+00
9.6816551413e+00 3.5032517207e+00 1.5376489229e+00 4.6267013898e+00 5.7833641524e+00 5.0420000000e+03 6.0000000000e-01 -2.9444389792e+00
9.6868679229e+00 3.8060523624e+00 1.6595312091e+00 4.6489936603e+00 9.7025624031e+00 5.0430000000e+03 6.0000000000e-01 -2.9444389792e+00
9.6869184929e+00 2.5414936424e+00 1.7946894937e+00 4.6870657621e+00 7.0651990134e+00 5.0440000000e+03 6.0000000000e-01 -2.9444389792e+00
9.6871578944e+00 3.1585855228e+00 1.8104047352e+00 4.6766046304e+00 2.8383486845e+00 5.0450000000e+03 6.0000000000e-01 -2.9444389792e+00
9.6889004885e+00 2.6565934348e+00 1.9986755375e+00 4.6859670551e+00 9.1597531448e+00 5.0460000000e+03 6.0000000000e-01 -2.9444389792e+00
9.6899637337e+00 3.5824844241e+00 2.1335140291e+00 4.6192273638e+00 1.1314119195e+01 5.0470000000e+03 6.0000000000e-01 -2.9444389792e+00
9.6946201354e+00 2.5172107746e+00 2.4568524441e+00 4.6531862119e+00 1.4178492009e+01 5.0480000000e+03 6.0000000000e-01 -2.9444389792e+00
9.6950037515e+00 2.8423610823e+00 2.7282477348e+00 4.6513666084e+00 1.4032588285e+01 5.0490000000e+03 6.0000000000e-01 -2.9444389792e+00
9.6963816835e+00 2.5585439032e+00 2.7490013462e+00 4.6799414392e+00 1.3993156473e+01 5.0500000000e+03 6.0000000000e-01 -2.9444389792e+00
9.6965009258e+00 2.9367376275e+00 2.8131372957e+00 4.6772137224e+00 2.7393894501e+00 5.0510000000e+03 6.0000000000e-01 -2.9444389792e+00
9.6975623258e+00 2.9083095975e+00 2.9292735440e+00 4.6413537451e+00 7.6980946093e+00 5.0520000000e+03 6.0000000000e-01 -2.9444389792e+00
9.6995910810e+00 2.9493293087e+00 2.9891212616e+00 4.6257849364e+00 1.3562186278e+01 5.0530000000e+03 6.0000000000e-01 -2.9444389792e+00
9.7012897388e+00 3.0489681708e+00 3.2516032984e+00 4.6702109282e+00 1.5728515486e+01 5.0540000000e+03 6.0000000000e-01 -2.9444389792e+00
9.7035613603e+00 2.5889346431e+00 3.4677253976e+00 4.6310779982e+00 2.5216862194e+00 5.0550000000e+03 6.0000000000e-01 -2.9444389792e+00
9.7074244722e+00 2.9468151489e+00 3.4493455185e+00 4.6478785487e+00 5.0651298362e+00 5.0560000000e+03 6.0000000000e-01 -2.9444389792e+00
9.7089038186e+00 3.3109544480e+00 3.5439851675e+00 4.6485653292e+00 1.0518984371e+01 5.0570000000e+03 6.0000000000e-01 -2.9444389792e+00
9.7096115643e+00 2.7495928013e+00 4.0019493028e+00 4.6410605899e+00 1.6713701247e+01 5.0580000000e+03 6.0000000000e-01 -2.9444389792e+00
9.7101821053e+00 2.7421243752e+00 4.0870450222e+00 4.6466690900e+00 1.0594460409e+01 5.0590000000e+03 6.0000000000e-01 -2.9444389792e+00
9.7122299922e+00 2.7936850573e+00 4.1923087913e+00 4.6334465613e+00 6.7081379593e+00 5.0600000000e+03 6.0000000000e-01 -2.9444389792e+00
9.7153612231e+00 2.6260232459e+00 4.9493617888e+00 4.6545796924e+00 6.5384747595e+00 5.0610000000e+03 6.0000000000e-01 -2.9444389792e+00
9.7228650639e+00 3.1099237068e+00 6.7735778244e-02 4.6928102288e+00 5.1510163340e+00 5.0620000000e+03 6.0000000000e-01 -2.9444389792e+00
9.7261220310e+00 2.8076524509e+00 3.4879764524e-01 4.7261456260e+00 1.5107040690e+01 5.0630000000e+03 6.0000000000e-01 -2.9444389792e+00
9.7270710368e+00 3.0496555942e+00 5.2167304953e-01 4.7068213004e+00 9.5567888081e+00 5.0640000000e+03 6.0000000000e-01 -2.9444389792e+00
9.7277962623e+00 2.6117739909e+00 8.7445376327e-01 4.7323968725e+00 1.0611699122e+01 5.0650000000e+03 6.0000000000e-01 -2.9444389792e+00
9.7293348800e+00 2.9648534372e+00 1.0985871970e+00 4.7343631529e+00 1.6412787120e+01 5.0660000000e+03 6.0000000000e-01 -2.9444389792e+00
9.7304478447e+00 2.7216830133e+00 1.2042445385e+00 4.7465509945e+00 9.6137782215e+00 5.0670000000e+03 6.0000000000e-01 -2.9444389792e+00
9.7321667175e+00 2.7809284744e+00 1.1787431029e+00 4.7365626923e+00 5.7912989694e+00 5.0680000000e+03 6.0000000000e-01 -2.9444389792e+00
9.7338478398e+00 2.6437137084e+00 1.4784190629e+00 4.7270395037e+00 2.8150389651e+00 5.0690000000e+03 6.0000000000e-01 -2.9444389792e+00
9.7354011082e+00 2.6245532400e+00 1.6054888607e+00 4.7243935283e+00 1.2865920784e+01 5.0700000000e+03 6.0000000000e-01 -2.9444389792e+00
9.7365848686e+00 2.9994402683e+00 1.6762299511e+00 4.7158506587e+00 1.5926418444e+01 5.0710000000e+03 6.0000000000e-01 -2.9444389792e+00
9.7369697524e+00 2.9032698298e+00 1.7511706916e+00 4.7426902974e+00 1.1894371643e+01 5.0720000000e+03 6.0000000000e-01 -2.9444389792e+00
9.7399114957e+00 2.7502275891e+00 1.8728429426e+00 4.7470773341e+00 7.8023023863e+00 5.0730000000e+03 6.0000000000e-01 -2.9444389792e+00
9.7406529949e+00 3.1414287172e+00 1.9486142677e+00 4.7318876685e+00 3.1024687054e+00 5.0740000000e+03 6.0000000000e-01 -2.9444389792e+00
9.7418152208e+00 3.1484933581e+00 2.0723213585e+00 4.7195405300e+00 1.3872681206e+01 5.0750000000e+03 6.0000000000e-01 -2.9444389792e+00
9.7424623696e+00 3.0502247686e+00 2.1714876087e+00 4.7577647213e+00 7.4577199772e+00 5.0760000000e+03 6.0000000000e-01 -2.9444389792e+00
9.7458464437e+00 2.5390734268e+00 2.2436318751e+00 4.7066261861e+00 3.9688355838e+00 5.0770000000e+03 6.0000000000e-01 -2.9444389792e+00
9.7460694524e+00 2.9226103313e+00 2.3102332311e+00 4.6963862925e+00 5.0232266240e+00 5.0780000000e+03 6.0000000000e-01 -2.9444389792e+00
9.7483094156e+00 2.7488373861e+00 2.3467683284e+00 4.7136226632e+00 7.9040204571e+00 5.0790000000e+03 6.0000000000e-01 -2.9444389792e+00
9.7487355014e+00 2.5251031531e+00 2.4579243160e+00 4.7521951961e+00 6.6980008303e+00 5.0800000000e+03 6.0000000000e-01 -2.9444389792e+00
9.7497861134e+00 2.9351748301e+00 2.4835314983e+00 4.7557674378e+00 1.5957229329e+01 5.0810000000e+03 6.0000000000e-01 -2.9444389792e+00
9.7500109174e+00 3.2796544765e+00 2.5130097620e+00 4.6892056599e+00 1.3758977392e+01 5.0820000000e+03 6.0000000000e-01 -2.9444389792e+00
9.7567280900e+00 2.7385530321e+00 2.5730580229e+00 4.7117896690e+00 1.1018005748e+01 5.0830000000e+03 6.0000000000e-01 -2.9444389792e+00
9.7573081413e+00 2.6474727041e+00 2.5903349851e+00 4.7280203820e+00 1.6351821407e+01 5.0840000000e+03 6.0000000000e-01 -2.9444389792e+00
9.7597860164e+00 2.5322658492e+00 2.8717568726e+00 4.7579264061e+00 1.4230756633e+01 5.0850000000e+03 6.0000000000e-01 -2.9444389792e+00
9.7657676532e+00 2.5769717925e+00 3.3451368545e+00 4.7475614330e+00 9.2729542911e+00 5.0860000000e+03 6.0000000000e-01 -2.9444389792e+00
9.7715148863e+00 2.9873982101e+00 3.5827127144e+00 4.7653027648e+00 1.2881935311e+01 5.0870000000e+03 6.0000000000e-01 -2.9444389792e+00
9.7729763910e+00 2.5449344633e+00 3.6929861085e+00 4.7177732671e+00 9.7238934386e+00 5.0880000000e+03 6.0000000000e-01 -2.9444389792e+00
9.7739549590e+00 2.6930572649e+00 3.9839046789e+00 4.6960504799e+00 8.1441169854e+00 5.0890000000e+03 6.0000000000e-01 -2.9444389792e+00
9.7759645966e+00 3.7200693510e+00 4.1953115710e+00 4.7261407391e+00 1.7192392499e+01 5.0900000000e+03 6.0000000000e-01 -2.9444389792e+00
9.7794473241e+00 2.6119568922e+00 4.2525526351e+00 4.7402765092e+00 1.4622582736e+01 5.0910000000e+03 6.0000000000e-01 -2.9444389792e+00
9.7808885953e+00 2.5805142212e+00 4.3534441006e+00 4.7472297163e+00 1.4065226937e+01 5.0920000000e+03 6.0000000000e-01 -2.9444389792e+00
9.7829712969e+00 2.8343141958e+00 4.3086523451e+00 4.7156337307e+00 1.2683067446e+01 5.0930000000e+03 6.0000000000e-01 -2.9444389792e+00
9.7839973247e+00 2.8785581181e+00 4.5458509928e+00 4.7299985595e+00 4.5479612067e+00 5.0940000000e+03 6.0000000000e-01 -2.9444389792e+00
9.7956685348e+00 3.4918129608e+00 4.6514087726e+00 4.7310771836e+00 5.5834816634e+00 5.0950000000e+03 6.0000000000e-01 -2.9444389792e+00
9.7978233767e+00 3.2854864746e+00 4.7562884938e+00 4.7492301366e+00 9.7315900586e+00 5.0960000000e+03 6.0000000000e-01 -2.9444389792e+00
9.7987841827e+00 3.9312918709e+00 6.7339437954e-02 4.7745370727e+00 1.3540263867e+01 5.0970000000e+03 6.0000000000e-01 -2.9444389792e+00
9.7993619079e+00 2.5451393185e+00 3.6215077924e-01 4.7903163219e+00 6.0761116332e+00 5.0980000000e+03 6.0000000000e-01 -2.9444389792e+00
9.8001022675e+00 2.5257437904e+00 4.2000243337e-01 4.8273898315e+00 5.7631466963e+00 5.0990000000e+03 6.0000000000e-01 -2.9444389792e+00
9.8006425216e+00 2.7370838850e+00 4.8248914104e-01 4.8396934691e+00 4.8548126488e+00 5.1000000000e+03 6.0000000000e-01 -2.9444389792e+00
9.8014136449e+00 2.5656284030e+00 7.4407464456e-01 4.7966696960e+00 9.9688594078e+00 5.1010000000e+03 6.0000000000e-01 -2.9444389792e+00
9.8042446029e+00 2.5855908817e+00 8.8117375220e-01 4.7669435536e+00 1.4611013312e+01 5.1020000000e+03 6.0000000000e-01 -2.9444389792e+00
9.8049958744e+00 2.5324964304e+00 9.5331862697e-01 4.8333111163e+00 1.5825961041e+01 5.1030000000e+03 6.0000000000e-01 -2.9444389792e+00
9.8071234136e+00 2.5402582875e+00 1.0370529157e+00 4.7761382334e+00 1.4984993774e+01 5.1040000000e+03 6.0000000000e-01 -2.9444389792e+00
9.8085004072e+00 2.5225916708e+00 1.0289674662e+00 4.8386045867e+00 5.2318071137e+00 5.1050000000e+03 6.0000000000e-01 -2.9444389792e+00
9.8093948618e+00 2.6041833641e+00 1.1432341285e+00 4.8424748369e+00 4.1732527529e+00 5.1060000000e+03 6.0000000000e-01 -2.9444389792e+00
9.8147425863e+00 3.0933399512e+00 1.3177625887e+00 4.8282796349e+00 1.0272566586e+01 5.1070000000e+03 6.0000000000e-01 -2.9444389792e+00
9.8165110305e+00 2.5276333324e+00 1.5876443773e+00 4.7824552412e+00 1.3458148412e+01 5.1080000000e+03 6.0000000000e-01 -2.9444389792e+00
9.8225372415e+00 3.4033242517e+00 2.0057580532e+00 4.7715370423e+00 5.4417272436e+00 5.1090000000e+03 6.0000000000e-01 -2.9444389792e+00
9.8242974487e+00 2.8592578457e+00 2.1405079869e+00 4.8246063424e+00 2.0028895711e+00 5.1100000000e+03 6.0000000000e-01 -2.9444389792e+00
9.8289608434e+00 3.0562059484e+00 2.1367868840e+00 4.7745301922e+00 1.0254742001e+01 5.1110000000e+03 6.0000000000e-01 -2.9444389792e+00
9.8301779922e+00 3.0750728304e+00 2.2451151029e+00 4.8263205117e+00 1.5559557754e+01 5.1120000000e+03 6.0000000000e-01 -2.9444389792e+00
9.8309443018e+00 3.4548575770e+00 2.2855346358e+00 4.8429985102e+00 1.7945195161e+01 5.1130000000e+03 6.0000000000e-01 -2.9444389792e+00
9.8314723305e+00 2.7226913382e+00 2.3315362370e+00 4.8341508060e+00 7.4091531480e+00 5.1140000000e+03 6.0000000000e-01 -2.9444389792e+00
9.8315264266e+00 2.7826981354e+00 2.3518522254e+00 4.7777856603e+00 1.7418501874e+01 5.1150000000e+03 6.0000000000e-01 -2.9444389792e+00
9.8354444726e+00 2.6509059522e+00 2.4489244633e+00 4.7815336430e+00 8.9603494413e+00 5.1160000000e+03 6.0000000000e-01 -2.9444389792e+00
9.8409051491e+00 2.6598978212e+00 2.5149141504e+00 4.7709308491e+00 2.8004211208e+00 5.1170000000e+03 6.0000000000e-01 -2.9444389792e+00
9.8452886695e+00 3.7259349178e+00 2.7607611880e+00 4.8324168997e+00 5.3322754569e+00 5.1180000000e+03 6.0000000000e-01 -2.9444389792e+00
9.8466296438e+00 2.8928222439e+00 2.8663482327e+00 4.8363727872e+00 1.4783787196e+01 5.1190000000e+03 6.0000000000e-01 -2.9444389792e+00
9.8469859947e+00 3.4550652826e+00 2.9897569653e+00 4.7853093713e+00 2.1128697434e+00 5.1200000000e+03 6.0000000000e-01 -2.9444389792e+00
9.8473889576e+00 2.5412749943e+00 3.0120099944e+00 4.8335940558e+00 1.2581509965e+01 5.1210000000e+03 6.0000000000e-01 -2.9444389792e+00
9.8474777921e+00 2.9200469805e+00 3.3566778195e+00 4.8085566648e+00 5.7885811130e+00 5.1220000000e+03 6.0000000000e-01 -2.9444389792e+00
9.8487889214e+00 3.4360447606e+00 3.4167802470e+00 4.7674328692e+00 1.6076186127e+01 5.1230000000e+03 6.0000000000e-01 -2.9444389792e+00
9.8490001264e+00 2.6460700829e+00 3.4322471318e+00 4.8161526076e+00 1.1425063374e+01 5.1240000000e+03 6.0000000000e-01 -2.9444389792e+00
9.8504271779e+00 2.9098752089e+00 3.5464613575e+00 4.7850324746e+00 1.1603631138e+01 5.1250000000e+03 6.0000000000e-01 -2.9444389792e+00
9.8515884012e+00 2.5273309989e+00 3.6680229743e+00 4.8433001601e+00 1.7346287634e+01 5.1260000000e+03 6.0000000000e-01 -2.9444389792e+00
9.8546204432e+00 2.5138800810e+00 3.6952384400e+00 4.8392399694e+00 4.7025610015e+00 5.1270000000e+03 6.0000000000e-01 -2.9444389792e+00
9.8587738287e+00 2.8020794057e+00 3.7888089228e+00 4.8206752622e+00 1.5790756244e+01 5.1280000000e+03 6.0000000000e-01 -2.9444389792e+00
9.8590866465e+00 2.6368734374e+00 3.8688126371e+00 4.8415819507e+00 1.0495320829e+01 5.1290000000e+03 6.0000000000e-01 -2.9444389792e+00
9.8632747252e+00 2.9008694774e+00 3.9805344261e+00 4.7920349850e+00 1.1497054697e+01 5.1300000000e+03 6.0000000000e-01 -2.9444389792e+00
9.8646548176e+00 2.5656195270e+00 3.9778798344e+00 4.7948418815e+00 3.5153130533e+00 5.1310000000e+03 6.0000000000e-01 -2.9444389792e+00
9.8655289845e+00 2.5314967893e+00 4.1417372605e+00 4.7960209299e+00 1.3109301442e+01 5.1320000000e+03 6.0000000000e-01 -2.9444389792e+00
9.8706417561e+00 3.5503776277e+00 4.3005109196e+00 4.8428326274e+00 8.7218058423e+00 5.1330000000e+03 6.0000000000e-01 -2.9444389792e+00
9.8714254248e+00 2.6097526715e+00 4.3823674854e+00 4.7723832398e+00 8.2755960620e+00 5.1340000000e+03 6.0000000000e-01 -2.9444389792e+00
9.8738538696e+00 2.5105633931e+00 4.3861422065e+00 4.8097041393e+00 2.1783138896e+00 5.1350000000e+03 6.0000000000e-01 -2.9444389792e+00
9.8746226991e+00 3.2762079098e+00 4.5473158531e+00 4.8174193183e+00 7.1461982662e+00 5.1360000000e+03 6.0000000000e-01 -2.9444389792e+00
9.8747506182e+00 2.6863681478e+00 4.5950866358e+00 4.8284568638e+00 5.9391219906e+00 5.1370000000e+03 6.0000000000e-01 -2.9444389792e+00
9.8779882369e+00 2.8950724560e+00 4.6185628042e+00 4.7726972507e+00 2.1653966346e+00 5.1380000000e+03 6.0000000000e-01 -2.9444389792e+00
9.8785839721e+00 2.5402021591e+00 4.7047702202e+00 4.8325293492e+00 2.9767632949e+00 5.1390000000e+03 6.0000000000e-01 -2.9444389792e+00
9.8801071865e+00 2.7124282004e+00 4.9106446945e+00 4.7766527954e+00 1.1973540496e+01 5.1400000000e+03 6.0000000000e-01 -2.9444389792e+00
9.8811729614e+00 2.5054540553e+00 4.9686531316e+00 4.7953853022e+00 8.4272623496e+00 5.1410000000e+03 6.0000000000e-01 -2.9444389792e+00
9.8828588316e+00 3.2966023018e+00 1.8975900399e-01 4.8734354435e+00 1.0746023388e+01 5.1420000000e+03 6.0000000000e-01 -2.9444389792e+00
9.8832296652e+00 2.7620563939e+00 3.6033973066e-01 4.9206344087e+00 1.3341998820e+01 5.1430000000e+03 6.0000000000e-01 -2.9444389792e+00
9.8857708927e+00 2.7433633369e+00 6.6305589471e-01 4.8675508649e+00 7.6527711401e+00 5.1440000000e+03 6.0000000000e-01 -2.9444389792e+00
9.8865261803e+00 2.8131866603e+00 1.1983166354e+00 4.8682717924e+00 8.0968118572e+00 5.1450000000e+03 6.0000000000e-01 -2.9444389792e+00
9.8882537888e+00 2.8059637577e+00 1.7005579719e+00 4.8531438526e+00 7.7851021036e+00 5.1460000000e+03 6.0000000000e-01 -2.9444389792e+00
9.8907335600e+00 2.5170482532e+00 2.1702877154e+00 4.8827168581e+00 1.6125970389e+01 5.1470000000e+03 6.0000000000e-01 -2.9444389792e+00
9.8954447318e+00 2.9703929356e+00 2.3348903297e+00 4.8960640519e+00 5.7597882770e+00 5.1480000000e+03 6.0000000000e-01 -2.9444389792e+00
9.8972674806e+00 3.3677882853e+00 2.3469219360e+00 4.8597088987e+00 1.2068018808e+01 5.1490000000e+03 6.0000000000e-01 -2.9444389792e+00
9.8973004034e+00 3.9006498635e+00 2.4512307976e+00 4.8948991381e+00 1.2293952455e+01 5.1500000000e+03 6.0000000000e-01 -2.9444389792e+00
9.8992270847e+00 2.6338449942e+00 2.6330255568e+00 4.8533714125e+00 1.6728507351e+01 5.1510000000e+03 6.0000000000e-01 -2.9444389792e+00
9.9026911811e+00 2.7617424551e+00 2.5798895095e+00 4.9207038070e+00 6.0248137426e+00 5.1520000000e+03 6.0000000000e-01 -2.9444389792e+00
9.9030599481e+00 2.5024398205e+00 2.6851382448e+00 4.8782997246e+00 1.3351009686e+01 5.1530000000e+03 6.0000000000e-01 -2.9444389792e+00
9.9064635982e+00 3.8653801755e+00 2.7154762834e+00 4.8685835795e+00 1.0101136233e+01 5.1540000000e+03 6.0000000000e-01 -2.9444389792e+00
9.9069603504e+00 2.5724814258e+00 2.6960908149e+00 4.8958587400e+00 9.6281009950e+00 5.1550000000e+03 6.0000000000e-01 -2.9444389792e+00
9.9086858358e+00 3.0225685567e+00 3.1789448988e+00 4.9001885382e+00 8.3382221427e+00 5.1560000000e+03 6.0000000000e-01 -2.9444389792e+00
9.9089198011e+00 3.0688180848e+00 3.3116828722e+00 4.8929615877e+00 1.2728200743e+01 5.1570000000e+03 6.0000000000e-01 -2.9444389792e+00
9.9106456088e+00 2.5317619784e+00 3.4134764176e+00 4.8629158554e+00 1.1592586253e+01 5.1580000000e+03 6.0000000000e-01 -2.9444389792e+00
9.9110378774e+00 2.7108274765e+00 3.5794095760e+00 4.9061566985e+00 1.5215454187e+01 5.1590000000e+03 6.0000000000e-01 -2.9444389792e+00
9.9124880190e+00 2.6067728777e+00 3.6233123705e+00 4.8525662539e+00 1.3330246142e+01 5.1600000000e+03 6.0000000000e-01 -2.9444389792e+00
9.9191993485e+00 2.9080660167e+00 3.6428574123e+00 4.8563692280e+00 8.3723865270e+00 5.1610000000e+03 6.0000000000e-01 -2.9444389792e+00
9.9244099201e+00 2.6929255123e+00 3.9506323439e+00 4.8665068647e+00 6.3224322747e+00 5.1620000000e+03 6.0000000000e-01 -2.9444389792e+00
9.9262834786e+00 2.6264302794e+00 4.1001885214e+00 4.8550203244e+00 1.5961075582e+01 5.1630000000e+03 6.0000000000e-01 -2.9444389792e+00
9.9280757423e+00 2.6012074604e+00 4.2526364988e+00 4.9166944340e+00 1.5736331301e+01 5.1640000000e+03 6.0000000000e-01 -2.9444389792e+00
9.9308342095e+00 3.7151084931e+00 4.2288594567e+00 4.8876541034e+00 1.7177826133e+01 5.1650000000e+03 6.0000000000e-01 -2.9444389792e+00
9.9324217176e+00 3.1051660666e+00 4.3954190688e+00 4.8543761062e+00 1.2318404777e+01 5.1660000000e+03 6.0000000000e-01 -2.9444389792e+00
9.9335343336e+00 3.2356669221e+00 4.4242909083e+00 4.8441353777e+00 1.4931499072e+01 5.1670000000e+03 6.0000000000e-01 -2.9444389792e+00
9.9350539747e+00 4.3850136281e+00 4.7450889449e+00 4.9211277395e+00 7.6055918384e+00 5.1680000000e+03 6.0000000000e-01 -2.9444389792e+00
9.9367428296e+00 2.5775068837e+00 4.7630900168e+00 4.8632007802e+00 2.5677305697e+00 5.1690000000e+03 6.0000000000e-01 -2.9444389792e+00
9.9407018188e+00 3.5681762557e+00 4.9596482320e+00 4.8841397695e+00 3.4103659789e+00 5.1700000000e+03 6.0000000000e-01 -2.9444389792e+00
9.9413027726e+00 3.0069560938e+00 1.4954697496e-01 4.9290890073e+00 1.5133346520e+01 5.1710000000e+03 6.0000000000e-01 -2.9444389792e+00
9.9438483385e+00 2.7291098984e+00 2.6145439086e-01 4.9740642260e+00 9.2927755503e+00 5.1720000000e+03 6.0000000000e-01 -2.9444389792e+00
9.9444823759e+00 4.3006131564e+00 6.1234546150e-01 4.9434591947e+00 1.0859342816e+01 5.1730000000e+03 6.0000000000e-01 -2.9444389792e+00
9.9445544723e+00 2.8846888375e+00 7.0147090189e-01 4.9941903239e+00 9.5598156627e+00 5.1740000000e+03 6.0000000000e-01 -2.9444389792e+00
9.9457456875e+00 3.9659628571e+00 6.5988948964e-01 4.9923595406e+00 4.8166713341e+00 5.1750000000e+03 6.0000000000e-01 -2.9444389792e+00
9.9458963833e+00 2.5414169537e+00 7.5728166927e-01 4.9502220749e+00 5.2955937346e+00 5.1760000000e+03 6.0000000000e-01 -2.9444389792e+00
9.9461016110e+00 2.9903675355e+00 8.8164452951e-01 4.9290191967e+00 3.3881354892e+00 5.1770000000e+03 6.0000000000e-01 -2.9444389792e+00
9.9462478682e+00 2.7493790737e+00 1.0404750703e+00 4.9565405084e+00 3.6771022808e+00 5.1780000000e+03 6.0000000000e-01 -2.9444389792e+00
9.9484425655e+00 2.6329213663e+00 1.1039756252e+00 4.9631117710e+00 1.6787762993e+01 5.1790000000e+03 6.0000000000e-01 -2.9444389792e+00
9.9495268142e+00 2.8512423241e+00 1.1770771540e+00 4.9489574553e+00 1.3882228580e+01 5.1800000000e+03 6.0000000000e-01 -2.9444389792e+00
9.9509185551e+00 3.2709938619e+00 1.4772792483e+00 4.9957562926e+00 1.0185084183e+01 5.1810000000e+03 6.0000000000e-01 -2.9444389792e+00
9.9529833103e+00 2.6407024060e+00 1.7992374691e+00 4.9821539522e+00 9.7601088964e+00 5.1820000000e+03 6.0000000000e-01 -2.9444389792e+00
9.9532868006e+00 2.7781570555e+00 1.9652622194e+00 4.9907351203e+00 1.2588175585e+01 5.1830000000e+03 6.0000000000e-01 -2.9444389792e+00
9.9540358075e+00 2.8784591014e+00 1.9666082096e+00 4.9613447949e+00 1.1709712023e+01 5.1840000000e+03 6.0000000000e-01 -2.9444389792e+00
9.9543704230e+00 4.8319658385e+00 1.9659973026e+00 4.9865410615e+00 7.0611931076e+00 5.1850000000e+03 6.0000000000e-01 -2.9444389792e+00
9.9591332758e+00 2.5983772916e+00 2.1132986144e+00 4.9286243716e+00 8.5009220794e+00 5.1860000000e+03 6.0000000000e-01 -2.9444389792e+00
9.9656002632e+00 3.7982244710e+00 2.2182448638e+00 4.9507070358e+00 1.6415792215e+01 5.1870000000e+03 6.0000000000e-01 -2.9444389792e+00
9.9712072082e+00 4.1576541530e+00 2.2780839488e+00 4.9298437448e+00 9.2084135262e+00 5.1880000000e+03 6.0000000000e-01 -2.9444389792e+00
9.9721966655e+00 2.5548227822e+00 2.4077985150e+00 4.9811356243e+00 1.1226234196e+01 5.1890000000e+03 6.0000000000e-01 -2.9444389792e+00
9.9747360712e+00 2.5372700253e+00 2.3828903549e+00 4.9703299458e+00 7.1261909220e+00 5.1900000000e+03 6.0000000000e-01 -2.9444389792e+00
9.9759662140e+00 2.5320511934e+00 2.6450052423e+00 4.9459930340e+00 1.7788836583e+01 5.1910000000e+03 6.0000000000e-01 -2.9444389792e+00
9.9767216999e+00 2.7417474456e+00 2.6934520206e+00 4.9834181878e+00 3.7661273466e+00 5.1920000000e+03 6.0000000000e-01 -2.9444389792e+00
9.9767507637e+00 3.2286804470e+00 2.8869875635e+00 4.9885682975e+00 1.5076928427e+01 5.1930000000e+03 6.0000000000e-01 -2.9444389792e+00
9.9795078693e+00 2.6288119643e+00 3.1979883792e+00 4.9308575060e+00 1.6729386627e+01 5.1940000000e+03 6.0000000000e-01 -2.9444389792e+00
9.9801914275e+00 2.7435474387e+00 3.5881264999e+00 4.9572368379e+00 1.6873135042e+01 5.1950000000e+03 6.0000000000e-01 -2.9444389792e+00
9.9805156769e+00 4.7960663938e+00 3.6378772725e+00 4.9442840224e+00 1.3815144596e+01 5.1960000000e+03 6.0000000000e-01 -2.9444389792e+00
9.9813287664e+00 2.5247525584e+00 3.7050228557e+00 4.9369601028e+00 1.0982721042e+01 5.1970000000e+03 6.0000000000e-01 -2.9444389792e+00
9.9824617471e+00 4.4121821670e+00 4.2501785313e+00 4.9600337627e+00 3.3981182393e+00 5.1980000000e+03 6.0000000000e-01 -2.9444389792e+00
9.9876746836e+00 2.9719324807e+00 4.3307170804e+00 4.9457397786e+00 9.4720457141e+00 5.1990000000e+03 6.0000000000e-01 -2.9444389792e+00
9.9882925794e+00 2.8524503653e+00 4.6756266810e+00 4.9422836457e+00 1.6898166668e+01 5.2000000000e+03 6.0000000000e-01 -2.9444389792e+00
9.9890604100e+00 2.7523813993e+00 4.7940499385e+00 4.9689192259e+00 4.7461682635e+00 5.2010000000e+03 6.0000000000e-01 -2.9444389792e+00
9.9951516756e+00 3.3104970458e+00 4.8857594649e+00 4.9246609138e+00 2.3154642289e+00 5.2020000000e+03 6.0000000000e-01 -2.9444389792e+00
9.9951775589e+00 2.5375428679e+00 4.9190036377e+00 4.9510369435e+00 6.2211161361e+00 5.2030000000e+03 6.0000000000e-01 -2.9444389792e+00
9.9954968542e+00 3.0049649698e+00 4.8908916393e+00 4.9631905717e+00 1.5502228419e+01 5.2040000000e+03 6.0000000000e-01 -2.9444389792e+00
