{
  "GRID_N": 30,
  "minx": -124.8753333,
  "maxx": -113.9216667,
  "miny": 31.0935,
  "maxy": 41.1431667
}